image_path,scene_category,scene_confidence,classification_method
C:\Users\jay\Downloads\STFD_ICASSP2023\STFD_ICASSP2023\1_Copy-move\tamper\00572ecfbd354b8946b53e9ef4ad1630.png,UNKNOWN,0.25,OCR_TEXT
C:\Users\jay\Downloads\STFD_ICASSP2023\STFD_ICASSP2023\1_Copy-move\tamper\009ce58b310b8bfbbbfca687d63bf2a8.png,DOCUMENT,0.5,CV_MONOCHROME_DOC+OCR_TEXT
C:\Users\jay\Downloads\STFD_ICASSP2023\STFD_ICASSP2023\1_Copy-move\tamper\010502b0f96e3c35b1647602fda1802a.png,UNKNOWN,0.1,OCR_TEXT
C:\Users\jay\Downloads\STFD_ICASSP2023\STFD_ICASSP2023\1_Copy-move\tamper\0180e8cafe12606a67282f8220f697b5.png,UNKNOWN,0.1,OCR_TEXT
C:\Users\jay\Downloads\STFD_ICASSP2023\STFD_ICASSP2023\1_Copy-move\tamper\019d2fb3be5d695443cdc033f8818825.png,UNKNOWN,0.25,OCR_TEXT
C:\Users\jay\Downloads\STFD_ICASSP2023\STFD_ICASSP2023\1_Copy-move\tamper\01a3f5dd4b386f64d344a6fb3cd3af4c.png,UNKNOWN,0.1,OCR_TEXT
C:\Users\jay\Downloads\STFD_ICASSP2023\STFD_ICASSP2023\1_Copy-move\tamper\01d7feb2a655dc9dc00a7b55179db4df.png,UNKNOWN,0.1,OCR_TEXT
C:\Users\jay\Downloads\STFD_ICASSP2023\STFD_ICASSP2023\1_Copy-move\tamper\0248fcb8da8a4fb1f14debf0d55e5252.png,UNKNOWN,0.1,VISUAL_HEURISTIC
C:\Users\jay\Downloads\STFD_ICASSP2023\STFD_ICASSP2023\1_Copy-move\tamper\024b8babee5808ee8791179652fe09b2.png,UNKNOWN,0.1,OCR_TEXT
C:\Users\jay\Downloads\STFD_ICASSP2023\STFD_ICASSP2023\1_Copy-move\tamper\02df9abb6d54197456335bb2ca5f94a9.png,E_COMMERCE,0.35,CV_ECOMMERCE_COLOR+OCR_TEXT
C:\Users\jay\Downloads\STFD_ICASSP2023\STFD_ICASSP2023\1_Copy-move\tamper\02eb0cb9da173f7d40e5281738d85826.png,UNKNOWN,0.1,OCR_TEXT
C:\Users\jay\Downloads\STFD_ICASSP2023\STFD_ICASSP2023\1_Copy-move\tamper\030eb64e6ccd1f42a1ceedf0bbf4da36.png,UNKNOWN,0.1,VISUAL_HEURISTIC
C:\Users\jay\Downloads\STFD_ICASSP2023\STFD_ICASSP2023\1_Copy-move\tamper\03bda044513283ef610bb8bb22c66045.png,WEB_BROWSING,0.7,CV_MONOCHROME_DOC+OCR_TEXT
C:\Users\jay\Downloads\STFD_ICASSP2023\STFD_ICASSP2023\1_Copy-move\tamper\03beafb12a80cbb3afb4da069f180ed2.png,UNKNOWN,0.35,CV_ECOMMERCE_COLOR+OCR_TEXT
C:\Users\jay\Downloads\STFD_ICASSP2023\STFD_ICASSP2023\1_Copy-move\tamper\03f1afccc57a6c41a901a3ff937ffd92.png,UNKNOWN,0.3,OCR_TEXT
C:\Users\jay\Downloads\STFD_ICASSP2023\STFD_ICASSP2023\1_Copy-move\tamper\04b109c1bfd033158aabb21c37900f4f.png,UNKNOWN,0.1,OCR_TEXT
C:\Users\jay\Downloads\STFD_ICASSP2023\STFD_ICASSP2023\1_Copy-move\tamper\05bf02b21107e54195919e1bc1e78c9e.png,UNKNOWN,0.1,OCR_TEXT
C:\Users\jay\Downloads\STFD_ICASSP2023\STFD_ICASSP2023\1_Copy-move\tamper\05c3407fae260105ca8e457ca08fde1f.png,E_COMMERCE,0.85,CV_ECOMMERCE_COLOR+OCR_TEXT
C:\Users\jay\Downloads\STFD_ICASSP2023\STFD_ICASSP2023\1_Copy-move\tamper\061049b1fcaef43bf293c09a411c6f83.png,DOCUMENT,0.5,CV_MONOCHROME_DOC+OCR_TEXT
C:\Users\jay\Downloads\STFD_ICASSP2023\STFD_ICASSP2023\1_Copy-move\tamper\062aedf3dcc724243df2d4798a0c2f21.png,E_COMMERCE,0.5,OCR_TEXT
C:\Users\jay\Downloads\STFD_ICASSP2023\STFD_ICASSP2023\1_Copy-move\tamper\06632266c04260a15238e103eee38d54.png,DOCUMENT,0.5,CV_MONOCHROME_DOC+OCR_TEXT
C:\Users\jay\Downloads\STFD_ICASSP2023\STFD_ICASSP2023\1_Copy-move\tamper\06b79017efe8299414a4c64b561bf0f5.png,UNKNOWN,0.1,OCR_TEXT
C:\Users\jay\Downloads\STFD_ICASSP2023\STFD_ICASSP2023\1_Copy-move\tamper\083c0ceaedd775ea0edcd988902420c4.png,DOCUMENT,0.5,CV_MONOCHROME_DOC+OCR_TEXT
C:\Users\jay\Downloads\STFD_ICASSP2023\STFD_ICASSP2023\1_Copy-move\tamper\091e76ef92f1ebe30433a8c6868c4ca0.png,UNKNOWN,0.25,CV_SETTINGS_GRID+OCR_TEXT
C:\Users\jay\Downloads\STFD_ICASSP2023\STFD_ICASSP2023\1_Copy-move\tamper\09293fa943480f2e032d36bc38f4f75d.png,UNKNOWN,0.1,OCR_TEXT
C:\Users\jay\Downloads\STFD_ICASSP2023\STFD_ICASSP2023\1_Copy-move\tamper\09442bc1e7544b47992134c4c151b0ae.png,UNKNOWN,0.1,OCR_TEXT
C:\Users\jay\Downloads\STFD_ICASSP2023\STFD_ICASSP2023\1_Copy-move\tamper\0a31c69e308a843cee5f0ad08799b61b.png,DOCUMENT,0.8,CV_MONOCHROME_DOC+OCR_TEXT
C:\Users\jay\Downloads\STFD_ICASSP2023\STFD_ICASSP2023\1_Copy-move\tamper\0ba51385ddc8ade89a53f4b5881abf9b.png,UNKNOWN,0.25,CV_SETTINGS_GRID+OCR_TEXT
C:\Users\jay\Downloads\STFD_ICASSP2023\STFD_ICASSP2023\1_Copy-move\tamper\0ba9fbaa8f4918ac92aa2e14f578a3a1.png,MAP_TRANSPORT,0.35,OCR_TEXT
C:\Users\jay\Downloads\STFD_ICASSP2023\STFD_ICASSP2023\1_Copy-move\tamper\0bb4e339ac6a146e0391e5a8e866394d.png,DOCUMENT,0.5,CV_MONOCHROME_DOC+CV_SETTINGS_GRID+OCR_TEXT
C:\Users\jay\Downloads\STFD_ICASSP2023\STFD_ICASSP2023\1_Copy-move\tamper\0bd3c927f4e8d025f4372dabb6a37c50.png,UNKNOWN,0.1,OCR_TEXT
C:\Users\jay\Downloads\STFD_ICASSP2023\STFD_ICASSP2023\1_Copy-move\tamper\0c06e9cb158605d473729a990b782ccf.png,DOCUMENT,0.5,CV_MONOCHROME_DOC+OCR_TEXT
C:\Users\jay\Downloads\STFD_ICASSP2023\STFD_ICASSP2023\1_Copy-move\tamper\0c537d6d790ddd4947a08613ab1797c8.png,UNKNOWN,0.1,OCR_TEXT
C:\Users\jay\Downloads\STFD_ICASSP2023\STFD_ICASSP2023\1_Copy-move\tamper\0c8cd264660ac07c04c40fa2c5cb5477.png,UNKNOWN,0.1,OCR_TEXT
C:\Users\jay\Downloads\STFD_ICASSP2023\STFD_ICASSP2023\1_Copy-move\tamper\0ca68eb2192c4e8a0148237fb94232e8.png,DOCUMENT,0.5,CV_MONOCHROME_DOC+OCR_TEXT
C:\Users\jay\Downloads\STFD_ICASSP2023\STFD_ICASSP2023\1_Copy-move\tamper\0d168e62526201086fea09fcf016971f.png,UNKNOWN,0.1,OCR_TEXT
C:\Users\jay\Downloads\STFD_ICASSP2023\STFD_ICASSP2023\1_Copy-move\tamper\0d54cb33c5fb4d6eac78b79b0bc29374.png,UNKNOWN,0.25,OCR_TEXT
C:\Users\jay\Downloads\STFD_ICASSP2023\STFD_ICASSP2023\1_Copy-move\tamper\0d6f495822a85836664c0f00072dbf48.png,UNKNOWN,0.1,VISUAL_HEURISTIC
C:\Users\jay\Downloads\STFD_ICASSP2023\STFD_ICASSP2023\1_Copy-move\tamper\0d7465631b3b288a22f1f708e7d2faea.png,E_COMMERCE,0.35,CV_ECOMMERCE_COLOR+OCR_TEXT
C:\Users\jay\Downloads\STFD_ICASSP2023\STFD_ICASSP2023\1_Copy-move\tamper\0ddc6c5014b28a85ff2ebef599189d41.png,UNKNOWN,0.1,OCR_TEXT
C:\Users\jay\Downloads\STFD_ICASSP2023\STFD_ICASSP2023\1_Copy-move\tamper\0e05d3c134edaf046c427c46481c3761.png,DOCUMENT,0.5,CV_MONOCHROME_DOC+OCR_TEXT
C:\Users\jay\Downloads\STFD_ICASSP2023\STFD_ICASSP2023\1_Copy-move\tamper\0e078e02135842b33ab8051f76a23dea.png,DOCUMENT,0.5,CV_MONOCHROME_DOC+OCR_TEXT
C:\Users\jay\Downloads\STFD_ICASSP2023\STFD_ICASSP2023\1_Copy-move\tamper\0e5de6b6491a72b1fd1b877f1369f877.png,UNKNOWN,0.3,OCR_TEXT
C:\Users\jay\Downloads\STFD_ICASSP2023\STFD_ICASSP2023\1_Copy-move\tamper\0ee20d98b6ddba2a99861e1400bf67aa.png,UNKNOWN,0.1,OCR_TEXT
C:\Users\jay\Downloads\STFD_ICASSP2023\STFD_ICASSP2023\1_Copy-move\tamper\0efba0cd8ff746e50808b23ddd6c6d23.png,WEB_BROWSING,0.7,OCR_TEXT
C:\Users\jay\Downloads\STFD_ICASSP2023\STFD_ICASSP2023\1_Copy-move\tamper\0f368a288c67ddc78aca77d1c82375bc.png,UNKNOWN,0.1,OCR_TEXT
C:\Users\jay\Downloads\STFD_ICASSP2023\STFD_ICASSP2023\1_Copy-move\tamper\0f48f9a3ecd659b7a7d192aa494c8c35.png,UNKNOWN,0.1,OCR_TEXT
C:\Users\jay\Downloads\STFD_ICASSP2023\STFD_ICASSP2023\1_Copy-move\tamper\0f80594a8f7c2ceadc5c6dec86c52050.png,WEB_BROWSING,0.7,OCR_TEXT
C:\Users\jay\Downloads\STFD_ICASSP2023\STFD_ICASSP2023\1_Copy-move\tamper\103683650672aa6645c46bb8eefc66ec.png,DOCUMENT,0.5,CV_MONOCHROME_DOC+OCR_TEXT
C:\Users\jay\Downloads\STFD_ICASSP2023\STFD_ICASSP2023\1_Copy-move\tamper\107411b934f5dc2d2a0b9848df327bfc.png,UNKNOWN,0.1,OCR_TEXT
C:\Users\jay\Downloads\STFD_ICASSP2023\STFD_ICASSP2023\1_Copy-move\tamper\10e0a02dffa95540e3cb2f8403a9a772.png,UNKNOWN,0.25,OCR_TEXT
C:\Users\jay\Downloads\STFD_ICASSP2023\STFD_ICASSP2023\1_Copy-move\tamper\10f83f9d505f1ea80787a63c007e0612.png,UNKNOWN,0.25,CV_SETTINGS_GRID+OCR_TEXT
C:\Users\jay\Downloads\STFD_ICASSP2023\STFD_ICASSP2023\1_Copy-move\tamper\1173bceacdb873b142aa6f38ff6704a7.png,E_COMMERCE,0.35,CV_ECOMMERCE_COLOR+OCR_TEXT
C:\Users\jay\Downloads\STFD_ICASSP2023\STFD_ICASSP2023\1_Copy-move\tamper\120f32bbe883cb834ff8cdeb7c8478c5.png,DOCUMENT,0.55,OCR_TEXT
C:\Users\jay\Downloads\STFD_ICASSP2023\STFD_ICASSP2023\1_Copy-move\tamper\12a356d4f91011556b1743164387fbf1.png,UNKNOWN,0.1,VISUAL_HEURISTIC
C:\Users\jay\Downloads\STFD_ICASSP2023\STFD_ICASSP2023\1_Copy-move\tamper\12c86e02e6837ec4743391be11037c27.png,MAP_TRANSPORT,0.45,CV_MAP_CANVAS+CV_SETTINGS_GRID+OCR_TEXT
C:\Users\jay\Downloads\STFD_ICASSP2023\STFD_ICASSP2023\1_Copy-move\tamper\12ce88e081fd8ba0aa56e8795ecc4eac.png,UNKNOWN,0.1,OCR_TEXT
C:\Users\jay\Downloads\STFD_ICASSP2023\STFD_ICASSP2023\1_Copy-move\tamper\1350b4d67cf2ddb451f1cdc63e96706f.png,E_COMMERCE,0.35,CV_ECOMMERCE_COLOR+CV_SETTINGS_GRID+OCR_TEXT
C:\Users\jay\Downloads\STFD_ICASSP2023\STFD_ICASSP2023\1_Copy-move\tamper\135ede5f566392dc14c9fdb8e53ca50d.png,DOCUMENT,0.5,CV_MONOCHROME_DOC+OCR_TEXT
C:\Users\jay\Downloads\STFD_ICASSP2023\STFD_ICASSP2023\1_Copy-move\tamper\138bb2c469f68ffce37d279c26bdd352.png,UNKNOWN,0.1,OCR_TEXT
C:\Users\jay\Downloads\STFD_ICASSP2023\STFD_ICASSP2023\1_Copy-move\tamper\1460ee6a51b0976b797839f114ebb589.png,DOCUMENT,0.5,CV_MONOCHROME_DOC+OCR_TEXT
C:\Users\jay\Downloads\STFD_ICASSP2023\STFD_ICASSP2023\1_Copy-move\tamper\147b1079464e528b8869b999e90f43cf.png,UNKNOWN,0.1,OCR_TEXT
C:\Users\jay\Downloads\STFD_ICASSP2023\STFD_ICASSP2023\1_Copy-move\tamper\14c520a71aa0e85b15f27b09fb7976d8.png,UNKNOWN,0.1,OCR_TEXT
C:\Users\jay\Downloads\STFD_ICASSP2023\STFD_ICASSP2023\1_Copy-move\tamper\1645fcf2c06cd37724dc05a780313216.png,UNKNOWN,0.1,OCR_TEXT
C:\Users\jay\Downloads\STFD_ICASSP2023\STFD_ICASSP2023\1_Copy-move\tamper\16785f678c75bf0f92105acd3bbfc851.png,UNKNOWN,0.1,OCR_TEXT
C:\Users\jay\Downloads\STFD_ICASSP2023\STFD_ICASSP2023\1_Copy-move\tamper\1701c2ac83285c9f599740b6367f2e88.png,UNKNOWN,0.1,OCR_TEXT
C:\Users\jay\Downloads\STFD_ICASSP2023\STFD_ICASSP2023\1_Copy-move\tamper\174007c9d292a50fd9876840b02e92ac.png,MAP_TRANSPORT,0.45,CV_MAP_CANVAS+OCR_TEXT
C:\Users\jay\Downloads\STFD_ICASSP2023\STFD_ICASSP2023\1_Copy-move\tamper\176d753ec675e7fe992e2a32ee1ea3fc.png,UNKNOWN,0.1,OCR_TEXT
C:\Users\jay\Downloads\STFD_ICASSP2023\STFD_ICASSP2023\1_Copy-move\tamper\18ae91d871a2faaf89cb94f195f8ee1c.png,UNKNOWN,0.1,OCR_TEXT
C:\Users\jay\Downloads\STFD_ICASSP2023\STFD_ICASSP2023\1_Copy-move\tamper\19df23bc1e06d7a52155b36c68d834b5.png,UNKNOWN,0.25,CV_SETTINGS_GRID+OCR_TEXT
C:\Users\jay\Downloads\STFD_ICASSP2023\STFD_ICASSP2023\1_Copy-move\tamper\1a45c1fa2ce7333d3309be12c42423dc.png,UNKNOWN,0.1,OCR_TEXT
C:\Users\jay\Downloads\STFD_ICASSP2023\STFD_ICASSP2023\1_Copy-move\tamper\1a59295815e699634203975d836423e8.png,UNKNOWN,0.1,OCR_TEXT
C:\Users\jay\Downloads\STFD_ICASSP2023\STFD_ICASSP2023\1_Copy-move\tamper\1abcc761780cd3d3c77e9b8d649505e3.png,UNKNOWN,0.1,OCR_TEXT
C:\Users\jay\Downloads\STFD_ICASSP2023\STFD_ICASSP2023\1_Copy-move\tamper\1afd13382484bb070e1c5d5f5b9bcf77.png,UNKNOWN,0.1,OCR_TEXT
C:\Users\jay\Downloads\STFD_ICASSP2023\STFD_ICASSP2023\1_Copy-move\tamper\1bb66aa5979a3dd389e993353d5fd9a1.png,UNKNOWN,0.1,OCR_TEXT
C:\Users\jay\Downloads\STFD_ICASSP2023\STFD_ICASSP2023\1_Copy-move\tamper\1be9b907ab51516c6f61d0f735fcc22b.png,DOCUMENT,0.5,CV_MONOCHROME_DOC+OCR_TEXT
C:\Users\jay\Downloads\STFD_ICASSP2023\STFD_ICASSP2023\1_Copy-move\tamper\1cd1d47b7e8ceb0d491a8f323075d09e.png,UNKNOWN,0.25,OCR_TEXT
C:\Users\jay\Downloads\STFD_ICASSP2023\STFD_ICASSP2023\1_Copy-move\tamper\1cd2f192752514adb6b4eb3b59859720.png,E_COMMERCE,0.6,CV_ECOMMERCE_COLOR+OCR_TEXT
C:\Users\jay\Downloads\STFD_ICASSP2023\STFD_ICASSP2023\1_Copy-move\tamper\1cfe6ffc93c73fd25cc922ae3569aa33.png,UNKNOWN,0.1,OCR_TEXT
C:\Users\jay\Downloads\STFD_ICASSP2023\STFD_ICASSP2023\1_Copy-move\tamper\1d7789707297e2e28fbac34c2db0cb99.png,UNKNOWN,0.1,OCR_TEXT
C:\Users\jay\Downloads\STFD_ICASSP2023\STFD_ICASSP2023\1_Copy-move\tamper\1d7ee3aefbb53baa8d29511da8cac107.png,UNKNOWN,0.1,OCR_TEXT
C:\Users\jay\Downloads\STFD_ICASSP2023\STFD_ICASSP2023\1_Copy-move\tamper\1dd719bd03e82be7df4dadefe8647889.png,E_COMMERCE,0.35,CV_ECOMMERCE_COLOR+OCR_TEXT
C:\Users\jay\Downloads\STFD_ICASSP2023\STFD_ICASSP2023\1_Copy-move\tamper\1ddbe9e1056c78649a5c637bcd73e26b.png,MAP_TRANSPORT,0.45,CV_MAP_CANVAS+OCR_TEXT
C:\Users\jay\Downloads\STFD_ICASSP2023\STFD_ICASSP2023\1_Copy-move\tamper\1e0867aeb977e0ce897b03bb96dd90e6.png,UNKNOWN,0.1,OCR_TEXT
C:\Users\jay\Downloads\STFD_ICASSP2023\STFD_ICASSP2023\1_Copy-move\tamper\1e0d6a0fcfedb0a244b2ac064c135029.png,UNKNOWN,0.1,OCR_TEXT
C:\Users\jay\Downloads\STFD_ICASSP2023\STFD_ICASSP2023\1_Copy-move\tamper\1e708a4aac7585ce6aa81e45f2a9e7f7.png,UNKNOWN,0.1,OCR_TEXT
C:\Users\jay\Downloads\STFD_ICASSP2023\STFD_ICASSP2023\1_Copy-move\tamper\1fd152f8423f12c2c6ed34d33e26c063.png,UNKNOWN,0.1,OCR_TEXT
C:\Users\jay\Downloads\STFD_ICASSP2023\STFD_ICASSP2023\1_Copy-move\tamper\20101f3dfc892ddfcdb2708f714bc89e.png,UNKNOWN,0.3,OCR_TEXT
C:\Users\jay\Downloads\STFD_ICASSP2023\STFD_ICASSP2023\1_Copy-move\tamper\20317644efaba3f733e686c4405825c8.png,UNKNOWN,0.1,OCR_TEXT
C:\Users\jay\Downloads\STFD_ICASSP2023\STFD_ICASSP2023\1_Copy-move\tamper\208078a0dc0278f29027861dbe5f546e.png,UNKNOWN,0.25,OCR_TEXT
C:\Users\jay\Downloads\STFD_ICASSP2023\STFD_ICASSP2023\1_Copy-move\tamper\20db4203ae9345d2f3a3cc697e057418.png,UNKNOWN,0.1,OCR_TEXT
C:\Users\jay\Downloads\STFD_ICASSP2023\STFD_ICASSP2023\1_Copy-move\tamper\20e9e3ae0615d40380cff2e4348ef0be.png,SYSTEM_INTERFACE,0.6,OCR_TEXT
C:\Users\jay\Downloads\STFD_ICASSP2023\STFD_ICASSP2023\1_Copy-move\tamper\210e8e680d171e2ece7beae73d778492.png,UNKNOWN,0.1,OCR_TEXT
C:\Users\jay\Downloads\STFD_ICASSP2023\STFD_ICASSP2023\1_Copy-move\tamper\214659a6bef925b97b9029d86b5d3797.png,UNKNOWN,0.1,OCR_TEXT
C:\Users\jay\Downloads\STFD_ICASSP2023\STFD_ICASSP2023\1_Copy-move\tamper\220d4f3bbb2791520132db33eb49250e.png,DOCUMENT,0.5,CV_MONOCHROME_DOC+OCR_TEXT
C:\Users\jay\Downloads\STFD_ICASSP2023\STFD_ICASSP2023\1_Copy-move\tamper\22a75ee31a9537d2808b98876765dce5.png,UNKNOWN,0.25,OCR_TEXT
C:\Users\jay\Downloads\STFD_ICASSP2023\STFD_ICASSP2023\1_Copy-move\tamper\22f01d37fd8f71d074a6d6164ffe4987.png,UNKNOWN,0.1,OCR_TEXT
C:\Users\jay\Downloads\STFD_ICASSP2023\STFD_ICASSP2023\1_Copy-move\tamper\23096cf58653228d833cf0ce6ac57bb6.png,UNKNOWN,0.25,CV_SETTINGS_GRID+OCR_TEXT
C:\Users\jay\Downloads\STFD_ICASSP2023\STFD_ICASSP2023\1_Copy-move\tamper\233981f01d1ad38c6393a35c7166ee30.png,UNKNOWN,0.25,CV_SETTINGS_GRID+OCR_TEXT
C:\Users\jay\Downloads\STFD_ICASSP2023\STFD_ICASSP2023\1_Copy-move\tamper\2425d760ab37b1c1b47423c397868f23.png,UNKNOWN,0.1,OCR_TEXT
C:\Users\jay\Downloads\STFD_ICASSP2023\STFD_ICASSP2023\1_Copy-move\tamper\24618c18d503a8e496ff1417cbb031c8.png,UNKNOWN,0.1,OCR_TEXT
C:\Users\jay\Downloads\STFD_ICASSP2023\STFD_ICASSP2023\1_Copy-move\tamper\25bf3c214abd1197c7e223681ec0b0fa.png,UNKNOWN,0.25,OCR_TEXT
C:\Users\jay\Downloads\STFD_ICASSP2023\STFD_ICASSP2023\1_Copy-move\tamper\27994041fa13bd17519b30476fd78a0d.png,UNKNOWN,0.25,OCR_TEXT
C:\Users\jay\Downloads\STFD_ICASSP2023\STFD_ICASSP2023\1_Copy-move\tamper\27c60798e94c9a40ee8950c4621143c1.png,UNKNOWN,0.1,OCR_TEXT
C:\Users\jay\Downloads\STFD_ICASSP2023\STFD_ICASSP2023\1_Copy-move\tamper\2830d29fdcb0b7c5316e4741dc385441.png,UNKNOWN,0.25,OCR_TEXT
C:\Users\jay\Downloads\STFD_ICASSP2023\STFD_ICASSP2023\1_Copy-move\tamper\28b0ac07863c586ed5d89575c3953a3d.png,UNKNOWN,0.1,OCR_TEXT
C:\Users\jay\Downloads\STFD_ICASSP2023\STFD_ICASSP2023\1_Copy-move\tamper\2982781de72c1a875a65a4bc822d1c4e.png,DOCUMENT,0.8,CV_MONOCHROME_DOC+OCR_TEXT
C:\Users\jay\Downloads\STFD_ICASSP2023\STFD_ICASSP2023\1_Copy-move\tamper\2ac14e992b04ed322e69263f93c9677f.png,UNKNOWN,0.25,OCR_TEXT
C:\Users\jay\Downloads\STFD_ICASSP2023\STFD_ICASSP2023\1_Copy-move\tamper\2b0a9ed14a04d45888141340dfefff82.png,UNKNOWN,0.1,OCR_TEXT
C:\Users\jay\Downloads\STFD_ICASSP2023\STFD_ICASSP2023\1_Copy-move\tamper\2b0cfd11e58990770836531108deeea7.png,E_COMMERCE,0.35,CV_ECOMMERCE_COLOR+OCR_TEXT
C:\Users\jay\Downloads\STFD_ICASSP2023\STFD_ICASSP2023\1_Copy-move\tamper\2b2a1e99f6e5ab7374b5a993a3f530b9.png,E_COMMERCE,0.35,CV_ECOMMERCE_COLOR+OCR_TEXT
C:\Users\jay\Downloads\STFD_ICASSP2023\STFD_ICASSP2023\1_Copy-move\tamper\2b5e79715d9370cc5bad992486027dc5.png,UNKNOWN,0.1,OCR_TEXT
C:\Users\jay\Downloads\STFD_ICASSP2023\STFD_ICASSP2023\1_Copy-move\tamper\2b71902c758d0da289e262d3ea948c62.png,UNKNOWN,0.1,OCR_TEXT
C:\Users\jay\Downloads\STFD_ICASSP2023\STFD_ICASSP2023\1_Copy-move\tamper\2becda72bf85d5f83f8cfb69f1727a11.png,E_COMMERCE,0.85,CV_ECOMMERCE_COLOR+OCR_TEXT
C:\Users\jay\Downloads\STFD_ICASSP2023\STFD_ICASSP2023\1_Copy-move\tamper\2c3e3fa8b58f423d2bf13a0306e1138c.png,UNKNOWN,0.1,VISUAL_HEURISTIC
C:\Users\jay\Downloads\STFD_ICASSP2023\STFD_ICASSP2023\1_Copy-move\tamper\2c43a43565f61f1a5e262702ea6117e0.png,UNKNOWN,0.1,OCR_TEXT
C:\Users\jay\Downloads\STFD_ICASSP2023\STFD_ICASSP2023\1_Copy-move\tamper\2cc9c878133dda49869b09daf11a2b89.png,UNKNOWN,0.1,OCR_TEXT
C:\Users\jay\Downloads\STFD_ICASSP2023\STFD_ICASSP2023\1_Copy-move\tamper\2ccce61cff3b595c6ba52c5503abe92f.png,UNKNOWN,0.1,OCR_TEXT
C:\Users\jay\Downloads\STFD_ICASSP2023\STFD_ICASSP2023\1_Copy-move\tamper\2ccdfc87ccc91e7b52c64c0420be51fc.png,UNKNOWN,0.25,OCR_TEXT
C:\Users\jay\Downloads\STFD_ICASSP2023\STFD_ICASSP2023\1_Copy-move\tamper\2d7dae110a689dbdacab3bb0767684e1.png,DOCUMENT,0.5,CV_MONOCHROME_DOC+OCR_TEXT
C:\Users\jay\Downloads\STFD_ICASSP2023\STFD_ICASSP2023\1_Copy-move\tamper\2dddb356b60407e5ac19dd1d202b7614.png,UNKNOWN,0.1,OCR_TEXT
C:\Users\jay\Downloads\STFD_ICASSP2023\STFD_ICASSP2023\1_Copy-move\tamper\2e6ce97475d781e25443b68759336a6e.png,E_COMMERCE,0.35,CV_ECOMMERCE_COLOR+OCR_TEXT
C:\Users\jay\Downloads\STFD_ICASSP2023\STFD_ICASSP2023\1_Copy-move\tamper\2ed1db0bf7a1dac0cb11df858b4844d0.png,UNKNOWN,0.1,OCR_TEXT
C:\Users\jay\Downloads\STFD_ICASSP2023\STFD_ICASSP2023\1_Copy-move\tamper\2f96e2b7edab2a8e6f9968d737bcdfd6.png,UNKNOWN,0.1,OCR_TEXT
C:\Users\jay\Downloads\STFD_ICASSP2023\STFD_ICASSP2023\1_Copy-move\tamper\2fa40a04c223fdd44f32d04fc38c3e0d.png,UNKNOWN,0.1,OCR_TEXT
C:\Users\jay\Downloads\STFD_ICASSP2023\STFD_ICASSP2023\1_Copy-move\tamper\2fbdee30a4650b57100e50e80ced60af.png,UNKNOWN,0.25,OCR_TEXT
C:\Users\jay\Downloads\STFD_ICASSP2023\STFD_ICASSP2023\1_Copy-move\tamper\2fe15eb6e6f7089204588eee49672412.png,DOCUMENT,0.6,OCR_TEXT
C:\Users\jay\Downloads\STFD_ICASSP2023\STFD_ICASSP2023\1_Copy-move\tamper\3064987a207ee1548754539c70bcb99a.png,UNKNOWN,0.1,OCR_TEXT
C:\Users\jay\Downloads\STFD_ICASSP2023\STFD_ICASSP2023\1_Copy-move\tamper\30a82fac66963ce3bae970b57eef9c0d.png,DOCUMENT,0.5,CV_MONOCHROME_DOC+OCR_TEXT
C:\Users\jay\Downloads\STFD_ICASSP2023\STFD_ICASSP2023\1_Copy-move\tamper\30ab51f56891023806af9d1473f13a78.png,UNKNOWN,0.1,OCR_TEXT
C:\Users\jay\Downloads\STFD_ICASSP2023\STFD_ICASSP2023\1_Copy-move\tamper\3125ea3132504f7b063115b20810cd57.png,E_COMMERCE,0.35,CV_ECOMMERCE_COLOR
C:\Users\jay\Downloads\STFD_ICASSP2023\STFD_ICASSP2023\1_Copy-move\tamper\31451f79b737dd04a0efdfed049db823.png,UNKNOWN,0.1,OCR_TEXT
C:\Users\jay\Downloads\STFD_ICASSP2023\STFD_ICASSP2023\1_Copy-move\tamper\3152ace930d082ba13735738df513cab.png,DOCUMENT,0.5,CV_MONOCHROME_DOC+OCR_TEXT
C:\Users\jay\Downloads\STFD_ICASSP2023\STFD_ICASSP2023\1_Copy-move\tamper\315ce565240fa95b159e01e65463db9a.png,UNKNOWN,0.1,OCR_TEXT
C:\Users\jay\Downloads\STFD_ICASSP2023\STFD_ICASSP2023\1_Copy-move\tamper\3174192ab9542f4037c0d1dfdf512b33.png,UNKNOWN,0.1,OCR_TEXT
C:\Users\jay\Downloads\STFD_ICASSP2023\STFD_ICASSP2023\1_Copy-move\tamper\317545915a64f0853afd97f438ea2738.png,UNKNOWN,0.25,OCR_TEXT
C:\Users\jay\Downloads\STFD_ICASSP2023\STFD_ICASSP2023\1_Copy-move\tamper\3188d1b1acdf28addabd7db652116b71.png,UNKNOWN,0.1,OCR_TEXT
C:\Users\jay\Downloads\STFD_ICASSP2023\STFD_ICASSP2023\1_Copy-move\tamper\32188e1c888a0608d7bd912a1c665b31.png,UNKNOWN,0.1,OCR_TEXT
C:\Users\jay\Downloads\STFD_ICASSP2023\STFD_ICASSP2023\1_Copy-move\tamper\32602d93f00948cd6f4842e7139c60aa.png,E_COMMERCE,0.35,CV_ECOMMERCE_COLOR+OCR_TEXT
C:\Users\jay\Downloads\STFD_ICASSP2023\STFD_ICASSP2023\1_Copy-move\tamper\32660ef1ee26160879a452778a37cce0.png,UNKNOWN,0.1,OCR_TEXT
C:\Users\jay\Downloads\STFD_ICASSP2023\STFD_ICASSP2023\1_Copy-move\tamper\326fc1b25bfb7146a63ccf24927eb86c.png,UNKNOWN,0.1,OCR_TEXT
C:\Users\jay\Downloads\STFD_ICASSP2023\STFD_ICASSP2023\1_Copy-move\tamper\32b72eb14d6e3d5808902465631253ac.png,UNKNOWN,0.1,OCR_TEXT
C:\Users\jay\Downloads\STFD_ICASSP2023\STFD_ICASSP2023\1_Copy-move\tamper\32f588215a860b8771c8e4fd3307c667.png,UNKNOWN,0.1,OCR_TEXT
C:\Users\jay\Downloads\STFD_ICASSP2023\STFD_ICASSP2023\1_Copy-move\tamper\337a9ffc52716aa14f448e0676850495.png,UNKNOWN,0.1,OCR_TEXT
C:\Users\jay\Downloads\STFD_ICASSP2023\STFD_ICASSP2023\1_Copy-move\tamper\34288e28b8090c1cb538695044cd6071.png,DOCUMENT,0.5,CV_MONOCHROME_DOC+OCR_TEXT
C:\Users\jay\Downloads\STFD_ICASSP2023\STFD_ICASSP2023\1_Copy-move\tamper\343897a35f02b97a25892024e0bf6d68.png,DOCUMENT,0.5,CV_MONOCHROME_DOC+OCR_TEXT
C:\Users\jay\Downloads\STFD_ICASSP2023\STFD_ICASSP2023\1_Copy-move\tamper\34794c149eac613eeb010fc51f51f96f.png,UNKNOWN,0.1,OCR_TEXT
C:\Users\jay\Downloads\STFD_ICASSP2023\STFD_ICASSP2023\1_Copy-move\tamper\34e2491880d40b30040809cb8b008761.png,E_COMMERCE,0.35,CV_ECOMMERCE_COLOR
C:\Users\jay\Downloads\STFD_ICASSP2023\STFD_ICASSP2023\1_Copy-move\tamper\371c8a3bed6436fed075728a10e12e09.png,UNKNOWN,0.1,OCR_TEXT
C:\Users\jay\Downloads\STFD_ICASSP2023\STFD_ICASSP2023\1_Copy-move\tamper\386f0d1d858aca1965350a1672b10a06.png,UNKNOWN,0.1,OCR_TEXT
C:\Users\jay\Downloads\STFD_ICASSP2023\STFD_ICASSP2023\1_Copy-move\tamper\38d2d623f987c935eff6f3545250a72b.png,UNKNOWN,0.25,OCR_TEXT
C:\Users\jay\Downloads\STFD_ICASSP2023\STFD_ICASSP2023\1_Copy-move\tamper\38e0011988bffab7c881b9a4aa7d3d76.png,UNKNOWN,0.25,OCR_TEXT
C:\Users\jay\Downloads\STFD_ICASSP2023\STFD_ICASSP2023\1_Copy-move\tamper\393349a797a0818aef4b6e6c2a2546a9.png,UNKNOWN,0.1,OCR_TEXT
C:\Users\jay\Downloads\STFD_ICASSP2023\STFD_ICASSP2023\1_Copy-move\tamper\394b3d2818db06011567c87bb98d7970.png,UNKNOWN,0.1,VISUAL_HEURISTIC
C:\Users\jay\Downloads\STFD_ICASSP2023\STFD_ICASSP2023\1_Copy-move\tamper\3973f0b54a10f0cefdba363c3cca393d.png,UNKNOWN,0.1,OCR_TEXT
C:\Users\jay\Downloads\STFD_ICASSP2023\STFD_ICASSP2023\1_Copy-move\tamper\3978c31ddd5386c7e2d207b2ed190495.png,E_COMMERCE,0.5,OCR_TEXT
C:\Users\jay\Downloads\STFD_ICASSP2023\STFD_ICASSP2023\1_Copy-move\tamper\3a206914dbb7b3a1679c74e85cec8125.png,UNKNOWN,0.1,OCR_TEXT
C:\Users\jay\Downloads\STFD_ICASSP2023\STFD_ICASSP2023\1_Copy-move\tamper\3a34f6008034ae09e4fda26795eb768e.png,UNKNOWN,0.25,OCR_TEXT
C:\Users\jay\Downloads\STFD_ICASSP2023\STFD_ICASSP2023\1_Copy-move\tamper\3a60577c46157c24f6537568439415fc.png,UNKNOWN,0.25,CV_SETTINGS_GRID+OCR_TEXT
C:\Users\jay\Downloads\STFD_ICASSP2023\STFD_ICASSP2023\1_Copy-move\tamper\3a6a47ff3816a132c25f0ce5d123768c.png,UNKNOWN,0.35,OCR_TEXT
C:\Users\jay\Downloads\STFD_ICASSP2023\STFD_ICASSP2023\1_Copy-move\tamper\3a70f8f61a7aefce2b94ae9fd2b270e8.png,UNKNOWN,0.1,OCR_TEXT
C:\Users\jay\Downloads\STFD_ICASSP2023\STFD_ICASSP2023\1_Copy-move\tamper\3a730b8ff8ca2dda3a88b929204a9f26.png,UNKNOWN,0.1,OCR_TEXT
C:\Users\jay\Downloads\STFD_ICASSP2023\STFD_ICASSP2023\1_Copy-move\tamper\3aad4e1bc9a4bbfae8ddbeae31dafdf2.png,UNKNOWN,0.25,OCR_TEXT
C:\Users\jay\Downloads\STFD_ICASSP2023\STFD_ICASSP2023\1_Copy-move\tamper\3ae2baddbfbcb995982a12730e815242.png,UNKNOWN,0.1,OCR_TEXT
C:\Users\jay\Downloads\STFD_ICASSP2023\STFD_ICASSP2023\1_Copy-move\tamper\3b135fefa21770f25f5b464857a09569.png,E_COMMERCE,0.35,CV_ECOMMERCE_COLOR+OCR_TEXT
C:\Users\jay\Downloads\STFD_ICASSP2023\STFD_ICASSP2023\1_Copy-move\tamper\3b218c6a99b7b6df24dadd1e9e0e7c6f.png,UNKNOWN,0.1,OCR_TEXT
C:\Users\jay\Downloads\STFD_ICASSP2023\STFD_ICASSP2023\1_Copy-move\tamper\3b4d9a6d94a40fa5d6e1d90ae5f18d0c.png,UNKNOWN,0.1,OCR_TEXT
C:\Users\jay\Downloads\STFD_ICASSP2023\STFD_ICASSP2023\1_Copy-move\tamper\3b75f63e368bce28ca764fa56180c75d.png,DOCUMENT,0.5,CV_MONOCHROME_DOC+OCR_TEXT
C:\Users\jay\Downloads\STFD_ICASSP2023\STFD_ICASSP2023\1_Copy-move\tamper\3b78e496da30d34f18c0d033f6b3917e.png,UNKNOWN,0.1,OCR_TEXT
C:\Users\jay\Downloads\STFD_ICASSP2023\STFD_ICASSP2023\1_Copy-move\tamper\3b8c99ef74d9a3a75fe6c4d31e2ca4f1.png,UNKNOWN,0.1,OCR_TEXT
C:\Users\jay\Downloads\STFD_ICASSP2023\STFD_ICASSP2023\1_Copy-move\tamper\3b91910f71b3701857b9f4db53383376.png,UNKNOWN,0.1,OCR_TEXT
C:\Users\jay\Downloads\STFD_ICASSP2023\STFD_ICASSP2023\1_Copy-move\tamper\3cb34db2f94a29c31366d0d804a266ed.png,UNKNOWN,0.1,OCR_TEXT
C:\Users\jay\Downloads\STFD_ICASSP2023\STFD_ICASSP2023\1_Copy-move\tamper\3d05464b25b364292a5b1f0db14017ca.png,UNKNOWN,0.1,OCR_TEXT
C:\Users\jay\Downloads\STFD_ICASSP2023\STFD_ICASSP2023\1_Copy-move\tamper\3d28d62304ea471e311f2ddec98f76af.png,E_COMMERCE,0.35,CV_ECOMMERCE_COLOR+OCR_TEXT
C:\Users\jay\Downloads\STFD_ICASSP2023\STFD_ICASSP2023\1_Copy-move\tamper\3d30ae8a7063dae29e90dfc8634ede90.png,UNKNOWN,0.1,OCR_TEXT
C:\Users\jay\Downloads\STFD_ICASSP2023\STFD_ICASSP2023\1_Copy-move\tamper\3d6b07b73af1b86b01f2909b93dd5248.png,UNKNOWN,0.1,OCR_TEXT
C:\Users\jay\Downloads\STFD_ICASSP2023\STFD_ICASSP2023\1_Copy-move\tamper\3d9139f90ca5436e1d7468631bf5a53b.png,UNKNOWN,0.1,OCR_TEXT
C:\Users\jay\Downloads\STFD_ICASSP2023\STFD_ICASSP2023\1_Copy-move\tamper\3dc8a58d33327fa70e53353234108536.png,UNKNOWN,0.25,OCR_TEXT
C:\Users\jay\Downloads\STFD_ICASSP2023\STFD_ICASSP2023\1_Copy-move\tamper\3e24df7a7f92db9a3bff67ee58eba839.png,UNKNOWN,0.1,OCR_TEXT
C:\Users\jay\Downloads\STFD_ICASSP2023\STFD_ICASSP2023\1_Copy-move\tamper\3e383eee818a6ed7b87d1eb13ebe49d7.png,E_COMMERCE,0.35,CV_ECOMMERCE_COLOR+OCR_TEXT
C:\Users\jay\Downloads\STFD_ICASSP2023\STFD_ICASSP2023\1_Copy-move\tamper\3e71428e3962e73728d03dc180a0cc07.png,E_COMMERCE,0.35,CV_ECOMMERCE_COLOR+OCR_TEXT
C:\Users\jay\Downloads\STFD_ICASSP2023\STFD_ICASSP2023\1_Copy-move\tamper\3e8c0ccdaea05d14e3462f4f710ca156.png,E_COMMERCE,0.35,CV_ECOMMERCE_COLOR+OCR_TEXT
C:\Users\jay\Downloads\STFD_ICASSP2023\STFD_ICASSP2023\1_Copy-move\tamper\3ed693314213346bb143ee7ea1a7e0cd.png,UNKNOWN,0.1,OCR_TEXT
C:\Users\jay\Downloads\STFD_ICASSP2023\STFD_ICASSP2023\1_Copy-move\tamper\3f2628051cde7d8ea27bc86c3c902ec5.png,UNKNOWN,0.25,OCR_TEXT
C:\Users\jay\Downloads\STFD_ICASSP2023\STFD_ICASSP2023\1_Copy-move\tamper\3f3209bb26b55766e42abe52a4137500.png,UNKNOWN,0.1,OCR_TEXT
C:\Users\jay\Downloads\STFD_ICASSP2023\STFD_ICASSP2023\1_Copy-move\tamper\3f4c3d7b185519c37f23f2c8ce1489ff.png,DOCUMENT,0.55,OCR_TEXT
C:\Users\jay\Downloads\STFD_ICASSP2023\STFD_ICASSP2023\1_Copy-move\tamper\3fc2143fd966d64f3e2f96401a1db604.png,E_COMMERCE,0.35,CV_ECOMMERCE_COLOR+OCR_TEXT
C:\Users\jay\Downloads\STFD_ICASSP2023\STFD_ICASSP2023\1_Copy-move\tamper\406b73ae3f78d460a5ff481bcce3259d.png,UNKNOWN,0.1,OCR_TEXT
C:\Users\jay\Downloads\STFD_ICASSP2023\STFD_ICASSP2023\1_Copy-move\tamper\40e3e20c1a0aba7e5805643c10c9d458.png,UNKNOWN,0.25,CV_SETTINGS_GRID+OCR_TEXT
C:\Users\jay\Downloads\STFD_ICASSP2023\STFD_ICASSP2023\1_Copy-move\tamper\40ffa301b6f48d5105c6a2445ad36acc.png,UNKNOWN,0.1,OCR_TEXT
C:\Users\jay\Downloads\STFD_ICASSP2023\STFD_ICASSP2023\1_Copy-move\tamper\416c6fc9fea64a09aa42230fe2ff0b83.png,UNKNOWN,0.25,OCR_TEXT
C:\Users\jay\Downloads\STFD_ICASSP2023\STFD_ICASSP2023\1_Copy-move\tamper\41fa3ea570f77bb26f612433f82bbfd9.png,UNKNOWN,0.1,OCR_TEXT
C:\Users\jay\Downloads\STFD_ICASSP2023\STFD_ICASSP2023\1_Copy-move\tamper\43247e40eaface4b23df420ba6b12af0.png,UNKNOWN,0.1,OCR_TEXT
C:\Users\jay\Downloads\STFD_ICASSP2023\STFD_ICASSP2023\1_Copy-move\tamper\432601168d1badabf5b368b6879a75a8.png,DOCUMENT,0.5,CV_MONOCHROME_DOC+OCR_TEXT
C:\Users\jay\Downloads\STFD_ICASSP2023\STFD_ICASSP2023\1_Copy-move\tamper\4349698e0aff40ed58750084d19c6911.png,DOCUMENT,0.5,CV_MONOCHROME_DOC+OCR_TEXT
C:\Users\jay\Downloads\STFD_ICASSP2023\STFD_ICASSP2023\1_Copy-move\tamper\436108f1a7ae8663a443a0874594269d.png,UNKNOWN,0.1,OCR_TEXT
C:\Users\jay\Downloads\STFD_ICASSP2023\STFD_ICASSP2023\1_Copy-move\tamper\43a86e81f1b9fb7146931efbb0950e2a.png,UNKNOWN,0.1,OCR_TEXT
C:\Users\jay\Downloads\STFD_ICASSP2023\STFD_ICASSP2023\1_Copy-move\tamper\43f3ea5b78e8bc930fc6dbbca689fc72.png,E_COMMERCE,0.35,CV_ECOMMERCE_COLOR+OCR_TEXT
C:\Users\jay\Downloads\STFD_ICASSP2023\STFD_ICASSP2023\1_Copy-move\tamper\43f5e678781547d3df3701c899e38cac.png,E_COMMERCE,0.35,CV_ECOMMERCE_COLOR+OCR_TEXT
C:\Users\jay\Downloads\STFD_ICASSP2023\STFD_ICASSP2023\1_Copy-move\tamper\43fedae74ff5189319e2e993f486e5f7.png,UNKNOWN,0.25,CV_SETTINGS_GRID+OCR_TEXT
C:\Users\jay\Downloads\STFD_ICASSP2023\STFD_ICASSP2023\1_Copy-move\tamper\44175d39b0ca4b4a4524acca104e34a7.png,E_COMMERCE,0.35,CV_ECOMMERCE_COLOR+OCR_TEXT
C:\Users\jay\Downloads\STFD_ICASSP2023\STFD_ICASSP2023\1_Copy-move\tamper\441be3b7eccef7376e6337d545505b16.png,UNKNOWN,0.1,OCR_TEXT
C:\Users\jay\Downloads\STFD_ICASSP2023\STFD_ICASSP2023\1_Copy-move\tamper\441db7c454301c287cb688a79d845dcf.png,UNKNOWN,0.1,OCR_TEXT
C:\Users\jay\Downloads\STFD_ICASSP2023\STFD_ICASSP2023\1_Copy-move\tamper\44b58d9eaa70c7a5034f631588bffa36.png,E_COMMERCE,0.35,CV_ECOMMERCE_COLOR+OCR_TEXT
C:\Users\jay\Downloads\STFD_ICASSP2023\STFD_ICASSP2023\1_Copy-move\tamper\44f21890a407323bc8aee0b0523552a3.png,UNKNOWN,0.1,OCR_TEXT
C:\Users\jay\Downloads\STFD_ICASSP2023\STFD_ICASSP2023\1_Copy-move\tamper\451fd10b101de38c2ba4ec2eb9e1a261.png,UNKNOWN,0.1,OCR_TEXT
C:\Users\jay\Downloads\STFD_ICASSP2023\STFD_ICASSP2023\1_Copy-move\tamper\4524a16eb295143c252fa966236c064c.png,WEB_BROWSING,0.35,OCR_TEXT
C:\Users\jay\Downloads\STFD_ICASSP2023\STFD_ICASSP2023\1_Copy-move\tamper\45760914ef63139632f4bf3390651ed3.png,DOCUMENT,0.5,CV_MONOCHROME_DOC+OCR_TEXT
C:\Users\jay\Downloads\STFD_ICASSP2023\STFD_ICASSP2023\1_Copy-move\tamper\4721d22a12f35fc914a36f2ee9523672.png,E_COMMERCE,0.35,CV_ECOMMERCE_COLOR+OCR_TEXT
C:\Users\jay\Downloads\STFD_ICASSP2023\STFD_ICASSP2023\1_Copy-move\tamper\473f564e9f136ce1bb93b9884e913ed5.png,UNKNOWN,0.1,OCR_TEXT
C:\Users\jay\Downloads\STFD_ICASSP2023\STFD_ICASSP2023\1_Copy-move\tamper\4808b44e9aac5308f5d048c7e7530b42.png,UNKNOWN,0.25,OCR_TEXT
C:\Users\jay\Downloads\STFD_ICASSP2023\STFD_ICASSP2023\1_Copy-move\tamper\482cd6c21a3e7a94def1cd227dce889c.png,UNKNOWN,0.1,OCR_TEXT
C:\Users\jay\Downloads\STFD_ICASSP2023\STFD_ICASSP2023\1_Copy-move\tamper\484847f62c136066daee0b8453964763.png,WEB_BROWSING,0.35,OCR_TEXT
C:\Users\jay\Downloads\STFD_ICASSP2023\STFD_ICASSP2023\1_Copy-move\tamper\48a673bbd940e491b6de82dabf784b67.png,UNKNOWN,0.1,OCR_TEXT
C:\Users\jay\Downloads\STFD_ICASSP2023\STFD_ICASSP2023\1_Copy-move\tamper\48d4415c8cc9514c6daed69230ea61af.png,UNKNOWN,0.1,OCR_TEXT
C:\Users\jay\Downloads\STFD_ICASSP2023\STFD_ICASSP2023\1_Copy-move\tamper\494e8569fd2f01d0578c611897546786.png,UNKNOWN,0.1,OCR_TEXT
C:\Users\jay\Downloads\STFD_ICASSP2023\STFD_ICASSP2023\1_Copy-move\tamper\49713d0b28425e93999b291778443214.png,UNKNOWN,0.1,OCR_TEXT
C:\Users\jay\Downloads\STFD_ICASSP2023\STFD_ICASSP2023\1_Copy-move\tamper\49f10e36a7f681e40736999ff9b3c922.png,E_COMMERCE,0.35,CV_ECOMMERCE_COLOR
C:\Users\jay\Downloads\STFD_ICASSP2023\STFD_ICASSP2023\1_Copy-move\tamper\4a1289a3c85cbe7fbb59a934ec63a430.png,WEB_BROWSING,0.95,OCR_TEXT
C:\Users\jay\Downloads\STFD_ICASSP2023\STFD_ICASSP2023\1_Copy-move\tamper\4a1b4ead5924092f39822c32e99a4e7c.png,DOCUMENT,0.5,CV_MONOCHROME_DOC+OCR_TEXT
C:\Users\jay\Downloads\STFD_ICASSP2023\STFD_ICASSP2023\1_Copy-move\tamper\4ac6a3e4912811e18a0fe55e18ed071f.png,UNKNOWN,0.25,OCR_TEXT
C:\Users\jay\Downloads\STFD_ICASSP2023\STFD_ICASSP2023\1_Copy-move\tamper\4ae4247f6a32750aa075b38a61be0092.png,UNKNOWN,0.1,OCR_TEXT
C:\Users\jay\Downloads\STFD_ICASSP2023\STFD_ICASSP2023\1_Copy-move\tamper\4cee5140b29753807d739fed2006c3dd.png,UNKNOWN,0.1,OCR_TEXT
C:\Users\jay\Downloads\STFD_ICASSP2023\STFD_ICASSP2023\1_Copy-move\tamper\4dcb0a868a7c21d64532964ed7f9f304.png,UNKNOWN,0.1,OCR_TEXT
C:\Users\jay\Downloads\STFD_ICASSP2023\STFD_ICASSP2023\1_Copy-move\tamper\4e87549d2c2fe55a9f8774390ef2fe21.png,UNKNOWN,0.25,OCR_TEXT
C:\Users\jay\Downloads\STFD_ICASSP2023\STFD_ICASSP2023\1_Copy-move\tamper\4ebb1f0f28f38a31fc0d574dab4764d3.png,UNKNOWN,0.1,OCR_TEXT
C:\Users\jay\Downloads\STFD_ICASSP2023\STFD_ICASSP2023\1_Copy-move\tamper\4ebf93d3d4a343b5d9c0da0f318b0fa5.png,UNKNOWN,0.1,OCR_TEXT
C:\Users\jay\Downloads\STFD_ICASSP2023\STFD_ICASSP2023\1_Copy-move\tamper\4f297d79624ea8c8edcced4c5a981de9.png,UNKNOWN,0.1,OCR_TEXT
C:\Users\jay\Downloads\STFD_ICASSP2023\STFD_ICASSP2023\1_Copy-move\tamper\4f6fb541a3e5a48a3f346c69850cde6c.png,DOCUMENT,0.5,CV_MONOCHROME_DOC+OCR_TEXT
C:\Users\jay\Downloads\STFD_ICASSP2023\STFD_ICASSP2023\1_Copy-move\tamper\4f8a602b1ede2e0c39c7995ab2ea576c.png,UNKNOWN,0.1,OCR_TEXT
C:\Users\jay\Downloads\STFD_ICASSP2023\STFD_ICASSP2023\1_Copy-move\tamper\4ff08203b1daeb2eb4cb803ac18fa5e4.png,DOCUMENT,0.8,CV_MONOCHROME_DOC+OCR_TEXT
C:\Users\jay\Downloads\STFD_ICASSP2023\STFD_ICASSP2023\1_Copy-move\tamper\5105b7b61f5a2ffadeac3e27b97ac34d.png,UNKNOWN,0.35,OCR_TEXT
C:\Users\jay\Downloads\STFD_ICASSP2023\STFD_ICASSP2023\1_Copy-move\tamper\51470e1b1db35b22107f4f460b884679.png,UNKNOWN,0.1,OCR_TEXT
C:\Users\jay\Downloads\STFD_ICASSP2023\STFD_ICASSP2023\1_Copy-move\tamper\52a338346a540a22a36ae8df9890faa7.png,UNKNOWN,0.25,CV_SETTINGS_GRID+OCR_TEXT
C:\Users\jay\Downloads\STFD_ICASSP2023\STFD_ICASSP2023\1_Copy-move\tamper\52d674b0e9a9b5e660aa19cc832ef62a.png,UNKNOWN,0.1,OCR_TEXT
C:\Users\jay\Downloads\STFD_ICASSP2023\STFD_ICASSP2023\1_Copy-move\tamper\531b7b4dc1c9b4b1f2b3a68197aed7f5.png,UNKNOWN,0.3,OCR_TEXT
C:\Users\jay\Downloads\STFD_ICASSP2023\STFD_ICASSP2023\1_Copy-move\tamper\5365442cc38955e83aebb5414dc668c3.png,UNKNOWN,0.1,OCR_TEXT
C:\Users\jay\Downloads\STFD_ICASSP2023\STFD_ICASSP2023\1_Copy-move\tamper\536dbe942546d5f7bc8f5c99b4906622.png,UNKNOWN,0.1,OCR_TEXT
C:\Users\jay\Downloads\STFD_ICASSP2023\STFD_ICASSP2023\1_Copy-move\tamper\539dbfd33bde0a19cb1db773b6cdfa75.png,UNKNOWN,0.1,OCR_TEXT
C:\Users\jay\Downloads\STFD_ICASSP2023\STFD_ICASSP2023\1_Copy-move\tamper\53cdaa032f3c082219ecf73d1e467ce6.png,UNKNOWN,0.25,CV_SETTINGS_GRID+OCR_TEXT
C:\Users\jay\Downloads\STFD_ICASSP2023\STFD_ICASSP2023\1_Copy-move\tamper\544ed96963da389b64307d99ba85fa8d.png,UNKNOWN,0.1,OCR_TEXT
C:\Users\jay\Downloads\STFD_ICASSP2023\STFD_ICASSP2023\1_Copy-move\tamper\545bdd84b792924e7c584b37c1ffcf23.png,MAP_TRANSPORT,0.35,OCR_TEXT
C:\Users\jay\Downloads\STFD_ICASSP2023\STFD_ICASSP2023\1_Copy-move\tamper\549b1c0417cda57ceb4571b66f7a5a79.png,UNKNOWN,0.1,OCR_TEXT
C:\Users\jay\Downloads\STFD_ICASSP2023\STFD_ICASSP2023\1_Copy-move\tamper\54bb4fc640283ebae5f5ff63bfb315d4.png,UNKNOWN,0.1,OCR_TEXT
C:\Users\jay\Downloads\STFD_ICASSP2023\STFD_ICASSP2023\1_Copy-move\tamper\550b1cbe17f7738403d33a1bcfef0603.png,DOCUMENT,0.5,CV_MONOCHROME_DOC+OCR_TEXT
C:\Users\jay\Downloads\STFD_ICASSP2023\STFD_ICASSP2023\1_Copy-move\tamper\5532996c1b90ac8fa27a26a815276108.png,UNKNOWN,0.1,OCR_TEXT
C:\Users\jay\Downloads\STFD_ICASSP2023\STFD_ICASSP2023\1_Copy-move\tamper\55bab4566c831c081d79d40c0c634abb.png,UNKNOWN,0.25,OCR_TEXT
C:\Users\jay\Downloads\STFD_ICASSP2023\STFD_ICASSP2023\1_Copy-move\tamper\55d19fe03e85d9751c13a00a7201395a.png,E_COMMERCE,0.5,OCR_TEXT
C:\Users\jay\Downloads\STFD_ICASSP2023\STFD_ICASSP2023\1_Copy-move\tamper\55d21d26af62cd2d94dfc619e235b40d.png,DOCUMENT,0.5,CV_MONOCHROME_DOC+OCR_TEXT
C:\Users\jay\Downloads\STFD_ICASSP2023\STFD_ICASSP2023\1_Copy-move\tamper\56348ce6346697c42b4ae9cb71a109d0.png,E_COMMERCE,0.35,CV_ECOMMERCE_COLOR+OCR_TEXT
C:\Users\jay\Downloads\STFD_ICASSP2023\STFD_ICASSP2023\1_Copy-move\tamper\569ed2723c340297cee871a0385395ea.png,DOCUMENT,0.55,OCR_TEXT
C:\Users\jay\Downloads\STFD_ICASSP2023\STFD_ICASSP2023\1_Copy-move\tamper\56e219091291912ea0db7e96e572f434.png,UNKNOWN,0.1,OCR_TEXT
C:\Users\jay\Downloads\STFD_ICASSP2023\STFD_ICASSP2023\1_Copy-move\tamper\583fa06c32cfa2932c0ad599a722cc76.png,UNKNOWN,0.1,OCR_TEXT
C:\Users\jay\Downloads\STFD_ICASSP2023\STFD_ICASSP2023\1_Copy-move\tamper\5857f1ddaaaa8cb8205273dbf5c1608e.png,UNKNOWN,0.1,OCR_TEXT
C:\Users\jay\Downloads\STFD_ICASSP2023\STFD_ICASSP2023\1_Copy-move\tamper\5863658b7657484eee3d85598d87201b.png,UNKNOWN,0.1,OCR_TEXT
C:\Users\jay\Downloads\STFD_ICASSP2023\STFD_ICASSP2023\1_Copy-move\tamper\597e2f849de50db33bcd6a2f6062b32d.png,DOCUMENT,0.5,CV_MONOCHROME_DOC+OCR_TEXT
C:\Users\jay\Downloads\STFD_ICASSP2023\STFD_ICASSP2023\1_Copy-move\tamper\5991905ca6bb819bc4c5cff71010acea.png,UNKNOWN,0.1,OCR_TEXT
C:\Users\jay\Downloads\STFD_ICASSP2023\STFD_ICASSP2023\1_Copy-move\tamper\59a70bbd7ad5e074131f3686dcd44052.png,UNKNOWN,0.1,OCR_TEXT
C:\Users\jay\Downloads\STFD_ICASSP2023\STFD_ICASSP2023\1_Copy-move\tamper\5a672851bddf6df91b3880e4275a929d.png,UNKNOWN,0.1,OCR_TEXT
C:\Users\jay\Downloads\STFD_ICASSP2023\STFD_ICASSP2023\1_Copy-move\tamper\5ab17f35fb88e07d846d45dc02b7724c.png,UNKNOWN,0.1,OCR_TEXT
C:\Users\jay\Downloads\STFD_ICASSP2023\STFD_ICASSP2023\1_Copy-move\tamper\5ad3082cdb6743032bb88a3140276517.png,UNKNOWN,0.1,OCR_TEXT
C:\Users\jay\Downloads\STFD_ICASSP2023\STFD_ICASSP2023\1_Copy-move\tamper\5b38c7b6d4473e095423a68b4cb9b720.png,UNKNOWN,0.1,OCR_TEXT
C:\Users\jay\Downloads\STFD_ICASSP2023\STFD_ICASSP2023\1_Copy-move\tamper\5baf753b6f512a5afdb2075c07ea55eb.png,DOCUMENT,0.5,CV_MONOCHROME_DOC+OCR_TEXT
C:\Users\jay\Downloads\STFD_ICASSP2023\STFD_ICASSP2023\1_Copy-move\tamper\5c5b4b735e963d93fc9d3246db41ace8.png,UNKNOWN,0.1,OCR_TEXT
C:\Users\jay\Downloads\STFD_ICASSP2023\STFD_ICASSP2023\1_Copy-move\tamper\5cc3c7555cab3def0b2aabe033c19065.png,UNKNOWN,0.1,OCR_TEXT
C:\Users\jay\Downloads\STFD_ICASSP2023\STFD_ICASSP2023\1_Copy-move\tamper\5cffcd17e10874b708b2a803c473a4da.png,UNKNOWN,0.1,OCR_TEXT
C:\Users\jay\Downloads\STFD_ICASSP2023\STFD_ICASSP2023\1_Copy-move\tamper\5d74e099a7d99e576d77c57e37700c43.png,UNKNOWN,0.1,OCR_TEXT
C:\Users\jay\Downloads\STFD_ICASSP2023\STFD_ICASSP2023\1_Copy-move\tamper\5da962250f823c968d0e263955d6ab1c.png,UNKNOWN,0.1,OCR_TEXT
C:\Users\jay\Downloads\STFD_ICASSP2023\STFD_ICASSP2023\1_Copy-move\tamper\5e161d67746f4e744e1ed55a0a5f04af.png,UNKNOWN,0.1,OCR_TEXT
C:\Users\jay\Downloads\STFD_ICASSP2023\STFD_ICASSP2023\1_Copy-move\tamper\5e3e8efb7873e689feeb292d92989de6.png,DOCUMENT,0.5,CV_MONOCHROME_DOC+OCR_TEXT
C:\Users\jay\Downloads\STFD_ICASSP2023\STFD_ICASSP2023\1_Copy-move\tamper\5ee3239e4bfff47ee7b514c9f43b46b7.png,WEB_BROWSING,0.35,OCR_TEXT
C:\Users\jay\Downloads\STFD_ICASSP2023\STFD_ICASSP2023\1_Copy-move\tamper\5efba8f5a8c7c54b687fa6135e7769cc.png,DOCUMENT,0.5,CV_MONOCHROME_DOC+OCR_TEXT
C:\Users\jay\Downloads\STFD_ICASSP2023\STFD_ICASSP2023\1_Copy-move\tamper\5f431c56fbf2b133a1712fb8d268e13a.png,UNKNOWN,0.3,CV_SETTINGS_GRID+OCR_TEXT
C:\Users\jay\Downloads\STFD_ICASSP2023\STFD_ICASSP2023\1_Copy-move\tamper\5f576a8039cf596804b4e487abaa0538.png,UNKNOWN,0.1,OCR_TEXT
C:\Users\jay\Downloads\STFD_ICASSP2023\STFD_ICASSP2023\1_Copy-move\tamper\60b12378ae02eef14656a7557b24a1f4.png,E_COMMERCE,0.35,CV_ECOMMERCE_COLOR+OCR_TEXT
C:\Users\jay\Downloads\STFD_ICASSP2023\STFD_ICASSP2023\1_Copy-move\tamper\60b4e2318dec88d51014dc7e1230e771.png,UNKNOWN,0.25,CV_SETTINGS_GRID+OCR_TEXT
C:\Users\jay\Downloads\STFD_ICASSP2023\STFD_ICASSP2023\1_Copy-move\tamper\60bcc06835008041cb7c2656b1bc7c38.png,UNKNOWN,0.1,OCR_TEXT
C:\Users\jay\Downloads\STFD_ICASSP2023\STFD_ICASSP2023\1_Copy-move\tamper\6167d0e81df81e0c0358593e21649f3d.png,UNKNOWN,0.1,OCR_TEXT
C:\Users\jay\Downloads\STFD_ICASSP2023\STFD_ICASSP2023\1_Copy-move\tamper\61c092deb5f3958de10f844780de1284.png,UNKNOWN,0.25,CV_SETTINGS_GRID+OCR_TEXT
C:\Users\jay\Downloads\STFD_ICASSP2023\STFD_ICASSP2023\1_Copy-move\tamper\6252c691fb2e531488a4f2e48afd5d3e.png,UNKNOWN,0.25,OCR_TEXT
C:\Users\jay\Downloads\STFD_ICASSP2023\STFD_ICASSP2023\1_Copy-move\tamper\62de3c6d976a1f4a923a54675629c921.png,E_COMMERCE,0.35,CV_ECOMMERCE_COLOR+CV_SETTINGS_GRID+OCR_TEXT
C:\Users\jay\Downloads\STFD_ICASSP2023\STFD_ICASSP2023\1_Copy-move\tamper\63155db95dd480fdcb7357f560b5ad16.png,UNKNOWN,0.1,OCR_TEXT
C:\Users\jay\Downloads\STFD_ICASSP2023\STFD_ICASSP2023\1_Copy-move\tamper\63560d15bf1c2780d0bbab3b77a0c1a3.png,UNKNOWN,0.1,OCR_TEXT
C:\Users\jay\Downloads\STFD_ICASSP2023\STFD_ICASSP2023\1_Copy-move\tamper\6383e37a79038b1fdc58e74227e0346c.png,UNKNOWN,0.1,OCR_TEXT
C:\Users\jay\Downloads\STFD_ICASSP2023\STFD_ICASSP2023\1_Copy-move\tamper\63e65921741aa389553663a1fd6a7e36.png,DOCUMENT,0.5,CV_MONOCHROME_DOC+OCR_TEXT
C:\Users\jay\Downloads\STFD_ICASSP2023\STFD_ICASSP2023\1_Copy-move\tamper\64bf359e787e868b0f6c82bec458a9b6.png,UNKNOWN,0.3,OCR_TEXT
C:\Users\jay\Downloads\STFD_ICASSP2023\STFD_ICASSP2023\1_Copy-move\tamper\64d96478e2ce80846396851b5bdfe44e.png,E_COMMERCE,0.6,CV_ECOMMERCE_COLOR+OCR_TEXT
C:\Users\jay\Downloads\STFD_ICASSP2023\STFD_ICASSP2023\1_Copy-move\tamper\659668ba1d8125c3c051aafab0b353b3.png,UNKNOWN,0.1,OCR_TEXT
C:\Users\jay\Downloads\STFD_ICASSP2023\STFD_ICASSP2023\1_Copy-move\tamper\660a4eba855bd5390c3c924498bc3bb3.png,DOCUMENT,0.5,CV_MONOCHROME_DOC+OCR_TEXT
C:\Users\jay\Downloads\STFD_ICASSP2023\STFD_ICASSP2023\1_Copy-move\tamper\663c9e829265cc8f03e555d4dcf0393a.png,UNKNOWN,0.3,OCR_TEXT
C:\Users\jay\Downloads\STFD_ICASSP2023\STFD_ICASSP2023\1_Copy-move\tamper\668c09d7c303575412af000eb82ed928.png,UNKNOWN,0.1,OCR_TEXT
C:\Users\jay\Downloads\STFD_ICASSP2023\STFD_ICASSP2023\1_Copy-move\tamper\66bacad184011481a7893053d27c0f35.png,UNKNOWN,0.1,OCR_TEXT
C:\Users\jay\Downloads\STFD_ICASSP2023\STFD_ICASSP2023\1_Copy-move\tamper\66ddcfd1e082ea793df9d1dc51fcd584.png,UNKNOWN,0.1,OCR_TEXT
C:\Users\jay\Downloads\STFD_ICASSP2023\STFD_ICASSP2023\1_Copy-move\tamper\67317d7e9d6fc0356801510ca646898d.png,UNKNOWN,0.1,OCR_TEXT
C:\Users\jay\Downloads\STFD_ICASSP2023\STFD_ICASSP2023\1_Copy-move\tamper\67918d5dcdf63ca8c84d9168ea128245.png,E_COMMERCE,0.35,CV_ECOMMERCE_COLOR+OCR_TEXT
C:\Users\jay\Downloads\STFD_ICASSP2023\STFD_ICASSP2023\1_Copy-move\tamper\68180e273387762c02caf83a57c812b8.png,UNKNOWN,0.25,OCR_TEXT
C:\Users\jay\Downloads\STFD_ICASSP2023\STFD_ICASSP2023\1_Copy-move\tamper\6824f7b1394ca9cd1d017cf8dae24a1a.png,UNKNOWN,0.1,OCR_TEXT
C:\Users\jay\Downloads\STFD_ICASSP2023\STFD_ICASSP2023\1_Copy-move\tamper\684e37f2a3365089cfe7118700c3494b.png,UNKNOWN,0.1,OCR_TEXT
C:\Users\jay\Downloads\STFD_ICASSP2023\STFD_ICASSP2023\1_Copy-move\tamper\6898863f3cb410af64df213fab0bd5de.png,UNKNOWN,0.1,OCR_TEXT
C:\Users\jay\Downloads\STFD_ICASSP2023\STFD_ICASSP2023\1_Copy-move\tamper\68a8e77b6b3ac237fcbb275f6af39f3c.png,UNKNOWN,0.1,OCR_TEXT
C:\Users\jay\Downloads\STFD_ICASSP2023\STFD_ICASSP2023\1_Copy-move\tamper\68e2348514426e70503956e077eb72b4.png,UNKNOWN,0.1,OCR_TEXT
C:\Users\jay\Downloads\STFD_ICASSP2023\STFD_ICASSP2023\1_Copy-move\tamper\690126a2c8ce9a5861b5ad4c83bc18d7.png,UNKNOWN,0.1,OCR_TEXT
C:\Users\jay\Downloads\STFD_ICASSP2023\STFD_ICASSP2023\1_Copy-move\tamper\691f4575d5cd0af8ffd170ae3646a1a3.png,UNKNOWN,0.1,OCR_TEXT
C:\Users\jay\Downloads\STFD_ICASSP2023\STFD_ICASSP2023\1_Copy-move\tamper\691faed74f977b7ad0f98ca05b89e132.png,UNKNOWN,0.1,OCR_TEXT
C:\Users\jay\Downloads\STFD_ICASSP2023\STFD_ICASSP2023\1_Copy-move\tamper\699988e475b5215af5c722efec763aeb.png,E_COMMERCE,0.35,CV_ECOMMERCE_COLOR+OCR_TEXT
C:\Users\jay\Downloads\STFD_ICASSP2023\STFD_ICASSP2023\1_Copy-move\tamper\6a6a4d78ce89a80f0b1e4511318aaf0d.png,UNKNOWN,0.1,OCR_TEXT
C:\Users\jay\Downloads\STFD_ICASSP2023\STFD_ICASSP2023\1_Copy-move\tamper\6a8fe44fc16ae20a1855dfb8f5c7e6ba.png,UNKNOWN,0.1,OCR_TEXT
C:\Users\jay\Downloads\STFD_ICASSP2023\STFD_ICASSP2023\1_Copy-move\tamper\6b151b44b30831b1154b3d6d73c1b17a.png,UNKNOWN,0.25,CV_SETTINGS_GRID+OCR_TEXT
C:\Users\jay\Downloads\STFD_ICASSP2023\STFD_ICASSP2023\1_Copy-move\tamper\6b4d273812a66288635ba43a7fd5ea98.png,E_COMMERCE,0.35,CV_ECOMMERCE_COLOR+OCR_TEXT
C:\Users\jay\Downloads\STFD_ICASSP2023\STFD_ICASSP2023\1_Copy-move\tamper\6b51333e0cddaec38afd52074ff3be35.png,UNKNOWN,0.1,OCR_TEXT
C:\Users\jay\Downloads\STFD_ICASSP2023\STFD_ICASSP2023\1_Copy-move\tamper\6bce2a7948ceeb634630d384b494f6e0.png,E_COMMERCE,0.35,CV_ECOMMERCE_COLOR+OCR_TEXT
C:\Users\jay\Downloads\STFD_ICASSP2023\STFD_ICASSP2023\1_Copy-move\tamper\6c6859b927c4f9f429d6d299416eb03d.png,UNKNOWN,0.1,OCR_TEXT
C:\Users\jay\Downloads\STFD_ICASSP2023\STFD_ICASSP2023\1_Copy-move\tamper\6c6dca251b0eb9ef10adc03c7522a7b7.png,DOCUMENT,0.5,CV_MONOCHROME_DOC+OCR_TEXT
C:\Users\jay\Downloads\STFD_ICASSP2023\STFD_ICASSP2023\1_Copy-move\tamper\6c9c5f5985ab0e429fdf9b79f0ed922a.png,UNKNOWN,0.1,OCR_TEXT
C:\Users\jay\Downloads\STFD_ICASSP2023\STFD_ICASSP2023\1_Copy-move\tamper\6d0143c4d278155384790853e2e8f02d.png,UNKNOWN,0.1,OCR_TEXT
C:\Users\jay\Downloads\STFD_ICASSP2023\STFD_ICASSP2023\1_Copy-move\tamper\6d4c7782a1251f9c5dd4a4b5aae5deb5.png,UNKNOWN,0.1,OCR_TEXT
C:\Users\jay\Downloads\STFD_ICASSP2023\STFD_ICASSP2023\1_Copy-move\tamper\6d5664a3ea5460eb162c3963056d4d1c.png,UNKNOWN,0.25,CV_SETTINGS_GRID+OCR_TEXT
C:\Users\jay\Downloads\STFD_ICASSP2023\STFD_ICASSP2023\1_Copy-move\tamper\6e45deaa515a53ac9619b0368f5152ee.png,WEB_BROWSING,0.95,CV_MONOCHROME_DOC+OCR_TEXT
C:\Users\jay\Downloads\STFD_ICASSP2023\STFD_ICASSP2023\1_Copy-move\tamper\6e64717fa0d7584dc79218361bcf4a5a.png,UNKNOWN,0.1,OCR_TEXT
C:\Users\jay\Downloads\STFD_ICASSP2023\STFD_ICASSP2023\1_Copy-move\tamper\6e648e82c7ab275dfe475f3671781991.png,UNKNOWN,0.1,OCR_TEXT
C:\Users\jay\Downloads\STFD_ICASSP2023\STFD_ICASSP2023\1_Copy-move\tamper\6fcbd9f8bd9edd5d29dc7d2ff1cdfc4f.png,UNKNOWN,0.1,OCR_TEXT
C:\Users\jay\Downloads\STFD_ICASSP2023\STFD_ICASSP2023\1_Copy-move\tamper\70b3f8ae0df693592e9d4c26198531cd.png,UNKNOWN,0.1,OCR_TEXT
C:\Users\jay\Downloads\STFD_ICASSP2023\STFD_ICASSP2023\1_Copy-move\tamper\71727e4be1123dff31982992288bd2f1.png,UNKNOWN,0.25,CV_SETTINGS_GRID+OCR_TEXT
C:\Users\jay\Downloads\STFD_ICASSP2023\STFD_ICASSP2023\1_Copy-move\tamper\718dd97c558424a462a49243b0f647ba.png,MAP_TRANSPORT,0.35,OCR_TEXT
C:\Users\jay\Downloads\STFD_ICASSP2023\STFD_ICASSP2023\1_Copy-move\tamper\7193e1ca30e3e3b151efcefab34a0ddd.png,UNKNOWN,0.25,OCR_TEXT
C:\Users\jay\Downloads\STFD_ICASSP2023\STFD_ICASSP2023\1_Copy-move\tamper\71a64fbdb213b5cff13292f113d77012.png,WEB_BROWSING,0.35,OCR_TEXT
C:\Users\jay\Downloads\STFD_ICASSP2023\STFD_ICASSP2023\1_Copy-move\tamper\71b46d971a0d054b562955442a648f7d.png,UNKNOWN,0.1,OCR_TEXT
C:\Users\jay\Downloads\STFD_ICASSP2023\STFD_ICASSP2023\1_Copy-move\tamper\725407eab7a188de57182bea74e5905d.png,UNKNOWN,0.1,OCR_TEXT
C:\Users\jay\Downloads\STFD_ICASSP2023\STFD_ICASSP2023\1_Copy-move\tamper\728e54d9aa7db9f6267b9f74f0b2b5c9.png,UNKNOWN,0.1,OCR_TEXT
C:\Users\jay\Downloads\STFD_ICASSP2023\STFD_ICASSP2023\1_Copy-move\tamper\72ff2c17cccf1986fa07ce965c2649c3.png,E_COMMERCE,0.35,CV_ECOMMERCE_COLOR+OCR_TEXT
C:\Users\jay\Downloads\STFD_ICASSP2023\STFD_ICASSP2023\1_Copy-move\tamper\7301ad18c766ec90ed8c68c718785e7f.png,UNKNOWN,0.1,OCR_TEXT
C:\Users\jay\Downloads\STFD_ICASSP2023\STFD_ICASSP2023\1_Copy-move\tamper\73352a9082788f4fb297b3ce27075751.png,UNKNOWN,0.3,OCR_TEXT
C:\Users\jay\Downloads\STFD_ICASSP2023\STFD_ICASSP2023\1_Copy-move\tamper\73ba660d2566549888570773d5398289.png,UNKNOWN,0.1,OCR_TEXT
C:\Users\jay\Downloads\STFD_ICASSP2023\STFD_ICASSP2023\1_Copy-move\tamper\7401f086351482144fe9b566b700cb11.png,DOCUMENT,0.5,CV_MONOCHROME_DOC+OCR_TEXT
C:\Users\jay\Downloads\STFD_ICASSP2023\STFD_ICASSP2023\1_Copy-move\tamper\74c09653faae95046d0d095867f24320.png,UNKNOWN,0.1,OCR_TEXT
C:\Users\jay\Downloads\STFD_ICASSP2023\STFD_ICASSP2023\1_Copy-move\tamper\75dd77ff5a16d9325189936fb5a3a8f0.png,UNKNOWN,0.1,OCR_TEXT
C:\Users\jay\Downloads\STFD_ICASSP2023\STFD_ICASSP2023\1_Copy-move\tamper\76265fc7d49980ccc57532dbd42990d9.png,UNKNOWN,0.1,OCR_TEXT
C:\Users\jay\Downloads\STFD_ICASSP2023\STFD_ICASSP2023\1_Copy-move\tamper\763f49af74c8d0a9b7c4ca3ed5060ce2.png,UNKNOWN,0.1,OCR_TEXT
C:\Users\jay\Downloads\STFD_ICASSP2023\STFD_ICASSP2023\1_Copy-move\tamper\76aa088de7d5a77c8b6564e5a14f7ad9.png,DOCUMENT,0.5,CV_MONOCHROME_DOC+OCR_TEXT
C:\Users\jay\Downloads\STFD_ICASSP2023\STFD_ICASSP2023\1_Copy-move\tamper\76b2a1badd411e609650e96814115f3e.png,UNKNOWN,0.1,OCR_TEXT
C:\Users\jay\Downloads\STFD_ICASSP2023\STFD_ICASSP2023\1_Copy-move\tamper\76c13543d35e9b0b9a178e24fe9ff598.png,UNKNOWN,0.3,OCR_TEXT
C:\Users\jay\Downloads\STFD_ICASSP2023\STFD_ICASSP2023\1_Copy-move\tamper\76c41811606e2d8e744a5ae06c365dc2.png,UNKNOWN,0.1,OCR_TEXT
C:\Users\jay\Downloads\STFD_ICASSP2023\STFD_ICASSP2023\1_Copy-move\tamper\77030e72e1aee380939ff4b0140d7aed.png,UNKNOWN,0.25,OCR_TEXT
C:\Users\jay\Downloads\STFD_ICASSP2023\STFD_ICASSP2023\1_Copy-move\tamper\771b14667f58aebdeb0f49d82322e6f7.png,UNKNOWN,0.1,OCR_TEXT
C:\Users\jay\Downloads\STFD_ICASSP2023\STFD_ICASSP2023\1_Copy-move\tamper\775ddb1566de77b235270f00178e961d.png,UNKNOWN,0.1,OCR_TEXT
C:\Users\jay\Downloads\STFD_ICASSP2023\STFD_ICASSP2023\1_Copy-move\tamper\776f02b2c154e89bf36279c791291d62.png,UNKNOWN,0.1,OCR_TEXT
C:\Users\jay\Downloads\STFD_ICASSP2023\STFD_ICASSP2023\1_Copy-move\tamper\77bd0808da50c754b57d3623573937dc.png,UNKNOWN,0.1,OCR_TEXT
C:\Users\jay\Downloads\STFD_ICASSP2023\STFD_ICASSP2023\1_Copy-move\tamper\77c56c64340491ff00365ed523fdbe7a.png,UNKNOWN,0.1,OCR_TEXT
C:\Users\jay\Downloads\STFD_ICASSP2023\STFD_ICASSP2023\1_Copy-move\tamper\78603eb38aefb2bfc15615770b87ec37.png,DOCUMENT,0.5,CV_MONOCHROME_DOC+OCR_TEXT
C:\Users\jay\Downloads\STFD_ICASSP2023\STFD_ICASSP2023\1_Copy-move\tamper\78f5ad3f5ba2554fb320dae6a4c47da6.png,WEB_BROWSING,0.7,OCR_TEXT
C:\Users\jay\Downloads\STFD_ICASSP2023\STFD_ICASSP2023\1_Copy-move\tamper\79463acc140a9e3c661ea2c43d6ce6b4.png,UNKNOWN,0.1,OCR_TEXT
C:\Users\jay\Downloads\STFD_ICASSP2023\STFD_ICASSP2023\1_Copy-move\tamper\7969d1880db76745cee7e796e98fbecd.png,WEB_BROWSING,0.7,OCR_TEXT
C:\Users\jay\Downloads\STFD_ICASSP2023\STFD_ICASSP2023\1_Copy-move\tamper\7a9f70eb7271cd3de6878aaa01a8c65c.png,UNKNOWN,0.3,OCR_TEXT
C:\Users\jay\Downloads\STFD_ICASSP2023\STFD_ICASSP2023\1_Copy-move\tamper\7ae612cfc1fa675f08fc5fa4136ee680.png,UNKNOWN,0.1,OCR_TEXT
C:\Users\jay\Downloads\STFD_ICASSP2023\STFD_ICASSP2023\1_Copy-move\tamper\7aecf284a6645bea8ce24464d5e634a1.png,UNKNOWN,0.25,CV_SETTINGS_GRID+OCR_TEXT
C:\Users\jay\Downloads\STFD_ICASSP2023\STFD_ICASSP2023\1_Copy-move\tamper\7b12423c24a1087cc4551af2568b3f7f.png,DOCUMENT,0.5,CV_MONOCHROME_DOC+OCR_TEXT
C:\Users\jay\Downloads\STFD_ICASSP2023\STFD_ICASSP2023\1_Copy-move\tamper\7bb95eb16e11d2f81a2266e75b54a943.png,E_COMMERCE,0.35,CV_ECOMMERCE_COLOR+CV_SETTINGS_GRID+OCR_TEXT
C:\Users\jay\Downloads\STFD_ICASSP2023\STFD_ICASSP2023\1_Copy-move\tamper\7bfab100e7d812213ac2554233979713.png,UNKNOWN,0.1,OCR_TEXT
C:\Users\jay\Downloads\STFD_ICASSP2023\STFD_ICASSP2023\1_Copy-move\tamper\7c14d59662c8a8494a43046b1407a0c9.png,UNKNOWN,0.25,OCR_TEXT
C:\Users\jay\Downloads\STFD_ICASSP2023\STFD_ICASSP2023\1_Copy-move\tamper\7c2cc59e03c6d251e0e790ba1a5cf9d9.png,UNKNOWN,0.1,OCR_TEXT
C:\Users\jay\Downloads\STFD_ICASSP2023\STFD_ICASSP2023\1_Copy-move\tamper\7c5d49f19707d7a320c6f4adfd019b4d.png,MAP_TRANSPORT,0.35,OCR_TEXT
C:\Users\jay\Downloads\STFD_ICASSP2023\STFD_ICASSP2023\1_Copy-move\tamper\7c7ce58334bd365a0b92c9187fea3712.png,DOCUMENT,0.5,CV_MONOCHROME_DOC+OCR_TEXT
C:\Users\jay\Downloads\STFD_ICASSP2023\STFD_ICASSP2023\1_Copy-move\tamper\7ce3ed541a20f5e0e13baa74ee35cb08.png,DOCUMENT,0.5,CV_MONOCHROME_DOC+OCR_TEXT
C:\Users\jay\Downloads\STFD_ICASSP2023\STFD_ICASSP2023\1_Copy-move\tamper\7d7505dfd67f99e7b4d6740edc695872.png,UNKNOWN,0.25,OCR_TEXT
C:\Users\jay\Downloads\STFD_ICASSP2023\STFD_ICASSP2023\1_Copy-move\tamper\7d8c8e02fac15d7b8884a39fd1578d66.png,UNKNOWN,0.1,OCR_TEXT
C:\Users\jay\Downloads\STFD_ICASSP2023\STFD_ICASSP2023\1_Copy-move\tamper\7daaaeebd301210b949472337be7d6ac.png,E_COMMERCE,0.35,CV_ECOMMERCE_COLOR+OCR_TEXT
C:\Users\jay\Downloads\STFD_ICASSP2023\STFD_ICASSP2023\1_Copy-move\tamper\7e8341d2bcfaa748124269d945dc4a26.png,E_COMMERCE,0.35,CV_ECOMMERCE_COLOR
C:\Users\jay\Downloads\STFD_ICASSP2023\STFD_ICASSP2023\1_Copy-move\tamper\7f9b26494d53aeb09702bb526c7da461.png,E_COMMERCE,0.35,CV_ECOMMERCE_COLOR+OCR_TEXT
C:\Users\jay\Downloads\STFD_ICASSP2023\STFD_ICASSP2023\1_Copy-move\tamper\80748e335aff0b02ee2b4ad231de487f.png,UNKNOWN,0.1,OCR_TEXT
C:\Users\jay\Downloads\STFD_ICASSP2023\STFD_ICASSP2023\1_Copy-move\tamper\80867203348b05b4d6736d55fb0bddfc.png,WEB_BROWSING,0.7,CV_MONOCHROME_DOC+OCR_TEXT
C:\Users\jay\Downloads\STFD_ICASSP2023\STFD_ICASSP2023\1_Copy-move\tamper\80fbcf606436d16609a2e8066f36a0fc.png,DOCUMENT,0.5,CV_MONOCHROME_DOC+OCR_TEXT
C:\Users\jay\Downloads\STFD_ICASSP2023\STFD_ICASSP2023\1_Copy-move\tamper\80fe372db31d6fea9971545267ca01bb.png,UNKNOWN,0.1,OCR_TEXT
C:\Users\jay\Downloads\STFD_ICASSP2023\STFD_ICASSP2023\1_Copy-move\tamper\81332f8cfe57ed4ec816042acba108e7.png,DOCUMENT,0.55,OCR_TEXT
C:\Users\jay\Downloads\STFD_ICASSP2023\STFD_ICASSP2023\1_Copy-move\tamper\814e280ca6dcb93bd8dfa8fffa2cd0b9.png,E_COMMERCE,0.35,CV_ECOMMERCE_COLOR+OCR_TEXT
C:\Users\jay\Downloads\STFD_ICASSP2023\STFD_ICASSP2023\1_Copy-move\tamper\817b8acec11a6c9715b912f30177825b.png,UNKNOWN,0.25,OCR_TEXT
C:\Users\jay\Downloads\STFD_ICASSP2023\STFD_ICASSP2023\1_Copy-move\tamper\8218abcd89bc56294434886738fa0038.png,UNKNOWN,0.1,OCR_TEXT
C:\Users\jay\Downloads\STFD_ICASSP2023\STFD_ICASSP2023\1_Copy-move\tamper\823c36a5d7d7b7b7c98957689e6f8219.png,UNKNOWN,0.1,OCR_TEXT
C:\Users\jay\Downloads\STFD_ICASSP2023\STFD_ICASSP2023\1_Copy-move\tamper\82e7803b207c15a02ab1bb01fc39f75e.png,DOCUMENT,0.5,CV_MONOCHROME_DOC+OCR_TEXT
C:\Users\jay\Downloads\STFD_ICASSP2023\STFD_ICASSP2023\1_Copy-move\tamper\832740d4e2c16f061269d478e6e54b8a.png,UNKNOWN,0.1,OCR_TEXT
C:\Users\jay\Downloads\STFD_ICASSP2023\STFD_ICASSP2023\1_Copy-move\tamper\8339b51180c226c94e390562dcef9e4a.png,UNKNOWN,0.25,CV_SETTINGS_GRID+OCR_TEXT
C:\Users\jay\Downloads\STFD_ICASSP2023\STFD_ICASSP2023\1_Copy-move\tamper\83404f2811bfd9faa595d7e9c3b555d8.png,UNKNOWN,0.25,CV_SETTINGS_GRID+OCR_TEXT
C:\Users\jay\Downloads\STFD_ICASSP2023\STFD_ICASSP2023\1_Copy-move\tamper\8392ebc562516840bb200021a12c4e7e.png,UNKNOWN,0.1,OCR_TEXT
C:\Users\jay\Downloads\STFD_ICASSP2023\STFD_ICASSP2023\1_Copy-move\tamper\83bb774dbfef9dd61921ea91dde8c5ce.png,UNKNOWN,0.1,OCR_TEXT
C:\Users\jay\Downloads\STFD_ICASSP2023\STFD_ICASSP2023\1_Copy-move\tamper\844ddd7bb975ceaa0742da595f7e5750.png,UNKNOWN,0.1,OCR_TEXT
C:\Users\jay\Downloads\STFD_ICASSP2023\STFD_ICASSP2023\1_Copy-move\tamper\847e5471a32f4c3fa71538a9529797ab.png,UNKNOWN,0.1,OCR_TEXT
C:\Users\jay\Downloads\STFD_ICASSP2023\STFD_ICASSP2023\1_Copy-move\tamper\84b902e22a11f0418800962069eaaba7.png,E_COMMERCE,0.6,CV_ECOMMERCE_COLOR+OCR_TEXT
C:\Users\jay\Downloads\STFD_ICASSP2023\STFD_ICASSP2023\1_Copy-move\tamper\84e365509f29fe09a02ba2ac6399ed26.png,UNKNOWN,0.1,OCR_TEXT
C:\Users\jay\Downloads\STFD_ICASSP2023\STFD_ICASSP2023\1_Copy-move\tamper\85df16dd7853e10f7b2f734ee31a519f.png,UNKNOWN,0.1,OCR_TEXT
C:\Users\jay\Downloads\STFD_ICASSP2023\STFD_ICASSP2023\1_Copy-move\tamper\85fe6f88a6215656cfb32cae3b28ff9f.png,UNKNOWN,0.1,OCR_TEXT
C:\Users\jay\Downloads\STFD_ICASSP2023\STFD_ICASSP2023\1_Copy-move\tamper\861598a87ab2cc8a8a2f76af08e527c6.png,DOCUMENT,0.5,CV_MONOCHROME_DOC+OCR_TEXT
C:\Users\jay\Downloads\STFD_ICASSP2023\STFD_ICASSP2023\1_Copy-move\tamper\8616f3f4e2274f62a1c496849c39e218.png,UNKNOWN,0.1,OCR_TEXT
C:\Users\jay\Downloads\STFD_ICASSP2023\STFD_ICASSP2023\1_Copy-move\tamper\8638f7a4c70f0f8a415283d462d2e416.png,UNKNOWN,0.1,OCR_TEXT
C:\Users\jay\Downloads\STFD_ICASSP2023\STFD_ICASSP2023\1_Copy-move\tamper\8643947a8a034296a1072007734ecdba.png,DOCUMENT,0.5,CV_MONOCHROME_DOC+OCR_TEXT
C:\Users\jay\Downloads\STFD_ICASSP2023\STFD_ICASSP2023\1_Copy-move\tamper\86809e38e8ce4ad9b2c8e3b97d1b653e.png,UNKNOWN,0.25,OCR_TEXT
C:\Users\jay\Downloads\STFD_ICASSP2023\STFD_ICASSP2023\1_Copy-move\tamper\869b3db5da9ab220a383ba657770d102.png,UNKNOWN,0.1,OCR_TEXT
C:\Users\jay\Downloads\STFD_ICASSP2023\STFD_ICASSP2023\1_Copy-move\tamper\87398e4f9cb5601f8033c9786a1c951f.png,UNKNOWN,0.1,OCR_TEXT
C:\Users\jay\Downloads\STFD_ICASSP2023\STFD_ICASSP2023\1_Copy-move\tamper\87c5acf91377d9dc1c99f8a4874c67b1.png,UNKNOWN,0.25,OCR_TEXT
C:\Users\jay\Downloads\STFD_ICASSP2023\STFD_ICASSP2023\1_Copy-move\tamper\87d0aa6bf9267ef12ac540a44eb52bc7.png,UNKNOWN,0.1,OCR_TEXT
C:\Users\jay\Downloads\STFD_ICASSP2023\STFD_ICASSP2023\1_Copy-move\tamper\891c393ac91f3dd847f3bbd1df479922.png,UNKNOWN,0.25,CV_SETTINGS_GRID+OCR_TEXT
C:\Users\jay\Downloads\STFD_ICASSP2023\STFD_ICASSP2023\1_Copy-move\tamper\89af325b7f4534e339e0119518ad06aa.png,DOCUMENT,0.5,CV_MONOCHROME_DOC+OCR_TEXT
C:\Users\jay\Downloads\STFD_ICASSP2023\STFD_ICASSP2023\1_Copy-move\tamper\89d0a13014e43187b0ae8cb4ccd83da1.png,UNKNOWN,0.1,OCR_TEXT
C:\Users\jay\Downloads\STFD_ICASSP2023\STFD_ICASSP2023\1_Copy-move\tamper\8b06b31fff76db63511975c05b15030e.png,UNKNOWN,0.1,OCR_TEXT
C:\Users\jay\Downloads\STFD_ICASSP2023\STFD_ICASSP2023\1_Copy-move\tamper\8b878f5d1f9a606c94db3a35a2fb6968.png,UNKNOWN,0.1,OCR_TEXT
C:\Users\jay\Downloads\STFD_ICASSP2023\STFD_ICASSP2023\1_Copy-move\tamper\8b8f5bafbf11246ac64475bb0bc077fe.png,E_COMMERCE,0.35,CV_ECOMMERCE_COLOR+OCR_TEXT
C:\Users\jay\Downloads\STFD_ICASSP2023\STFD_ICASSP2023\1_Copy-move\tamper\8bf35c1025d3f10a648809766b691bcd.png,DOCUMENT,0.5,CV_MONOCHROME_DOC+OCR_TEXT
C:\Users\jay\Downloads\STFD_ICASSP2023\STFD_ICASSP2023\1_Copy-move\tamper\8bfc4f7a54d164c7fe4e99c379af2245.png,UNKNOWN,0.25,OCR_TEXT
C:\Users\jay\Downloads\STFD_ICASSP2023\STFD_ICASSP2023\1_Copy-move\tamper\8c2287d1026596d2286a345abdc3b943.png,UNKNOWN,0.25,OCR_TEXT
C:\Users\jay\Downloads\STFD_ICASSP2023\STFD_ICASSP2023\1_Copy-move\tamper\8c70458601abe547a6eee717997bf540.png,UNKNOWN,0.1,OCR_TEXT
C:\Users\jay\Downloads\STFD_ICASSP2023\STFD_ICASSP2023\1_Copy-move\tamper\8c724f7980d476a20105913e63f815a4.png,UNKNOWN,0.1,OCR_TEXT
C:\Users\jay\Downloads\STFD_ICASSP2023\STFD_ICASSP2023\1_Copy-move\tamper\8cb851c872c2547475cd8ccde8b839b9.png,UNKNOWN,0.1,OCR_TEXT
C:\Users\jay\Downloads\STFD_ICASSP2023\STFD_ICASSP2023\1_Copy-move\tamper\8d5f1e1fb1aaa3f67cd89dff8136b9f4.png,UNKNOWN,0.1,OCR_TEXT
C:\Users\jay\Downloads\STFD_ICASSP2023\STFD_ICASSP2023\1_Copy-move\tamper\8d7f544142293ebe9e4668677d66d5d9.png,E_COMMERCE,0.5,CV_MONOCHROME_DOC+OCR_TEXT
C:\Users\jay\Downloads\STFD_ICASSP2023\STFD_ICASSP2023\1_Copy-move\tamper\8d976f5ba6691919f376d1c9e05e5e24.png,WEB_BROWSING,0.95,OCR_TEXT
C:\Users\jay\Downloads\STFD_ICASSP2023\STFD_ICASSP2023\1_Copy-move\tamper\8da9338e9892a5bc91c9238f0c27e8ee.png,DOCUMENT,0.5,CV_MONOCHROME_DOC+OCR_TEXT
C:\Users\jay\Downloads\STFD_ICASSP2023\STFD_ICASSP2023\1_Copy-move\tamper\8feb148028eddaca4801705097a60223.png,UNKNOWN,0.1,OCR_TEXT
C:\Users\jay\Downloads\STFD_ICASSP2023\STFD_ICASSP2023\1_Copy-move\tamper\8febbf0be0e16ff1e85e1eff13bc9e00.png,UNKNOWN,0.25,OCR_TEXT
C:\Users\jay\Downloads\STFD_ICASSP2023\STFD_ICASSP2023\1_Copy-move\tamper\8ffacd1211254fe35162ac43f3773293.png,UNKNOWN,0.1,OCR_TEXT
C:\Users\jay\Downloads\STFD_ICASSP2023\STFD_ICASSP2023\1_Copy-move\tamper\909e2e4667907e37aeb55e432852fd01.png,UNKNOWN,0.25,OCR_TEXT
C:\Users\jay\Downloads\STFD_ICASSP2023\STFD_ICASSP2023\1_Copy-move\tamper\90cd34008522247a8c892a4f6f2c3869.png,UNKNOWN,0.1,OCR_TEXT
C:\Users\jay\Downloads\STFD_ICASSP2023\STFD_ICASSP2023\1_Copy-move\tamper\90fe45cce9cb69c343d3c35c2323f1eb.png,UNKNOWN,0.1,OCR_TEXT
C:\Users\jay\Downloads\STFD_ICASSP2023\STFD_ICASSP2023\1_Copy-move\tamper\913eb86d5a66ddd2d0d789d15867ba5a.png,UNKNOWN,0.1,OCR_TEXT
C:\Users\jay\Downloads\STFD_ICASSP2023\STFD_ICASSP2023\1_Copy-move\tamper\91c9a68a2e5dbf11e8b5212f5f43e48a.png,UNKNOWN,0.1,OCR_TEXT
C:\Users\jay\Downloads\STFD_ICASSP2023\STFD_ICASSP2023\1_Copy-move\tamper\92050f52a223ae63202ece1d606d9a5f.png,E_COMMERCE,0.35,CV_ECOMMERCE_COLOR+OCR_TEXT
C:\Users\jay\Downloads\STFD_ICASSP2023\STFD_ICASSP2023\1_Copy-move\tamper\9207380db75e2da5232c37e4342b6fb2.png,UNKNOWN,0.25,OCR_TEXT
C:\Users\jay\Downloads\STFD_ICASSP2023\STFD_ICASSP2023\1_Copy-move\tamper\9281455e843565bda79c6410c04b738e.png,UNKNOWN,0.1,OCR_TEXT
C:\Users\jay\Downloads\STFD_ICASSP2023\STFD_ICASSP2023\1_Copy-move\tamper\92d36118b7cacb1d3044dcc2065a9846.png,UNKNOWN,0.25,CV_SETTINGS_GRID+OCR_TEXT
C:\Users\jay\Downloads\STFD_ICASSP2023\STFD_ICASSP2023\1_Copy-move\tamper\92faa309e9fa801d36ad7d75e5537be6.png,UNKNOWN,0.1,OCR_TEXT
C:\Users\jay\Downloads\STFD_ICASSP2023\STFD_ICASSP2023\1_Copy-move\tamper\9375e79dd80a17e5b2675b4ef9cbc757.png,UNKNOWN,0.25,CV_SETTINGS_GRID+OCR_TEXT
C:\Users\jay\Downloads\STFD_ICASSP2023\STFD_ICASSP2023\1_Copy-move\tamper\93dbd8a3ffdd9cde1c79557be1e386ca.png,UNKNOWN,0.1,OCR_TEXT
C:\Users\jay\Downloads\STFD_ICASSP2023\STFD_ICASSP2023\1_Copy-move\tamper\9418aeb2c9d7ff7a464cc51001229885.png,DOCUMENT,0.5,CV_MONOCHROME_DOC+OCR_TEXT
C:\Users\jay\Downloads\STFD_ICASSP2023\STFD_ICASSP2023\1_Copy-move\tamper\945843e881f157d2d74ee5fd8e0a3b17.png,UNKNOWN,0.25,OCR_TEXT
C:\Users\jay\Downloads\STFD_ICASSP2023\STFD_ICASSP2023\1_Copy-move\tamper\96b03e339491d40741fe1f9e679a2d76.png,DOCUMENT,0.5,CV_MONOCHROME_DOC+OCR_TEXT
C:\Users\jay\Downloads\STFD_ICASSP2023\STFD_ICASSP2023\1_Copy-move\tamper\96c30a7bda135d4561ebd35085653dec.png,UNKNOWN,0.1,OCR_TEXT
C:\Users\jay\Downloads\STFD_ICASSP2023\STFD_ICASSP2023\1_Copy-move\tamper\9735ffeade584acf525b939f96875348.png,UNKNOWN,0.1,OCR_TEXT
C:\Users\jay\Downloads\STFD_ICASSP2023\STFD_ICASSP2023\1_Copy-move\tamper\980f208cb647616259017c807773fd8c.png,UNKNOWN,0.1,OCR_TEXT
C:\Users\jay\Downloads\STFD_ICASSP2023\STFD_ICASSP2023\1_Copy-move\tamper\9814c7f280899272168c300a2ac3affe.png,UNKNOWN,0.25,OCR_TEXT
C:\Users\jay\Downloads\STFD_ICASSP2023\STFD_ICASSP2023\1_Copy-move\tamper\9846f71fac8340bce6f2deb8157bdf20.png,UNKNOWN,0.1,VISUAL_HEURISTIC
C:\Users\jay\Downloads\STFD_ICASSP2023\STFD_ICASSP2023\1_Copy-move\tamper\98674bf76202efaddab4e6ba3a6e58c1.png,UNKNOWN,0.25,OCR_TEXT
C:\Users\jay\Downloads\STFD_ICASSP2023\STFD_ICASSP2023\1_Copy-move\tamper\99027ebb22599ca79234f90579a5df6e.png,UNKNOWN,0.1,OCR_TEXT
C:\Users\jay\Downloads\STFD_ICASSP2023\STFD_ICASSP2023\1_Copy-move\tamper\99c73819ec9221ee1272ed1cdae25a98.png,UNKNOWN,0.1,OCR_TEXT
C:\Users\jay\Downloads\STFD_ICASSP2023\STFD_ICASSP2023\1_Copy-move\tamper\99cd92fecd2beb6dd91f087f776f3fd6.png,DOCUMENT,0.5,CV_MONOCHROME_DOC+OCR_TEXT
C:\Users\jay\Downloads\STFD_ICASSP2023\STFD_ICASSP2023\1_Copy-move\tamper\99e8900fe966b6c995955e79625d2eec.png,DOCUMENT,0.95,CV_MONOCHROME_DOC+OCR_TEXT
C:\Users\jay\Downloads\STFD_ICASSP2023\STFD_ICASSP2023\1_Copy-move\tamper\9a2899e50848920934d81a615faefc46.png,UNKNOWN,0.1,OCR_TEXT
C:\Users\jay\Downloads\STFD_ICASSP2023\STFD_ICASSP2023\1_Copy-move\tamper\9a2fde3004d7e71ad2cb6a7ff26ebae7.png,E_COMMERCE,0.35,CV_ECOMMERCE_COLOR+OCR_TEXT
C:\Users\jay\Downloads\STFD_ICASSP2023\STFD_ICASSP2023\1_Copy-move\tamper\9a7646e41d9fc2c221823bb18c09e720.png,UNKNOWN,0.1,OCR_TEXT
C:\Users\jay\Downloads\STFD_ICASSP2023\STFD_ICASSP2023\1_Copy-move\tamper\9ab65ccc291d2a827ce5ed00eefe2280.png,UNKNOWN,0.25,OCR_TEXT
C:\Users\jay\Downloads\STFD_ICASSP2023\STFD_ICASSP2023\1_Copy-move\tamper\9b1038338d3421b9483b0a0898e6639f.png,UNKNOWN,0.1,OCR_TEXT
C:\Users\jay\Downloads\STFD_ICASSP2023\STFD_ICASSP2023\1_Copy-move\tamper\9c3a19c2e6382b49750d0e44f768114d.png,UNKNOWN,0.3,OCR_TEXT
C:\Users\jay\Downloads\STFD_ICASSP2023\STFD_ICASSP2023\1_Copy-move\tamper\9cd76f2f3312d8ec681514281aaebcc7.png,UNKNOWN,0.1,OCR_TEXT
C:\Users\jay\Downloads\STFD_ICASSP2023\STFD_ICASSP2023\1_Copy-move\tamper\9d706a6edee7cbd8a56b7c491eea0424.png,UNKNOWN,0.1,OCR_TEXT
C:\Users\jay\Downloads\STFD_ICASSP2023\STFD_ICASSP2023\1_Copy-move\tamper\9dc2ae6894760246d9775830a6f21f41.png,UNKNOWN,0.25,OCR_TEXT
C:\Users\jay\Downloads\STFD_ICASSP2023\STFD_ICASSP2023\1_Copy-move\tamper\9e75f613316ac2b65b1c69168f32851d.png,UNKNOWN,0.1,OCR_TEXT
C:\Users\jay\Downloads\STFD_ICASSP2023\STFD_ICASSP2023\1_Copy-move\tamper\9efc97d9aaa20bcb47f9e5d98fafd562.png,DOCUMENT,0.5,CV_MONOCHROME_DOC+OCR_TEXT
C:\Users\jay\Downloads\STFD_ICASSP2023\STFD_ICASSP2023\1_Copy-move\tamper\9f1f3368afe8540b77947afef34ca367.png,UNKNOWN,0.1,OCR_TEXT
C:\Users\jay\Downloads\STFD_ICASSP2023\STFD_ICASSP2023\1_Copy-move\tamper\9f5e15a7fe62166d6f7de097bc911c95.png,UNKNOWN,0.1,OCR_TEXT
C:\Users\jay\Downloads\STFD_ICASSP2023\STFD_ICASSP2023\1_Copy-move\tamper\9f79fd0be6ee29251a23450acb123714.png,DOCUMENT,0.5,CV_MONOCHROME_DOC+OCR_TEXT
C:\Users\jay\Downloads\STFD_ICASSP2023\STFD_ICASSP2023\1_Copy-move\tamper\9faf0bc95dec8d4f0f8b2ef82265674a.png,UNKNOWN,0.1,OCR_TEXT
C:\Users\jay\Downloads\STFD_ICASSP2023\STFD_ICASSP2023\1_Copy-move\tamper\a03b21c384889e2a0559e188a3614967.png,UNKNOWN,0.25,CV_SETTINGS_GRID+OCR_TEXT
C:\Users\jay\Downloads\STFD_ICASSP2023\STFD_ICASSP2023\1_Copy-move\tamper\a0df85c4eb2cd8b280058472d5d95e9e.png,UNKNOWN,0.1,OCR_TEXT
C:\Users\jay\Downloads\STFD_ICASSP2023\STFD_ICASSP2023\1_Copy-move\tamper\a14a79321f43f47397d9c938f689aad2.png,UNKNOWN,0.1,OCR_TEXT
C:\Users\jay\Downloads\STFD_ICASSP2023\STFD_ICASSP2023\1_Copy-move\tamper\a1909122a57e1cd68a8aae01ff0bdcd1.png,UNKNOWN,0.1,OCR_TEXT
C:\Users\jay\Downloads\STFD_ICASSP2023\STFD_ICASSP2023\1_Copy-move\tamper\a19946377b38853f352c373466a38a64.png,UNKNOWN,0.25,OCR_TEXT
C:\Users\jay\Downloads\STFD_ICASSP2023\STFD_ICASSP2023\1_Copy-move\tamper\a1c705fc79d649b04ceebf7ad0d41591.png,E_COMMERCE,0.35,CV_ECOMMERCE_COLOR+OCR_TEXT
C:\Users\jay\Downloads\STFD_ICASSP2023\STFD_ICASSP2023\1_Copy-move\tamper\a1e5de287840a3dcfc8f198ed408a391.png,DOCUMENT,0.5,CV_MONOCHROME_DOC+OCR_TEXT
C:\Users\jay\Downloads\STFD_ICASSP2023\STFD_ICASSP2023\1_Copy-move\tamper\a20118e2493d749453507eeade31483c.png,DOCUMENT,0.5,CV_MONOCHROME_DOC+OCR_TEXT
C:\Users\jay\Downloads\STFD_ICASSP2023\STFD_ICASSP2023\1_Copy-move\tamper\a25c13611d98f65bc896c899c90d5c0c.png,E_COMMERCE,0.35,CV_ECOMMERCE_COLOR+OCR_TEXT
C:\Users\jay\Downloads\STFD_ICASSP2023\STFD_ICASSP2023\1_Copy-move\tamper\a28e84bc49657db000fdbb03ce64b4f7.png,UNKNOWN,0.25,OCR_TEXT
C:\Users\jay\Downloads\STFD_ICASSP2023\STFD_ICASSP2023\1_Copy-move\tamper\a2d9fa70d4ceb57a8c487bb38ce96949.png,UNKNOWN,0.1,OCR_TEXT
C:\Users\jay\Downloads\STFD_ICASSP2023\STFD_ICASSP2023\1_Copy-move\tamper\a33950134470d2528cf208da1d297e54.png,UNKNOWN,0.1,OCR_TEXT
C:\Users\jay\Downloads\STFD_ICASSP2023\STFD_ICASSP2023\1_Copy-move\tamper\a365536f2eb3a0053f23b6b8abb96c40.png,UNKNOWN,0.1,OCR_TEXT
C:\Users\jay\Downloads\STFD_ICASSP2023\STFD_ICASSP2023\1_Copy-move\tamper\a4aa342b5061f2df45f7906517e6462c.png,DOCUMENT,0.5,CV_MONOCHROME_DOC+OCR_TEXT
C:\Users\jay\Downloads\STFD_ICASSP2023\STFD_ICASSP2023\1_Copy-move\tamper\a50a4c0502c001972670c4afe5cbf31e.png,UNKNOWN,0.1,OCR_TEXT
C:\Users\jay\Downloads\STFD_ICASSP2023\STFD_ICASSP2023\1_Copy-move\tamper\a51bdc428eb05c36be93c2e7cafee063.png,UNKNOWN,0.1,OCR_TEXT
C:\Users\jay\Downloads\STFD_ICASSP2023\STFD_ICASSP2023\1_Copy-move\tamper\a57588f0bdba1bb6cdd146799cf66a24.png,UNKNOWN,0.1,OCR_TEXT
C:\Users\jay\Downloads\STFD_ICASSP2023\STFD_ICASSP2023\1_Copy-move\tamper\a5bcd2c2ae85aa0d3667a7557871c7ea.png,UNKNOWN,0.1,OCR_TEXT
C:\Users\jay\Downloads\STFD_ICASSP2023\STFD_ICASSP2023\1_Copy-move\tamper\a6a2ce81640a4e00f5cf3b0c19c50cd7.png,UNKNOWN,0.3,OCR_TEXT
C:\Users\jay\Downloads\STFD_ICASSP2023\STFD_ICASSP2023\1_Copy-move\tamper\a6e50a3a0b4014ef7466baa404f15578.png,UNKNOWN,0.25,CV_SETTINGS_GRID+OCR_TEXT
C:\Users\jay\Downloads\STFD_ICASSP2023\STFD_ICASSP2023\1_Copy-move\tamper\a6ffc14543b53804521f862e13d4cf88.png,UNKNOWN,0.25,OCR_TEXT
C:\Users\jay\Downloads\STFD_ICASSP2023\STFD_ICASSP2023\1_Copy-move\tamper\a77b002ed5cb396e9646840befacb135.png,UNKNOWN,0.1,OCR_TEXT
C:\Users\jay\Downloads\STFD_ICASSP2023\STFD_ICASSP2023\1_Copy-move\tamper\a7d60850a945651e70b69295cbecb2b0.png,E_COMMERCE,0.35,CV_ECOMMERCE_COLOR+OCR_TEXT
C:\Users\jay\Downloads\STFD_ICASSP2023\STFD_ICASSP2023\1_Copy-move\tamper\a7e23bccd0ee9efb42dc4637edc84c7d.png,UNKNOWN,0.1,OCR_TEXT
C:\Users\jay\Downloads\STFD_ICASSP2023\STFD_ICASSP2023\1_Copy-move\tamper\a81d72aaf0713446e38bc15621fd2bf4.png,UNKNOWN,0.1,OCR_TEXT
C:\Users\jay\Downloads\STFD_ICASSP2023\STFD_ICASSP2023\1_Copy-move\tamper\a8295b5d3eb289717dc09ec1de9d1813.png,UNKNOWN,0.25,OCR_TEXT
C:\Users\jay\Downloads\STFD_ICASSP2023\STFD_ICASSP2023\1_Copy-move\tamper\a8373f3d3f626194aab3c57bbc2dfead.png,UNKNOWN,0.1,OCR_TEXT
C:\Users\jay\Downloads\STFD_ICASSP2023\STFD_ICASSP2023\1_Copy-move\tamper\a86ea1f7f67bb6f1f2f12f3f237252d6.png,UNKNOWN,0.1,OCR_TEXT
C:\Users\jay\Downloads\STFD_ICASSP2023\STFD_ICASSP2023\1_Copy-move\tamper\a87493f51f2fcf1126762ec5caf68255.png,UNKNOWN,0.1,OCR_TEXT
C:\Users\jay\Downloads\STFD_ICASSP2023\STFD_ICASSP2023\1_Copy-move\tamper\a8ee33960e3e4d731ccae58bd15f64f9.png,UNKNOWN,0.1,OCR_TEXT
C:\Users\jay\Downloads\STFD_ICASSP2023\STFD_ICASSP2023\1_Copy-move\tamper\a8eed9f1204f1d838476d8e40202b2ca.png,UNKNOWN,0.25,OCR_TEXT
C:\Users\jay\Downloads\STFD_ICASSP2023\STFD_ICASSP2023\1_Copy-move\tamper\a900554ee4269dbb7594bea667c3564c.png,UNKNOWN,0.1,OCR_TEXT
C:\Users\jay\Downloads\STFD_ICASSP2023\STFD_ICASSP2023\1_Copy-move\tamper\a904e3c5e4a0d388aeb05e0d6e2e6262.png,E_COMMERCE,0.35,CV_ECOMMERCE_COLOR+OCR_TEXT
C:\Users\jay\Downloads\STFD_ICASSP2023\STFD_ICASSP2023\1_Copy-move\tamper\a922dd912fd4a39b5f761a5e4eb572ff.png,DOCUMENT,0.5,CV_MONOCHROME_DOC+OCR_TEXT
C:\Users\jay\Downloads\STFD_ICASSP2023\STFD_ICASSP2023\1_Copy-move\tamper\a95b9ce33b74f144a04a30c8665affbb.png,UNKNOWN,0.1,OCR_TEXT
C:\Users\jay\Downloads\STFD_ICASSP2023\STFD_ICASSP2023\1_Copy-move\tamper\a965805286cbeeb2ee364858e6fa573f.png,UNKNOWN,0.1,OCR_TEXT
C:\Users\jay\Downloads\STFD_ICASSP2023\STFD_ICASSP2023\1_Copy-move\tamper\a996ff8942f1689ffdeb225d6c385f5c.png,UNKNOWN,0.25,CV_SETTINGS_GRID+OCR_TEXT
C:\Users\jay\Downloads\STFD_ICASSP2023\STFD_ICASSP2023\1_Copy-move\tamper\a9bc0261c291a87bf908bb051a80eacf.png,UNKNOWN,0.1,OCR_TEXT
C:\Users\jay\Downloads\STFD_ICASSP2023\STFD_ICASSP2023\1_Copy-move\tamper\aa3daa1c21a3a501e6e7c34d7a44b80e.png,UNKNOWN,0.25,OCR_TEXT
C:\Users\jay\Downloads\STFD_ICASSP2023\STFD_ICASSP2023\1_Copy-move\tamper\aa7daddd0c952be07d4a399e53537135.png,UNKNOWN,0.1,OCR_TEXT
C:\Users\jay\Downloads\STFD_ICASSP2023\STFD_ICASSP2023\1_Copy-move\tamper\aaaa127de422b4ec82139396e6a257b1.png,UNKNOWN,0.1,OCR_TEXT
C:\Users\jay\Downloads\STFD_ICASSP2023\STFD_ICASSP2023\1_Copy-move\tamper\ab7c220e22ddb0ccb02446e22000a444.png,E_COMMERCE,0.35,CV_ECOMMERCE_COLOR+OCR_TEXT
C:\Users\jay\Downloads\STFD_ICASSP2023\STFD_ICASSP2023\1_Copy-move\tamper\abf7af090cc54714ddaa03ba003a22a2.png,UNKNOWN,0.1,OCR_TEXT
C:\Users\jay\Downloads\STFD_ICASSP2023\STFD_ICASSP2023\1_Copy-move\tamper\ac0957acbeb65e763e97864aa2e154f4.png,UNKNOWN,0.1,OCR_TEXT
C:\Users\jay\Downloads\STFD_ICASSP2023\STFD_ICASSP2023\1_Copy-move\tamper\acd09e2221470ee1bdc4037cd8325668.png,E_COMMERCE,0.35,CV_ECOMMERCE_COLOR+OCR_TEXT
C:\Users\jay\Downloads\STFD_ICASSP2023\STFD_ICASSP2023\1_Copy-move\tamper\adf169b4ffb45d1431995ae3fc372a82.png,UNKNOWN,0.1,OCR_TEXT
C:\Users\jay\Downloads\STFD_ICASSP2023\STFD_ICASSP2023\1_Copy-move\tamper\ae4873eb5046025164358e5c1be674b5.png,E_COMMERCE,0.35,CV_ECOMMERCE_COLOR+OCR_TEXT
C:\Users\jay\Downloads\STFD_ICASSP2023\STFD_ICASSP2023\1_Copy-move\tamper\aea96b366016af7b89b999d17ad2e2fe.png,UNKNOWN,0.1,OCR_TEXT
C:\Users\jay\Downloads\STFD_ICASSP2023\STFD_ICASSP2023\1_Copy-move\tamper\af3b2320e41df9d534d848cfab6e0287.png,UNKNOWN,0.1,VISUAL_HEURISTIC
C:\Users\jay\Downloads\STFD_ICASSP2023\STFD_ICASSP2023\1_Copy-move\tamper\afc09020019b0266051852c79d0f0a5d.png,UNKNOWN,0.1,OCR_TEXT
C:\Users\jay\Downloads\STFD_ICASSP2023\STFD_ICASSP2023\1_Copy-move\tamper\afe78d5ba8093c3ce0715bd1cdab6b39.png,E_COMMERCE,0.35,CV_ECOMMERCE_COLOR+CV_SETTINGS_GRID+OCR_TEXT
C:\Users\jay\Downloads\STFD_ICASSP2023\STFD_ICASSP2023\1_Copy-move\tamper\afe95bb0fe1df170e0a561ffd5365867.png,UNKNOWN,0.1,OCR_TEXT
C:\Users\jay\Downloads\STFD_ICASSP2023\STFD_ICASSP2023\1_Copy-move\tamper\b003aaf2a8c5d3e6b667f901334c5060.png,E_COMMERCE,0.6,CV_ECOMMERCE_COLOR+OCR_TEXT
C:\Users\jay\Downloads\STFD_ICASSP2023\STFD_ICASSP2023\1_Copy-move\tamper\b03012febcf10d79e07e2d4741de163a.png,DOCUMENT,0.5,CV_MONOCHROME_DOC+OCR_TEXT
C:\Users\jay\Downloads\STFD_ICASSP2023\STFD_ICASSP2023\1_Copy-move\tamper\b06d9b8f013c9f774a828d5f4c54fc54.png,DOCUMENT,0.5,CV_MONOCHROME_DOC+OCR_TEXT
C:\Users\jay\Downloads\STFD_ICASSP2023\STFD_ICASSP2023\1_Copy-move\tamper\b0f954139e78f0f1cdd31a1a46ac8e15.png,UNKNOWN,0.25,OCR_TEXT
C:\Users\jay\Downloads\STFD_ICASSP2023\STFD_ICASSP2023\1_Copy-move\tamper\b176e76e0a8cf9234d0374ff64535c67.png,UNKNOWN,0.1,OCR_TEXT
C:\Users\jay\Downloads\STFD_ICASSP2023\STFD_ICASSP2023\1_Copy-move\tamper\b1d2d1c458ed869ecf6f801a30063515.png,UNKNOWN,0.25,CV_SETTINGS_GRID+OCR_TEXT
C:\Users\jay\Downloads\STFD_ICASSP2023\STFD_ICASSP2023\1_Copy-move\tamper\b1ecb9eccea265fa7b02236f2292f3b5.png,E_COMMERCE,0.35,CV_ECOMMERCE_COLOR+OCR_TEXT
C:\Users\jay\Downloads\STFD_ICASSP2023\STFD_ICASSP2023\1_Copy-move\tamper\b1f09ec6ac2e2a74db8645a101bb85d9.png,UNKNOWN,0.1,OCR_TEXT
C:\Users\jay\Downloads\STFD_ICASSP2023\STFD_ICASSP2023\1_Copy-move\tamper\b21e14799ee20f4014e8f9a02a5c53f0.png,UNKNOWN,0.1,OCR_TEXT
C:\Users\jay\Downloads\STFD_ICASSP2023\STFD_ICASSP2023\1_Copy-move\tamper\b22706179c48d05268291d8bdfcd046f.png,UNKNOWN,0.1,OCR_TEXT
C:\Users\jay\Downloads\STFD_ICASSP2023\STFD_ICASSP2023\1_Copy-move\tamper\b25f8457c1c1070aeba4988a48ef9dfe.png,UNKNOWN,0.35,OCR_TEXT
C:\Users\jay\Downloads\STFD_ICASSP2023\STFD_ICASSP2023\1_Copy-move\tamper\b27639b4af0316e2097722dc21a27303.png,UNKNOWN,0.1,OCR_TEXT
C:\Users\jay\Downloads\STFD_ICASSP2023\STFD_ICASSP2023\1_Copy-move\tamper\b2b3a5a6b799cb5441322263e2c1438f.png,UNKNOWN,0.1,OCR_TEXT
C:\Users\jay\Downloads\STFD_ICASSP2023\STFD_ICASSP2023\1_Copy-move\tamper\b2dd3df52a8688c06d4083a46a998173.png,UNKNOWN,0.25,OCR_TEXT
C:\Users\jay\Downloads\STFD_ICASSP2023\STFD_ICASSP2023\1_Copy-move\tamper\b2ed0e9343e3eacb872df1a7323d24c1.png,UNKNOWN,0.1,OCR_TEXT
C:\Users\jay\Downloads\STFD_ICASSP2023\STFD_ICASSP2023\1_Copy-move\tamper\b3711860a6159d7e7246a5cc4de3d19d.png,UNKNOWN,0.1,OCR_TEXT
C:\Users\jay\Downloads\STFD_ICASSP2023\STFD_ICASSP2023\1_Copy-move\tamper\b3a2dd65028212be4106e1a199b6ff20.png,UNKNOWN,0.1,OCR_TEXT
C:\Users\jay\Downloads\STFD_ICASSP2023\STFD_ICASSP2023\1_Copy-move\tamper\b3abfd043d62bab8614b48abfc0e3b37.png,UNKNOWN,0.1,OCR_TEXT
C:\Users\jay\Downloads\STFD_ICASSP2023\STFD_ICASSP2023\1_Copy-move\tamper\b42200db59ad76ca57531649cb363c2e.png,UNKNOWN,0.1,OCR_TEXT
C:\Users\jay\Downloads\STFD_ICASSP2023\STFD_ICASSP2023\1_Copy-move\tamper\b4def37fb60cb58f63a12acd72d0d148.png,E_COMMERCE,0.35,CV_ECOMMERCE_COLOR+OCR_TEXT
C:\Users\jay\Downloads\STFD_ICASSP2023\STFD_ICASSP2023\1_Copy-move\tamper\b522e222f062dd0915ab045507577179.png,DOCUMENT,0.6,OCR_TEXT
C:\Users\jay\Downloads\STFD_ICASSP2023\STFD_ICASSP2023\1_Copy-move\tamper\b60ccb8254ba8e22eefed7739e76248c.png,UNKNOWN,0.1,OCR_TEXT
C:\Users\jay\Downloads\STFD_ICASSP2023\STFD_ICASSP2023\1_Copy-move\tamper\b63fb5b3403746e64f4aed815fbdb7e3.png,E_COMMERCE,0.35,CV_ECOMMERCE_COLOR+OCR_TEXT
C:\Users\jay\Downloads\STFD_ICASSP2023\STFD_ICASSP2023\1_Copy-move\tamper\b682902bc241c198cfc3dbea6b47504d.png,UNKNOWN,0.1,OCR_TEXT
C:\Users\jay\Downloads\STFD_ICASSP2023\STFD_ICASSP2023\1_Copy-move\tamper\b7a5b642d3f8075dde4c59690fc8d222.png,UNKNOWN,0.1,OCR_TEXT
C:\Users\jay\Downloads\STFD_ICASSP2023\STFD_ICASSP2023\1_Copy-move\tamper\b87de08a27534e979404a75738f4684b.png,UNKNOWN,0.1,OCR_TEXT
C:\Users\jay\Downloads\STFD_ICASSP2023\STFD_ICASSP2023\1_Copy-move\tamper\b8985556cc21954f9b24ea2dfdc66765.png,UNKNOWN,0.1,OCR_TEXT
C:\Users\jay\Downloads\STFD_ICASSP2023\STFD_ICASSP2023\1_Copy-move\tamper\b8d3c1236b290d2f87fa2898c6f1df41.png,UNKNOWN,0.1,OCR_TEXT
C:\Users\jay\Downloads\STFD_ICASSP2023\STFD_ICASSP2023\1_Copy-move\tamper\b8f99757f8088b1fe06afb0b4a9d7762.png,UNKNOWN,0.1,OCR_TEXT
C:\Users\jay\Downloads\STFD_ICASSP2023\STFD_ICASSP2023\1_Copy-move\tamper\b926665e5a16c0ade6dee2b7f5acdf53.png,WEB_BROWSING,0.7,CV_MONOCHROME_DOC+OCR_TEXT
C:\Users\jay\Downloads\STFD_ICASSP2023\STFD_ICASSP2023\1_Copy-move\tamper\b98971cc2152c464a784979898993619.png,UNKNOWN,0.1,OCR_TEXT
C:\Users\jay\Downloads\STFD_ICASSP2023\STFD_ICASSP2023\1_Copy-move\tamper\b9a67a042e276164812ef11dfbf7493b.png,E_COMMERCE,0.35,CV_ECOMMERCE_COLOR+OCR_TEXT
C:\Users\jay\Downloads\STFD_ICASSP2023\STFD_ICASSP2023\1_Copy-move\tamper\b9caadb0b9b7b515f513c3a3231b3008.png,UNKNOWN,0.1,OCR_TEXT
C:\Users\jay\Downloads\STFD_ICASSP2023\STFD_ICASSP2023\1_Copy-move\tamper\b9d7dd328fe044f48fb6c4a37a6fe64b.png,UNKNOWN,0.1,OCR_TEXT
C:\Users\jay\Downloads\STFD_ICASSP2023\STFD_ICASSP2023\1_Copy-move\tamper\ba41a31f4ef8cc56b29f27c6aea5ae81.png,UNKNOWN,0.25,OCR_TEXT
C:\Users\jay\Downloads\STFD_ICASSP2023\STFD_ICASSP2023\1_Copy-move\tamper\ba4bb47f866d5284da9ad3765241ac35.png,UNKNOWN,0.1,OCR_TEXT
C:\Users\jay\Downloads\STFD_ICASSP2023\STFD_ICASSP2023\1_Copy-move\tamper\ba63c6a65d98c1f92d342d5a8fee9619.png,UNKNOWN,0.1,VISUAL_HEURISTIC
C:\Users\jay\Downloads\STFD_ICASSP2023\STFD_ICASSP2023\1_Copy-move\tamper\ba8610e08ca4e2f32f627d7024527f71.png,UNKNOWN,0.1,OCR_TEXT
C:\Users\jay\Downloads\STFD_ICASSP2023\STFD_ICASSP2023\1_Copy-move\tamper\ba906b9bef7ba1ce927c22006ff9a5c5.png,UNKNOWN,0.1,OCR_TEXT
C:\Users\jay\Downloads\STFD_ICASSP2023\STFD_ICASSP2023\1_Copy-move\tamper\bab847dd37d0ce3f0e2c41bd2e98ca17.png,WEB_BROWSING,0.35,OCR_TEXT
C:\Users\jay\Downloads\STFD_ICASSP2023\STFD_ICASSP2023\1_Copy-move\tamper\bad0f3b6cc8e6fca69d08a27a9fd960c.png,UNKNOWN,0.1,OCR_TEXT
C:\Users\jay\Downloads\STFD_ICASSP2023\STFD_ICASSP2023\1_Copy-move\tamper\baeb2584cb6dc41bffca1b8d01074653.png,UNKNOWN,0.25,OCR_TEXT
C:\Users\jay\Downloads\STFD_ICASSP2023\STFD_ICASSP2023\1_Copy-move\tamper\bb3b81363a678b81d27bfa14857f037b.png,E_COMMERCE,0.35,CV_ECOMMERCE_COLOR
C:\Users\jay\Downloads\STFD_ICASSP2023\STFD_ICASSP2023\1_Copy-move\tamper\bbd2d8a2b6cdd5413d683e4728500482.png,UNKNOWN,0.1,OCR_TEXT
C:\Users\jay\Downloads\STFD_ICASSP2023\STFD_ICASSP2023\1_Copy-move\tamper\bd3c5fe659ebe459b47285ff61716888.png,UNKNOWN,0.1,OCR_TEXT
C:\Users\jay\Downloads\STFD_ICASSP2023\STFD_ICASSP2023\1_Copy-move\tamper\be83cf92fab17c0822a3c3be6c9158fd.png,UNKNOWN,0.1,OCR_TEXT
C:\Users\jay\Downloads\STFD_ICASSP2023\STFD_ICASSP2023\1_Copy-move\tamper\be90d114196b198a5c9f6feeec9bb59d.png,DOCUMENT,0.55,OCR_TEXT
C:\Users\jay\Downloads\STFD_ICASSP2023\STFD_ICASSP2023\1_Copy-move\tamper\be94a218e09478a305ad8d35104ef4fa.png,E_COMMERCE,0.35,CV_ECOMMERCE_COLOR+OCR_TEXT
C:\Users\jay\Downloads\STFD_ICASSP2023\STFD_ICASSP2023\1_Copy-move\tamper\bed36064d97506075072a87849cab175.png,UNKNOWN,0.35,OCR_TEXT
C:\Users\jay\Downloads\STFD_ICASSP2023\STFD_ICASSP2023\1_Copy-move\tamper\bf132f40c909dcce6440bfebf5f623da.png,UNKNOWN,0.25,CV_SETTINGS_GRID+OCR_TEXT
C:\Users\jay\Downloads\STFD_ICASSP2023\STFD_ICASSP2023\1_Copy-move\tamper\bfc192168e99711355d7e0dfe27c0c2b.png,E_COMMERCE,0.35,CV_ECOMMERCE_COLOR+OCR_TEXT
C:\Users\jay\Downloads\STFD_ICASSP2023\STFD_ICASSP2023\1_Copy-move\tamper\c012a3360a38dbb23d288ebc385a5ae8.png,DOCUMENT,0.5,CV_MONOCHROME_DOC+OCR_TEXT
C:\Users\jay\Downloads\STFD_ICASSP2023\STFD_ICASSP2023\1_Copy-move\tamper\c09d274aa0985293a4d03c4971ba7b2e.png,E_COMMERCE,0.35,CV_ECOMMERCE_COLOR+OCR_TEXT
C:\Users\jay\Downloads\STFD_ICASSP2023\STFD_ICASSP2023\1_Copy-move\tamper\c16c5f6b7a1f71ad526bb079ae617d05.png,UNKNOWN,0.35,OCR_TEXT
C:\Users\jay\Downloads\STFD_ICASSP2023\STFD_ICASSP2023\1_Copy-move\tamper\c19063f3621a37bc6da66ce6646f2f34.png,UNKNOWN,0.1,OCR_TEXT
C:\Users\jay\Downloads\STFD_ICASSP2023\STFD_ICASSP2023\1_Copy-move\tamper\c1e0fed97d04cae6ecf3a3c7c633fbb5.png,UNKNOWN,0.1,OCR_TEXT
C:\Users\jay\Downloads\STFD_ICASSP2023\STFD_ICASSP2023\1_Copy-move\tamper\c2217f90bda7ab2f3dc5927fe8e140f2.png,UNKNOWN,0.1,OCR_TEXT
C:\Users\jay\Downloads\STFD_ICASSP2023\STFD_ICASSP2023\1_Copy-move\tamper\c28699224d3e33fe591cb53c57b8cf16.png,UNKNOWN,0.1,OCR_TEXT
C:\Users\jay\Downloads\STFD_ICASSP2023\STFD_ICASSP2023\1_Copy-move\tamper\c31af63ff71ba71f5f3ff07d5b922854.png,UNKNOWN,0.1,OCR_TEXT
C:\Users\jay\Downloads\STFD_ICASSP2023\STFD_ICASSP2023\1_Copy-move\tamper\c35a87cf67011ba24f5b32e1418fb58a.png,DOCUMENT,0.5,CV_MONOCHROME_DOC+OCR_TEXT
C:\Users\jay\Downloads\STFD_ICASSP2023\STFD_ICASSP2023\1_Copy-move\tamper\c36b68fa6ac9d8a7a0bface2d792a6cc.png,UNKNOWN,0.1,OCR_TEXT
C:\Users\jay\Downloads\STFD_ICASSP2023\STFD_ICASSP2023\1_Copy-move\tamper\c3d38644706b05dbaba013c1dee0b653.png,E_COMMERCE,0.35,CV_ECOMMERCE_COLOR+OCR_TEXT
C:\Users\jay\Downloads\STFD_ICASSP2023\STFD_ICASSP2023\1_Copy-move\tamper\c3d576048c5184787bcd6d5865b86087.png,UNKNOWN,0.25,OCR_TEXT
C:\Users\jay\Downloads\STFD_ICASSP2023\STFD_ICASSP2023\1_Copy-move\tamper\c3d7ccf0693420fab6a060905d56edee.png,UNKNOWN,0.1,OCR_TEXT
C:\Users\jay\Downloads\STFD_ICASSP2023\STFD_ICASSP2023\1_Copy-move\tamper\c44851793a0508a8f3601dee157de6ae.png,UNKNOWN,0.25,OCR_TEXT
C:\Users\jay\Downloads\STFD_ICASSP2023\STFD_ICASSP2023\1_Copy-move\tamper\c5381e6fac63141f37581544016a672c.png,DOCUMENT,0.5,CV_MONOCHROME_DOC+OCR_TEXT
C:\Users\jay\Downloads\STFD_ICASSP2023\STFD_ICASSP2023\1_Copy-move\tamper\c62749265a88408bd2a369942eea0cb6.png,E_COMMERCE,0.35,CV_ECOMMERCE_COLOR+OCR_TEXT
C:\Users\jay\Downloads\STFD_ICASSP2023\STFD_ICASSP2023\1_Copy-move\tamper\c629c69ab3c1ad3adcb0104c49f1bf5c.png,UNKNOWN,0.1,VISUAL_HEURISTIC
C:\Users\jay\Downloads\STFD_ICASSP2023\STFD_ICASSP2023\1_Copy-move\tamper\c6602e9f320e0fcb4cd11e56026cf541.png,UNKNOWN,0.1,OCR_TEXT
C:\Users\jay\Downloads\STFD_ICASSP2023\STFD_ICASSP2023\1_Copy-move\tamper\c67aace857e6595cca8ef2b6911ef554.png,E_COMMERCE,0.35,CV_ECOMMERCE_COLOR+OCR_TEXT
C:\Users\jay\Downloads\STFD_ICASSP2023\STFD_ICASSP2023\1_Copy-move\tamper\c6986509629b55295edaef7252a64372.png,UNKNOWN,0.25,OCR_TEXT
C:\Users\jay\Downloads\STFD_ICASSP2023\STFD_ICASSP2023\1_Copy-move\tamper\c73ce12d2079ce6adcbcf9e8777eae54.png,UNKNOWN,0.1,OCR_TEXT
C:\Users\jay\Downloads\STFD_ICASSP2023\STFD_ICASSP2023\1_Copy-move\tamper\c7f2418735a83c5307423376aeadc3c2.png,UNKNOWN,0.25,CV_SETTINGS_GRID+OCR_TEXT
C:\Users\jay\Downloads\STFD_ICASSP2023\STFD_ICASSP2023\1_Copy-move\tamper\c7fb01437b8ceb4c46cb600fc3fc6e96.png,UNKNOWN,0.1,OCR_TEXT
C:\Users\jay\Downloads\STFD_ICASSP2023\STFD_ICASSP2023\1_Copy-move\tamper\c86aca6d61e488ebbb8524df413bdd52.png,DOCUMENT,0.5,CV_MONOCHROME_DOC+OCR_TEXT
C:\Users\jay\Downloads\STFD_ICASSP2023\STFD_ICASSP2023\1_Copy-move\tamper\c93bd71a6e16de91f3755e24690375f4.png,MOBILE_PAYMENT,0.6,CV_MONOCHROME_DOC+OCR_TEXT
C:\Users\jay\Downloads\STFD_ICASSP2023\STFD_ICASSP2023\1_Copy-move\tamper\c9be01ef0c6489f5e50a19d3fe672f89.png,UNKNOWN,0.1,OCR_TEXT
C:\Users\jay\Downloads\STFD_ICASSP2023\STFD_ICASSP2023\1_Copy-move\tamper\ca201acb8190cd3d67193d37f9ef33b3.png,UNKNOWN,0.1,OCR_TEXT
C:\Users\jay\Downloads\STFD_ICASSP2023\STFD_ICASSP2023\1_Copy-move\tamper\ca493168fc02a7dc94339831f4fc4054.png,UNKNOWN,0.1,OCR_TEXT
C:\Users\jay\Downloads\STFD_ICASSP2023\STFD_ICASSP2023\1_Copy-move\tamper\ca6887d1971db12e074160e4e9cdb935.png,UNKNOWN,0.1,OCR_TEXT
C:\Users\jay\Downloads\STFD_ICASSP2023\STFD_ICASSP2023\1_Copy-move\tamper\ca9315bb6c9afc42865e968d2b7ca6d3.png,UNKNOWN,0.1,OCR_TEXT
C:\Users\jay\Downloads\STFD_ICASSP2023\STFD_ICASSP2023\1_Copy-move\tamper\cb5b341e47c585a02d320c4b00b2555e.png,UNKNOWN,0.25,CV_SETTINGS_GRID+OCR_TEXT
C:\Users\jay\Downloads\STFD_ICASSP2023\STFD_ICASSP2023\1_Copy-move\tamper\cb9951bdda8e54494ccdfaa83350c6fe.png,UNKNOWN,0.1,OCR_TEXT
C:\Users\jay\Downloads\STFD_ICASSP2023\STFD_ICASSP2023\1_Copy-move\tamper\cc5b056c02332dda4af79e437615b950.png,UNKNOWN,0.1,OCR_TEXT
C:\Users\jay\Downloads\STFD_ICASSP2023\STFD_ICASSP2023\1_Copy-move\tamper\cc6201cb4691e81676ed5d94094df0f6.png,UNKNOWN,0.1,OCR_TEXT
C:\Users\jay\Downloads\STFD_ICASSP2023\STFD_ICASSP2023\1_Copy-move\tamper\cc7b20ff1b33bef2909468d0dc47b9a7.png,UNKNOWN,0.1,OCR_TEXT
C:\Users\jay\Downloads\STFD_ICASSP2023\STFD_ICASSP2023\1_Copy-move\tamper\cc94295de398b0688f34b0d446efda8a.png,UNKNOWN,0.1,OCR_TEXT
C:\Users\jay\Downloads\STFD_ICASSP2023\STFD_ICASSP2023\1_Copy-move\tamper\cc9b869a153ac021588c86768d871b08.png,UNKNOWN,0.1,OCR_TEXT
C:\Users\jay\Downloads\STFD_ICASSP2023\STFD_ICASSP2023\1_Copy-move\tamper\cca700ec6359617332526ba14f47218f.png,UNKNOWN,0.3,OCR_TEXT
C:\Users\jay\Downloads\STFD_ICASSP2023\STFD_ICASSP2023\1_Copy-move\tamper\cd2b398ea03e5411256c540ed5b9cddc.png,UNKNOWN,0.1,OCR_TEXT
C:\Users\jay\Downloads\STFD_ICASSP2023\STFD_ICASSP2023\1_Copy-move\tamper\cd2ccc3e0ffa8d7c93b8f76fa5e3c038.png,UNKNOWN,0.1,OCR_TEXT
C:\Users\jay\Downloads\STFD_ICASSP2023\STFD_ICASSP2023\1_Copy-move\tamper\cd5f0bc30f2dba1fc8bc029306cd9a39.png,UNKNOWN,0.25,CV_SETTINGS_GRID+OCR_TEXT
C:\Users\jay\Downloads\STFD_ICASSP2023\STFD_ICASSP2023\1_Copy-move\tamper\cd6dd3f22b2992da113e08f0aa38c008.png,UNKNOWN,0.35,CV_ECOMMERCE_COLOR+OCR_TEXT
C:\Users\jay\Downloads\STFD_ICASSP2023\STFD_ICASSP2023\1_Copy-move\tamper\cd91ce5f2a41b5625be2e4915ad926c1.png,UNKNOWN,0.1,OCR_TEXT
C:\Users\jay\Downloads\STFD_ICASSP2023\STFD_ICASSP2023\1_Copy-move\tamper\cda5087b70ee97b7bbc97247928e76c3.png,MAP_TRANSPORT,0.45,CV_MAP_CANVAS+OCR_TEXT
C:\Users\jay\Downloads\STFD_ICASSP2023\STFD_ICASSP2023\1_Copy-move\tamper\cdd3e2abd1695e1afe07e872d1708a5a.png,E_COMMERCE,0.35,CV_ECOMMERCE_COLOR+OCR_TEXT
C:\Users\jay\Downloads\STFD_ICASSP2023\STFD_ICASSP2023\1_Copy-move\tamper\ce61e994d09bbd88d33ec7a278d4bb9e.png,UNKNOWN,0.1,OCR_TEXT
C:\Users\jay\Downloads\STFD_ICASSP2023\STFD_ICASSP2023\1_Copy-move\tamper\ce99022d5ef37ad764b13fcc70c77758.png,UNKNOWN,0.1,OCR_TEXT
C:\Users\jay\Downloads\STFD_ICASSP2023\STFD_ICASSP2023\1_Copy-move\tamper\cfb875d1c3030808f4aea4c5d4e66114.png,DOCUMENT,0.5,CV_MONOCHROME_DOC+OCR_TEXT
C:\Users\jay\Downloads\STFD_ICASSP2023\STFD_ICASSP2023\1_Copy-move\tamper\d01cf058cd2eabc2e2e73b09207bfa36.png,E_COMMERCE,0.35,CV_ECOMMERCE_COLOR+OCR_TEXT
C:\Users\jay\Downloads\STFD_ICASSP2023\STFD_ICASSP2023\1_Copy-move\tamper\d02ec147b15dee3f49bf40e34d8c0d92.png,DOCUMENT,0.5,CV_MONOCHROME_DOC+OCR_TEXT
C:\Users\jay\Downloads\STFD_ICASSP2023\STFD_ICASSP2023\1_Copy-move\tamper\d09579af0b4fee1c2efe4dea44744c5e.png,E_COMMERCE,0.35,CV_ECOMMERCE_COLOR+OCR_TEXT
C:\Users\jay\Downloads\STFD_ICASSP2023\STFD_ICASSP2023\1_Copy-move\tamper\d0f08b02eb608ac34a73e82b8ba4ae65.png,UNKNOWN,0.1,OCR_TEXT
C:\Users\jay\Downloads\STFD_ICASSP2023\STFD_ICASSP2023\1_Copy-move\tamper\d22901bd763af23dda4937b75c0e596a.png,UNKNOWN,0.1,OCR_TEXT
C:\Users\jay\Downloads\STFD_ICASSP2023\STFD_ICASSP2023\1_Copy-move\tamper\d2fb56bece6e0522d4a852086566aada.png,UNKNOWN,0.1,OCR_TEXT
C:\Users\jay\Downloads\STFD_ICASSP2023\STFD_ICASSP2023\1_Copy-move\tamper\d3557d91fe00021c00a8884a8426ba67.png,UNKNOWN,0.1,OCR_TEXT
C:\Users\jay\Downloads\STFD_ICASSP2023\STFD_ICASSP2023\1_Copy-move\tamper\d35608936441bdb9478968fa1be18f9b.png,UNKNOWN,0.25,OCR_TEXT
C:\Users\jay\Downloads\STFD_ICASSP2023\STFD_ICASSP2023\1_Copy-move\tamper\d38642b5bb2e0b4016ee54ab7a451527.png,UNKNOWN,0.1,OCR_TEXT
C:\Users\jay\Downloads\STFD_ICASSP2023\STFD_ICASSP2023\1_Copy-move\tamper\d403f75be719da17a5c51e4f1ff9cb33.png,UNKNOWN,0.1,OCR_TEXT
C:\Users\jay\Downloads\STFD_ICASSP2023\STFD_ICASSP2023\1_Copy-move\tamper\d41de284110c209d2382f6e3ad311622.png,E_COMMERCE,0.35,CV_ECOMMERCE_COLOR+OCR_TEXT
C:\Users\jay\Downloads\STFD_ICASSP2023\STFD_ICASSP2023\1_Copy-move\tamper\d41e047d6cd203d91936e49c8a932336.png,UNKNOWN,0.1,OCR_TEXT
C:\Users\jay\Downloads\STFD_ICASSP2023\STFD_ICASSP2023\1_Copy-move\tamper\d420ba6432834debeda0f31571529cf3.png,E_COMMERCE,0.35,CV_ECOMMERCE_COLOR+OCR_TEXT
C:\Users\jay\Downloads\STFD_ICASSP2023\STFD_ICASSP2023\1_Copy-move\tamper\d43bc37d3125c76e7ddcf3d484cd70df.png,UNKNOWN,0.25,OCR_TEXT
C:\Users\jay\Downloads\STFD_ICASSP2023\STFD_ICASSP2023\1_Copy-move\tamper\d453acebf3edca19d80c43b22c854e5c.png,UNKNOWN,0.25,OCR_TEXT
C:\Users\jay\Downloads\STFD_ICASSP2023\STFD_ICASSP2023\1_Copy-move\tamper\d51ff4d69811b0705827f92cdaef5fc9.png,UNKNOWN,0.1,OCR_TEXT
C:\Users\jay\Downloads\STFD_ICASSP2023\STFD_ICASSP2023\1_Copy-move\tamper\d53ecff1e30334f798149b65f937dd0c.png,DOCUMENT,0.5,CV_MONOCHROME_DOC+OCR_TEXT
C:\Users\jay\Downloads\STFD_ICASSP2023\STFD_ICASSP2023\1_Copy-move\tamper\d5567b0aa0693ad19df24df12ec7ba84.png,UNKNOWN,0.1,OCR_TEXT
C:\Users\jay\Downloads\STFD_ICASSP2023\STFD_ICASSP2023\1_Copy-move\tamper\d5a10f4b3017d48eb09b913ecd7f90b2.png,UNKNOWN,0.1,OCR_TEXT
C:\Users\jay\Downloads\STFD_ICASSP2023\STFD_ICASSP2023\1_Copy-move\tamper\d5bf13d1598e120e7678d209fa478651.png,E_COMMERCE,0.35,CV_ECOMMERCE_COLOR+OCR_TEXT
C:\Users\jay\Downloads\STFD_ICASSP2023\STFD_ICASSP2023\1_Copy-move\tamper\d5c8492f0f8c6feaf2ceab243140fcea.png,UNKNOWN,0.1,OCR_TEXT
C:\Users\jay\Downloads\STFD_ICASSP2023\STFD_ICASSP2023\1_Copy-move\tamper\d62574743ae75c20f52c5d001303e72c.png,UNKNOWN,0.1,OCR_TEXT
C:\Users\jay\Downloads\STFD_ICASSP2023\STFD_ICASSP2023\1_Copy-move\tamper\d64b11649701b115e06e41f3324b0ddc.png,UNKNOWN,0.1,OCR_TEXT
C:\Users\jay\Downloads\STFD_ICASSP2023\STFD_ICASSP2023\1_Copy-move\tamper\d6752816b647df31a544b66a402a17e5.png,UNKNOWN,0.25,OCR_TEXT
C:\Users\jay\Downloads\STFD_ICASSP2023\STFD_ICASSP2023\1_Copy-move\tamper\d767e04caafeec0d24aba5f435e3c8ea.png,UNKNOWN,0.25,OCR_TEXT
C:\Users\jay\Downloads\STFD_ICASSP2023\STFD_ICASSP2023\1_Copy-move\tamper\d789d99a8a813cf4ae88b5e00c6333f1.png,UNKNOWN,0.25,OCR_TEXT
C:\Users\jay\Downloads\STFD_ICASSP2023\STFD_ICASSP2023\1_Copy-move\tamper\d7a745fc55cac1cb0cce58f39422b5f2.png,UNKNOWN,0.1,VISUAL_HEURISTIC
C:\Users\jay\Downloads\STFD_ICASSP2023\STFD_ICASSP2023\1_Copy-move\tamper\d82a030ff914aec871be6f824463c61c.png,UNKNOWN,0.1,OCR_TEXT
C:\Users\jay\Downloads\STFD_ICASSP2023\STFD_ICASSP2023\1_Copy-move\tamper\d891bba8617aec08c9901c0bd2e0311b.png,UNKNOWN,0.25,OCR_TEXT
C:\Users\jay\Downloads\STFD_ICASSP2023\STFD_ICASSP2023\1_Copy-move\tamper\d8f554325ff921df2c34c6419e0bd48e.png,UNKNOWN,0.25,CV_SETTINGS_GRID+OCR_TEXT
C:\Users\jay\Downloads\STFD_ICASSP2023\STFD_ICASSP2023\1_Copy-move\tamper\d937f70948224e4092ca710ded659a64.png,UNKNOWN,0.1,OCR_TEXT
C:\Users\jay\Downloads\STFD_ICASSP2023\STFD_ICASSP2023\1_Copy-move\tamper\d939db88cd8d4ca90ddaa62ec19eba1b.png,UNKNOWN,0.1,OCR_TEXT
C:\Users\jay\Downloads\STFD_ICASSP2023\STFD_ICASSP2023\1_Copy-move\tamper\d996e009699a2c1bde5f2aedce48a520.png,UNKNOWN,0.1,OCR_TEXT
C:\Users\jay\Downloads\STFD_ICASSP2023\STFD_ICASSP2023\1_Copy-move\tamper\da92ab86e030f03ef522c0e427d4b7f2.png,UNKNOWN,0.25,OCR_TEXT
C:\Users\jay\Downloads\STFD_ICASSP2023\STFD_ICASSP2023\1_Copy-move\tamper\daaca93267069a00361e8979d21c5c89.png,UNKNOWN,0.1,OCR_TEXT
C:\Users\jay\Downloads\STFD_ICASSP2023\STFD_ICASSP2023\1_Copy-move\tamper\daf0ddac5aa86142f5b10b3e23ff58f2.png,UNKNOWN,0.1,OCR_TEXT
C:\Users\jay\Downloads\STFD_ICASSP2023\STFD_ICASSP2023\1_Copy-move\tamper\dbd7dbb7a50ca71762b4b68cbf3fa8e5.png,UNKNOWN,0.1,OCR_TEXT
C:\Users\jay\Downloads\STFD_ICASSP2023\STFD_ICASSP2023\1_Copy-move\tamper\dc6bc742678cca84ef4bb6fd51c4ea41.png,DOCUMENT,0.5,CV_MONOCHROME_DOC+OCR_TEXT
C:\Users\jay\Downloads\STFD_ICASSP2023\STFD_ICASSP2023\1_Copy-move\tamper\dc7343377d97e2392ca23f86a4dd22cf.png,WEB_BROWSING,0.35,OCR_TEXT
C:\Users\jay\Downloads\STFD_ICASSP2023\STFD_ICASSP2023\1_Copy-move\tamper\dcc57ca448afe0fb8c493ba8d21123f1.png,UNKNOWN,0.1,OCR_TEXT
C:\Users\jay\Downloads\STFD_ICASSP2023\STFD_ICASSP2023\1_Copy-move\tamper\dd26d3788f6d2947d15405fb5b0c5c84.png,UNKNOWN,0.25,OCR_TEXT
C:\Users\jay\Downloads\STFD_ICASSP2023\STFD_ICASSP2023\1_Copy-move\tamper\dd64d0a8bcda2faae9a2bf2d5dae9056.png,DOCUMENT,0.5,CV_MONOCHROME_DOC+OCR_TEXT
C:\Users\jay\Downloads\STFD_ICASSP2023\STFD_ICASSP2023\1_Copy-move\tamper\dd651a1ebecbb6c47d2dd38f8e5bf149.png,DOCUMENT,0.5,CV_MONOCHROME_DOC+OCR_TEXT
C:\Users\jay\Downloads\STFD_ICASSP2023\STFD_ICASSP2023\1_Copy-move\tamper\ddaed5a939d50116f70081a0d2db564e.png,UNKNOWN,0.25,OCR_TEXT
C:\Users\jay\Downloads\STFD_ICASSP2023\STFD_ICASSP2023\1_Copy-move\tamper\ddf0ac5744bcd4b2d805f33255498832.png,UNKNOWN,0.1,OCR_TEXT
C:\Users\jay\Downloads\STFD_ICASSP2023\STFD_ICASSP2023\1_Copy-move\tamper\de2810155cef2cf9f8023325bc9dbe19.png,UNKNOWN,0.1,OCR_TEXT
C:\Users\jay\Downloads\STFD_ICASSP2023\STFD_ICASSP2023\1_Copy-move\tamper\de39c2684a461b0028fa71dc6c4fbe09.png,E_COMMERCE,0.6,CV_ECOMMERCE_COLOR+OCR_TEXT
C:\Users\jay\Downloads\STFD_ICASSP2023\STFD_ICASSP2023\1_Copy-move\tamper\de4bc7b459aab8dbd2a9a928be34cc88.png,UNKNOWN,0.1,OCR_TEXT
C:\Users\jay\Downloads\STFD_ICASSP2023\STFD_ICASSP2023\1_Copy-move\tamper\de7c4e33a2e6c19c4f2a5daa84ee5ac3.png,DOCUMENT,0.5,CV_MONOCHROME_DOC+OCR_TEXT
C:\Users\jay\Downloads\STFD_ICASSP2023\STFD_ICASSP2023\1_Copy-move\tamper\deec7a6c33dfc26792cd250e24b2027a.png,UNKNOWN,0.25,OCR_TEXT
C:\Users\jay\Downloads\STFD_ICASSP2023\STFD_ICASSP2023\1_Copy-move\tamper\def21dc1d9750fdefcd2a3a74ab98cc0.png,UNKNOWN,0.1,OCR_TEXT
C:\Users\jay\Downloads\STFD_ICASSP2023\STFD_ICASSP2023\1_Copy-move\tamper\df1205bccad0ca68524192b9a857dbc9.png,DOCUMENT,0.5,CV_MONOCHROME_DOC+OCR_TEXT
C:\Users\jay\Downloads\STFD_ICASSP2023\STFD_ICASSP2023\1_Copy-move\tamper\df35677110de256c847a986c400cb622.png,UNKNOWN,0.1,OCR_TEXT
C:\Users\jay\Downloads\STFD_ICASSP2023\STFD_ICASSP2023\1_Copy-move\tamper\df5606d8d255ad1ecb124266c4439051.png,E_COMMERCE,0.35,CV_ECOMMERCE_COLOR+OCR_TEXT
C:\Users\jay\Downloads\STFD_ICASSP2023\STFD_ICASSP2023\1_Copy-move\tamper\df67e04ac34f6c9299a5cdb6b73ba7bf.png,UNKNOWN,0.1,OCR_TEXT
C:\Users\jay\Downloads\STFD_ICASSP2023\STFD_ICASSP2023\1_Copy-move\tamper\df72c416f3b3a18ea6dc812f510a9832.png,UNKNOWN,0.1,OCR_TEXT
C:\Users\jay\Downloads\STFD_ICASSP2023\STFD_ICASSP2023\1_Copy-move\tamper\e05564e28a559cfa647c9fbe46ff9163.png,UNKNOWN,0.25,OCR_TEXT
C:\Users\jay\Downloads\STFD_ICASSP2023\STFD_ICASSP2023\1_Copy-move\tamper\e09122281e6f8bed819ed3c82ef11ec4.png,UNKNOWN,0.1,OCR_TEXT
C:\Users\jay\Downloads\STFD_ICASSP2023\STFD_ICASSP2023\1_Copy-move\tamper\e0d62fbccaea08bdbf426be69d3468df.png,UNKNOWN,0.1,OCR_TEXT
C:\Users\jay\Downloads\STFD_ICASSP2023\STFD_ICASSP2023\1_Copy-move\tamper\e1612cf65474bb9c56de13797bd20f37.png,UNKNOWN,0.1,OCR_TEXT
C:\Users\jay\Downloads\STFD_ICASSP2023\STFD_ICASSP2023\1_Copy-move\tamper\e16801992e4d334d2206911a6d79d408.png,UNKNOWN,0.25,CV_SETTINGS_GRID+OCR_TEXT
C:\Users\jay\Downloads\STFD_ICASSP2023\STFD_ICASSP2023\1_Copy-move\tamper\e1ebcf4e39b825cd0498bf508afcef83.png,UNKNOWN,0.1,OCR_TEXT
C:\Users\jay\Downloads\STFD_ICASSP2023\STFD_ICASSP2023\1_Copy-move\tamper\e210f5bb0668622fbb3686f4d486b990.png,UNKNOWN,0.1,OCR_TEXT
C:\Users\jay\Downloads\STFD_ICASSP2023\STFD_ICASSP2023\1_Copy-move\tamper\e21b6384ae5e350f3045c76f23105ecb.png,UNKNOWN,0.1,OCR_TEXT
C:\Users\jay\Downloads\STFD_ICASSP2023\STFD_ICASSP2023\1_Copy-move\tamper\e227fbe5a4f646bee699be122cf5bfb2.png,UNKNOWN,0.1,OCR_TEXT
C:\Users\jay\Downloads\STFD_ICASSP2023\STFD_ICASSP2023\1_Copy-move\tamper\e23d48194f88b6f94a4e0d3503d977d8.png,E_COMMERCE,0.35,CV_ECOMMERCE_COLOR+OCR_TEXT
C:\Users\jay\Downloads\STFD_ICASSP2023\STFD_ICASSP2023\1_Copy-move\tamper\e30329205957380c4c97cecca6de7e78.png,E_COMMERCE,0.35,CV_ECOMMERCE_COLOR+CV_SETTINGS_GRID+OCR_TEXT
C:\Users\jay\Downloads\STFD_ICASSP2023\STFD_ICASSP2023\1_Copy-move\tamper\e3a7f2c94b2f0508fd6b781d2518f8fd.png,UNKNOWN,0.1,OCR_TEXT
C:\Users\jay\Downloads\STFD_ICASSP2023\STFD_ICASSP2023\1_Copy-move\tamper\e4083576b17a080d464bb40c7afd634e.png,E_COMMERCE,0.35,CV_ECOMMERCE_COLOR+OCR_TEXT
C:\Users\jay\Downloads\STFD_ICASSP2023\STFD_ICASSP2023\1_Copy-move\tamper\e43529cb7141f3449a2892cfa92b93b0.png,DOCUMENT,0.5,CV_MONOCHROME_DOC+OCR_TEXT
C:\Users\jay\Downloads\STFD_ICASSP2023\STFD_ICASSP2023\1_Copy-move\tamper\e563ef9b7b233a0195769f76d624a56b.png,WEB_BROWSING,0.95,OCR_TEXT
C:\Users\jay\Downloads\STFD_ICASSP2023\STFD_ICASSP2023\1_Copy-move\tamper\e595bfbab149aed073a84b1074e4e972.png,UNKNOWN,0.1,OCR_TEXT
C:\Users\jay\Downloads\STFD_ICASSP2023\STFD_ICASSP2023\1_Copy-move\tamper\e6e75a74b00d0169ca4c7b5cdf4f6572.png,UNKNOWN,0.25,OCR_TEXT
C:\Users\jay\Downloads\STFD_ICASSP2023\STFD_ICASSP2023\1_Copy-move\tamper\e73d79226ba4a7674965e0eff4561e2e.png,UNKNOWN,0.1,OCR_TEXT
C:\Users\jay\Downloads\STFD_ICASSP2023\STFD_ICASSP2023\1_Copy-move\tamper\e746774f84a2252606fac0e19df0ab9f.png,MAP_TRANSPORT,0.35,OCR_TEXT
C:\Users\jay\Downloads\STFD_ICASSP2023\STFD_ICASSP2023\1_Copy-move\tamper\e752136f9ae6f49ce25c1e50398f709f.png,E_COMMERCE,0.35,CV_ECOMMERCE_COLOR+OCR_TEXT
C:\Users\jay\Downloads\STFD_ICASSP2023\STFD_ICASSP2023\1_Copy-move\tamper\e8072dbeebf47f882aaceca0c27340ac.png,UNKNOWN,0.1,OCR_TEXT
C:\Users\jay\Downloads\STFD_ICASSP2023\STFD_ICASSP2023\1_Copy-move\tamper\e8731148153f4708aea715a8dd4cf431.png,UNKNOWN,0.25,OCR_TEXT
C:\Users\jay\Downloads\STFD_ICASSP2023\STFD_ICASSP2023\1_Copy-move\tamper\e8d47f0c15780e3156d8b6c73e03f63f.png,UNKNOWN,0.25,OCR_TEXT
C:\Users\jay\Downloads\STFD_ICASSP2023\STFD_ICASSP2023\1_Copy-move\tamper\e8f28a74a4eb65ad4071a1b95117c866.png,UNKNOWN,0.1,OCR_TEXT
C:\Users\jay\Downloads\STFD_ICASSP2023\STFD_ICASSP2023\1_Copy-move\tamper\e9458819c3f83266e614795aa7627728.png,MAP_TRANSPORT,0.45,CV_MAP_CANVAS+OCR_TEXT
C:\Users\jay\Downloads\STFD_ICASSP2023\STFD_ICASSP2023\1_Copy-move\tamper\e9ce26bdaa12596ebe4a743e51d69931.png,UNKNOWN,0.1,OCR_TEXT
C:\Users\jay\Downloads\STFD_ICASSP2023\STFD_ICASSP2023\1_Copy-move\tamper\ea7043e655277a300616c47e193debf5.png,WEB_BROWSING,0.7,OCR_TEXT
C:\Users\jay\Downloads\STFD_ICASSP2023\STFD_ICASSP2023\1_Copy-move\tamper\eab550425469873bc21a990cb7e16384.png,UNKNOWN,0.1,OCR_TEXT
C:\Users\jay\Downloads\STFD_ICASSP2023\STFD_ICASSP2023\1_Copy-move\tamper\eb4d60bccd780985d2aa179f60d80c8b.png,UNKNOWN,0.25,OCR_TEXT
C:\Users\jay\Downloads\STFD_ICASSP2023\STFD_ICASSP2023\1_Copy-move\tamper\eb4ec6d341b2ce34141ac9d5f0d2e6db.png,UNKNOWN,0.1,OCR_TEXT
C:\Users\jay\Downloads\STFD_ICASSP2023\STFD_ICASSP2023\1_Copy-move\tamper\eb6b6e9947983b058cf4d794a5d45559.png,UNKNOWN,0.1,OCR_TEXT
C:\Users\jay\Downloads\STFD_ICASSP2023\STFD_ICASSP2023\1_Copy-move\tamper\ebf8362ca8d989498d424c997ec657b9.png,UNKNOWN,0.1,OCR_TEXT
C:\Users\jay\Downloads\STFD_ICASSP2023\STFD_ICASSP2023\1_Copy-move\tamper\ec04e84285d99667f3dcf82869c41218.png,UNKNOWN,0.1,OCR_TEXT
C:\Users\jay\Downloads\STFD_ICASSP2023\STFD_ICASSP2023\1_Copy-move\tamper\ec082376d51e7bcbe8dadabc8eec2987.png,DOCUMENT,0.5,CV_MONOCHROME_DOC+OCR_TEXT
C:\Users\jay\Downloads\STFD_ICASSP2023\STFD_ICASSP2023\1_Copy-move\tamper\ec141a7555429bdf4ae3a8f20bdfd887.png,UNKNOWN,0.25,OCR_TEXT
C:\Users\jay\Downloads\STFD_ICASSP2023\STFD_ICASSP2023\1_Copy-move\tamper\ec33f781c926d6ad21e30f661044e611.png,UNKNOWN,0.25,CV_SETTINGS_GRID+OCR_TEXT
C:\Users\jay\Downloads\STFD_ICASSP2023\STFD_ICASSP2023\1_Copy-move\tamper\ec39586b72a4e91ef437587c1b052129.png,UNKNOWN,0.25,CV_SETTINGS_GRID+OCR_TEXT
C:\Users\jay\Downloads\STFD_ICASSP2023\STFD_ICASSP2023\1_Copy-move\tamper\ec4aec3fe5af39c740641253f2b458a1.png,UNKNOWN,0.1,OCR_TEXT
C:\Users\jay\Downloads\STFD_ICASSP2023\STFD_ICASSP2023\1_Copy-move\tamper\ec7415eaf123f7b35870eedc6911c62c.png,E_COMMERCE,0.35,CV_ECOMMERCE_COLOR+OCR_TEXT
C:\Users\jay\Downloads\STFD_ICASSP2023\STFD_ICASSP2023\1_Copy-move\tamper\ec7c2f79486ed25e3d9d4203db23a771.png,UNKNOWN,0.1,OCR_TEXT
C:\Users\jay\Downloads\STFD_ICASSP2023\STFD_ICASSP2023\1_Copy-move\tamper\ec97c4676285983755adc6e8d224aa34.png,UNKNOWN,0.1,OCR_TEXT
C:\Users\jay\Downloads\STFD_ICASSP2023\STFD_ICASSP2023\1_Copy-move\tamper\ece2c6783baf95582ff8c5c674ef468b.png,UNKNOWN,0.1,VISUAL_HEURISTIC
C:\Users\jay\Downloads\STFD_ICASSP2023\STFD_ICASSP2023\1_Copy-move\tamper\ed020ead140de6e4c9cb011300802ff2.png,UNKNOWN,0.1,OCR_TEXT
C:\Users\jay\Downloads\STFD_ICASSP2023\STFD_ICASSP2023\1_Copy-move\tamper\ed6be2a87f15f595414cd5fd3a72b572.png,UNKNOWN,0.1,OCR_TEXT
C:\Users\jay\Downloads\STFD_ICASSP2023\STFD_ICASSP2023\1_Copy-move\tamper\ed9da72817c6d44b479f3dac7bcf404e.png,E_COMMERCE,0.6,CV_ECOMMERCE_COLOR+OCR_TEXT
C:\Users\jay\Downloads\STFD_ICASSP2023\STFD_ICASSP2023\1_Copy-move\tamper\ede47b78eaa7f74bcabc416ff89e6946.png,UNKNOWN,0.1,OCR_TEXT
C:\Users\jay\Downloads\STFD_ICASSP2023\STFD_ICASSP2023\1_Copy-move\tamper\ee824b9e874de73d0f006b3a204260ca.png,DOCUMENT,0.5,CV_MONOCHROME_DOC+OCR_TEXT
C:\Users\jay\Downloads\STFD_ICASSP2023\STFD_ICASSP2023\1_Copy-move\tamper\eeb4fe05b0073a4d3c5ecb0435968454.png,UNKNOWN,0.1,OCR_TEXT
C:\Users\jay\Downloads\STFD_ICASSP2023\STFD_ICASSP2023\1_Copy-move\tamper\eec6a7fd3fd9f06df2333c8837d0f32c.png,WEB_BROWSING,0.95,OCR_TEXT
C:\Users\jay\Downloads\STFD_ICASSP2023\STFD_ICASSP2023\1_Copy-move\tamper\efdad56a1fdc4d66fdc1e1a983919931.png,UNKNOWN,0.1,OCR_TEXT
C:\Users\jay\Downloads\STFD_ICASSP2023\STFD_ICASSP2023\1_Copy-move\tamper\efe61c8932fa867f6b22f85b5545c0ca.png,WEB_BROWSING,0.95,CV_SETTINGS_GRID+OCR_TEXT
C:\Users\jay\Downloads\STFD_ICASSP2023\STFD_ICASSP2023\1_Copy-move\tamper\f014d85a091d3a521a32e5775b6bb7b1.png,E_COMMERCE,0.35,CV_ECOMMERCE_COLOR+OCR_TEXT
C:\Users\jay\Downloads\STFD_ICASSP2023\STFD_ICASSP2023\1_Copy-move\tamper\f096f6334e7fbc5dd8bbca22e53510a9.png,UNKNOWN,0.35,CV_ECOMMERCE_COLOR+OCR_TEXT
C:\Users\jay\Downloads\STFD_ICASSP2023\STFD_ICASSP2023\1_Copy-move\tamper\f0ceea5e367297ccc2c1386064178a31.png,DOCUMENT,0.5,CV_MONOCHROME_DOC+OCR_TEXT
C:\Users\jay\Downloads\STFD_ICASSP2023\STFD_ICASSP2023\1_Copy-move\tamper\f14bd6aedbd225bff8d99fda10d7eb6d.png,UNKNOWN,0.25,CV_SETTINGS_GRID+OCR_TEXT
C:\Users\jay\Downloads\STFD_ICASSP2023\STFD_ICASSP2023\1_Copy-move\tamper\f1f89314c4c3e81131809a4b549a9818.png,DOCUMENT,0.5,CV_MONOCHROME_DOC+OCR_TEXT
C:\Users\jay\Downloads\STFD_ICASSP2023\STFD_ICASSP2023\1_Copy-move\tamper\f2df84631436c1265879e031d6519554.png,E_COMMERCE,0.35,CV_ECOMMERCE_COLOR+OCR_TEXT
C:\Users\jay\Downloads\STFD_ICASSP2023\STFD_ICASSP2023\1_Copy-move\tamper\f32b3dc37c6e92c75f0b63459538c092.png,MAP_TRANSPORT,0.35,OCR_TEXT
C:\Users\jay\Downloads\STFD_ICASSP2023\STFD_ICASSP2023\1_Copy-move\tamper\f36912f7e9c4afd2e8a70e27a52e23db.png,UNKNOWN,0.1,OCR_TEXT
C:\Users\jay\Downloads\STFD_ICASSP2023\STFD_ICASSP2023\1_Copy-move\tamper\f40b1a96821f87a2ec9a9c1718a82843.png,UNKNOWN,0.1,OCR_TEXT
C:\Users\jay\Downloads\STFD_ICASSP2023\STFD_ICASSP2023\1_Copy-move\tamper\f5101e85c0dde7e34729ff62ded56d12.png,E_COMMERCE,0.35,CV_ECOMMERCE_COLOR+OCR_TEXT
C:\Users\jay\Downloads\STFD_ICASSP2023\STFD_ICASSP2023\1_Copy-move\tamper\f510835078f49b2e25bccd2d2d96aec2.png,E_COMMERCE,0.35,CV_ECOMMERCE_COLOR+OCR_TEXT
C:\Users\jay\Downloads\STFD_ICASSP2023\STFD_ICASSP2023\1_Copy-move\tamper\f524a3ee6b7ea028f5d6ff69464f4036.png,UNKNOWN,0.1,OCR_TEXT
C:\Users\jay\Downloads\STFD_ICASSP2023\STFD_ICASSP2023\1_Copy-move\tamper\f651d06ce5f3bc3ecf27401c839b77b2.png,UNKNOWN,0.1,OCR_TEXT
C:\Users\jay\Downloads\STFD_ICASSP2023\STFD_ICASSP2023\1_Copy-move\tamper\f6686a8857812ab5caaf77ce157effd6.png,UNKNOWN,0.1,OCR_TEXT
C:\Users\jay\Downloads\STFD_ICASSP2023\STFD_ICASSP2023\1_Copy-move\tamper\f6d36c4d3198bf6eccc8858a260fdf13.png,UNKNOWN,0.1,OCR_TEXT
C:\Users\jay\Downloads\STFD_ICASSP2023\STFD_ICASSP2023\1_Copy-move\tamper\f6fb8c9b675467a208528aa6aa067bba.png,E_COMMERCE,0.35,CV_ECOMMERCE_COLOR+OCR_TEXT
C:\Users\jay\Downloads\STFD_ICASSP2023\STFD_ICASSP2023\1_Copy-move\tamper\f71dba59ba9a17fa5443b32a58684609.png,DOCUMENT,0.5,CV_MONOCHROME_DOC+OCR_TEXT
C:\Users\jay\Downloads\STFD_ICASSP2023\STFD_ICASSP2023\1_Copy-move\tamper\f73127add975c99454d60d8fe3ce59de.png,UNKNOWN,0.1,OCR_TEXT
C:\Users\jay\Downloads\STFD_ICASSP2023\STFD_ICASSP2023\1_Copy-move\tamper\f7377cacbef08d9e614d2ffea9754b31.png,UNKNOWN,0.25,OCR_TEXT
C:\Users\jay\Downloads\STFD_ICASSP2023\STFD_ICASSP2023\1_Copy-move\tamper\f786be62daa59b944dbb626f1b6094f3.png,UNKNOWN,0.1,OCR_TEXT
C:\Users\jay\Downloads\STFD_ICASSP2023\STFD_ICASSP2023\1_Copy-move\tamper\f78d17d6d3ae63eebaee174a62ae18eb.png,UNKNOWN,0.1,OCR_TEXT
C:\Users\jay\Downloads\STFD_ICASSP2023\STFD_ICASSP2023\1_Copy-move\tamper\f7d4ff0779e10d2af2cc5a56b236fe46.png,UNKNOWN,0.1,OCR_TEXT
C:\Users\jay\Downloads\STFD_ICASSP2023\STFD_ICASSP2023\1_Copy-move\tamper\f7fce7642151761539a7b4ff73669229.png,UNKNOWN,0.3,OCR_TEXT
C:\Users\jay\Downloads\STFD_ICASSP2023\STFD_ICASSP2023\1_Copy-move\tamper\f80ae14ea0443b0e73cbdaf23b363f05.png,UNKNOWN,0.1,OCR_TEXT
C:\Users\jay\Downloads\STFD_ICASSP2023\STFD_ICASSP2023\1_Copy-move\tamper\f85cb4e81a3119b1d7f732ae2216da49.png,UNKNOWN,0.25,OCR_TEXT
C:\Users\jay\Downloads\STFD_ICASSP2023\STFD_ICASSP2023\1_Copy-move\tamper\f8de2c83f583d807de438d1d632f99d7.png,UNKNOWN,0.25,OCR_TEXT
C:\Users\jay\Downloads\STFD_ICASSP2023\STFD_ICASSP2023\1_Copy-move\tamper\f8e5bf605610efcbf4b3b998ad7fb37c.png,DOCUMENT,0.5,CV_MONOCHROME_DOC+OCR_TEXT
C:\Users\jay\Downloads\STFD_ICASSP2023\STFD_ICASSP2023\1_Copy-move\tamper\fb01db577b1eee164afeb0c97936fc29.png,E_COMMERCE,0.5,OCR_TEXT
C:\Users\jay\Downloads\STFD_ICASSP2023\STFD_ICASSP2023\1_Copy-move\tamper\fb0fb7c3cf765d4357896ff6f8514996.png,UNKNOWN,0.1,OCR_TEXT
C:\Users\jay\Downloads\STFD_ICASSP2023\STFD_ICASSP2023\1_Copy-move\tamper\fb1bc387a45b448ab6765e2840b69511.png,UNKNOWN,0.1,OCR_TEXT
C:\Users\jay\Downloads\STFD_ICASSP2023\STFD_ICASSP2023\1_Copy-move\tamper\fb317735b22868b32746e0e21b45022f.png,UNKNOWN,0.1,OCR_TEXT
C:\Users\jay\Downloads\STFD_ICASSP2023\STFD_ICASSP2023\1_Copy-move\tamper\fb3ab5d861641fe832735e6b72b087eb.png,WEB_BROWSING,0.95,OCR_TEXT
C:\Users\jay\Downloads\STFD_ICASSP2023\STFD_ICASSP2023\1_Copy-move\tamper\fb7d498373b10b2b5154eecd779fcbba.png,UNKNOWN,0.1,OCR_TEXT
C:\Users\jay\Downloads\STFD_ICASSP2023\STFD_ICASSP2023\1_Copy-move\tamper\fba0c83b2c2e1f4a8e17dd817efd3750.png,UNKNOWN,0.1,OCR_TEXT
C:\Users\jay\Downloads\STFD_ICASSP2023\STFD_ICASSP2023\1_Copy-move\tamper\fbc0d70d2afdd9aa773be7b5e93a63f5.png,DOCUMENT,0.5,CV_MONOCHROME_DOC
C:\Users\jay\Downloads\STFD_ICASSP2023\STFD_ICASSP2023\1_Copy-move\tamper\fc0abd466977aa626ea46398186828d1.png,UNKNOWN,0.1,OCR_TEXT
C:\Users\jay\Downloads\STFD_ICASSP2023\STFD_ICASSP2023\1_Copy-move\tamper\fcd03f4cf29f553b34c160fb7d9acb22.png,UNKNOWN,0.25,OCR_TEXT
C:\Users\jay\Downloads\STFD_ICASSP2023\STFD_ICASSP2023\1_Copy-move\tamper\fd33142b7598c9f32a7e66c3de6f245e.png,UNKNOWN,0.1,OCR_TEXT
C:\Users\jay\Downloads\STFD_ICASSP2023\STFD_ICASSP2023\1_Copy-move\tamper\fe591d44ebe6f6fb7d5558cd2b655e49.png,E_COMMERCE,0.35,CV_ECOMMERCE_COLOR+OCR_TEXT
C:\Users\jay\Downloads\STFD_ICASSP2023\STFD_ICASSP2023\1_Copy-move\tamper\fef39373daf104ab6d30bbc6669d831a.png,UNKNOWN,0.1,OCR_TEXT
C:\Users\jay\Downloads\STFD_ICASSP2023\STFD_ICASSP2023\1_Copy-move\tamper\ff01a91214f9d7e7d3ea90151a257bb7.png,E_COMMERCE,0.35,CV_ECOMMERCE_COLOR+OCR_TEXT
C:\Users\jay\Downloads\STFD_ICASSP2023\STFD_ICASSP2023\1_Copy-move\tamper\ffcb0f28b79abd8265c53bf573497f17.png,UNKNOWN,0.1,OCR_TEXT
C:\Users\jay\Downloads\STFD_ICASSP2023\STFD_ICASSP2023\1_Copy-move\tamper\fff61b51e2975c71e1286537cabbe160.png,WEB_BROWSING,0.35,OCR_TEXT
C:\Users\jay\Downloads\STFD_ICASSP2023\STFD_ICASSP2023\2_Splicing\tamper\0049b03c573ed561d785090ee63420ee.png,UNKNOWN,0.1,OCR_TEXT
C:\Users\jay\Downloads\STFD_ICASSP2023\STFD_ICASSP2023\2_Splicing\tamper\00c8c02afa1319445e3cde0a6ea701de.png,UNKNOWN,0.1,OCR_TEXT
C:\Users\jay\Downloads\STFD_ICASSP2023\STFD_ICASSP2023\2_Splicing\tamper\02158dd00f6e0268b2900a554c7eba8d.png,UNKNOWN,0.1,OCR_TEXT
C:\Users\jay\Downloads\STFD_ICASSP2023\STFD_ICASSP2023\2_Splicing\tamper\0282474d93b008c23cab6696ff83e96a.png,UNKNOWN,0.1,OCR_TEXT
C:\Users\jay\Downloads\STFD_ICASSP2023\STFD_ICASSP2023\2_Splicing\tamper\02e9d308c5b7eb99a01a69d2ae76906d.png,UNKNOWN,0.1,OCR_TEXT
C:\Users\jay\Downloads\STFD_ICASSP2023\STFD_ICASSP2023\2_Splicing\tamper\033a5ef84f0983399db2f0230ff7b737.png,UNKNOWN,0.1,OCR_TEXT
C:\Users\jay\Downloads\STFD_ICASSP2023\STFD_ICASSP2023\2_Splicing\tamper\0362a0db49f52043091b11d3eab636e4.png,UNKNOWN,0.1,OCR_TEXT
C:\Users\jay\Downloads\STFD_ICASSP2023\STFD_ICASSP2023\2_Splicing\tamper\036a1df737cf6d4c64381456feadb109.png,UNKNOWN,0.1,OCR_TEXT
C:\Users\jay\Downloads\STFD_ICASSP2023\STFD_ICASSP2023\2_Splicing\tamper\03bb93c9e2cf0a8523ddd6520a89ccf8.png,DOCUMENT,0.5,CV_MONOCHROME_DOC+OCR_TEXT
C:\Users\jay\Downloads\STFD_ICASSP2023\STFD_ICASSP2023\2_Splicing\tamper\0409c12ec76f0312e10f90c33f601068.png,UNKNOWN,0.1,OCR_TEXT
C:\Users\jay\Downloads\STFD_ICASSP2023\STFD_ICASSP2023\2_Splicing\tamper\05fbb372c49efcbb300980457f6bfa8f.png,MAP_TRANSPORT,0.35,OCR_TEXT
C:\Users\jay\Downloads\STFD_ICASSP2023\STFD_ICASSP2023\2_Splicing\tamper\060cf1dcf36244c5ac867cfad57eb939.png,DOCUMENT,0.5,CV_MONOCHROME_DOC+OCR_TEXT
C:\Users\jay\Downloads\STFD_ICASSP2023\STFD_ICASSP2023\2_Splicing\tamper\06463fc071934cb7c869b31d8a6cec9c.png,MAP_TRANSPORT,0.35,OCR_TEXT
C:\Users\jay\Downloads\STFD_ICASSP2023\STFD_ICASSP2023\2_Splicing\tamper\066b238a82cfc76c29df1ad62b562bb7.png,UNKNOWN,0.1,OCR_TEXT
C:\Users\jay\Downloads\STFD_ICASSP2023\STFD_ICASSP2023\2_Splicing\tamper\067cfe272d30598edf0fd675e8c6b87b.png,UNKNOWN,0.25,OCR_TEXT
C:\Users\jay\Downloads\STFD_ICASSP2023\STFD_ICASSP2023\2_Splicing\tamper\0693c0263fd62f1fdfc8ecb1c5e35311.png,UNKNOWN,0.25,OCR_TEXT
C:\Users\jay\Downloads\STFD_ICASSP2023\STFD_ICASSP2023\2_Splicing\tamper\06b1a00555316bed73f3b0480d8fa52e.png,WEB_BROWSING,0.7,OCR_TEXT
C:\Users\jay\Downloads\STFD_ICASSP2023\STFD_ICASSP2023\2_Splicing\tamper\0752dd5c028496df1420a8de1c82d5ae.png,UNKNOWN,0.25,CV_SETTINGS_GRID+OCR_TEXT
C:\Users\jay\Downloads\STFD_ICASSP2023\STFD_ICASSP2023\2_Splicing\tamper\076f040274fb7b77facfc0482a0a578c.png,E_COMMERCE,0.35,CV_ECOMMERCE_COLOR+OCR_TEXT
C:\Users\jay\Downloads\STFD_ICASSP2023\STFD_ICASSP2023\2_Splicing\tamper\07f3a5d7256defcb90753c225220352c.png,UNKNOWN,0.1,OCR_TEXT
C:\Users\jay\Downloads\STFD_ICASSP2023\STFD_ICASSP2023\2_Splicing\tamper\08d9b3851ea2795f75989aabd3afddea.png,E_COMMERCE,0.35,CV_ECOMMERCE_COLOR+OCR_TEXT
C:\Users\jay\Downloads\STFD_ICASSP2023\STFD_ICASSP2023\2_Splicing\tamper\099134d934e0fa3c844010a83c4df9b4.png,UNKNOWN,0.1,OCR_TEXT
C:\Users\jay\Downloads\STFD_ICASSP2023\STFD_ICASSP2023\2_Splicing\tamper\09d72b23acc7c1ec50f5aa1d99b8f92a.png,UNKNOWN,0.1,OCR_TEXT
C:\Users\jay\Downloads\STFD_ICASSP2023\STFD_ICASSP2023\2_Splicing\tamper\09ea240e1b565e6553ba50b99cdf5512.png,DOCUMENT,0.5,CV_MONOCHROME_DOC+OCR_TEXT
C:\Users\jay\Downloads\STFD_ICASSP2023\STFD_ICASSP2023\2_Splicing\tamper\09ef34c91b6e5a78c1c2ec5446ea1c27.png,UNKNOWN,0.1,OCR_TEXT
C:\Users\jay\Downloads\STFD_ICASSP2023\STFD_ICASSP2023\2_Splicing\tamper\0a801989ef79143d0b5a4f784a7f556f.png,E_COMMERCE,0.35,CV_ECOMMERCE_COLOR+OCR_TEXT
C:\Users\jay\Downloads\STFD_ICASSP2023\STFD_ICASSP2023\2_Splicing\tamper\0a8fd2129a9c176128d4a728c5a11f79.png,UNKNOWN,0.1,OCR_TEXT
C:\Users\jay\Downloads\STFD_ICASSP2023\STFD_ICASSP2023\2_Splicing\tamper\0a91a7d79de0bff44f90ad13f31d6c26.png,UNKNOWN,0.1,OCR_TEXT
C:\Users\jay\Downloads\STFD_ICASSP2023\STFD_ICASSP2023\2_Splicing\tamper\0b07a5c9f273aae5690d374d0de14683.png,UNKNOWN,0.1,OCR_TEXT
C:\Users\jay\Downloads\STFD_ICASSP2023\STFD_ICASSP2023\2_Splicing\tamper\0b5746c46964a7cb5a2816c593738ad5.png,UNKNOWN,0.1,OCR_TEXT
C:\Users\jay\Downloads\STFD_ICASSP2023\STFD_ICASSP2023\2_Splicing\tamper\0b6c822cdb48a342c64a38551bf1a26d.png,UNKNOWN,0.1,VISUAL_HEURISTIC
C:\Users\jay\Downloads\STFD_ICASSP2023\STFD_ICASSP2023\2_Splicing\tamper\0b77b1d80fc44728edca27fbee61150b.png,UNKNOWN,0.25,CV_SETTINGS_GRID+OCR_TEXT
C:\Users\jay\Downloads\STFD_ICASSP2023\STFD_ICASSP2023\2_Splicing\tamper\0b81e94157d5b5169596ed1b8b4d0373.png,DOCUMENT,0.5,CV_MONOCHROME_DOC+OCR_TEXT
C:\Users\jay\Downloads\STFD_ICASSP2023\STFD_ICASSP2023\2_Splicing\tamper\0bc995b07a1b6499e72eadfad7c9f7b7.png,UNKNOWN,0.1,OCR_TEXT
C:\Users\jay\Downloads\STFD_ICASSP2023\STFD_ICASSP2023\2_Splicing\tamper\0bd3706c82c685061a57b0bb17e65d95.png,UNKNOWN,0.1,OCR_TEXT
C:\Users\jay\Downloads\STFD_ICASSP2023\STFD_ICASSP2023\2_Splicing\tamper\0c1f7a4a11cfb54397cbbb72c6126341.png,UNKNOWN,0.1,OCR_TEXT
C:\Users\jay\Downloads\STFD_ICASSP2023\STFD_ICASSP2023\2_Splicing\tamper\0c7aeb7177c0303b2b0d5aa215ace3b7.png,UNKNOWN,0.25,OCR_TEXT
C:\Users\jay\Downloads\STFD_ICASSP2023\STFD_ICASSP2023\2_Splicing\tamper\0cac4a5c34f2949d5e3fd7f48dd3a408.png,DOCUMENT,0.5,CV_MONOCHROME_DOC+OCR_TEXT
C:\Users\jay\Downloads\STFD_ICASSP2023\STFD_ICASSP2023\2_Splicing\tamper\0ce33a93f263b7982e805ed95772c445.png,DOCUMENT,0.5,CV_MONOCHROME_DOC+CV_SETTINGS_GRID+OCR_TEXT
C:\Users\jay\Downloads\STFD_ICASSP2023\STFD_ICASSP2023\2_Splicing\tamper\0d8d1a5562381856efd717664bfcf9f3.png,UNKNOWN,0.25,OCR_TEXT
C:\Users\jay\Downloads\STFD_ICASSP2023\STFD_ICASSP2023\2_Splicing\tamper\0d8f792dbe16eec04d5c6dbf01999b6d.png,UNKNOWN,0.1,OCR_TEXT
C:\Users\jay\Downloads\STFD_ICASSP2023\STFD_ICASSP2023\2_Splicing\tamper\0db3bba07b32afb5c2263df8d77ce77b.png,UNKNOWN,0.25,CV_SETTINGS_GRID+OCR_TEXT
C:\Users\jay\Downloads\STFD_ICASSP2023\STFD_ICASSP2023\2_Splicing\tamper\0dd9b9148f0e12365114f84abc391925.png,UNKNOWN,0.1,OCR_TEXT
C:\Users\jay\Downloads\STFD_ICASSP2023\STFD_ICASSP2023\2_Splicing\tamper\0e44c157d699c9d4e2b148ebc1bb2a0a.png,UNKNOWN,0.1,OCR_TEXT
C:\Users\jay\Downloads\STFD_ICASSP2023\STFD_ICASSP2023\2_Splicing\tamper\0e5c800be8cc6a60bdc076a6470e2040.png,UNKNOWN,0.3,OCR_TEXT
C:\Users\jay\Downloads\STFD_ICASSP2023\STFD_ICASSP2023\2_Splicing\tamper\0ead1f356ef43910e407bd0f3f1111b1.png,DOCUMENT,0.5,CV_MONOCHROME_DOC+OCR_TEXT
C:\Users\jay\Downloads\STFD_ICASSP2023\STFD_ICASSP2023\2_Splicing\tamper\0edd95a2575e16a0c776e220f11722c7.png,UNKNOWN,0.1,OCR_TEXT
C:\Users\jay\Downloads\STFD_ICASSP2023\STFD_ICASSP2023\2_Splicing\tamper\0ef67b1e170bff4b19e925ca997a3e17.png,UNKNOWN,0.1,OCR_TEXT
C:\Users\jay\Downloads\STFD_ICASSP2023\STFD_ICASSP2023\2_Splicing\tamper\0fc3db85a1dd67e3924dba3a5865d7b7.png,MAP_TRANSPORT,0.35,OCR_TEXT
C:\Users\jay\Downloads\STFD_ICASSP2023\STFD_ICASSP2023\2_Splicing\tamper\1013128e31ace81489fce3a6d11ea3ea.png,UNKNOWN,0.1,OCR_TEXT
C:\Users\jay\Downloads\STFD_ICASSP2023\STFD_ICASSP2023\2_Splicing\tamper\10a4764bea2bc2a5c5af5a34340d25f8.png,DOCUMENT,0.5,CV_MONOCHROME_DOC+OCR_TEXT
C:\Users\jay\Downloads\STFD_ICASSP2023\STFD_ICASSP2023\2_Splicing\tamper\10dfa1c841a925fa83e7da27cfda86ae.png,UNKNOWN,0.3,CV_SETTINGS_GRID+OCR_TEXT
C:\Users\jay\Downloads\STFD_ICASSP2023\STFD_ICASSP2023\2_Splicing\tamper\1114577a0219fcf6cc157d86e89b3867.png,UNKNOWN,0.1,OCR_TEXT
C:\Users\jay\Downloads\STFD_ICASSP2023\STFD_ICASSP2023\2_Splicing\tamper\112d6709feb3e172ca09b9e0e647586e.png,DOCUMENT,0.5,CV_MONOCHROME_DOC+OCR_TEXT
C:\Users\jay\Downloads\STFD_ICASSP2023\STFD_ICASSP2023\2_Splicing\tamper\117bb50d1c891f0078c44ce0fc5e69b1.png,UNKNOWN,0.1,OCR_TEXT
C:\Users\jay\Downloads\STFD_ICASSP2023\STFD_ICASSP2023\2_Splicing\tamper\1220a547730c899ed1300b1435b0b30f.png,MAP_TRANSPORT,0.35,OCR_TEXT
C:\Users\jay\Downloads\STFD_ICASSP2023\STFD_ICASSP2023\2_Splicing\tamper\12539abffcb933bb9e3e45d372191301.png,UNKNOWN,0.1,OCR_TEXT
C:\Users\jay\Downloads\STFD_ICASSP2023\STFD_ICASSP2023\2_Splicing\tamper\125e342ba0c0c7e1812f8dfb6d8006e4.png,UNKNOWN,0.25,OCR_TEXT
C:\Users\jay\Downloads\STFD_ICASSP2023\STFD_ICASSP2023\2_Splicing\tamper\1292b1a035bbb4bd8f7be8dfc6b385c8.png,UNKNOWN,0.1,OCR_TEXT
C:\Users\jay\Downloads\STFD_ICASSP2023\STFD_ICASSP2023\2_Splicing\tamper\12968be4d03032b72e8c87550ded8f4e.png,UNKNOWN,0.1,OCR_TEXT
C:\Users\jay\Downloads\STFD_ICASSP2023\STFD_ICASSP2023\2_Splicing\tamper\129e1f33fc7b01e8b10c028d80e6af27.png,DOCUMENT,0.5,CV_MONOCHROME_DOC+OCR_TEXT
C:\Users\jay\Downloads\STFD_ICASSP2023\STFD_ICASSP2023\2_Splicing\tamper\12cd163527168dffe7fe99e82f4618d8.png,UNKNOWN,0.25,CV_SETTINGS_GRID+OCR_TEXT
C:\Users\jay\Downloads\STFD_ICASSP2023\STFD_ICASSP2023\2_Splicing\tamper\12d43147b22827d3b564078e195e2d23.png,E_COMMERCE,0.35,CV_ECOMMERCE_COLOR+OCR_TEXT
C:\Users\jay\Downloads\STFD_ICASSP2023\STFD_ICASSP2023\2_Splicing\tamper\131516d47fca399846b94954e00fb583.png,DOCUMENT,0.5,CV_MONOCHROME_DOC+OCR_TEXT
C:\Users\jay\Downloads\STFD_ICASSP2023\STFD_ICASSP2023\2_Splicing\tamper\13ab6d5541a4e46f996d98fc916d371b.png,UNKNOWN,0.1,OCR_TEXT
C:\Users\jay\Downloads\STFD_ICASSP2023\STFD_ICASSP2023\2_Splicing\tamper\141da324d408c9539164427bad3416af.png,DOCUMENT,0.5,CV_MONOCHROME_DOC+OCR_TEXT
C:\Users\jay\Downloads\STFD_ICASSP2023\STFD_ICASSP2023\2_Splicing\tamper\14484db6010f0e1e11093ef65d1fd6b8.png,UNKNOWN,0.25,OCR_TEXT
C:\Users\jay\Downloads\STFD_ICASSP2023\STFD_ICASSP2023\2_Splicing\tamper\1454bb2d938904885a07bff06b1aeed3.png,UNKNOWN,0.25,OCR_TEXT
C:\Users\jay\Downloads\STFD_ICASSP2023\STFD_ICASSP2023\2_Splicing\tamper\14df3768fc1528798dc15a34e8151864.png,UNKNOWN,0.25,OCR_TEXT
C:\Users\jay\Downloads\STFD_ICASSP2023\STFD_ICASSP2023\2_Splicing\tamper\14e021bc2ebe19b76947389fa3c712fa.png,UNKNOWN,0.25,CV_SETTINGS_GRID+OCR_TEXT
C:\Users\jay\Downloads\STFD_ICASSP2023\STFD_ICASSP2023\2_Splicing\tamper\14f8bcc005d31e673a53ce24480d3119.png,UNKNOWN,0.1,VISUAL_HEURISTIC
C:\Users\jay\Downloads\STFD_ICASSP2023\STFD_ICASSP2023\2_Splicing\tamper\15766c51391994d14659e53b6044de9b.png,DOCUMENT,0.5,CV_MONOCHROME_DOC+CV_SETTINGS_GRID+OCR_TEXT
C:\Users\jay\Downloads\STFD_ICASSP2023\STFD_ICASSP2023\2_Splicing\tamper\1589f92a24325a415926de11d491f3b5.png,UNKNOWN,0.35,CV_ECOMMERCE_COLOR+CV_SETTINGS_GRID+OCR_TEXT
C:\Users\jay\Downloads\STFD_ICASSP2023\STFD_ICASSP2023\2_Splicing\tamper\15bec054d323462c7cc34a229ebc5295.png,E_COMMERCE,0.35,CV_ECOMMERCE_COLOR+OCR_TEXT
C:\Users\jay\Downloads\STFD_ICASSP2023\STFD_ICASSP2023\2_Splicing\tamper\15ee1bd39e9d8b0e016ede69a5edf7b9.png,UNKNOWN,0.1,OCR_TEXT
C:\Users\jay\Downloads\STFD_ICASSP2023\STFD_ICASSP2023\2_Splicing\tamper\176facc3ab4cded07866934d63cafc39.png,DOCUMENT,0.5,CV_MONOCHROME_DOC+OCR_TEXT
C:\Users\jay\Downloads\STFD_ICASSP2023\STFD_ICASSP2023\2_Splicing\tamper\17bfb8aadd6d5d71b4cc2b19476d5741.png,DOCUMENT,0.5,CV_MONOCHROME_DOC+OCR_TEXT
C:\Users\jay\Downloads\STFD_ICASSP2023\STFD_ICASSP2023\2_Splicing\tamper\17e7285d95837f602c43dd7eb1fb45a9.png,UNKNOWN,0.25,CV_SETTINGS_GRID+OCR_TEXT
C:\Users\jay\Downloads\STFD_ICASSP2023\STFD_ICASSP2023\2_Splicing\tamper\187c8470bc8e9d4477fd6e016b690b44.png,UNKNOWN,0.1,OCR_TEXT
C:\Users\jay\Downloads\STFD_ICASSP2023\STFD_ICASSP2023\2_Splicing\tamper\196442f74f580afa369ec9654d14bc88.png,UNKNOWN,0.1,OCR_TEXT
C:\Users\jay\Downloads\STFD_ICASSP2023\STFD_ICASSP2023\2_Splicing\tamper\19c281312614fb922d8de8eb98366e94.png,UNKNOWN,0.35,CV_ECOMMERCE_COLOR+OCR_TEXT
C:\Users\jay\Downloads\STFD_ICASSP2023\STFD_ICASSP2023\2_Splicing\tamper\19e2349872c4a6554786ea6699a32e0f.png,UNKNOWN,0.1,OCR_TEXT
C:\Users\jay\Downloads\STFD_ICASSP2023\STFD_ICASSP2023\2_Splicing\tamper\1a0e8c183a6a8367b79b398b34ae2224.png,DOCUMENT,0.5,CV_MONOCHROME_DOC+OCR_TEXT
C:\Users\jay\Downloads\STFD_ICASSP2023\STFD_ICASSP2023\2_Splicing\tamper\1b1e4e8c4a2c4625428e40bf2a5e1e36.png,UNKNOWN,0.3,CV_SETTINGS_GRID+OCR_TEXT
C:\Users\jay\Downloads\STFD_ICASSP2023\STFD_ICASSP2023\2_Splicing\tamper\1b45b7e33f3ff2b4a65bb3d1634d0612.png,UNKNOWN,0.1,OCR_TEXT
C:\Users\jay\Downloads\STFD_ICASSP2023\STFD_ICASSP2023\2_Splicing\tamper\1b67d5cc1882c01cca0cd70bab9a88a3.png,UNKNOWN,0.1,OCR_TEXT
C:\Users\jay\Downloads\STFD_ICASSP2023\STFD_ICASSP2023\2_Splicing\tamper\1c4ca3eba9a78cc0e4f218c2173fb956.png,DOCUMENT,0.5,CV_MONOCHROME_DOC+OCR_TEXT
C:\Users\jay\Downloads\STFD_ICASSP2023\STFD_ICASSP2023\2_Splicing\tamper\1c8091e385ffb94ea2b23ea777660580.png,UNKNOWN,0.1,OCR_TEXT
C:\Users\jay\Downloads\STFD_ICASSP2023\STFD_ICASSP2023\2_Splicing\tamper\1cbb7014a4ab7c85203583827419bc88.png,E_COMMERCE,0.35,CV_ECOMMERCE_COLOR+OCR_TEXT
C:\Users\jay\Downloads\STFD_ICASSP2023\STFD_ICASSP2023\2_Splicing\tamper\1d432142e61a515042d14e1ba34f0a98.png,E_COMMERCE,0.35,CV_ECOMMERCE_COLOR+CV_SETTINGS_GRID+OCR_TEXT
C:\Users\jay\Downloads\STFD_ICASSP2023\STFD_ICASSP2023\2_Splicing\tamper\1d53f007154ec62cb9ffb83a0676d8a9.png,UNKNOWN,0.1,OCR_TEXT
C:\Users\jay\Downloads\STFD_ICASSP2023\STFD_ICASSP2023\2_Splicing\tamper\1d7aff1c6d1742d162fee71e45d80104.png,UNKNOWN,0.1,OCR_TEXT
C:\Users\jay\Downloads\STFD_ICASSP2023\STFD_ICASSP2023\2_Splicing\tamper\1dc439aaf40b6f694c0a1b261e5a4765.png,UNKNOWN,0.1,OCR_TEXT
C:\Users\jay\Downloads\STFD_ICASSP2023\STFD_ICASSP2023\2_Splicing\tamper\1dd6c5e70477fb52b763446867785624.png,UNKNOWN,0.1,OCR_TEXT
C:\Users\jay\Downloads\STFD_ICASSP2023\STFD_ICASSP2023\2_Splicing\tamper\1dd862c6092219831ee7d92671d9d548.png,UNKNOWN,0.1,OCR_TEXT
C:\Users\jay\Downloads\STFD_ICASSP2023\STFD_ICASSP2023\2_Splicing\tamper\1dde59558370fe0b195abb41c2e85c05.png,UNKNOWN,0.1,OCR_TEXT
C:\Users\jay\Downloads\STFD_ICASSP2023\STFD_ICASSP2023\2_Splicing\tamper\1e5595ea70487429bc5a17e0b2f4ee20.png,E_COMMERCE,0.35,CV_ECOMMERCE_COLOR+OCR_TEXT
C:\Users\jay\Downloads\STFD_ICASSP2023\STFD_ICASSP2023\2_Splicing\tamper\1eba4f8079e059d5ac51866e1e1d7c6e.png,UNKNOWN,0.1,OCR_TEXT
C:\Users\jay\Downloads\STFD_ICASSP2023\STFD_ICASSP2023\2_Splicing\tamper\1ecad681f1684c8801f5d33e46101297.png,UNKNOWN,0.1,OCR_TEXT
C:\Users\jay\Downloads\STFD_ICASSP2023\STFD_ICASSP2023\2_Splicing\tamper\1ee6eee5fb96a4b5b37dee19f2b28035.png,E_COMMERCE,0.35,CV_ECOMMERCE_COLOR+OCR_TEXT
C:\Users\jay\Downloads\STFD_ICASSP2023\STFD_ICASSP2023\2_Splicing\tamper\1f1f124e5d2f5b26792c7d910bfa358d.png,DOCUMENT,0.5,CV_MONOCHROME_DOC+OCR_TEXT
C:\Users\jay\Downloads\STFD_ICASSP2023\STFD_ICASSP2023\2_Splicing\tamper\1fe527c20071cb904644c57dc12ed10a.png,UNKNOWN,0.25,OCR_TEXT
C:\Users\jay\Downloads\STFD_ICASSP2023\STFD_ICASSP2023\2_Splicing\tamper\200938d56c256a20e7208a1b971318eb.png,UNKNOWN,0.25,OCR_TEXT
C:\Users\jay\Downloads\STFD_ICASSP2023\STFD_ICASSP2023\2_Splicing\tamper\20bc94ca66f9537bc397a58f1e21795d.png,E_COMMERCE,0.35,CV_ECOMMERCE_COLOR
C:\Users\jay\Downloads\STFD_ICASSP2023\STFD_ICASSP2023\2_Splicing\tamper\20f9bf63a630ef4ac61c1e8ed0a78fa3.png,DOCUMENT,0.5,CV_MONOCHROME_DOC+OCR_TEXT
C:\Users\jay\Downloads\STFD_ICASSP2023\STFD_ICASSP2023\2_Splicing\tamper\21f0822456e04e9faca2336c05d7595d.png,E_COMMERCE,0.35,CV_ECOMMERCE_COLOR+OCR_TEXT
C:\Users\jay\Downloads\STFD_ICASSP2023\STFD_ICASSP2023\2_Splicing\tamper\2207ef14f180d85ca9fef4a09a1d96f5.png,DOCUMENT,0.5,CV_MONOCHROME_DOC+OCR_TEXT
C:\Users\jay\Downloads\STFD_ICASSP2023\STFD_ICASSP2023\2_Splicing\tamper\22e38502791ba196107979b590681982.png,DOCUMENT,0.5,CV_MONOCHROME_DOC+OCR_TEXT
C:\Users\jay\Downloads\STFD_ICASSP2023\STFD_ICASSP2023\2_Splicing\tamper\23421c9293a620da5f018e1dc9e90991.png,DOCUMENT,0.5,CV_MONOCHROME_DOC+OCR_TEXT
C:\Users\jay\Downloads\STFD_ICASSP2023\STFD_ICASSP2023\2_Splicing\tamper\236eb794f5805ce28ab0994175c7642c.png,E_COMMERCE,0.35,CV_ECOMMERCE_COLOR+OCR_TEXT
C:\Users\jay\Downloads\STFD_ICASSP2023\STFD_ICASSP2023\2_Splicing\tamper\23e7d104847e2b0900b8d1ad3e374a7f.png,UNKNOWN,0.1,OCR_TEXT
C:\Users\jay\Downloads\STFD_ICASSP2023\STFD_ICASSP2023\2_Splicing\tamper\23f01c6f924399c00d698b087002c4fa.png,UNKNOWN,0.1,OCR_TEXT
C:\Users\jay\Downloads\STFD_ICASSP2023\STFD_ICASSP2023\2_Splicing\tamper\24096a2bf3a3632f7a24e9035090767c.png,UNKNOWN,0.25,OCR_TEXT
C:\Users\jay\Downloads\STFD_ICASSP2023\STFD_ICASSP2023\2_Splicing\tamper\243350c2f6f4f1a2afaeefb3d4f6bc63.png,DOCUMENT,0.5,CV_MONOCHROME_DOC+OCR_TEXT
C:\Users\jay\Downloads\STFD_ICASSP2023\STFD_ICASSP2023\2_Splicing\tamper\244c879f5ad34ffdf5a74427b30f5f20.png,UNKNOWN,0.1,OCR_TEXT
C:\Users\jay\Downloads\STFD_ICASSP2023\STFD_ICASSP2023\2_Splicing\tamper\2458efdaa4fa28a7fa1771659db4418a.png,E_COMMERCE,0.6,CV_ECOMMERCE_COLOR+OCR_TEXT
C:\Users\jay\Downloads\STFD_ICASSP2023\STFD_ICASSP2023\2_Splicing\tamper\250b1bec7e46f0a581a3a9d317a21f1e.png,UNKNOWN,0.1,OCR_TEXT
C:\Users\jay\Downloads\STFD_ICASSP2023\STFD_ICASSP2023\2_Splicing\tamper\25a16c18f4423445f61b34ae398c2ad7.png,UNKNOWN,0.1,OCR_TEXT
C:\Users\jay\Downloads\STFD_ICASSP2023\STFD_ICASSP2023\2_Splicing\tamper\261e4e0462b2848046f1caeede15b587.png,UNKNOWN,0.1,OCR_TEXT
C:\Users\jay\Downloads\STFD_ICASSP2023\STFD_ICASSP2023\2_Splicing\tamper\2626bcc005a8cbe007c0adec24e247a0.png,UNKNOWN,0.1,OCR_TEXT
C:\Users\jay\Downloads\STFD_ICASSP2023\STFD_ICASSP2023\2_Splicing\tamper\26cda2118cf37184a29551df9eb7044f.png,UNKNOWN,0.1,OCR_TEXT
C:\Users\jay\Downloads\STFD_ICASSP2023\STFD_ICASSP2023\2_Splicing\tamper\26d0e525652673a5b2f8d95a1e5bc421.png,DOCUMENT,0.5,CV_MONOCHROME_DOC+OCR_TEXT
C:\Users\jay\Downloads\STFD_ICASSP2023\STFD_ICASSP2023\2_Splicing\tamper\271fef768dfcd8b16d0db4206ae0e2f2.png,UNKNOWN,0.1,OCR_TEXT
C:\Users\jay\Downloads\STFD_ICASSP2023\STFD_ICASSP2023\2_Splicing\tamper\276700b48c64b53554095775069b9762.png,E_COMMERCE,0.35,CV_ECOMMERCE_COLOR+OCR_TEXT
C:\Users\jay\Downloads\STFD_ICASSP2023\STFD_ICASSP2023\2_Splicing\tamper\276baed752ce32f8389439119495e54f.png,E_COMMERCE,0.35,CV_ECOMMERCE_COLOR+OCR_TEXT
C:\Users\jay\Downloads\STFD_ICASSP2023\STFD_ICASSP2023\2_Splicing\tamper\28534c5eeb15104e34322b1730134429.png,UNKNOWN,0.1,OCR_TEXT
C:\Users\jay\Downloads\STFD_ICASSP2023\STFD_ICASSP2023\2_Splicing\tamper\2864310abdadc75ac842ae6005ed96dd.png,UNKNOWN,0.25,CV_SETTINGS_GRID+OCR_TEXT
C:\Users\jay\Downloads\STFD_ICASSP2023\STFD_ICASSP2023\2_Splicing\tamper\2876f2c702377e7d46eb4744d38f5158.png,E_COMMERCE,0.35,CV_ECOMMERCE_COLOR+CV_SETTINGS_GRID+OCR_TEXT
C:\Users\jay\Downloads\STFD_ICASSP2023\STFD_ICASSP2023\2_Splicing\tamper\28793aef59eb6f97fc6c53b3026d283a.png,UNKNOWN,0.1,OCR_TEXT
C:\Users\jay\Downloads\STFD_ICASSP2023\STFD_ICASSP2023\2_Splicing\tamper\2880d22eb67b3efcfc8996411e5f2aef.png,UNKNOWN,0.1,OCR_TEXT
C:\Users\jay\Downloads\STFD_ICASSP2023\STFD_ICASSP2023\2_Splicing\tamper\29389d1eddfeb409a1279015d9f23e96.png,UNKNOWN,0.1,OCR_TEXT
C:\Users\jay\Downloads\STFD_ICASSP2023\STFD_ICASSP2023\2_Splicing\tamper\294d2d439191d2a27f2a8de58b2af15e.png,E_COMMERCE,0.35,CV_ECOMMERCE_COLOR+OCR_TEXT
C:\Users\jay\Downloads\STFD_ICASSP2023\STFD_ICASSP2023\2_Splicing\tamper\297b32b0503cc4c0fa04ab85b42ed414.png,UNKNOWN,0.1,OCR_TEXT
C:\Users\jay\Downloads\STFD_ICASSP2023\STFD_ICASSP2023\2_Splicing\tamper\29adc63df1d2d0f152d30083c08200f9.png,UNKNOWN,0.1,OCR_TEXT
C:\Users\jay\Downloads\STFD_ICASSP2023\STFD_ICASSP2023\2_Splicing\tamper\2a082fc8033d77cdafb53cb720202394.png,DOCUMENT,0.5,CV_MONOCHROME_DOC+OCR_TEXT
C:\Users\jay\Downloads\STFD_ICASSP2023\STFD_ICASSP2023\2_Splicing\tamper\2a09919309c9ca55e478adb58b488884.png,WEB_BROWSING,0.35,OCR_TEXT
C:\Users\jay\Downloads\STFD_ICASSP2023\STFD_ICASSP2023\2_Splicing\tamper\2ab617399c9c36dbcacd4ccbed0d3f45.png,UNKNOWN,0.1,OCR_TEXT
C:\Users\jay\Downloads\STFD_ICASSP2023\STFD_ICASSP2023\2_Splicing\tamper\2af2620af0d4760566fd6e18c08159c8.png,UNKNOWN,0.1,OCR_TEXT
C:\Users\jay\Downloads\STFD_ICASSP2023\STFD_ICASSP2023\2_Splicing\tamper\2afc0a1675c0a2e25ec995d1d3887daa.png,UNKNOWN,0.1,OCR_TEXT
C:\Users\jay\Downloads\STFD_ICASSP2023\STFD_ICASSP2023\2_Splicing\tamper\2b04713f801a36e4aa154086b6ec1b03.png,UNKNOWN,0.1,OCR_TEXT
C:\Users\jay\Downloads\STFD_ICASSP2023\STFD_ICASSP2023\2_Splicing\tamper\2b05182b9aec23a3b6b7d7dbbb96a2b6.png,UNKNOWN,0.25,OCR_TEXT
C:\Users\jay\Downloads\STFD_ICASSP2023\STFD_ICASSP2023\2_Splicing\tamper\2b173807fec9dd034205c44a050abb61.png,UNKNOWN,0.1,OCR_TEXT
C:\Users\jay\Downloads\STFD_ICASSP2023\STFD_ICASSP2023\2_Splicing\tamper\2c1d48e2b23ae41f15159c7073149b76.png,UNKNOWN,0.1,OCR_TEXT
C:\Users\jay\Downloads\STFD_ICASSP2023\STFD_ICASSP2023\2_Splicing\tamper\2ce718a0a0619d53b24d895bc4b8c25c.png,UNKNOWN,0.1,OCR_TEXT
C:\Users\jay\Downloads\STFD_ICASSP2023\STFD_ICASSP2023\2_Splicing\tamper\2ceae21aa971b8c26829ce672a8f7a44.png,UNKNOWN,0.25,CV_SETTINGS_GRID+OCR_TEXT
C:\Users\jay\Downloads\STFD_ICASSP2023\STFD_ICASSP2023\2_Splicing\tamper\2d51c176a698aea7347bbbf7252e51b2.png,UNKNOWN,0.1,OCR_TEXT
C:\Users\jay\Downloads\STFD_ICASSP2023\STFD_ICASSP2023\2_Splicing\tamper\2dba182a081d7f56f22e5f8656fb13b3.png,UNKNOWN,0.1,OCR_TEXT
C:\Users\jay\Downloads\STFD_ICASSP2023\STFD_ICASSP2023\2_Splicing\tamper\2dcfb1ed6bb8caff9e03a5b942d5ebc5.png,UNKNOWN,0.1,OCR_TEXT
C:\Users\jay\Downloads\STFD_ICASSP2023\STFD_ICASSP2023\2_Splicing\tamper\2ddad6d086f2105601004f6214ca5842.png,E_COMMERCE,0.35,CV_ECOMMERCE_COLOR+OCR_TEXT
C:\Users\jay\Downloads\STFD_ICASSP2023\STFD_ICASSP2023\2_Splicing\tamper\2e66bd532b9d1950694a5a6d239163d0.png,MAP_TRANSPORT,0.35,CV_SETTINGS_GRID+OCR_TEXT
C:\Users\jay\Downloads\STFD_ICASSP2023\STFD_ICASSP2023\2_Splicing\tamper\3042a49aad87d412c6e5627d61d9dd0d.png,UNKNOWN,0.1,OCR_TEXT
C:\Users\jay\Downloads\STFD_ICASSP2023\STFD_ICASSP2023\2_Splicing\tamper\305b100485755473ecff1b79c0ce39b8.png,UNKNOWN,0.25,CV_SETTINGS_GRID+OCR_TEXT
C:\Users\jay\Downloads\STFD_ICASSP2023\STFD_ICASSP2023\2_Splicing\tamper\3070571d744ff2195996d010ca9c850c.png,UNKNOWN,0.25,OCR_TEXT
C:\Users\jay\Downloads\STFD_ICASSP2023\STFD_ICASSP2023\2_Splicing\tamper\30d2d70faf6e3fdf3f12a33d466c3817.png,UNKNOWN,0.25,OCR_TEXT
C:\Users\jay\Downloads\STFD_ICASSP2023\STFD_ICASSP2023\2_Splicing\tamper\30fa6b93189e5e26ac8271ec500cdcc7.png,UNKNOWN,0.1,OCR_TEXT
C:\Users\jay\Downloads\STFD_ICASSP2023\STFD_ICASSP2023\2_Splicing\tamper\3171d3a9c15436e29e539d2afb03d795.png,UNKNOWN,0.1,OCR_TEXT
C:\Users\jay\Downloads\STFD_ICASSP2023\STFD_ICASSP2023\2_Splicing\tamper\319013e0aa0e47d42d2d25a4d435d1b1.png,WEB_BROWSING,0.95,CV_SETTINGS_GRID+OCR_TEXT
C:\Users\jay\Downloads\STFD_ICASSP2023\STFD_ICASSP2023\2_Splicing\tamper\31c6b8c4c8f45ec728b142e9f68cbd53.png,DOCUMENT,0.5,CV_MONOCHROME_DOC+OCR_TEXT
C:\Users\jay\Downloads\STFD_ICASSP2023\STFD_ICASSP2023\2_Splicing\tamper\321af1c2f638e33c9c4fd8157bb2ed26.png,UNKNOWN,0.1,OCR_TEXT
C:\Users\jay\Downloads\STFD_ICASSP2023\STFD_ICASSP2023\2_Splicing\tamper\3227f21e63d79664a848c5ce9c91b2f8.png,UNKNOWN,0.1,OCR_TEXT
C:\Users\jay\Downloads\STFD_ICASSP2023\STFD_ICASSP2023\2_Splicing\tamper\32312da656cbc58b1259967542b89c39.png,UNKNOWN,0.1,OCR_TEXT
C:\Users\jay\Downloads\STFD_ICASSP2023\STFD_ICASSP2023\2_Splicing\tamper\32393d023ee4608e86113698bd6944d9.png,E_COMMERCE,0.35,CV_ECOMMERCE_COLOR
C:\Users\jay\Downloads\STFD_ICASSP2023\STFD_ICASSP2023\2_Splicing\tamper\3282c8cddc39a882c2df4add6991975f.png,UNKNOWN,0.1,OCR_TEXT
C:\Users\jay\Downloads\STFD_ICASSP2023\STFD_ICASSP2023\2_Splicing\tamper\32f1c9bfc8f567b6fcce665c77e24c7c.png,DOCUMENT,0.5,CV_MONOCHROME_DOC+OCR_TEXT
C:\Users\jay\Downloads\STFD_ICASSP2023\STFD_ICASSP2023\2_Splicing\tamper\3333bb1ed1497b991877d140625ba460.png,E_COMMERCE,0.35,CV_ECOMMERCE_COLOR+OCR_TEXT
C:\Users\jay\Downloads\STFD_ICASSP2023\STFD_ICASSP2023\2_Splicing\tamper\3375a68f20c73269b76e476c3a671291.png,UNKNOWN,0.35,CV_ECOMMERCE_COLOR+OCR_TEXT
C:\Users\jay\Downloads\STFD_ICASSP2023\STFD_ICASSP2023\2_Splicing\tamper\3389ef6f1e0bb234667ce78731868d82.png,UNKNOWN,0.1,OCR_TEXT
C:\Users\jay\Downloads\STFD_ICASSP2023\STFD_ICASSP2023\2_Splicing\tamper\33becc6e7faf4ab7ef5b6ed0d61f677d.png,MAP_TRANSPORT,0.35,CV_SETTINGS_GRID+OCR_TEXT
C:\Users\jay\Downloads\STFD_ICASSP2023\STFD_ICASSP2023\2_Splicing\tamper\33d9613c7ecb35f9117da1050a68243f.png,UNKNOWN,0.25,OCR_TEXT
C:\Users\jay\Downloads\STFD_ICASSP2023\STFD_ICASSP2023\2_Splicing\tamper\33e2f5c0ed27a5a39908886d516f1e8c.png,E_COMMERCE,0.35,CV_ECOMMERCE_COLOR+OCR_TEXT
C:\Users\jay\Downloads\STFD_ICASSP2023\STFD_ICASSP2023\2_Splicing\tamper\33e53095cec566f6f9aa39999adcfc7c.png,E_COMMERCE,0.35,CV_ECOMMERCE_COLOR+OCR_TEXT
C:\Users\jay\Downloads\STFD_ICASSP2023\STFD_ICASSP2023\2_Splicing\tamper\344572e8736e8a1c49c23181538839b5.png,DOCUMENT,0.5,CV_MONOCHROME_DOC+OCR_TEXT
C:\Users\jay\Downloads\STFD_ICASSP2023\STFD_ICASSP2023\2_Splicing\tamper\35780335c3eb83674a31437003347615.png,UNKNOWN,0.1,OCR_TEXT
C:\Users\jay\Downloads\STFD_ICASSP2023\STFD_ICASSP2023\2_Splicing\tamper\35842536714de697616de164e2dcb4f9.png,UNKNOWN,0.1,OCR_TEXT
C:\Users\jay\Downloads\STFD_ICASSP2023\STFD_ICASSP2023\2_Splicing\tamper\35918705ef32814fcc3d8f4f65d67712.png,UNKNOWN,0.1,OCR_TEXT
C:\Users\jay\Downloads\STFD_ICASSP2023\STFD_ICASSP2023\2_Splicing\tamper\35b357fa844a9cf73984a7fc1c27a144.png,UNKNOWN,0.1,OCR_TEXT
C:\Users\jay\Downloads\STFD_ICASSP2023\STFD_ICASSP2023\2_Splicing\tamper\35c6c1973a4e083c95ef6458dae5f1c0.png,E_COMMERCE,0.35,CV_ECOMMERCE_COLOR
C:\Users\jay\Downloads\STFD_ICASSP2023\STFD_ICASSP2023\2_Splicing\tamper\36bfc5810c5e4f0eee47830311d656ce.png,UNKNOWN,0.1,OCR_TEXT
C:\Users\jay\Downloads\STFD_ICASSP2023\STFD_ICASSP2023\2_Splicing\tamper\36ecaa0138a8da68ba6c13409da15d7e.png,E_COMMERCE,0.35,CV_ECOMMERCE_COLOR+OCR_TEXT
C:\Users\jay\Downloads\STFD_ICASSP2023\STFD_ICASSP2023\2_Splicing\tamper\37c3137b2223643bb5ca986af1922b2f.png,UNKNOWN,0.1,OCR_TEXT
C:\Users\jay\Downloads\STFD_ICASSP2023\STFD_ICASSP2023\2_Splicing\tamper\38b35b377bae676b9c31bf30f4a364e5.png,E_COMMERCE,0.35,CV_ECOMMERCE_COLOR+OCR_TEXT
C:\Users\jay\Downloads\STFD_ICASSP2023\STFD_ICASSP2023\2_Splicing\tamper\38b836e2ecef0643ac0178265b2c85ac.png,UNKNOWN,0.1,OCR_TEXT
C:\Users\jay\Downloads\STFD_ICASSP2023\STFD_ICASSP2023\2_Splicing\tamper\38ca1ea3dfc82647d61ef084981b48d9.png,UNKNOWN,0.25,OCR_TEXT
C:\Users\jay\Downloads\STFD_ICASSP2023\STFD_ICASSP2023\2_Splicing\tamper\38d0f6ceb31340821e054e54f923d9a5.png,UNKNOWN,0.1,OCR_TEXT
C:\Users\jay\Downloads\STFD_ICASSP2023\STFD_ICASSP2023\2_Splicing\tamper\38f6809de9ed74dd25417f92dba5151e.png,UNKNOWN,0.1,OCR_TEXT
C:\Users\jay\Downloads\STFD_ICASSP2023\STFD_ICASSP2023\2_Splicing\tamper\392d3592e03127e2063b80dd90738383.png,DOCUMENT,0.5,CV_MONOCHROME_DOC+OCR_TEXT
C:\Users\jay\Downloads\STFD_ICASSP2023\STFD_ICASSP2023\2_Splicing\tamper\398bce50d6a9b9eaefc6f8d18cfceca3.png,E_COMMERCE,0.35,CV_ECOMMERCE_COLOR+OCR_TEXT
C:\Users\jay\Downloads\STFD_ICASSP2023\STFD_ICASSP2023\2_Splicing\tamper\39c0bb9e3f8fd7d84dca9a4475029e1a.png,E_COMMERCE,0.35,CV_ECOMMERCE_COLOR+OCR_TEXT
C:\Users\jay\Downloads\STFD_ICASSP2023\STFD_ICASSP2023\2_Splicing\tamper\39c354e34199c79063019cb56472fda6.png,UNKNOWN,0.1,OCR_TEXT
C:\Users\jay\Downloads\STFD_ICASSP2023\STFD_ICASSP2023\2_Splicing\tamper\39e5b86d9492a57e4206647738a85fe9.png,UNKNOWN,0.1,OCR_TEXT
C:\Users\jay\Downloads\STFD_ICASSP2023\STFD_ICASSP2023\2_Splicing\tamper\3a7b30325799acbb767c78b1390a76bd.png,UNKNOWN,0.1,OCR_TEXT
C:\Users\jay\Downloads\STFD_ICASSP2023\STFD_ICASSP2023\2_Splicing\tamper\3a97f7227a46a43d8f5f0832982b0352.png,UNKNOWN,0.1,OCR_TEXT
C:\Users\jay\Downloads\STFD_ICASSP2023\STFD_ICASSP2023\2_Splicing\tamper\3ae2deca082713b429e4eaa1456afc17.png,UNKNOWN,0.1,OCR_TEXT
C:\Users\jay\Downloads\STFD_ICASSP2023\STFD_ICASSP2023\2_Splicing\tamper\3bdf0a7f1f5aa5572661e7c75a3ce232.png,UNKNOWN,0.1,OCR_TEXT
C:\Users\jay\Downloads\STFD_ICASSP2023\STFD_ICASSP2023\2_Splicing\tamper\3bfd279bdca66f879c30f48094dec8a8.png,UNKNOWN,0.1,OCR_TEXT
C:\Users\jay\Downloads\STFD_ICASSP2023\STFD_ICASSP2023\2_Splicing\tamper\3c230991dca44af8abb6316234095640.png,UNKNOWN,0.25,OCR_TEXT
C:\Users\jay\Downloads\STFD_ICASSP2023\STFD_ICASSP2023\2_Splicing\tamper\3c286f1f8a1549b76581cb94bacef48c.png,UNKNOWN,0.25,OCR_TEXT
C:\Users\jay\Downloads\STFD_ICASSP2023\STFD_ICASSP2023\2_Splicing\tamper\3c89478078503ccd5a5edc84e4eda265.png,UNKNOWN,0.25,CV_SETTINGS_GRID+OCR_TEXT
C:\Users\jay\Downloads\STFD_ICASSP2023\STFD_ICASSP2023\2_Splicing\tamper\3c8a39fa9dbfc49de7ed375e859835ee.png,UNKNOWN,0.25,CV_SETTINGS_GRID+OCR_TEXT
C:\Users\jay\Downloads\STFD_ICASSP2023\STFD_ICASSP2023\2_Splicing\tamper\3c90dc5e5e2851cd9815021f98ade320.png,DOCUMENT,0.5,CV_MONOCHROME_DOC+OCR_TEXT
C:\Users\jay\Downloads\STFD_ICASSP2023\STFD_ICASSP2023\2_Splicing\tamper\3cba07e9e1b0b963a8920a1cb16ee217.png,UNKNOWN,0.1,OCR_TEXT
C:\Users\jay\Downloads\STFD_ICASSP2023\STFD_ICASSP2023\2_Splicing\tamper\3ccef29053d3565c15d14f3a3c2fd5e7.png,DOCUMENT,0.5,CV_MONOCHROME_DOC+OCR_TEXT
C:\Users\jay\Downloads\STFD_ICASSP2023\STFD_ICASSP2023\2_Splicing\tamper\3cf875336d623c6a903ec2e8fedaff86.png,WEB_BROWSING,0.35,OCR_TEXT
C:\Users\jay\Downloads\STFD_ICASSP2023\STFD_ICASSP2023\2_Splicing\tamper\3d5714be133363ef65c91f41cd07321b.png,UNKNOWN,0.1,OCR_TEXT
C:\Users\jay\Downloads\STFD_ICASSP2023\STFD_ICASSP2023\2_Splicing\tamper\3d8c57f9259ac46733cb1257810cc478.png,MAP_TRANSPORT,0.35,OCR_TEXT
C:\Users\jay\Downloads\STFD_ICASSP2023\STFD_ICASSP2023\2_Splicing\tamper\3ee0d290629d62db7a43eb2f6e85e2a8.png,UNKNOWN,0.25,OCR_TEXT
C:\Users\jay\Downloads\STFD_ICASSP2023\STFD_ICASSP2023\2_Splicing\tamper\3ef4ac73d9327c0fdff7dce28cc51b40.png,E_COMMERCE,0.35,CV_ECOMMERCE_COLOR+OCR_TEXT
C:\Users\jay\Downloads\STFD_ICASSP2023\STFD_ICASSP2023\2_Splicing\tamper\3f36897a72406956ab16c2bb7029b431.png,UNKNOWN,0.1,OCR_TEXT
C:\Users\jay\Downloads\STFD_ICASSP2023\STFD_ICASSP2023\2_Splicing\tamper\3f53b11aa1261a37809a3ef1bcc064c3.png,UNKNOWN,0.25,OCR_TEXT
C:\Users\jay\Downloads\STFD_ICASSP2023\STFD_ICASSP2023\2_Splicing\tamper\3fc465a488126b6b70e92b7e16e22cb2.png,MAP_TRANSPORT,0.35,OCR_TEXT
C:\Users\jay\Downloads\STFD_ICASSP2023\STFD_ICASSP2023\2_Splicing\tamper\3fe27e559ef90a536b2924e056a4e7e8.png,UNKNOWN,0.1,OCR_TEXT
C:\Users\jay\Downloads\STFD_ICASSP2023\STFD_ICASSP2023\2_Splicing\tamper\401a0532abb6185973a6022b250faa9e.png,UNKNOWN,0.25,OCR_TEXT
C:\Users\jay\Downloads\STFD_ICASSP2023\STFD_ICASSP2023\2_Splicing\tamper\4051d1e163a225d8eaeea6eb570153fa.png,UNKNOWN,0.25,OCR_TEXT
C:\Users\jay\Downloads\STFD_ICASSP2023\STFD_ICASSP2023\2_Splicing\tamper\412364dcc56f9557edc9ed8a21f3f6a2.png,UNKNOWN,0.1,OCR_TEXT
C:\Users\jay\Downloads\STFD_ICASSP2023\STFD_ICASSP2023\2_Splicing\tamper\41777dc34659bc0b3ff991d888c285d7.png,UNKNOWN,0.1,OCR_TEXT
C:\Users\jay\Downloads\STFD_ICASSP2023\STFD_ICASSP2023\2_Splicing\tamper\41a5a0299fd7aae6015e98f76f2b2726.png,UNKNOWN,0.1,OCR_TEXT
C:\Users\jay\Downloads\STFD_ICASSP2023\STFD_ICASSP2023\2_Splicing\tamper\41ae93e174ba22a689ca3437692408ec.png,UNKNOWN,0.25,OCR_TEXT
C:\Users\jay\Downloads\STFD_ICASSP2023\STFD_ICASSP2023\2_Splicing\tamper\41f3131b535f6a0fa41bf11f433a840d.png,UNKNOWN,0.1,OCR_TEXT
C:\Users\jay\Downloads\STFD_ICASSP2023\STFD_ICASSP2023\2_Splicing\tamper\42fc67c957efdba681a482d1850d37d9.png,UNKNOWN,0.25,OCR_TEXT
C:\Users\jay\Downloads\STFD_ICASSP2023\STFD_ICASSP2023\2_Splicing\tamper\4350a3e646742f264d50c1894d74f0ee.png,UNKNOWN,0.25,OCR_TEXT
C:\Users\jay\Downloads\STFD_ICASSP2023\STFD_ICASSP2023\2_Splicing\tamper\43751f43a29b5734133314b494282288.png,UNKNOWN,0.1,OCR_TEXT
C:\Users\jay\Downloads\STFD_ICASSP2023\STFD_ICASSP2023\2_Splicing\tamper\43a52bd3d26a4e0cfad9ec388e039226.png,UNKNOWN,0.25,OCR_TEXT
C:\Users\jay\Downloads\STFD_ICASSP2023\STFD_ICASSP2023\2_Splicing\tamper\43bb172f9e960c96039da62e14bf7213.png,UNKNOWN,0.1,OCR_TEXT
C:\Users\jay\Downloads\STFD_ICASSP2023\STFD_ICASSP2023\2_Splicing\tamper\4421e417c5518f4ad5ec9d03ec971f40.png,WEB_BROWSING,0.35,OCR_TEXT
C:\Users\jay\Downloads\STFD_ICASSP2023\STFD_ICASSP2023\2_Splicing\tamper\44b16864c401d39eee27ef6fc5031fe9.png,UNKNOWN,0.1,OCR_TEXT
C:\Users\jay\Downloads\STFD_ICASSP2023\STFD_ICASSP2023\2_Splicing\tamper\44e813b77493ae7e7c510e2664ef93cb.png,UNKNOWN,0.1,OCR_TEXT
C:\Users\jay\Downloads\STFD_ICASSP2023\STFD_ICASSP2023\2_Splicing\tamper\4552d3d40773914561e521cdeb93ebf0.png,UNKNOWN,0.1,OCR_TEXT
C:\Users\jay\Downloads\STFD_ICASSP2023\STFD_ICASSP2023\2_Splicing\tamper\4552d6006e34eb29df1f063ccb6b7442.png,UNKNOWN,0.25,OCR_TEXT
C:\Users\jay\Downloads\STFD_ICASSP2023\STFD_ICASSP2023\2_Splicing\tamper\4584e3fe083712cfc430b89c13d491a9.png,UNKNOWN,0.25,OCR_TEXT
C:\Users\jay\Downloads\STFD_ICASSP2023\STFD_ICASSP2023\2_Splicing\tamper\45a8d81ceaeb7ea469dd3881b61808b6.png,E_COMMERCE,0.35,CV_ECOMMERCE_COLOR+CV_SETTINGS_GRID+OCR_TEXT
C:\Users\jay\Downloads\STFD_ICASSP2023\STFD_ICASSP2023\2_Splicing\tamper\45c75ba79ef290306eeb1a6baec10cd2.png,UNKNOWN,0.1,OCR_TEXT
C:\Users\jay\Downloads\STFD_ICASSP2023\STFD_ICASSP2023\2_Splicing\tamper\469e61730a5401ed634e7b89bed03e7f.png,UNKNOWN,0.3,CV_SETTINGS_GRID+OCR_TEXT
C:\Users\jay\Downloads\STFD_ICASSP2023\STFD_ICASSP2023\2_Splicing\tamper\46a89a461e78c589321ed62a1712e05c.png,UNKNOWN,0.1,OCR_TEXT
C:\Users\jay\Downloads\STFD_ICASSP2023\STFD_ICASSP2023\2_Splicing\tamper\46ad0110590e0a9b75d6a0809382f8f9.png,UNKNOWN,0.1,OCR_TEXT
C:\Users\jay\Downloads\STFD_ICASSP2023\STFD_ICASSP2023\2_Splicing\tamper\46c387ce8d9e090ee9f948c3a4467713.png,UNKNOWN,0.1,OCR_TEXT
C:\Users\jay\Downloads\STFD_ICASSP2023\STFD_ICASSP2023\2_Splicing\tamper\46cb84cee11284c9197a42bd71ad5370.png,UNKNOWN,0.1,OCR_TEXT
C:\Users\jay\Downloads\STFD_ICASSP2023\STFD_ICASSP2023\2_Splicing\tamper\46f29225b75edb8a60135848b17b3a6c.png,UNKNOWN,0.1,OCR_TEXT
C:\Users\jay\Downloads\STFD_ICASSP2023\STFD_ICASSP2023\2_Splicing\tamper\472eb22e6963cde607c6ae052e619c45.png,UNKNOWN,0.25,OCR_TEXT
C:\Users\jay\Downloads\STFD_ICASSP2023\STFD_ICASSP2023\2_Splicing\tamper\474c2bc4179b9e0ba695bc12ece1fc08.png,UNKNOWN,0.25,CV_SETTINGS_GRID+OCR_TEXT
C:\Users\jay\Downloads\STFD_ICASSP2023\STFD_ICASSP2023\2_Splicing\tamper\4782cf0d10fc1c2909e52a8ad085c573.png,UNKNOWN,0.1,OCR_TEXT
C:\Users\jay\Downloads\STFD_ICASSP2023\STFD_ICASSP2023\2_Splicing\tamper\4784889127df8da6b92455aedffb8447.png,DOCUMENT,0.5,CV_MONOCHROME_DOC+OCR_TEXT
C:\Users\jay\Downloads\STFD_ICASSP2023\STFD_ICASSP2023\2_Splicing\tamper\47d1a49e9244e96495f2f5722ec10b72.png,UNKNOWN,0.1,OCR_TEXT
C:\Users\jay\Downloads\STFD_ICASSP2023\STFD_ICASSP2023\2_Splicing\tamper\482afef40f0660f5ae432fc2d1e9fd50.png,UNKNOWN,0.1,OCR_TEXT
C:\Users\jay\Downloads\STFD_ICASSP2023\STFD_ICASSP2023\2_Splicing\tamper\48b9299aaa6a13fe5452e5fc9e781282.png,UNKNOWN,0.1,OCR_TEXT
C:\Users\jay\Downloads\STFD_ICASSP2023\STFD_ICASSP2023\2_Splicing\tamper\48bdf4b0904d3c33ab2967504d584a26.png,MAP_TRANSPORT,0.35,CV_SETTINGS_GRID+OCR_TEXT
C:\Users\jay\Downloads\STFD_ICASSP2023\STFD_ICASSP2023\2_Splicing\tamper\48e8a5f44c97b09d1fa7aba3a9e1c21a.png,UNKNOWN,0.25,OCR_TEXT
C:\Users\jay\Downloads\STFD_ICASSP2023\STFD_ICASSP2023\2_Splicing\tamper\492247e24f9e7f29da0fb5fcb09d1f96.png,E_COMMERCE,0.35,CV_ECOMMERCE_COLOR+OCR_TEXT
C:\Users\jay\Downloads\STFD_ICASSP2023\STFD_ICASSP2023\2_Splicing\tamper\49923f62157539754915e7d76b0cdfc8.png,UNKNOWN,0.1,OCR_TEXT
C:\Users\jay\Downloads\STFD_ICASSP2023\STFD_ICASSP2023\2_Splicing\tamper\49f7335e1123b0af938725f178ae7a8a.png,UNKNOWN,0.1,OCR_TEXT
C:\Users\jay\Downloads\STFD_ICASSP2023\STFD_ICASSP2023\2_Splicing\tamper\4a8d67d473766fe92600c05e0ccea847.png,DOCUMENT,0.5,CV_MONOCHROME_DOC+OCR_TEXT
C:\Users\jay\Downloads\STFD_ICASSP2023\STFD_ICASSP2023\2_Splicing\tamper\4b2faf41dd95f06be3a139969e673d98.png,UNKNOWN,0.1,OCR_TEXT
C:\Users\jay\Downloads\STFD_ICASSP2023\STFD_ICASSP2023\2_Splicing\tamper\4ba177f8f06b54594d20357553bf8e3d.png,UNKNOWN,0.1,OCR_TEXT
C:\Users\jay\Downloads\STFD_ICASSP2023\STFD_ICASSP2023\2_Splicing\tamper\4bd5bb68c89fa7ed59cfad72e7910936.png,UNKNOWN,0.3,OCR_TEXT
C:\Users\jay\Downloads\STFD_ICASSP2023\STFD_ICASSP2023\2_Splicing\tamper\4c5a5a8443deff15f0daf7621bdc4255.png,UNKNOWN,0.1,OCR_TEXT
C:\Users\jay\Downloads\STFD_ICASSP2023\STFD_ICASSP2023\2_Splicing\tamper\4c8ca5a5911a5f60f5a8a1658217fb63.png,UNKNOWN,0.1,OCR_TEXT
C:\Users\jay\Downloads\STFD_ICASSP2023\STFD_ICASSP2023\2_Splicing\tamper\4cbf6ceef4d60514ebcbc277805a8256.png,WEB_BROWSING,0.7,OCR_TEXT
C:\Users\jay\Downloads\STFD_ICASSP2023\STFD_ICASSP2023\2_Splicing\tamper\4cdba5605d36b354c47409c7de00cd47.png,UNKNOWN,0.25,OCR_TEXT
C:\Users\jay\Downloads\STFD_ICASSP2023\STFD_ICASSP2023\2_Splicing\tamper\4cdc97c1803a349550aa772f21eceee8.png,UNKNOWN,0.35,CV_ECOMMERCE_COLOR+OCR_TEXT
C:\Users\jay\Downloads\STFD_ICASSP2023\STFD_ICASSP2023\2_Splicing\tamper\4d142e5e0ab05eea9af9fcd51ecb235c.png,E_COMMERCE,0.35,CV_ECOMMERCE_COLOR+OCR_TEXT
C:\Users\jay\Downloads\STFD_ICASSP2023\STFD_ICASSP2023\2_Splicing\tamper\4d8ca564e1f8577a9e0dba9d1dced89e.png,UNKNOWN,0.1,OCR_TEXT
C:\Users\jay\Downloads\STFD_ICASSP2023\STFD_ICASSP2023\2_Splicing\tamper\4e2c4bf9c046eb8e4a3e450839179fdb.png,UNKNOWN,0.25,OCR_TEXT
C:\Users\jay\Downloads\STFD_ICASSP2023\STFD_ICASSP2023\2_Splicing\tamper\4e39db2656b33509ba7456085b03f6a4.png,UNKNOWN,0.1,OCR_TEXT
C:\Users\jay\Downloads\STFD_ICASSP2023\STFD_ICASSP2023\2_Splicing\tamper\4e6d99ff49d5dd5af2adee680059d284.png,UNKNOWN,0.25,OCR_TEXT
C:\Users\jay\Downloads\STFD_ICASSP2023\STFD_ICASSP2023\2_Splicing\tamper\4ebc8faf0a26650c099ef8d0cb5365be.png,UNKNOWN,0.1,OCR_TEXT
C:\Users\jay\Downloads\STFD_ICASSP2023\STFD_ICASSP2023\2_Splicing\tamper\4f25228e0e1d4a830263e32cc6db60da.png,UNKNOWN,0.1,OCR_TEXT
C:\Users\jay\Downloads\STFD_ICASSP2023\STFD_ICASSP2023\2_Splicing\tamper\4f55adf176c1e4facc83b886bbca28b6.png,UNKNOWN,0.1,OCR_TEXT
C:\Users\jay\Downloads\STFD_ICASSP2023\STFD_ICASSP2023\2_Splicing\tamper\4f652945819c05f7ba18b41d28b292da.png,UNKNOWN,0.25,OCR_TEXT
C:\Users\jay\Downloads\STFD_ICASSP2023\STFD_ICASSP2023\2_Splicing\tamper\4f7b4e02ff19ed82ef09c893da6c64ff.png,UNKNOWN,0.1,OCR_TEXT
C:\Users\jay\Downloads\STFD_ICASSP2023\STFD_ICASSP2023\2_Splicing\tamper\4f7e86f374914165d1c782923d988b62.png,UNKNOWN,0.1,OCR_TEXT
C:\Users\jay\Downloads\STFD_ICASSP2023\STFD_ICASSP2023\2_Splicing\tamper\4fa836778b011bde82cd46b6fcbf6bd9.png,UNKNOWN,0.1,OCR_TEXT
C:\Users\jay\Downloads\STFD_ICASSP2023\STFD_ICASSP2023\2_Splicing\tamper\4fbdd50815518ed1d9acad0b30327313.png,UNKNOWN,0.3,OCR_TEXT
C:\Users\jay\Downloads\STFD_ICASSP2023\STFD_ICASSP2023\2_Splicing\tamper\4fc95bfccf772d3441a30222ed959a95.png,UNKNOWN,0.1,OCR_TEXT
C:\Users\jay\Downloads\STFD_ICASSP2023\STFD_ICASSP2023\2_Splicing\tamper\4fd11085cecfd7a9a1578e245da8f776.png,DOCUMENT,0.5,CV_MONOCHROME_DOC+OCR_TEXT
C:\Users\jay\Downloads\STFD_ICASSP2023\STFD_ICASSP2023\2_Splicing\tamper\4ff1649cba6bee37092e04386b592809.png,UNKNOWN,0.1,OCR_TEXT
C:\Users\jay\Downloads\STFD_ICASSP2023\STFD_ICASSP2023\2_Splicing\tamper\5017b3614cf553381047dc0c0a08c02c.png,UNKNOWN,0.25,CV_SETTINGS_GRID+OCR_TEXT
C:\Users\jay\Downloads\STFD_ICASSP2023\STFD_ICASSP2023\2_Splicing\tamper\50464d3d2080f95b756b512af7c11e63.png,UNKNOWN,0.25,OCR_TEXT
C:\Users\jay\Downloads\STFD_ICASSP2023\STFD_ICASSP2023\2_Splicing\tamper\51357e53409f9b73814cec31c931e740.png,E_COMMERCE,0.35,CV_ECOMMERCE_COLOR+OCR_TEXT
C:\Users\jay\Downloads\STFD_ICASSP2023\STFD_ICASSP2023\2_Splicing\tamper\51649a5ddf32ec62b4de470b52438cc2.png,ONLINE_BANKING,0.35,OCR_TEXT
C:\Users\jay\Downloads\STFD_ICASSP2023\STFD_ICASSP2023\2_Splicing\tamper\51688601456ac7d9de855fa4a708bae2.png,UNKNOWN,0.1,OCR_TEXT
C:\Users\jay\Downloads\STFD_ICASSP2023\STFD_ICASSP2023\2_Splicing\tamper\525370d505ca8add6239c9e115f8b768.png,UNKNOWN,0.1,OCR_TEXT
C:\Users\jay\Downloads\STFD_ICASSP2023\STFD_ICASSP2023\2_Splicing\tamper\526ab107d228cf0771bf406aa49b2281.png,UNKNOWN,0.1,OCR_TEXT
C:\Users\jay\Downloads\STFD_ICASSP2023\STFD_ICASSP2023\2_Splicing\tamper\532f9a50939738e6efc9ea20d1381a38.png,DOCUMENT,0.5,CV_MONOCHROME_DOC+OCR_TEXT
C:\Users\jay\Downloads\STFD_ICASSP2023\STFD_ICASSP2023\2_Splicing\tamper\53e6a00a478f6e47480508f07e3acff3.png,UNKNOWN,0.1,OCR_TEXT
C:\Users\jay\Downloads\STFD_ICASSP2023\STFD_ICASSP2023\2_Splicing\tamper\53fe41bdb1c86d71da19dd7ff245f960.png,UNKNOWN,0.25,OCR_TEXT
C:\Users\jay\Downloads\STFD_ICASSP2023\STFD_ICASSP2023\2_Splicing\tamper\545c79ca748bb20251d89fbb8e486108.png,UNKNOWN,0.1,OCR_TEXT
C:\Users\jay\Downloads\STFD_ICASSP2023\STFD_ICASSP2023\2_Splicing\tamper\546e292a81c142d19576edec07ecab89.png,UNKNOWN,0.1,OCR_TEXT
C:\Users\jay\Downloads\STFD_ICASSP2023\STFD_ICASSP2023\2_Splicing\tamper\5498188c14693ac9a0776e831d49e576.png,UNKNOWN,0.1,VISUAL_HEURISTIC
C:\Users\jay\Downloads\STFD_ICASSP2023\STFD_ICASSP2023\2_Splicing\tamper\54afdc665ad00d6204955be9d065d389.png,E_COMMERCE,0.35,CV_ECOMMERCE_COLOR+OCR_TEXT
C:\Users\jay\Downloads\STFD_ICASSP2023\STFD_ICASSP2023\2_Splicing\tamper\54ec6b497bb8258d4130144294b1444b.png,E_COMMERCE,0.35,CV_ECOMMERCE_COLOR+OCR_TEXT
C:\Users\jay\Downloads\STFD_ICASSP2023\STFD_ICASSP2023\2_Splicing\tamper\551a26f6870a7b2454501940d325bcf7.png,UNKNOWN,0.25,CV_SETTINGS_GRID+OCR_TEXT
C:\Users\jay\Downloads\STFD_ICASSP2023\STFD_ICASSP2023\2_Splicing\tamper\5569779ab6eb80beb94ce0fda385957d.png,UNKNOWN,0.1,OCR_TEXT
C:\Users\jay\Downloads\STFD_ICASSP2023\STFD_ICASSP2023\2_Splicing\tamper\55ad93a82224046c6cf1f5d1f2c5e7d1.png,UNKNOWN,0.1,OCR_TEXT
C:\Users\jay\Downloads\STFD_ICASSP2023\STFD_ICASSP2023\2_Splicing\tamper\56722f6d307ad4e86e01fd1ad6bcfff2.png,UNKNOWN,0.1,OCR_TEXT
C:\Users\jay\Downloads\STFD_ICASSP2023\STFD_ICASSP2023\2_Splicing\tamper\56d90f58036e7c46a7eb0bb28ff9047c.png,DOCUMENT,0.5,CV_MONOCHROME_DOC+OCR_TEXT
C:\Users\jay\Downloads\STFD_ICASSP2023\STFD_ICASSP2023\2_Splicing\tamper\56e540ef440ecd056adc97fb19d12c5e.png,DOCUMENT,0.5,CV_MONOCHROME_DOC+OCR_TEXT
C:\Users\jay\Downloads\STFD_ICASSP2023\STFD_ICASSP2023\2_Splicing\tamper\57ab512217d0480d5aacf8bbe69fe2fb.png,UNKNOWN,0.25,OCR_TEXT
C:\Users\jay\Downloads\STFD_ICASSP2023\STFD_ICASSP2023\2_Splicing\tamper\57c18b6e5c0871f05cf0796800a190d7.png,UNKNOWN,0.25,CV_SETTINGS_GRID+OCR_TEXT
C:\Users\jay\Downloads\STFD_ICASSP2023\STFD_ICASSP2023\2_Splicing\tamper\58330a12043bc0f5048e8c08ccf0f88a.png,UNKNOWN,0.1,OCR_TEXT
C:\Users\jay\Downloads\STFD_ICASSP2023\STFD_ICASSP2023\2_Splicing\tamper\5888a0283a0fca32a4e684985ba9ce4f.png,UNKNOWN,0.1,OCR_TEXT
C:\Users\jay\Downloads\STFD_ICASSP2023\STFD_ICASSP2023\2_Splicing\tamper\589af530a4cd75f5101a3180e9ac7a8a.png,UNKNOWN,0.1,OCR_TEXT
C:\Users\jay\Downloads\STFD_ICASSP2023\STFD_ICASSP2023\2_Splicing\tamper\58cc3ca731deab72fe41c13856aa9f1a.png,ONLINE_BANKING,0.35,OCR_TEXT
C:\Users\jay\Downloads\STFD_ICASSP2023\STFD_ICASSP2023\2_Splicing\tamper\5a810153725d5405657002ac0f3ee2ee.png,UNKNOWN,0.25,OCR_TEXT
C:\Users\jay\Downloads\STFD_ICASSP2023\STFD_ICASSP2023\2_Splicing\tamper\5aa9cf4bf04680a852c4933061285802.png,E_COMMERCE,0.35,CV_ECOMMERCE_COLOR+OCR_TEXT
C:\Users\jay\Downloads\STFD_ICASSP2023\STFD_ICASSP2023\2_Splicing\tamper\5ad8333e7ecbab9b7caf967d6642e8c8.png,UNKNOWN,0.1,OCR_TEXT
C:\Users\jay\Downloads\STFD_ICASSP2023\STFD_ICASSP2023\2_Splicing\tamper\5b2e538451ff746eb4d06e6901df68ae.png,UNKNOWN,0.1,OCR_TEXT
C:\Users\jay\Downloads\STFD_ICASSP2023\STFD_ICASSP2023\2_Splicing\tamper\5b5313188ec5f92ed55a0bf108777d46.png,UNKNOWN,0.1,OCR_TEXT
C:\Users\jay\Downloads\STFD_ICASSP2023\STFD_ICASSP2023\2_Splicing\tamper\5b8e8043d27e72d3bf98c9669a3a6b80.png,UNKNOWN,0.1,OCR_TEXT
C:\Users\jay\Downloads\STFD_ICASSP2023\STFD_ICASSP2023\2_Splicing\tamper\5b91334b0f72bb8fcd01051b65c7a56b.png,DOCUMENT,0.5,CV_MONOCHROME_DOC+OCR_TEXT
C:\Users\jay\Downloads\STFD_ICASSP2023\STFD_ICASSP2023\2_Splicing\tamper\5cb37a62e77012cb57d6e59b8b043ecb.png,UNKNOWN,0.1,OCR_TEXT
C:\Users\jay\Downloads\STFD_ICASSP2023\STFD_ICASSP2023\2_Splicing\tamper\5cc8c55e482a2917d5bb02df038286c0.png,UNKNOWN,0.1,OCR_TEXT
C:\Users\jay\Downloads\STFD_ICASSP2023\STFD_ICASSP2023\2_Splicing\tamper\5cd516268cbadbe85871f0541e6306e9.png,UNKNOWN,0.25,CV_SETTINGS_GRID+OCR_TEXT
C:\Users\jay\Downloads\STFD_ICASSP2023\STFD_ICASSP2023\2_Splicing\tamper\5d35723a4b1d62e021ddb043a8fbfc5d.png,E_COMMERCE,0.35,CV_ECOMMERCE_COLOR+OCR_TEXT
C:\Users\jay\Downloads\STFD_ICASSP2023\STFD_ICASSP2023\2_Splicing\tamper\5d4b88a39d95e548f24502de826809a4.png,UNKNOWN,0.25,OCR_TEXT
C:\Users\jay\Downloads\STFD_ICASSP2023\STFD_ICASSP2023\2_Splicing\tamper\5d8ed97bce4b7cf3b91398c30fba5b76.png,UNKNOWN,0.1,OCR_TEXT
C:\Users\jay\Downloads\STFD_ICASSP2023\STFD_ICASSP2023\2_Splicing\tamper\5db5c654ebf4e56342e60b6128ed061c.png,DOCUMENT,0.5,CV_MONOCHROME_DOC+OCR_TEXT
C:\Users\jay\Downloads\STFD_ICASSP2023\STFD_ICASSP2023\2_Splicing\tamper\5de7df59f21b5a8de08a5da97dac81d7.png,UNKNOWN,0.1,OCR_TEXT
C:\Users\jay\Downloads\STFD_ICASSP2023\STFD_ICASSP2023\2_Splicing\tamper\5e0ba0f70b2f1abc62ba7848d9aa79f9.png,UNKNOWN,0.1,OCR_TEXT
C:\Users\jay\Downloads\STFD_ICASSP2023\STFD_ICASSP2023\2_Splicing\tamper\5e3df8c3fc6242214f60647fa670c60e.png,UNKNOWN,0.1,OCR_TEXT
C:\Users\jay\Downloads\STFD_ICASSP2023\STFD_ICASSP2023\2_Splicing\tamper\5e6318dccb7d3319c33164bbbbede6df.png,UNKNOWN,0.1,OCR_TEXT
C:\Users\jay\Downloads\STFD_ICASSP2023\STFD_ICASSP2023\2_Splicing\tamper\5f0dc12158329d43d3009f7f4200709c.png,UNKNOWN,0.3,OCR_TEXT
C:\Users\jay\Downloads\STFD_ICASSP2023\STFD_ICASSP2023\2_Splicing\tamper\5fab6324bb6c0108284dcf8834b48cce.png,DOCUMENT,0.5,CV_MONOCHROME_DOC+CV_SETTINGS_GRID+OCR_TEXT
C:\Users\jay\Downloads\STFD_ICASSP2023\STFD_ICASSP2023\2_Splicing\tamper\5febf2438b6a8afe4d2fdc22d080bfaa.png,UNKNOWN,0.1,OCR_TEXT
C:\Users\jay\Downloads\STFD_ICASSP2023\STFD_ICASSP2023\2_Splicing\tamper\5ff34e1f4d80f46d33896794a98d3a8b.png,UNKNOWN,0.1,OCR_TEXT
C:\Users\jay\Downloads\STFD_ICASSP2023\STFD_ICASSP2023\2_Splicing\tamper\601ba1d4036c339ee330bf4413393d3a.png,MAP_TRANSPORT,0.35,CV_SETTINGS_GRID+OCR_TEXT
C:\Users\jay\Downloads\STFD_ICASSP2023\STFD_ICASSP2023\2_Splicing\tamper\604a1af8978afc936797c5d18aa77678.png,UNKNOWN,0.1,OCR_TEXT
C:\Users\jay\Downloads\STFD_ICASSP2023\STFD_ICASSP2023\2_Splicing\tamper\607e22dd1c82e46d48e64c3e270fdd2f.png,UNKNOWN,0.1,OCR_TEXT
C:\Users\jay\Downloads\STFD_ICASSP2023\STFD_ICASSP2023\2_Splicing\tamper\60e1696f24c0349a6f9fcf3aa9cfa5bc.png,UNKNOWN,0.1,OCR_TEXT
C:\Users\jay\Downloads\STFD_ICASSP2023\STFD_ICASSP2023\2_Splicing\tamper\6176ad1bf567b132ed936f416f0d93aa.png,UNKNOWN,0.1,OCR_TEXT
C:\Users\jay\Downloads\STFD_ICASSP2023\STFD_ICASSP2023\2_Splicing\tamper\61de2305ebef823ce63e8f5de9aad8f8.png,DOCUMENT,0.5,CV_MONOCHROME_DOC+OCR_TEXT
C:\Users\jay\Downloads\STFD_ICASSP2023\STFD_ICASSP2023\2_Splicing\tamper\61fcd98f2fb04022e7b74359629dfef5.png,DOCUMENT,0.5,CV_MONOCHROME_DOC+OCR_TEXT
C:\Users\jay\Downloads\STFD_ICASSP2023\STFD_ICASSP2023\2_Splicing\tamper\62ba45fb6573dd7ee3ad5c9266bc5f5d.png,UNKNOWN,0.35,CV_ECOMMERCE_COLOR+OCR_TEXT
C:\Users\jay\Downloads\STFD_ICASSP2023\STFD_ICASSP2023\2_Splicing\tamper\62dff910d616ed4c0bb39e7f07cb37b4.png,UNKNOWN,0.25,OCR_TEXT
C:\Users\jay\Downloads\STFD_ICASSP2023\STFD_ICASSP2023\2_Splicing\tamper\63016547211aa111d3f13a07ce32b455.png,E_COMMERCE,0.35,CV_ECOMMERCE_COLOR+OCR_TEXT
C:\Users\jay\Downloads\STFD_ICASSP2023\STFD_ICASSP2023\2_Splicing\tamper\63052d3147aaf7c4a71497d36dc82075.png,E_COMMERCE,0.35,CV_ECOMMERCE_COLOR
C:\Users\jay\Downloads\STFD_ICASSP2023\STFD_ICASSP2023\2_Splicing\tamper\635f0cc1825795282b25e5e5536d85a7.png,UNKNOWN,0.1,OCR_TEXT
C:\Users\jay\Downloads\STFD_ICASSP2023\STFD_ICASSP2023\2_Splicing\tamper\640ed90a8910578c2dd4cb969ad862bd.png,UNKNOWN,0.35,CV_ECOMMERCE_COLOR+OCR_TEXT
C:\Users\jay\Downloads\STFD_ICASSP2023\STFD_ICASSP2023\2_Splicing\tamper\6490980fb8c9f29fbf3033a55d16b35c.png,UNKNOWN,0.1,OCR_TEXT
C:\Users\jay\Downloads\STFD_ICASSP2023\STFD_ICASSP2023\2_Splicing\tamper\650caf979a314964d79cf7349782782b.png,UNKNOWN,0.1,OCR_TEXT
C:\Users\jay\Downloads\STFD_ICASSP2023\STFD_ICASSP2023\2_Splicing\tamper\654a0fc0a2c84a4f94a266892e7ead85.png,UNKNOWN,0.25,CV_SETTINGS_GRID+OCR_TEXT
C:\Users\jay\Downloads\STFD_ICASSP2023\STFD_ICASSP2023\2_Splicing\tamper\6584931723530de2752783c0f3201f81.png,UNKNOWN,0.1,OCR_TEXT
C:\Users\jay\Downloads\STFD_ICASSP2023\STFD_ICASSP2023\2_Splicing\tamper\659151657fc21af6efec97fa3e5ca7c4.png,UNKNOWN,0.1,OCR_TEXT
C:\Users\jay\Downloads\STFD_ICASSP2023\STFD_ICASSP2023\2_Splicing\tamper\65b1a3593e89e41f86fea5f3ae70dfd9.png,UNKNOWN,0.25,OCR_TEXT
C:\Users\jay\Downloads\STFD_ICASSP2023\STFD_ICASSP2023\2_Splicing\tamper\6609bfef7aeb2e8cba71ebeacde45fcf.png,UNKNOWN,0.1,OCR_TEXT
C:\Users\jay\Downloads\STFD_ICASSP2023\STFD_ICASSP2023\2_Splicing\tamper\662712febc859fcf235229771752a55b.png,UNKNOWN,0.35,CV_ECOMMERCE_COLOR+OCR_TEXT
C:\Users\jay\Downloads\STFD_ICASSP2023\STFD_ICASSP2023\2_Splicing\tamper\6690654860bef53dd02976b48b874032.png,WEB_BROWSING,0.35,OCR_TEXT
C:\Users\jay\Downloads\STFD_ICASSP2023\STFD_ICASSP2023\2_Splicing\tamper\66f864a3c383020da10b2d6cece78cbd.png,UNKNOWN,0.1,OCR_TEXT
C:\Users\jay\Downloads\STFD_ICASSP2023\STFD_ICASSP2023\2_Splicing\tamper\6753c0c9cc861f812b3a359f41392864.png,UNKNOWN,0.1,OCR_TEXT
C:\Users\jay\Downloads\STFD_ICASSP2023\STFD_ICASSP2023\2_Splicing\tamper\6770ba09f303f2fcbbd7c55c68aa9989.png,UNKNOWN,0.25,OCR_TEXT
C:\Users\jay\Downloads\STFD_ICASSP2023\STFD_ICASSP2023\2_Splicing\tamper\67fbfa7050a61df80620f2e2624223b6.png,E_COMMERCE,0.6,CV_ECOMMERCE_COLOR+OCR_TEXT
C:\Users\jay\Downloads\STFD_ICASSP2023\STFD_ICASSP2023\2_Splicing\tamper\684a5f1b7a6e8aa6cd6e27a0a648cd48.png,UNKNOWN,0.1,OCR_TEXT
C:\Users\jay\Downloads\STFD_ICASSP2023\STFD_ICASSP2023\2_Splicing\tamper\689da67b76f52c765ee2262cbe063021.png,UNKNOWN,0.1,OCR_TEXT
C:\Users\jay\Downloads\STFD_ICASSP2023\STFD_ICASSP2023\2_Splicing\tamper\68a13a28d924ef33155445a813ed2bad.png,UNKNOWN,0.25,OCR_TEXT
C:\Users\jay\Downloads\STFD_ICASSP2023\STFD_ICASSP2023\2_Splicing\tamper\68bfdd2890a97d79ba92265d55cdf718.png,DOCUMENT,0.5,CV_MONOCHROME_DOC+OCR_TEXT
C:\Users\jay\Downloads\STFD_ICASSP2023\STFD_ICASSP2023\2_Splicing\tamper\68c2dfba82f830a5c8f373d18bcaba93.png,UNKNOWN,0.1,OCR_TEXT
C:\Users\jay\Downloads\STFD_ICASSP2023\STFD_ICASSP2023\2_Splicing\tamper\68fc768938de8aecfeb13da82e7e6022.png,UNKNOWN,0.1,OCR_TEXT
C:\Users\jay\Downloads\STFD_ICASSP2023\STFD_ICASSP2023\2_Splicing\tamper\694f1fca5fc315a8a014683c48cd2325.png,UNKNOWN,0.1,OCR_TEXT
C:\Users\jay\Downloads\STFD_ICASSP2023\STFD_ICASSP2023\2_Splicing\tamper\697d5bef995a2b07b2bbefe4ed6b23b2.png,E_COMMERCE,0.35,CV_ECOMMERCE_COLOR+OCR_TEXT
C:\Users\jay\Downloads\STFD_ICASSP2023\STFD_ICASSP2023\2_Splicing\tamper\69e9d21b189785e964b129fec61bed9a.png,UNKNOWN,0.3,OCR_TEXT
C:\Users\jay\Downloads\STFD_ICASSP2023\STFD_ICASSP2023\2_Splicing\tamper\6a26e079180fab0152ae5bd7f179e86e.png,UNKNOWN,0.1,OCR_TEXT
C:\Users\jay\Downloads\STFD_ICASSP2023\STFD_ICASSP2023\2_Splicing\tamper\6a82350649746687c275de37c68d70eb.png,UNKNOWN,0.25,OCR_TEXT
C:\Users\jay\Downloads\STFD_ICASSP2023\STFD_ICASSP2023\2_Splicing\tamper\6aed2bcfa017d5b2e8c5606901255dda.png,UNKNOWN,0.1,OCR_TEXT
C:\Users\jay\Downloads\STFD_ICASSP2023\STFD_ICASSP2023\2_Splicing\tamper\6b6f96b30904e126431d1f2a41393950.png,UNKNOWN,0.1,OCR_TEXT
C:\Users\jay\Downloads\STFD_ICASSP2023\STFD_ICASSP2023\2_Splicing\tamper\6ba4471efdd1f397358bde7448b3e221.png,UNKNOWN,0.25,OCR_TEXT
C:\Users\jay\Downloads\STFD_ICASSP2023\STFD_ICASSP2023\2_Splicing\tamper\6bba858754601333238f51838aad90b5.png,UNKNOWN,0.1,OCR_TEXT
C:\Users\jay\Downloads\STFD_ICASSP2023\STFD_ICASSP2023\2_Splicing\tamper\6bd95ab9e4d0fd90b454a6ca33f4a03a.png,UNKNOWN,0.1,OCR_TEXT
C:\Users\jay\Downloads\STFD_ICASSP2023\STFD_ICASSP2023\2_Splicing\tamper\6c2bf7c44508c49ae849502035bbcc56.png,UNKNOWN,0.1,OCR_TEXT
C:\Users\jay\Downloads\STFD_ICASSP2023\STFD_ICASSP2023\2_Splicing\tamper\6c43f987802838ed92ca4837f8494683.png,UNKNOWN,0.1,OCR_TEXT
C:\Users\jay\Downloads\STFD_ICASSP2023\STFD_ICASSP2023\2_Splicing\tamper\6c97f8da2012c3fa60cc5d0b0bd0ba53.png,UNKNOWN,0.1,OCR_TEXT
C:\Users\jay\Downloads\STFD_ICASSP2023\STFD_ICASSP2023\2_Splicing\tamper\6cdc0b446ef133f683df75c6fc229dfa.png,WEB_BROWSING,0.35,OCR_TEXT
C:\Users\jay\Downloads\STFD_ICASSP2023\STFD_ICASSP2023\2_Splicing\tamper\6cec76dd7ddfa5b52a3535171284a635.png,UNKNOWN,0.1,OCR_TEXT
C:\Users\jay\Downloads\STFD_ICASSP2023\STFD_ICASSP2023\2_Splicing\tamper\6d0b797fe35ebebe9fa2936676e215bb.png,UNKNOWN,0.25,OCR_TEXT
C:\Users\jay\Downloads\STFD_ICASSP2023\STFD_ICASSP2023\2_Splicing\tamper\6d35f16a30182fecdb139877e70df607.png,E_COMMERCE,0.35,CV_ECOMMERCE_COLOR+OCR_TEXT
C:\Users\jay\Downloads\STFD_ICASSP2023\STFD_ICASSP2023\2_Splicing\tamper\6d632cd029588250d8b77887e558ca51.png,UNKNOWN,0.1,OCR_TEXT
C:\Users\jay\Downloads\STFD_ICASSP2023\STFD_ICASSP2023\2_Splicing\tamper\6d6d88383aac108af65fef3769915b30.png,UNKNOWN,0.25,OCR_TEXT
C:\Users\jay\Downloads\STFD_ICASSP2023\STFD_ICASSP2023\2_Splicing\tamper\6e2553f9ccd4486be5bd4c8fbea7ccc6.png,UNKNOWN,0.25,CV_SETTINGS_GRID+OCR_TEXT
C:\Users\jay\Downloads\STFD_ICASSP2023\STFD_ICASSP2023\2_Splicing\tamper\6edcc458c7e7206177fa2169cc0196ab.png,E_COMMERCE,0.35,CV_ECOMMERCE_COLOR+OCR_TEXT
C:\Users\jay\Downloads\STFD_ICASSP2023\STFD_ICASSP2023\2_Splicing\tamper\6ee4fce5f26cf88a1fa9992ec5ef359b.png,UNKNOWN,0.1,OCR_TEXT
C:\Users\jay\Downloads\STFD_ICASSP2023\STFD_ICASSP2023\2_Splicing\tamper\6f24ad3ac0d1a9ef77a7ef185046ed43.png,UNKNOWN,0.1,OCR_TEXT
C:\Users\jay\Downloads\STFD_ICASSP2023\STFD_ICASSP2023\2_Splicing\tamper\6f2eade2e78073ffa2b40782eb9eb5a3.png,UNKNOWN,0.1,OCR_TEXT
C:\Users\jay\Downloads\STFD_ICASSP2023\STFD_ICASSP2023\2_Splicing\tamper\6f330f1e1bcb2611c450d10c603f59e1.png,UNKNOWN,0.25,OCR_TEXT
C:\Users\jay\Downloads\STFD_ICASSP2023\STFD_ICASSP2023\2_Splicing\tamper\6fc13732e17d5b8b8cafc3748310bfbf.png,UNKNOWN,0.1,OCR_TEXT
C:\Users\jay\Downloads\STFD_ICASSP2023\STFD_ICASSP2023\2_Splicing\tamper\7005c8dd8a498bad3f47d4e262250460.png,MAP_TRANSPORT,0.35,OCR_TEXT
C:\Users\jay\Downloads\STFD_ICASSP2023\STFD_ICASSP2023\2_Splicing\tamper\70cc38bf94d4ca82c15e3cb3deb84e9d.png,E_COMMERCE,0.35,CV_ECOMMERCE_COLOR+OCR_TEXT
C:\Users\jay\Downloads\STFD_ICASSP2023\STFD_ICASSP2023\2_Splicing\tamper\711a443a69df46b180fb552ceb7a38c3.png,UNKNOWN,0.1,OCR_TEXT
C:\Users\jay\Downloads\STFD_ICASSP2023\STFD_ICASSP2023\2_Splicing\tamper\711f929c7831a0234f75d5ff6f6f60d5.png,UNKNOWN,0.1,OCR_TEXT
C:\Users\jay\Downloads\STFD_ICASSP2023\STFD_ICASSP2023\2_Splicing\tamper\7228707cfdecbfa216cd09dd263bb752.png,E_COMMERCE,0.35,CV_ECOMMERCE_COLOR+OCR_TEXT
C:\Users\jay\Downloads\STFD_ICASSP2023\STFD_ICASSP2023\2_Splicing\tamper\7245a07cb5532e54f2a0f920d9808cb5.png,UNKNOWN,0.1,OCR_TEXT
C:\Users\jay\Downloads\STFD_ICASSP2023\STFD_ICASSP2023\2_Splicing\tamper\72743f1965428afda620b674e28993a0.png,UNKNOWN,0.25,CV_SETTINGS_GRID+OCR_TEXT
C:\Users\jay\Downloads\STFD_ICASSP2023\STFD_ICASSP2023\2_Splicing\tamper\728bab91663fc56dd32d46345ee70deb.png,UNKNOWN,0.1,OCR_TEXT
C:\Users\jay\Downloads\STFD_ICASSP2023\STFD_ICASSP2023\2_Splicing\tamper\72a4ba8ec0001c8b26ea93d50f2d466c.png,UNKNOWN,0.1,OCR_TEXT
C:\Users\jay\Downloads\STFD_ICASSP2023\STFD_ICASSP2023\2_Splicing\tamper\72ca5d751f4344741811a112ed8a978e.png,UNKNOWN,0.1,OCR_TEXT
C:\Users\jay\Downloads\STFD_ICASSP2023\STFD_ICASSP2023\2_Splicing\tamper\72f1f2b07b12bf9825fe865fc82dffeb.png,UNKNOWN,0.1,OCR_TEXT
C:\Users\jay\Downloads\STFD_ICASSP2023\STFD_ICASSP2023\2_Splicing\tamper\72f4266e8f47c87c5a314484803b91f3.png,UNKNOWN,0.1,OCR_TEXT
C:\Users\jay\Downloads\STFD_ICASSP2023\STFD_ICASSP2023\2_Splicing\tamper\731840a99844dace4723ac0f3a1e02a9.png,UNKNOWN,0.25,OCR_TEXT
C:\Users\jay\Downloads\STFD_ICASSP2023\STFD_ICASSP2023\2_Splicing\tamper\733fbb887f70799df11de29412c8057e.png,UNKNOWN,0.1,OCR_TEXT
C:\Users\jay\Downloads\STFD_ICASSP2023\STFD_ICASSP2023\2_Splicing\tamper\73fc51eac5faf7f9a0edfa29aaeb429a.png,UNKNOWN,0.1,OCR_TEXT
C:\Users\jay\Downloads\STFD_ICASSP2023\STFD_ICASSP2023\2_Splicing\tamper\74388a4a69c9116492726ee6f3d64181.png,UNKNOWN,0.1,OCR_TEXT
C:\Users\jay\Downloads\STFD_ICASSP2023\STFD_ICASSP2023\2_Splicing\tamper\74bf77325e5599b4d647bad6e9c97031.png,UNKNOWN,0.1,OCR_TEXT
C:\Users\jay\Downloads\STFD_ICASSP2023\STFD_ICASSP2023\2_Splicing\tamper\75371f52c66d5b1d14adc5db8edd6b6f.png,DOCUMENT,0.5,CV_MONOCHROME_DOC+OCR_TEXT
C:\Users\jay\Downloads\STFD_ICASSP2023\STFD_ICASSP2023\2_Splicing\tamper\7603e0fb4ae4821ce93687be53d44812.png,UNKNOWN,0.1,OCR_TEXT
C:\Users\jay\Downloads\STFD_ICASSP2023\STFD_ICASSP2023\2_Splicing\tamper\763a14dcd284aca13841670d463f2f66.png,E_COMMERCE,0.35,CV_ECOMMERCE_COLOR+OCR_TEXT
C:\Users\jay\Downloads\STFD_ICASSP2023\STFD_ICASSP2023\2_Splicing\tamper\76959ad865e4dd37b60f50b08ee6cd79.png,UNKNOWN,0.25,OCR_TEXT
C:\Users\jay\Downloads\STFD_ICASSP2023\STFD_ICASSP2023\2_Splicing\tamper\7733397672c2d692854bea22d5838334.png,E_COMMERCE,0.35,CV_ECOMMERCE_COLOR+OCR_TEXT
C:\Users\jay\Downloads\STFD_ICASSP2023\STFD_ICASSP2023\2_Splicing\tamper\78158ad4626538e6970c2952b1e74177.png,UNKNOWN,0.25,OCR_TEXT
C:\Users\jay\Downloads\STFD_ICASSP2023\STFD_ICASSP2023\2_Splicing\tamper\784ff2ca6ba8e47f33ffa44881949af8.png,UNKNOWN,0.1,OCR_TEXT
C:\Users\jay\Downloads\STFD_ICASSP2023\STFD_ICASSP2023\2_Splicing\tamper\789f32ea3e8b1d30d368426cc0eba81f.png,UNKNOWN,0.25,OCR_TEXT
C:\Users\jay\Downloads\STFD_ICASSP2023\STFD_ICASSP2023\2_Splicing\tamper\78b4f49fb0d4af9f199ca840ac0e9b5c.png,E_COMMERCE,0.35,CV_ECOMMERCE_COLOR+OCR_TEXT
C:\Users\jay\Downloads\STFD_ICASSP2023\STFD_ICASSP2023\2_Splicing\tamper\78feb33aa8e5d330a96093efa9ad24b0.png,MAP_TRANSPORT,0.35,OCR_TEXT
C:\Users\jay\Downloads\STFD_ICASSP2023\STFD_ICASSP2023\2_Splicing\tamper\7903144c4d75b68b20c4f95bfde3d2b2.png,UNKNOWN,0.1,OCR_TEXT
C:\Users\jay\Downloads\STFD_ICASSP2023\STFD_ICASSP2023\2_Splicing\tamper\791ce423522cbbe75fe9753aa8db320b.png,UNKNOWN,0.1,OCR_TEXT
C:\Users\jay\Downloads\STFD_ICASSP2023\STFD_ICASSP2023\2_Splicing\tamper\793b6feee536495baa4a0aa2e6ec728f.png,DOCUMENT,0.5,CV_MONOCHROME_DOC+OCR_TEXT
C:\Users\jay\Downloads\STFD_ICASSP2023\STFD_ICASSP2023\2_Splicing\tamper\79dba3c65caa87bf7c03fd92eb2417b3.png,UNKNOWN,0.1,OCR_TEXT
C:\Users\jay\Downloads\STFD_ICASSP2023\STFD_ICASSP2023\2_Splicing\tamper\7a9f2e7b22d75fa2741f87233ff55326.png,UNKNOWN,0.35,OCR_TEXT
C:\Users\jay\Downloads\STFD_ICASSP2023\STFD_ICASSP2023\2_Splicing\tamper\7b9f2bab88dd9c096fe3e7d48e078949.png,UNKNOWN,0.1,VISUAL_HEURISTIC
C:\Users\jay\Downloads\STFD_ICASSP2023\STFD_ICASSP2023\2_Splicing\tamper\7ba2ad95d546365268f2ae482c55bf05.png,UNKNOWN,0.25,CV_SETTINGS_GRID+OCR_TEXT
C:\Users\jay\Downloads\STFD_ICASSP2023\STFD_ICASSP2023\2_Splicing\tamper\7ba36c34cb9b994bbedabe65df6eccec.png,UNKNOWN,0.1,OCR_TEXT
C:\Users\jay\Downloads\STFD_ICASSP2023\STFD_ICASSP2023\2_Splicing\tamper\7bc94a1f52168f309fd28c158d4cc60d.png,DOCUMENT,0.5,CV_MONOCHROME_DOC+OCR_TEXT
C:\Users\jay\Downloads\STFD_ICASSP2023\STFD_ICASSP2023\2_Splicing\tamper\7bcd58ed79062cb5e376e25806ded61c.png,UNKNOWN,0.1,OCR_TEXT
C:\Users\jay\Downloads\STFD_ICASSP2023\STFD_ICASSP2023\2_Splicing\tamper\7c313f4fb02d436de0fc8761bc90381b.png,DOCUMENT,0.5,CV_MONOCHROME_DOC+CV_SETTINGS_GRID+OCR_TEXT
C:\Users\jay\Downloads\STFD_ICASSP2023\STFD_ICASSP2023\2_Splicing\tamper\7c3d92f6576579fa2efc2cfe90ef6335.png,UNKNOWN,0.25,CV_SETTINGS_GRID+OCR_TEXT
C:\Users\jay\Downloads\STFD_ICASSP2023\STFD_ICASSP2023\2_Splicing\tamper\7c7446a0f8afa5286b5a9f80fb87803e.png,UNKNOWN,0.25,OCR_TEXT
C:\Users\jay\Downloads\STFD_ICASSP2023\STFD_ICASSP2023\2_Splicing\tamper\7c85da18ea6fc5c8ff436c6243dd4234.png,UNKNOWN,0.1,OCR_TEXT
C:\Users\jay\Downloads\STFD_ICASSP2023\STFD_ICASSP2023\2_Splicing\tamper\7d571af9177605192da048e46aa6531b.png,UNKNOWN,0.25,OCR_TEXT
C:\Users\jay\Downloads\STFD_ICASSP2023\STFD_ICASSP2023\2_Splicing\tamper\7d6894e05d88e8c9ec6a2cc1e616f53a.png,UNKNOWN,0.1,OCR_TEXT
C:\Users\jay\Downloads\STFD_ICASSP2023\STFD_ICASSP2023\2_Splicing\tamper\7d86076b580f63934d7fd99f8a7765ac.png,E_COMMERCE,0.35,CV_ECOMMERCE_COLOR+OCR_TEXT
C:\Users\jay\Downloads\STFD_ICASSP2023\STFD_ICASSP2023\2_Splicing\tamper\7da9f4855937aa792cd440d33f08c165.png,UNKNOWN,0.1,OCR_TEXT
C:\Users\jay\Downloads\STFD_ICASSP2023\STFD_ICASSP2023\2_Splicing\tamper\7f0fd508455c86905f751abbfe575024.png,UNKNOWN,0.25,CV_SETTINGS_GRID+OCR_TEXT
C:\Users\jay\Downloads\STFD_ICASSP2023\STFD_ICASSP2023\2_Splicing\tamper\7f55e5942f230eebacaeae3f6dd52c6c.png,E_COMMERCE,0.35,CV_ECOMMERCE_COLOR+OCR_TEXT
C:\Users\jay\Downloads\STFD_ICASSP2023\STFD_ICASSP2023\2_Splicing\tamper\7f679ff53700a78a6ff23b9e29bf5c9d.png,DOCUMENT,0.5,CV_MONOCHROME_DOC+OCR_TEXT
C:\Users\jay\Downloads\STFD_ICASSP2023\STFD_ICASSP2023\2_Splicing\tamper\7fa313d57c123401418a29e5310b9da1.png,UNKNOWN,0.25,CV_SETTINGS_GRID+OCR_TEXT
C:\Users\jay\Downloads\STFD_ICASSP2023\STFD_ICASSP2023\2_Splicing\tamper\7fe980afed7493c6542253fd0842bcdf.png,E_COMMERCE,0.35,CV_ECOMMERCE_COLOR+OCR_TEXT
C:\Users\jay\Downloads\STFD_ICASSP2023\STFD_ICASSP2023\2_Splicing\tamper\7ff8ab998bae8269681fc0daf0c95127.png,UNKNOWN,0.1,OCR_TEXT
C:\Users\jay\Downloads\STFD_ICASSP2023\STFD_ICASSP2023\2_Splicing\tamper\7ffdc67164471dd51ccabc8f9989b90e.png,E_COMMERCE,0.35,CV_ECOMMERCE_COLOR
C:\Users\jay\Downloads\STFD_ICASSP2023\STFD_ICASSP2023\2_Splicing\tamper\8050becaecbed81b6cf6502768de06f4.png,DOCUMENT,0.5,CV_MONOCHROME_DOC+OCR_TEXT
C:\Users\jay\Downloads\STFD_ICASSP2023\STFD_ICASSP2023\2_Splicing\tamper\80c1730d44e1386e6cc8e6509dc5285f.png,UNKNOWN,0.1,VISUAL_HEURISTIC
C:\Users\jay\Downloads\STFD_ICASSP2023\STFD_ICASSP2023\2_Splicing\tamper\81649fbc763b38932e688a197e42f79d.png,E_COMMERCE,0.35,CV_ECOMMERCE_COLOR+OCR_TEXT
C:\Users\jay\Downloads\STFD_ICASSP2023\STFD_ICASSP2023\2_Splicing\tamper\81e3491c1e381363a769100a1d418547.png,UNKNOWN,0.1,OCR_TEXT
C:\Users\jay\Downloads\STFD_ICASSP2023\STFD_ICASSP2023\2_Splicing\tamper\822118cf9c9714b96aba7936a8c8e54b.png,WEB_BROWSING,0.95,OCR_TEXT
C:\Users\jay\Downloads\STFD_ICASSP2023\STFD_ICASSP2023\2_Splicing\tamper\82650249c9b7135191658a572bc3fba4.png,UNKNOWN,0.1,OCR_TEXT
C:\Users\jay\Downloads\STFD_ICASSP2023\STFD_ICASSP2023\2_Splicing\tamper\827f22b3d01ce150d72e9e142df07d21.png,UNKNOWN,0.1,OCR_TEXT
C:\Users\jay\Downloads\STFD_ICASSP2023\STFD_ICASSP2023\2_Splicing\tamper\8472c9325f2c14a1d8e8860d39b85b4b.png,DOCUMENT,0.5,CV_MONOCHROME_DOC+OCR_TEXT
C:\Users\jay\Downloads\STFD_ICASSP2023\STFD_ICASSP2023\2_Splicing\tamper\8530eaa9b18fe34ca73099abc5b81f6f.png,UNKNOWN,0.1,OCR_TEXT
C:\Users\jay\Downloads\STFD_ICASSP2023\STFD_ICASSP2023\2_Splicing\tamper\85a369ff3a2623d33fb13426cc93d244.png,UNKNOWN,0.1,OCR_TEXT
C:\Users\jay\Downloads\STFD_ICASSP2023\STFD_ICASSP2023\2_Splicing\tamper\8645ea402c5d2aa64dbb46d7271e7258.png,DOCUMENT,0.5,CV_MONOCHROME_DOC+OCR_TEXT
C:\Users\jay\Downloads\STFD_ICASSP2023\STFD_ICASSP2023\2_Splicing\tamper\86ac5091cef413749cb557026cb0b7a8.png,DOCUMENT,0.5,CV_MONOCHROME_DOC+OCR_TEXT
C:\Users\jay\Downloads\STFD_ICASSP2023\STFD_ICASSP2023\2_Splicing\tamper\86c70edb5ed2d87b7996fd06381ddf37.png,E_COMMERCE,0.35,CV_ECOMMERCE_COLOR+OCR_TEXT
C:\Users\jay\Downloads\STFD_ICASSP2023\STFD_ICASSP2023\2_Splicing\tamper\86cbd73cd7a7f1880419e33bf1ed1a6f.png,UNKNOWN,0.3,OCR_TEXT
C:\Users\jay\Downloads\STFD_ICASSP2023\STFD_ICASSP2023\2_Splicing\tamper\86ead0b0a262aef2a3d70c0e55107efa.png,UNKNOWN,0.25,CV_SETTINGS_GRID+OCR_TEXT
C:\Users\jay\Downloads\STFD_ICASSP2023\STFD_ICASSP2023\2_Splicing\tamper\8729ab10a69b3cba655c125b89b7820d.png,UNKNOWN,0.1,OCR_TEXT
C:\Users\jay\Downloads\STFD_ICASSP2023\STFD_ICASSP2023\2_Splicing\tamper\87f84e37aa67d60a8a52de56e0e9749a.png,UNKNOWN,0.1,OCR_TEXT
C:\Users\jay\Downloads\STFD_ICASSP2023\STFD_ICASSP2023\2_Splicing\tamper\880944970dcf7a958f888beaa9ace958.png,UNKNOWN,0.1,OCR_TEXT
C:\Users\jay\Downloads\STFD_ICASSP2023\STFD_ICASSP2023\2_Splicing\tamper\8823aa28c52fa4de454ab9e32a26e344.png,E_COMMERCE,0.35,CV_ECOMMERCE_COLOR+OCR_TEXT
C:\Users\jay\Downloads\STFD_ICASSP2023\STFD_ICASSP2023\2_Splicing\tamper\88aac9d28fcfafb3f56eb51c54f52d5c.png,E_COMMERCE,0.6,CV_ECOMMERCE_COLOR+OCR_TEXT
C:\Users\jay\Downloads\STFD_ICASSP2023\STFD_ICASSP2023\2_Splicing\tamper\88f88cb3f4f3a049cf27b8f9c3f4f1ff.png,UNKNOWN,0.1,OCR_TEXT
C:\Users\jay\Downloads\STFD_ICASSP2023\STFD_ICASSP2023\2_Splicing\tamper\89194b1a59a27e2c8919b19e40890cfc.png,UNKNOWN,0.1,OCR_TEXT
C:\Users\jay\Downloads\STFD_ICASSP2023\STFD_ICASSP2023\2_Splicing\tamper\894a4897dcbcc5e736d825dc40a72704.png,UNKNOWN,0.1,OCR_TEXT
C:\Users\jay\Downloads\STFD_ICASSP2023\STFD_ICASSP2023\2_Splicing\tamper\89d77ad120a8000613a7a30a2bb6fe33.png,UNKNOWN,0.1,OCR_TEXT
C:\Users\jay\Downloads\STFD_ICASSP2023\STFD_ICASSP2023\2_Splicing\tamper\8a689ef8fdbea843f5188d487aee16df.png,E_COMMERCE,0.35,CV_ECOMMERCE_COLOR+OCR_TEXT
C:\Users\jay\Downloads\STFD_ICASSP2023\STFD_ICASSP2023\2_Splicing\tamper\8b8ab5a82e4caeb658885643e459b854.png,UNKNOWN,0.1,OCR_TEXT
C:\Users\jay\Downloads\STFD_ICASSP2023\STFD_ICASSP2023\2_Splicing\tamper\8b992546799c93429606e162b2eb8b13.png,UNKNOWN,0.1,OCR_TEXT
C:\Users\jay\Downloads\STFD_ICASSP2023\STFD_ICASSP2023\2_Splicing\tamper\8bf8304d25f410234daec79a027fc981.png,UNKNOWN,0.25,OCR_TEXT
C:\Users\jay\Downloads\STFD_ICASSP2023\STFD_ICASSP2023\2_Splicing\tamper\8c12faeb5778293de315f1f30fea0eef.png,DOCUMENT,0.5,CV_MONOCHROME_DOC+OCR_TEXT
C:\Users\jay\Downloads\STFD_ICASSP2023\STFD_ICASSP2023\2_Splicing\tamper\8c3b1da180fd350391042d8f603cf337.png,UNKNOWN,0.25,OCR_TEXT
C:\Users\jay\Downloads\STFD_ICASSP2023\STFD_ICASSP2023\2_Splicing\tamper\8c7e86e7a6d5593b645854b6973c17e9.png,E_COMMERCE,0.6,CV_ECOMMERCE_COLOR+OCR_TEXT
C:\Users\jay\Downloads\STFD_ICASSP2023\STFD_ICASSP2023\2_Splicing\tamper\8cf8c3abcf019f60e555c4e99126b549.png,UNKNOWN,0.1,OCR_TEXT
C:\Users\jay\Downloads\STFD_ICASSP2023\STFD_ICASSP2023\2_Splicing\tamper\8d1819534e73d9ab33a7232d761ccaef.png,UNKNOWN,0.1,OCR_TEXT
C:\Users\jay\Downloads\STFD_ICASSP2023\STFD_ICASSP2023\2_Splicing\tamper\8d45c48aff0462c30b173ed476f96c7f.png,UNKNOWN,0.1,OCR_TEXT
C:\Users\jay\Downloads\STFD_ICASSP2023\STFD_ICASSP2023\2_Splicing\tamper\8dd8caa8f0609a53f37bed872f0f3bb1.png,UNKNOWN,0.1,OCR_TEXT
C:\Users\jay\Downloads\STFD_ICASSP2023\STFD_ICASSP2023\2_Splicing\tamper\8e16d60838981103e9282bd431e5938a.png,DOCUMENT,0.5,CV_MONOCHROME_DOC+OCR_TEXT
C:\Users\jay\Downloads\STFD_ICASSP2023\STFD_ICASSP2023\2_Splicing\tamper\8e43647c410a366d7aa478f52e7d3457.png,UNKNOWN,0.1,OCR_TEXT
C:\Users\jay\Downloads\STFD_ICASSP2023\STFD_ICASSP2023\2_Splicing\tamper\8e4bada0f6ae889a58e44fa87d3dc2b6.png,E_COMMERCE,0.35,CV_ECOMMERCE_COLOR+OCR_TEXT
C:\Users\jay\Downloads\STFD_ICASSP2023\STFD_ICASSP2023\2_Splicing\tamper\8eb590a8ef9a17cf2e5e3400f3a46b3e.png,UNKNOWN,0.1,OCR_TEXT
C:\Users\jay\Downloads\STFD_ICASSP2023\STFD_ICASSP2023\2_Splicing\tamper\8ed5deadb89bacf8ac505f72cfbd5cc8.png,UNKNOWN,0.1,OCR_TEXT
C:\Users\jay\Downloads\STFD_ICASSP2023\STFD_ICASSP2023\2_Splicing\tamper\8eec7009c8a8f2ea09e26bed9318742c.png,UNKNOWN,0.1,OCR_TEXT
C:\Users\jay\Downloads\STFD_ICASSP2023\STFD_ICASSP2023\2_Splicing\tamper\8f0c12b06745b23229583881f598e00c.png,UNKNOWN,0.1,OCR_TEXT
C:\Users\jay\Downloads\STFD_ICASSP2023\STFD_ICASSP2023\2_Splicing\tamper\8f3abe4bb8ed90cf630d025f85f63857.png,E_COMMERCE,0.35,CV_ECOMMERCE_COLOR+OCR_TEXT
C:\Users\jay\Downloads\STFD_ICASSP2023\STFD_ICASSP2023\2_Splicing\tamper\8f59895b62266f7d8c16315e4788c5fd.png,UNKNOWN,0.1,OCR_TEXT
C:\Users\jay\Downloads\STFD_ICASSP2023\STFD_ICASSP2023\2_Splicing\tamper\8fd5383d467c991bd0be38548c19ecb2.png,UNKNOWN,0.1,OCR_TEXT
C:\Users\jay\Downloads\STFD_ICASSP2023\STFD_ICASSP2023\2_Splicing\tamper\8fea85633473f55bc4a8fc911c6c3bef.png,E_COMMERCE,0.35,CV_ECOMMERCE_COLOR+OCR_TEXT
C:\Users\jay\Downloads\STFD_ICASSP2023\STFD_ICASSP2023\2_Splicing\tamper\903d1bb9e1bf52f7eecd0d6f3840d3dc.png,UNKNOWN,0.1,OCR_TEXT
C:\Users\jay\Downloads\STFD_ICASSP2023\STFD_ICASSP2023\2_Splicing\tamper\903d505ac1bbbc974287973233d7cab3.png,UNKNOWN,0.1,OCR_TEXT
C:\Users\jay\Downloads\STFD_ICASSP2023\STFD_ICASSP2023\2_Splicing\tamper\90a51a0bde020a9f903f9d2949c0041a.png,UNKNOWN,0.1,OCR_TEXT
C:\Users\jay\Downloads\STFD_ICASSP2023\STFD_ICASSP2023\2_Splicing\tamper\91c0886a34609b90730f8809cebd301a.png,UNKNOWN,0.1,OCR_TEXT
C:\Users\jay\Downloads\STFD_ICASSP2023\STFD_ICASSP2023\2_Splicing\tamper\92184b85e6dff89b48d8cce5eb43954a.png,UNKNOWN,0.25,OCR_TEXT
C:\Users\jay\Downloads\STFD_ICASSP2023\STFD_ICASSP2023\2_Splicing\tamper\92d2a674d64ba2924822d91935179037.png,UNKNOWN,0.25,OCR_TEXT
C:\Users\jay\Downloads\STFD_ICASSP2023\STFD_ICASSP2023\2_Splicing\tamper\92d9205ff282fa5d7987f2f370fd4746.png,UNKNOWN,0.25,OCR_TEXT
C:\Users\jay\Downloads\STFD_ICASSP2023\STFD_ICASSP2023\2_Splicing\tamper\92e3ddb5d8973854d9bc27119e7928b4.png,UNKNOWN,0.1,OCR_TEXT
C:\Users\jay\Downloads\STFD_ICASSP2023\STFD_ICASSP2023\2_Splicing\tamper\9363e2028ce2af15f8dab4a7c41e71d3.png,DOCUMENT,0.5,CV_MONOCHROME_DOC+OCR_TEXT
C:\Users\jay\Downloads\STFD_ICASSP2023\STFD_ICASSP2023\2_Splicing\tamper\952522a0f6388d96b4f77073d7a039b7.png,UNKNOWN,0.25,OCR_TEXT
C:\Users\jay\Downloads\STFD_ICASSP2023\STFD_ICASSP2023\2_Splicing\tamper\95dfcc93d5b2db75b332251b9021505b.png,DOCUMENT,0.5,CV_MONOCHROME_DOC+OCR_TEXT
C:\Users\jay\Downloads\STFD_ICASSP2023\STFD_ICASSP2023\2_Splicing\tamper\95e43953d2e1639fdfa6c276c464c256.png,UNKNOWN,0.25,OCR_TEXT
C:\Users\jay\Downloads\STFD_ICASSP2023\STFD_ICASSP2023\2_Splicing\tamper\95f98de306f0667efe492fcda3dcff3f.png,DOCUMENT,0.5,CV_MONOCHROME_DOC+OCR_TEXT
C:\Users\jay\Downloads\STFD_ICASSP2023\STFD_ICASSP2023\2_Splicing\tamper\962fba4b69ff7be6785a251dcc99d179.png,E_COMMERCE,0.35,CV_ECOMMERCE_COLOR+CV_SETTINGS_GRID+OCR_TEXT
C:\Users\jay\Downloads\STFD_ICASSP2023\STFD_ICASSP2023\2_Splicing\tamper\963b751393e8d163524484472ff36af0.png,WEB_BROWSING,0.35,OCR_TEXT
C:\Users\jay\Downloads\STFD_ICASSP2023\STFD_ICASSP2023\2_Splicing\tamper\968804cae8e22a480e7d2876434d395a.png,WEB_BROWSING,0.35,OCR_TEXT
C:\Users\jay\Downloads\STFD_ICASSP2023\STFD_ICASSP2023\2_Splicing\tamper\96d160c28954bfa36333f7b507c49da9.png,UNKNOWN,0.1,OCR_TEXT
C:\Users\jay\Downloads\STFD_ICASSP2023\STFD_ICASSP2023\2_Splicing\tamper\978a2caa6c269e8ab7958eb3e3b5e15b.png,UNKNOWN,0.25,OCR_TEXT
C:\Users\jay\Downloads\STFD_ICASSP2023\STFD_ICASSP2023\2_Splicing\tamper\97b5b2f4dbd802567721ec2c572e3e10.png,UNKNOWN,0.1,OCR_TEXT
C:\Users\jay\Downloads\STFD_ICASSP2023\STFD_ICASSP2023\2_Splicing\tamper\97cb6280bc9039be86a2d84806be6fd0.png,DOCUMENT,0.5,CV_MONOCHROME_DOC+OCR_TEXT
C:\Users\jay\Downloads\STFD_ICASSP2023\STFD_ICASSP2023\2_Splicing\tamper\9828cab27644f03f95cdb948773ca33b.png,UNKNOWN,0.35,OCR_TEXT
C:\Users\jay\Downloads\STFD_ICASSP2023\STFD_ICASSP2023\2_Splicing\tamper\98a9eafe3885aa77d8a04366bd486a21.png,DOCUMENT,0.5,CV_MONOCHROME_DOC+OCR_TEXT
C:\Users\jay\Downloads\STFD_ICASSP2023\STFD_ICASSP2023\2_Splicing\tamper\99280622b129880972d978e13016a5cb.png,UNKNOWN,0.1,OCR_TEXT
C:\Users\jay\Downloads\STFD_ICASSP2023\STFD_ICASSP2023\2_Splicing\tamper\99320b2a1b8c253c59f17574215b6971.png,E_COMMERCE,0.35,CV_ECOMMERCE_COLOR+OCR_TEXT
C:\Users\jay\Downloads\STFD_ICASSP2023\STFD_ICASSP2023\2_Splicing\tamper\9947319984c3723bd5017bee73305395.png,UNKNOWN,0.1,OCR_TEXT
C:\Users\jay\Downloads\STFD_ICASSP2023\STFD_ICASSP2023\2_Splicing\tamper\9a097619c6e1d3893e36af5276940127.png,DOCUMENT,0.5,CV_MONOCHROME_DOC+OCR_TEXT
C:\Users\jay\Downloads\STFD_ICASSP2023\STFD_ICASSP2023\2_Splicing\tamper\9a16fc5420fba63755edcada085c0b13.png,MAP_TRANSPORT,0.35,OCR_TEXT
C:\Users\jay\Downloads\STFD_ICASSP2023\STFD_ICASSP2023\2_Splicing\tamper\9b38afd7164a3ee56ddc5f69b515f1fa.png,UNKNOWN,0.25,OCR_TEXT
C:\Users\jay\Downloads\STFD_ICASSP2023\STFD_ICASSP2023\2_Splicing\tamper\9b4ee31af9bc8c1db0b319db37c45ff8.png,UNKNOWN,0.1,OCR_TEXT
C:\Users\jay\Downloads\STFD_ICASSP2023\STFD_ICASSP2023\2_Splicing\tamper\9b6bfc398246760ce5a546a0b7ecb883.png,UNKNOWN,0.25,OCR_TEXT
C:\Users\jay\Downloads\STFD_ICASSP2023\STFD_ICASSP2023\2_Splicing\tamper\9ba2354c200dbdc5fad6b23a08d93d4d.png,UNKNOWN,0.25,OCR_TEXT
C:\Users\jay\Downloads\STFD_ICASSP2023\STFD_ICASSP2023\2_Splicing\tamper\9bf0252c546dc049acc2a5bca98fb763.png,UNKNOWN,0.3,OCR_TEXT
C:\Users\jay\Downloads\STFD_ICASSP2023\STFD_ICASSP2023\2_Splicing\tamper\9c141f752712b05c7fbefc7b1ce81dfa.png,UNKNOWN,0.1,OCR_TEXT
C:\Users\jay\Downloads\STFD_ICASSP2023\STFD_ICASSP2023\2_Splicing\tamper\9c8709888c0eeee30638ba125510fc94.png,UNKNOWN,0.1,OCR_TEXT
C:\Users\jay\Downloads\STFD_ICASSP2023\STFD_ICASSP2023\2_Splicing\tamper\9ce1b1687ec3a89aa4ac3ae8ecc0972a.png,UNKNOWN,0.25,OCR_TEXT
C:\Users\jay\Downloads\STFD_ICASSP2023\STFD_ICASSP2023\2_Splicing\tamper\9ce607d487ad17d5c1886f07b7f9c3f9.png,WEB_BROWSING,0.95,CV_MONOCHROME_DOC+OCR_TEXT
C:\Users\jay\Downloads\STFD_ICASSP2023\STFD_ICASSP2023\2_Splicing\tamper\9cf445cbf26b1f308de1d8c7ab2dab40.png,DOCUMENT,0.5,CV_MONOCHROME_DOC+OCR_TEXT
C:\Users\jay\Downloads\STFD_ICASSP2023\STFD_ICASSP2023\2_Splicing\tamper\9d07cccaaebfd953b38f0ab2b9e1f163.png,UNKNOWN,0.1,OCR_TEXT
C:\Users\jay\Downloads\STFD_ICASSP2023\STFD_ICASSP2023\2_Splicing\tamper\9d436f5a3d26dbb0caed52bf897453aa.png,UNKNOWN,0.25,OCR_TEXT
C:\Users\jay\Downloads\STFD_ICASSP2023\STFD_ICASSP2023\2_Splicing\tamper\9d4b788c4d57b46c84b25a61dd55299b.png,UNKNOWN,0.1,OCR_TEXT
C:\Users\jay\Downloads\STFD_ICASSP2023\STFD_ICASSP2023\2_Splicing\tamper\9de0a99388613e38063a1e9072cba231.png,UNKNOWN,0.1,OCR_TEXT
C:\Users\jay\Downloads\STFD_ICASSP2023\STFD_ICASSP2023\2_Splicing\tamper\9e22f24967a33f87676c4677755539c2.png,E_COMMERCE,0.6,CV_ECOMMERCE_COLOR+OCR_TEXT
C:\Users\jay\Downloads\STFD_ICASSP2023\STFD_ICASSP2023\2_Splicing\tamper\9e8f0fc7fb7d7d0441e29d93c98e67f1.png,UNKNOWN,0.25,OCR_TEXT
C:\Users\jay\Downloads\STFD_ICASSP2023\STFD_ICASSP2023\2_Splicing\tamper\9e96d0e688276083a56c0627e5cb6fc0.png,UNKNOWN,0.1,OCR_TEXT
C:\Users\jay\Downloads\STFD_ICASSP2023\STFD_ICASSP2023\2_Splicing\tamper\9ed50e7d469172c27265bda14af7f955.png,UNKNOWN,0.1,OCR_TEXT
C:\Users\jay\Downloads\STFD_ICASSP2023\STFD_ICASSP2023\2_Splicing\tamper\9f1b57b8e39e4e4368b3dc8b8f9459b3.png,E_COMMERCE,0.35,CV_ECOMMERCE_COLOR+OCR_TEXT
C:\Users\jay\Downloads\STFD_ICASSP2023\STFD_ICASSP2023\2_Splicing\tamper\a01a21362c01a500d0d9402522407dc4.png,UNKNOWN,0.1,OCR_TEXT
C:\Users\jay\Downloads\STFD_ICASSP2023\STFD_ICASSP2023\2_Splicing\tamper\a0868c21d1646baf53812bf51c9de526.png,UNKNOWN,0.1,VISUAL_HEURISTIC
C:\Users\jay\Downloads\STFD_ICASSP2023\STFD_ICASSP2023\2_Splicing\tamper\a171f61d30edea614b0a3e52bf5ae40c.png,UNKNOWN,0.1,OCR_TEXT
C:\Users\jay\Downloads\STFD_ICASSP2023\STFD_ICASSP2023\2_Splicing\tamper\a1a548b6e249308a01b54e31d28df9bb.png,UNKNOWN,0.25,OCR_TEXT
C:\Users\jay\Downloads\STFD_ICASSP2023\STFD_ICASSP2023\2_Splicing\tamper\a1a9ba7db0e2d4d676e0824e7818ee83.png,UNKNOWN,0.1,OCR_TEXT
C:\Users\jay\Downloads\STFD_ICASSP2023\STFD_ICASSP2023\2_Splicing\tamper\a1f0b3ed4c31aa491a68404eb5d6ed19.png,UNKNOWN,0.1,OCR_TEXT
C:\Users\jay\Downloads\STFD_ICASSP2023\STFD_ICASSP2023\2_Splicing\tamper\a2c226869a1bee1b772858e68ee11277.png,UNKNOWN,0.1,OCR_TEXT
C:\Users\jay\Downloads\STFD_ICASSP2023\STFD_ICASSP2023\2_Splicing\tamper\a3f6841a0f83621c1f209cb5619541ff.png,UNKNOWN,0.1,OCR_TEXT
C:\Users\jay\Downloads\STFD_ICASSP2023\STFD_ICASSP2023\2_Splicing\tamper\a42a20b9e9faa608a337b8898ed2ab0e.png,UNKNOWN,0.1,OCR_TEXT
C:\Users\jay\Downloads\STFD_ICASSP2023\STFD_ICASSP2023\2_Splicing\tamper\a461f24c7c6bb81b479c446cf044d63b.png,UNKNOWN,0.1,OCR_TEXT
C:\Users\jay\Downloads\STFD_ICASSP2023\STFD_ICASSP2023\2_Splicing\tamper\a4b32d31d6e5e1c8946d809a3f0758e0.png,UNKNOWN,0.1,OCR_TEXT
C:\Users\jay\Downloads\STFD_ICASSP2023\STFD_ICASSP2023\2_Splicing\tamper\a51d59fb94d52103fc33264265840f0b.png,UNKNOWN,0.1,OCR_TEXT
C:\Users\jay\Downloads\STFD_ICASSP2023\STFD_ICASSP2023\2_Splicing\tamper\a5651112c99a39e727b48b849df98fc7.png,MAP_TRANSPORT,0.35,OCR_TEXT
C:\Users\jay\Downloads\STFD_ICASSP2023\STFD_ICASSP2023\2_Splicing\tamper\a56ca6e0a26ac19ca4b45a002af97510.png,DOCUMENT,0.5,CV_MONOCHROME_DOC+OCR_TEXT
C:\Users\jay\Downloads\STFD_ICASSP2023\STFD_ICASSP2023\2_Splicing\tamper\a57877cabc6dce2a2d1f059aba54fb05.png,UNKNOWN,0.1,VISUAL_HEURISTIC
C:\Users\jay\Downloads\STFD_ICASSP2023\STFD_ICASSP2023\2_Splicing\tamper\a597b9a605b6891c4f7ae8fb4db4cb23.png,UNKNOWN,0.3,CV_SETTINGS_GRID+OCR_TEXT
C:\Users\jay\Downloads\STFD_ICASSP2023\STFD_ICASSP2023\2_Splicing\tamper\a5c8403a9a76e59f187ab8b5382d3844.png,UNKNOWN,0.25,OCR_TEXT
C:\Users\jay\Downloads\STFD_ICASSP2023\STFD_ICASSP2023\2_Splicing\tamper\a5d54c8327854be7a79f898bd67f6908.png,UNKNOWN,0.25,CV_SETTINGS_GRID+OCR_TEXT
C:\Users\jay\Downloads\STFD_ICASSP2023\STFD_ICASSP2023\2_Splicing\tamper\a60213ebb94d7fc257774479dad35704.png,DOCUMENT,0.5,CV_MONOCHROME_DOC+CV_SETTINGS_GRID+OCR_TEXT
C:\Users\jay\Downloads\STFD_ICASSP2023\STFD_ICASSP2023\2_Splicing\tamper\a62dab411a113983a10fdead2ea7c15c.png,E_COMMERCE,0.35,CV_ECOMMERCE_COLOR+OCR_TEXT
C:\Users\jay\Downloads\STFD_ICASSP2023\STFD_ICASSP2023\2_Splicing\tamper\a66a259853b335cbdb6b4cae2e471243.png,ONLINE_BANKING,0.35,CV_SETTINGS_GRID+OCR_TEXT
C:\Users\jay\Downloads\STFD_ICASSP2023\STFD_ICASSP2023\2_Splicing\tamper\a6ab264a418a2ffa32b4371e8822b1dc.png,E_COMMERCE,0.35,CV_ECOMMERCE_COLOR+OCR_TEXT
C:\Users\jay\Downloads\STFD_ICASSP2023\STFD_ICASSP2023\2_Splicing\tamper\a6fd274ec0b748e779b7b37351a20538.png,UNKNOWN,0.1,OCR_TEXT
C:\Users\jay\Downloads\STFD_ICASSP2023\STFD_ICASSP2023\2_Splicing\tamper\a79c3b1c68285e7f4e58a38c771ff614.png,UNKNOWN,0.1,OCR_TEXT
C:\Users\jay\Downloads\STFD_ICASSP2023\STFD_ICASSP2023\2_Splicing\tamper\a7af3db73d4a2eb0ffb6f9751268a707.png,UNKNOWN,0.25,OCR_TEXT
C:\Users\jay\Downloads\STFD_ICASSP2023\STFD_ICASSP2023\2_Splicing\tamper\a84ef975c7d7823a452483dea8f3fc5c.png,E_COMMERCE,0.5,CV_SETTINGS_GRID+OCR_TEXT
C:\Users\jay\Downloads\STFD_ICASSP2023\STFD_ICASSP2023\2_Splicing\tamper\a8614525e405dcbe9eb2628b4df6e850.png,UNKNOWN,0.1,OCR_TEXT
C:\Users\jay\Downloads\STFD_ICASSP2023\STFD_ICASSP2023\2_Splicing\tamper\a8660eb362b5824c7312c62f5fcd14f4.png,UNKNOWN,0.1,OCR_TEXT
C:\Users\jay\Downloads\STFD_ICASSP2023\STFD_ICASSP2023\2_Splicing\tamper\a86ad09670abbc59a70781cbb1746e95.png,UNKNOWN,0.1,OCR_TEXT
C:\Users\jay\Downloads\STFD_ICASSP2023\STFD_ICASSP2023\2_Splicing\tamper\a89392313edff4f0bd48b96ef1516500.png,DOCUMENT,0.5,CV_MONOCHROME_DOC+OCR_TEXT
C:\Users\jay\Downloads\STFD_ICASSP2023\STFD_ICASSP2023\2_Splicing\tamper\a8d855cbccd52fc6c3416261f01a30f1.png,UNKNOWN,0.1,OCR_TEXT
C:\Users\jay\Downloads\STFD_ICASSP2023\STFD_ICASSP2023\2_Splicing\tamper\a8dfb5f96b7ee6082a702681fe97b01d.png,UNKNOWN,0.25,CV_SETTINGS_GRID+OCR_TEXT
C:\Users\jay\Downloads\STFD_ICASSP2023\STFD_ICASSP2023\2_Splicing\tamper\a95bdd6fcc33409abbd750a848725994.png,UNKNOWN,0.3,OCR_TEXT
C:\Users\jay\Downloads\STFD_ICASSP2023\STFD_ICASSP2023\2_Splicing\tamper\a96882aa7488ff6ba6e479118847fa33.png,UNKNOWN,0.1,OCR_TEXT
C:\Users\jay\Downloads\STFD_ICASSP2023\STFD_ICASSP2023\2_Splicing\tamper\a97af5ae0294e8dfff31a652daea1860.png,E_COMMERCE,0.35,CV_ECOMMERCE_COLOR+OCR_TEXT
C:\Users\jay\Downloads\STFD_ICASSP2023\STFD_ICASSP2023\2_Splicing\tamper\a9e4fcd678553619261f5b7f731a32b0.png,E_COMMERCE,0.35,CV_ECOMMERCE_COLOR+OCR_TEXT
C:\Users\jay\Downloads\STFD_ICASSP2023\STFD_ICASSP2023\2_Splicing\tamper\a9ea2200b4a8cafc3dfbf85c286af6be.png,UNKNOWN,0.1,OCR_TEXT
C:\Users\jay\Downloads\STFD_ICASSP2023\STFD_ICASSP2023\2_Splicing\tamper\a9ff3e596a6030705e418cca5d439e05.png,UNKNOWN,0.1,OCR_TEXT
C:\Users\jay\Downloads\STFD_ICASSP2023\STFD_ICASSP2023\2_Splicing\tamper\aa1f8d3aebe37b068c02e23fd3291565.png,UNKNOWN,0.1,OCR_TEXT
C:\Users\jay\Downloads\STFD_ICASSP2023\STFD_ICASSP2023\2_Splicing\tamper\aa40dac7cbb3fde39c739fced1fdf2be.png,UNKNOWN,0.1,OCR_TEXT
C:\Users\jay\Downloads\STFD_ICASSP2023\STFD_ICASSP2023\2_Splicing\tamper\aa59ed09f8da10b99f4057ce35aa1be1.png,DOCUMENT,0.8,CV_MONOCHROME_DOC+OCR_TEXT
C:\Users\jay\Downloads\STFD_ICASSP2023\STFD_ICASSP2023\2_Splicing\tamper\aa75e8b64273da4d51bcee683661362d.png,SYSTEM_INTERFACE,0.6,OCR_TEXT
C:\Users\jay\Downloads\STFD_ICASSP2023\STFD_ICASSP2023\2_Splicing\tamper\aad5f7dcb12c0526597b7b4e889eb12f.png,UNKNOWN,0.1,OCR_TEXT
C:\Users\jay\Downloads\STFD_ICASSP2023\STFD_ICASSP2023\2_Splicing\tamper\aadb72a658dac5cc47848386479ab207.png,DOCUMENT,0.5,CV_MONOCHROME_DOC+OCR_TEXT
C:\Users\jay\Downloads\STFD_ICASSP2023\STFD_ICASSP2023\2_Splicing\tamper\aaff692b4221b7e13ae01b75bce0fa5c.png,UNKNOWN,0.25,OCR_TEXT
C:\Users\jay\Downloads\STFD_ICASSP2023\STFD_ICASSP2023\2_Splicing\tamper\ab19c43b27d2868f9486c226c3922d4d.png,UNKNOWN,0.25,CV_SETTINGS_GRID+OCR_TEXT
C:\Users\jay\Downloads\STFD_ICASSP2023\STFD_ICASSP2023\2_Splicing\tamper\ab220997338fecfeda397bd3c6ebf17e.png,UNKNOWN,0.1,OCR_TEXT
C:\Users\jay\Downloads\STFD_ICASSP2023\STFD_ICASSP2023\2_Splicing\tamper\ab32d01c3ae7ac25e759b3e75ddd8fea.png,DOCUMENT,0.8,CV_MONOCHROME_DOC+OCR_TEXT
C:\Users\jay\Downloads\STFD_ICASSP2023\STFD_ICASSP2023\2_Splicing\tamper\ac048341f045fe4c157b2414dbe3d33f.png,DOCUMENT,0.5,CV_MONOCHROME_DOC+OCR_TEXT
C:\Users\jay\Downloads\STFD_ICASSP2023\STFD_ICASSP2023\2_Splicing\tamper\ac16e21779a6141bc530b7161b95b113.png,UNKNOWN,0.1,OCR_TEXT
C:\Users\jay\Downloads\STFD_ICASSP2023\STFD_ICASSP2023\2_Splicing\tamper\ac1d76ea39f50192b95e179481e09a27.png,E_COMMERCE,0.35,CV_ECOMMERCE_COLOR+CV_SETTINGS_GRID+OCR_TEXT
C:\Users\jay\Downloads\STFD_ICASSP2023\STFD_ICASSP2023\2_Splicing\tamper\accff769f6942eef41cfe414cd81dc2f.png,UNKNOWN,0.1,OCR_TEXT
C:\Users\jay\Downloads\STFD_ICASSP2023\STFD_ICASSP2023\2_Splicing\tamper\ad177932061e82b79ea06fbad9d53b94.png,UNKNOWN,0.1,OCR_TEXT
C:\Users\jay\Downloads\STFD_ICASSP2023\STFD_ICASSP2023\2_Splicing\tamper\ad324c2e7248b3273b428ce3055ee6a3.png,UNKNOWN,0.1,OCR_TEXT
C:\Users\jay\Downloads\STFD_ICASSP2023\STFD_ICASSP2023\2_Splicing\tamper\ada21b1b732a823753e42633e98424bc.png,UNKNOWN,0.25,OCR_TEXT
C:\Users\jay\Downloads\STFD_ICASSP2023\STFD_ICASSP2023\2_Splicing\tamper\ae2d2e5b8d0120dfb127cb8e5c12c96e.png,DOCUMENT,0.5,CV_MONOCHROME_DOC+OCR_TEXT
C:\Users\jay\Downloads\STFD_ICASSP2023\STFD_ICASSP2023\2_Splicing\tamper\ae5919324ed5e2813395d74e8a9775be.png,UNKNOWN,0.1,OCR_TEXT
C:\Users\jay\Downloads\STFD_ICASSP2023\STFD_ICASSP2023\2_Splicing\tamper\aea43044aa128b8c504af7fa983fa69c.png,UNKNOWN,0.1,OCR_TEXT
C:\Users\jay\Downloads\STFD_ICASSP2023\STFD_ICASSP2023\2_Splicing\tamper\af1f306148f7930a333340d78725fb23.png,E_COMMERCE,0.35,CV_ECOMMERCE_COLOR+OCR_TEXT
C:\Users\jay\Downloads\STFD_ICASSP2023\STFD_ICASSP2023\2_Splicing\tamper\af72e30b4d1884e9626e4fac81625598.png,UNKNOWN,0.25,CV_SETTINGS_GRID+OCR_TEXT
C:\Users\jay\Downloads\STFD_ICASSP2023\STFD_ICASSP2023\2_Splicing\tamper\af8c3cb5bf2b2c3efd0ef1a194fb43e3.png,DOCUMENT,0.5,CV_MONOCHROME_DOC+OCR_TEXT
C:\Users\jay\Downloads\STFD_ICASSP2023\STFD_ICASSP2023\2_Splicing\tamper\af965347b98035e40244d1cf215aa45b.png,UNKNOWN,0.1,OCR_TEXT
C:\Users\jay\Downloads\STFD_ICASSP2023\STFD_ICASSP2023\2_Splicing\tamper\b071930905211346855c28c39d5fa9a4.png,UNKNOWN,0.1,OCR_TEXT
C:\Users\jay\Downloads\STFD_ICASSP2023\STFD_ICASSP2023\2_Splicing\tamper\b08d7b0eb5e3a321e199dcef0e417707.png,UNKNOWN,0.35,CV_ECOMMERCE_COLOR+OCR_TEXT
C:\Users\jay\Downloads\STFD_ICASSP2023\STFD_ICASSP2023\2_Splicing\tamper\b09736845f52878d0a90bb7f486e1c93.png,UNKNOWN,0.25,CV_SETTINGS_GRID+OCR_TEXT
C:\Users\jay\Downloads\STFD_ICASSP2023\STFD_ICASSP2023\2_Splicing\tamper\b12145c63302cb1a52bda158d4ef07e1.png,E_COMMERCE,0.35,CV_ECOMMERCE_COLOR+CV_SETTINGS_GRID+OCR_TEXT
C:\Users\jay\Downloads\STFD_ICASSP2023\STFD_ICASSP2023\2_Splicing\tamper\b12222d5354b71143ef086dc12963186.png,WEB_BROWSING,0.35,OCR_TEXT
C:\Users\jay\Downloads\STFD_ICASSP2023\STFD_ICASSP2023\2_Splicing\tamper\b158d8c5fc49d6d99c4cddd83d9e292c.png,E_COMMERCE,0.35,CV_ECOMMERCE_COLOR+OCR_TEXT
C:\Users\jay\Downloads\STFD_ICASSP2023\STFD_ICASSP2023\2_Splicing\tamper\b185581959d3674e3f14299cc6085d8f.png,UNKNOWN,0.1,OCR_TEXT
C:\Users\jay\Downloads\STFD_ICASSP2023\STFD_ICASSP2023\2_Splicing\tamper\b1d066976f4131589bcc7b348e9dfc79.png,UNKNOWN,0.1,OCR_TEXT
C:\Users\jay\Downloads\STFD_ICASSP2023\STFD_ICASSP2023\2_Splicing\tamper\b3d95585978762d8151dcb6934c1fc2e.png,UNKNOWN,0.25,CV_SETTINGS_GRID+OCR_TEXT
C:\Users\jay\Downloads\STFD_ICASSP2023\STFD_ICASSP2023\2_Splicing\tamper\b3fa88b282fab8fb9b72149e08b4acd9.png,UNKNOWN,0.1,OCR_TEXT
C:\Users\jay\Downloads\STFD_ICASSP2023\STFD_ICASSP2023\2_Splicing\tamper\b4c416b040e4238b2754a8b2e8a02af7.png,UNKNOWN,0.1,OCR_TEXT
C:\Users\jay\Downloads\STFD_ICASSP2023\STFD_ICASSP2023\2_Splicing\tamper\b5261d0674a1a5c6ffde77f5e41e63ca.png,UNKNOWN,0.25,OCR_TEXT
C:\Users\jay\Downloads\STFD_ICASSP2023\STFD_ICASSP2023\2_Splicing\tamper\b52e7ead20e6c8c95b5fff34f27230e0.png,UNKNOWN,0.1,OCR_TEXT
C:\Users\jay\Downloads\STFD_ICASSP2023\STFD_ICASSP2023\2_Splicing\tamper\b58f286d0caddac1d8ea7f347b8b674e.png,E_COMMERCE,0.35,CV_ECOMMERCE_COLOR+CV_SETTINGS_GRID+OCR_TEXT
C:\Users\jay\Downloads\STFD_ICASSP2023\STFD_ICASSP2023\2_Splicing\tamper\b5b092481a8eac27180e646a8cd60d71.png,UNKNOWN,0.1,OCR_TEXT
C:\Users\jay\Downloads\STFD_ICASSP2023\STFD_ICASSP2023\2_Splicing\tamper\b5e51f70b8799b70aa0410879e9d7265.png,UNKNOWN,0.1,OCR_TEXT
C:\Users\jay\Downloads\STFD_ICASSP2023\STFD_ICASSP2023\2_Splicing\tamper\b60bcd2cef8f088f63c81bb71dc3c702.png,DOCUMENT,0.5,CV_MONOCHROME_DOC+OCR_TEXT
C:\Users\jay\Downloads\STFD_ICASSP2023\STFD_ICASSP2023\2_Splicing\tamper\b689487737ac034f6483bd4bfa3cc502.png,UNKNOWN,0.1,OCR_TEXT
C:\Users\jay\Downloads\STFD_ICASSP2023\STFD_ICASSP2023\2_Splicing\tamper\b6c40352ad022bd7f34a54d3503ff744.png,UNKNOWN,0.1,OCR_TEXT
C:\Users\jay\Downloads\STFD_ICASSP2023\STFD_ICASSP2023\2_Splicing\tamper\b77879758b09203907ac4f14674f1e1c.png,UNKNOWN,0.1,OCR_TEXT
C:\Users\jay\Downloads\STFD_ICASSP2023\STFD_ICASSP2023\2_Splicing\tamper\b791eaae9116768c2e60513ec1036a2b.png,UNKNOWN,0.25,OCR_TEXT
C:\Users\jay\Downloads\STFD_ICASSP2023\STFD_ICASSP2023\2_Splicing\tamper\b8446029e0d9cb76ca9a6e88d574cda7.png,UNKNOWN,0.1,OCR_TEXT
C:\Users\jay\Downloads\STFD_ICASSP2023\STFD_ICASSP2023\2_Splicing\tamper\b8b7fa91517c525b7c5880028d8b2e8d.png,UNKNOWN,0.1,OCR_TEXT
C:\Users\jay\Downloads\STFD_ICASSP2023\STFD_ICASSP2023\2_Splicing\tamper\b8e467ce1629405f029bf0012cda099f.png,WEB_BROWSING,0.95,OCR_TEXT
C:\Users\jay\Downloads\STFD_ICASSP2023\STFD_ICASSP2023\2_Splicing\tamper\ba061b74dc6f2e5a2de8299315187f43.png,WEB_BROWSING,0.35,OCR_TEXT
C:\Users\jay\Downloads\STFD_ICASSP2023\STFD_ICASSP2023\2_Splicing\tamper\ba8b92f9b4fda43312fb308c79289f0a.png,UNKNOWN,0.1,OCR_TEXT
C:\Users\jay\Downloads\STFD_ICASSP2023\STFD_ICASSP2023\2_Splicing\tamper\ba9246a528389bdbb1d0ce3532265df9.png,E_COMMERCE,0.35,CV_ECOMMERCE_COLOR+OCR_TEXT
C:\Users\jay\Downloads\STFD_ICASSP2023\STFD_ICASSP2023\2_Splicing\tamper\bae367fdd2c47f45b81b3b261d00267c.png,UNKNOWN,0.1,OCR_TEXT
C:\Users\jay\Downloads\STFD_ICASSP2023\STFD_ICASSP2023\2_Splicing\tamper\bb14487f4715db993132e45418ae0bff.png,UNKNOWN,0.25,OCR_TEXT
C:\Users\jay\Downloads\STFD_ICASSP2023\STFD_ICASSP2023\2_Splicing\tamper\bb7b7b4f21a570e0f07de3a10a951bd6.png,UNKNOWN,0.1,OCR_TEXT
C:\Users\jay\Downloads\STFD_ICASSP2023\STFD_ICASSP2023\2_Splicing\tamper\bb989b939628ee60fe48aef6afc09956.png,E_COMMERCE,0.35,CV_ECOMMERCE_COLOR+OCR_TEXT
C:\Users\jay\Downloads\STFD_ICASSP2023\STFD_ICASSP2023\2_Splicing\tamper\bbcea335d4557458a07aa6647569f738.png,UNKNOWN,0.1,OCR_TEXT
C:\Users\jay\Downloads\STFD_ICASSP2023\STFD_ICASSP2023\2_Splicing\tamper\bc0ee6ad057acb0433a325c1ff4bbd4c.png,UNKNOWN,0.1,OCR_TEXT
C:\Users\jay\Downloads\STFD_ICASSP2023\STFD_ICASSP2023\2_Splicing\tamper\bc2ec5b2f839b95b47422793a355f6c1.png,DOCUMENT,0.5,CV_MONOCHROME_DOC+CV_SETTINGS_GRID+OCR_TEXT
C:\Users\jay\Downloads\STFD_ICASSP2023\STFD_ICASSP2023\2_Splicing\tamper\bc61bbdd7f82f84e0f53ee75e7bc5e99.png,UNKNOWN,0.1,OCR_TEXT
C:\Users\jay\Downloads\STFD_ICASSP2023\STFD_ICASSP2023\2_Splicing\tamper\bcaad7c53c6c38e191c18f55a3adc725.png,UNKNOWN,0.1,OCR_TEXT
C:\Users\jay\Downloads\STFD_ICASSP2023\STFD_ICASSP2023\2_Splicing\tamper\bd0a3d20af2f5c4e04c163d3b5b64c09.png,UNKNOWN,0.1,OCR_TEXT
C:\Users\jay\Downloads\STFD_ICASSP2023\STFD_ICASSP2023\2_Splicing\tamper\bddc522cf5863d64323759ebc3cc187f.png,UNKNOWN,0.25,OCR_TEXT
C:\Users\jay\Downloads\STFD_ICASSP2023\STFD_ICASSP2023\2_Splicing\tamper\be17aa5492931cba7d34c5da2231034e.png,UNKNOWN,0.1,OCR_TEXT
C:\Users\jay\Downloads\STFD_ICASSP2023\STFD_ICASSP2023\2_Splicing\tamper\be826d113da8ad9b668835c6bd027e4d.png,UNKNOWN,0.1,OCR_TEXT
C:\Users\jay\Downloads\STFD_ICASSP2023\STFD_ICASSP2023\2_Splicing\tamper\bf08120865b4e799d06658eb31786027.png,UNKNOWN,0.1,OCR_TEXT
C:\Users\jay\Downloads\STFD_ICASSP2023\STFD_ICASSP2023\2_Splicing\tamper\bf28c130ad0b7cd49b977f20c0c0f427.png,UNKNOWN,0.1,OCR_TEXT
C:\Users\jay\Downloads\STFD_ICASSP2023\STFD_ICASSP2023\2_Splicing\tamper\bf352fced39fd14cc84d15c28fdf31ea.png,DOCUMENT,0.5,CV_MONOCHROME_DOC+OCR_TEXT
C:\Users\jay\Downloads\STFD_ICASSP2023\STFD_ICASSP2023\2_Splicing\tamper\bf8d3b3cd3d67a2d817c91de69985377.png,UNKNOWN,0.1,OCR_TEXT
C:\Users\jay\Downloads\STFD_ICASSP2023\STFD_ICASSP2023\2_Splicing\tamper\bfc25c9cca9b4d273a94ce5248e8cdf3.png,DOCUMENT,0.5,CV_MONOCHROME_DOC+OCR_TEXT
C:\Users\jay\Downloads\STFD_ICASSP2023\STFD_ICASSP2023\2_Splicing\tamper\c04c04c601ac517b6e6fff9bc5035ec5.png,UNKNOWN,0.1,OCR_TEXT
C:\Users\jay\Downloads\STFD_ICASSP2023\STFD_ICASSP2023\2_Splicing\tamper\c05f8788d450c77006bbc9281370230f.png,E_COMMERCE,0.35,CV_ECOMMERCE_COLOR+OCR_TEXT
C:\Users\jay\Downloads\STFD_ICASSP2023\STFD_ICASSP2023\2_Splicing\tamper\c0a4ef6a306b51d455fb12c84daf8a30.png,UNKNOWN,0.1,OCR_TEXT
C:\Users\jay\Downloads\STFD_ICASSP2023\STFD_ICASSP2023\2_Splicing\tamper\c0bdf24a33c207544646ea023043def1.png,UNKNOWN,0.1,OCR_TEXT
C:\Users\jay\Downloads\STFD_ICASSP2023\STFD_ICASSP2023\2_Splicing\tamper\c14ec1adf465f1b786f160ba45f2f1bc.png,MAP_TRANSPORT,0.35,OCR_TEXT
C:\Users\jay\Downloads\STFD_ICASSP2023\STFD_ICASSP2023\2_Splicing\tamper\c17423b11c86d8bc84b07d540bef7496.png,UNKNOWN,0.25,CV_SETTINGS_GRID+OCR_TEXT
C:\Users\jay\Downloads\STFD_ICASSP2023\STFD_ICASSP2023\2_Splicing\tamper\c1837cff57c5cafb289c9c12f0d9c2dd.png,DOCUMENT,0.5,CV_MONOCHROME_DOC+CV_SETTINGS_GRID+OCR_TEXT
C:\Users\jay\Downloads\STFD_ICASSP2023\STFD_ICASSP2023\2_Splicing\tamper\c18c7cf067c39d5b423cc091fc625af2.png,UNKNOWN,0.1,OCR_TEXT
C:\Users\jay\Downloads\STFD_ICASSP2023\STFD_ICASSP2023\2_Splicing\tamper\c1a7cf4b716a80d5137fe37909990d6a.png,WEB_BROWSING,0.35,OCR_TEXT
C:\Users\jay\Downloads\STFD_ICASSP2023\STFD_ICASSP2023\2_Splicing\tamper\c20c488219f65d6f9db35ec3a906a335.png,UNKNOWN,0.1,OCR_TEXT
C:\Users\jay\Downloads\STFD_ICASSP2023\STFD_ICASSP2023\2_Splicing\tamper\c22dfebb7c2b48e1f4fe3fa3c36441e7.png,E_COMMERCE,0.35,CV_ECOMMERCE_COLOR+CV_SETTINGS_GRID+OCR_TEXT
C:\Users\jay\Downloads\STFD_ICASSP2023\STFD_ICASSP2023\2_Splicing\tamper\c2454401520495dbfc65acf8d80e01d2.png,UNKNOWN,0.1,OCR_TEXT
C:\Users\jay\Downloads\STFD_ICASSP2023\STFD_ICASSP2023\2_Splicing\tamper\c268d30e7dcdc69e0f7e1e25551c21be.png,UNKNOWN,0.1,OCR_TEXT
C:\Users\jay\Downloads\STFD_ICASSP2023\STFD_ICASSP2023\2_Splicing\tamper\c2878e79cd1eb5db1e0c0749ea8450da.png,E_COMMERCE,0.35,CV_ECOMMERCE_COLOR+OCR_TEXT
C:\Users\jay\Downloads\STFD_ICASSP2023\STFD_ICASSP2023\2_Splicing\tamper\c3802bf1b1b26615ccce67bb2c043f96.png,UNKNOWN,0.1,OCR_TEXT
C:\Users\jay\Downloads\STFD_ICASSP2023\STFD_ICASSP2023\2_Splicing\tamper\c3ab0d1310c74158fc0f4a3031e5da9b.png,UNKNOWN,0.25,OCR_TEXT
C:\Users\jay\Downloads\STFD_ICASSP2023\STFD_ICASSP2023\2_Splicing\tamper\c3c8a85a7d44125c42c895742aae428b.png,UNKNOWN,0.25,CV_SETTINGS_GRID+OCR_TEXT
C:\Users\jay\Downloads\STFD_ICASSP2023\STFD_ICASSP2023\2_Splicing\tamper\c3d1c198cf9a4609fd1661927a55fe8d.png,DOCUMENT,0.5,CV_MONOCHROME_DOC+OCR_TEXT
C:\Users\jay\Downloads\STFD_ICASSP2023\STFD_ICASSP2023\2_Splicing\tamper\c4d23af382d16a267c9bfe1b876323ca.png,UNKNOWN,0.3,OCR_TEXT
C:\Users\jay\Downloads\STFD_ICASSP2023\STFD_ICASSP2023\2_Splicing\tamper\c4dc999507a1d3dcb442af3d403d8165.png,UNKNOWN,0.1,OCR_TEXT
C:\Users\jay\Downloads\STFD_ICASSP2023\STFD_ICASSP2023\2_Splicing\tamper\c4e35644b158cd87ea661762c8ff9e7b.png,UNKNOWN,0.1,OCR_TEXT
C:\Users\jay\Downloads\STFD_ICASSP2023\STFD_ICASSP2023\2_Splicing\tamper\c63c2efeb1095ec588f8001c25002a52.png,UNKNOWN,0.25,CV_SETTINGS_GRID+OCR_TEXT
C:\Users\jay\Downloads\STFD_ICASSP2023\STFD_ICASSP2023\2_Splicing\tamper\c6436c6f4a404cce41392e0e95f788c1.png,UNKNOWN,0.25,OCR_TEXT
C:\Users\jay\Downloads\STFD_ICASSP2023\STFD_ICASSP2023\2_Splicing\tamper\c67e92a92e8bb4aa95541d6359f5e18e.png,UNKNOWN,0.1,OCR_TEXT
C:\Users\jay\Downloads\STFD_ICASSP2023\STFD_ICASSP2023\2_Splicing\tamper\c6af5426b9cdc5f8a28bee71b0b8c818.png,E_COMMERCE,0.85,CV_ECOMMERCE_COLOR+OCR_TEXT
C:\Users\jay\Downloads\STFD_ICASSP2023\STFD_ICASSP2023\2_Splicing\tamper\c71718521699ba5a9e098bd1b2ae4ede.png,UNKNOWN,0.25,OCR_TEXT
C:\Users\jay\Downloads\STFD_ICASSP2023\STFD_ICASSP2023\2_Splicing\tamper\c74c9e67d0eb48e05d8f7e555768f4d2.png,UNKNOWN,0.1,OCR_TEXT
C:\Users\jay\Downloads\STFD_ICASSP2023\STFD_ICASSP2023\2_Splicing\tamper\c7837f5c3d2ab8d2bf7022934ef6f1df.png,WEB_BROWSING,0.7,OCR_TEXT
C:\Users\jay\Downloads\STFD_ICASSP2023\STFD_ICASSP2023\2_Splicing\tamper\c7e9b322372258a8a384a6216f7375ea.png,UNKNOWN,0.1,OCR_TEXT
C:\Users\jay\Downloads\STFD_ICASSP2023\STFD_ICASSP2023\2_Splicing\tamper\c829afc3487f82e3c206ea9b1fdc3c5c.png,E_COMMERCE,0.35,CV_ECOMMERCE_COLOR+OCR_TEXT
C:\Users\jay\Downloads\STFD_ICASSP2023\STFD_ICASSP2023\2_Splicing\tamper\c8a36a612c9d3085b2c4ef96eb7cc362.png,UNKNOWN,0.35,CV_ECOMMERCE_COLOR+OCR_TEXT
C:\Users\jay\Downloads\STFD_ICASSP2023\STFD_ICASSP2023\2_Splicing\tamper\c8c9e18e763015a5dc1136522db0dbc4.png,UNKNOWN,0.1,OCR_TEXT
C:\Users\jay\Downloads\STFD_ICASSP2023\STFD_ICASSP2023\2_Splicing\tamper\c8e0caf467524dcb5da8d22e62c194f1.png,UNKNOWN,0.1,OCR_TEXT
C:\Users\jay\Downloads\STFD_ICASSP2023\STFD_ICASSP2023\2_Splicing\tamper\c92643584692814c4d8cd86a67703c66.png,UNKNOWN,0.35,CV_ECOMMERCE_COLOR+OCR_TEXT
C:\Users\jay\Downloads\STFD_ICASSP2023\STFD_ICASSP2023\2_Splicing\tamper\c9b10ca2d77bcecb5150b4ba590d4caa.png,UNKNOWN,0.35,CV_ECOMMERCE_COLOR+OCR_TEXT
C:\Users\jay\Downloads\STFD_ICASSP2023\STFD_ICASSP2023\2_Splicing\tamper\ca11c6a681d8bfc2730d7072049dda7d.png,UNKNOWN,0.1,OCR_TEXT
C:\Users\jay\Downloads\STFD_ICASSP2023\STFD_ICASSP2023\2_Splicing\tamper\ca1d3ffef5ba4234cbcae39d2e0d3783.png,DOCUMENT,0.5,CV_MONOCHROME_DOC+OCR_TEXT
C:\Users\jay\Downloads\STFD_ICASSP2023\STFD_ICASSP2023\2_Splicing\tamper\ca4ad559295601ccb8d0c3eb33597962.png,UNKNOWN,0.1,OCR_TEXT
C:\Users\jay\Downloads\STFD_ICASSP2023\STFD_ICASSP2023\2_Splicing\tamper\ca804fc57dce2670eb31f79b6ba79198.png,UNKNOWN,0.1,OCR_TEXT
C:\Users\jay\Downloads\STFD_ICASSP2023\STFD_ICASSP2023\2_Splicing\tamper\caaaca73d6b5acce8993a5cc07d61f3a.png,UNKNOWN,0.25,OCR_TEXT
C:\Users\jay\Downloads\STFD_ICASSP2023\STFD_ICASSP2023\2_Splicing\tamper\cb1c89ff09bdde8cf13dd3e5164b179a.png,UNKNOWN,0.25,OCR_TEXT
C:\Users\jay\Downloads\STFD_ICASSP2023\STFD_ICASSP2023\2_Splicing\tamper\cb59cc2be4fc7b2c3205c845ea8aa187.png,UNKNOWN,0.1,OCR_TEXT
C:\Users\jay\Downloads\STFD_ICASSP2023\STFD_ICASSP2023\2_Splicing\tamper\cbdd5ef422b4e039ff9b82e20c8190e1.png,UNKNOWN,0.1,OCR_TEXT
C:\Users\jay\Downloads\STFD_ICASSP2023\STFD_ICASSP2023\2_Splicing\tamper\cc3425fc1952111e03b465bfb7387626.png,UNKNOWN,0.1,OCR_TEXT
C:\Users\jay\Downloads\STFD_ICASSP2023\STFD_ICASSP2023\2_Splicing\tamper\cc55ed1c3bb719bf3cd81b92c7d85269.png,WEB_BROWSING,0.35,OCR_TEXT
C:\Users\jay\Downloads\STFD_ICASSP2023\STFD_ICASSP2023\2_Splicing\tamper\cc6f6a832ba93e31e3cd90a3d4b52d3c.png,E_COMMERCE,0.35,CV_ECOMMERCE_COLOR+OCR_TEXT
C:\Users\jay\Downloads\STFD_ICASSP2023\STFD_ICASSP2023\2_Splicing\tamper\ccbfce56eed30950d787d1f464739b89.png,UNKNOWN,0.1,OCR_TEXT
C:\Users\jay\Downloads\STFD_ICASSP2023\STFD_ICASSP2023\2_Splicing\tamper\ccc72936bf011a884a272534edc7fd80.png,UNKNOWN,0.1,OCR_TEXT
C:\Users\jay\Downloads\STFD_ICASSP2023\STFD_ICASSP2023\2_Splicing\tamper\cd2c53a88881978388f318c289ec3338.png,UNKNOWN,0.25,OCR_TEXT
C:\Users\jay\Downloads\STFD_ICASSP2023\STFD_ICASSP2023\2_Splicing\tamper\cdaa3219595cfad94e7e69cacd1ae64d.png,DOCUMENT,0.5,CV_MONOCHROME_DOC+OCR_TEXT
C:\Users\jay\Downloads\STFD_ICASSP2023\STFD_ICASSP2023\2_Splicing\tamper\ce773a0ca9d41db8d872be4c62659065.png,UNKNOWN,0.1,OCR_TEXT
C:\Users\jay\Downloads\STFD_ICASSP2023\STFD_ICASSP2023\2_Splicing\tamper\ce7b1ccd0601b555e7dcc7eadb08ee61.png,UNKNOWN,0.25,OCR_TEXT
C:\Users\jay\Downloads\STFD_ICASSP2023\STFD_ICASSP2023\2_Splicing\tamper\ce7dc5f24d621655db7f396b8cdee03e.png,DOCUMENT,0.5,CV_MONOCHROME_DOC+OCR_TEXT
C:\Users\jay\Downloads\STFD_ICASSP2023\STFD_ICASSP2023\2_Splicing\tamper\cedbbd1af0b2dc809c8c77126b951f4d.png,UNKNOWN,0.25,OCR_TEXT
C:\Users\jay\Downloads\STFD_ICASSP2023\STFD_ICASSP2023\2_Splicing\tamper\cf89628438e158ebbb19772e1c8fa46b.png,DOCUMENT,0.5,CV_MONOCHROME_DOC+OCR_TEXT
C:\Users\jay\Downloads\STFD_ICASSP2023\STFD_ICASSP2023\2_Splicing\tamper\cfdb523da466d22598d00496b8ca6559.png,UNKNOWN,0.1,OCR_TEXT
C:\Users\jay\Downloads\STFD_ICASSP2023\STFD_ICASSP2023\2_Splicing\tamper\d035aad9f47180f91cebe55f96b62f8f.png,UNKNOWN,0.1,OCR_TEXT
C:\Users\jay\Downloads\STFD_ICASSP2023\STFD_ICASSP2023\2_Splicing\tamper\d0d83f55260ab9abf671f4ebf6446c71.png,UNKNOWN,0.1,OCR_TEXT
C:\Users\jay\Downloads\STFD_ICASSP2023\STFD_ICASSP2023\2_Splicing\tamper\d0ebde48bd0dc0a5f396f706caba0d04.png,UNKNOWN,0.1,OCR_TEXT
C:\Users\jay\Downloads\STFD_ICASSP2023\STFD_ICASSP2023\2_Splicing\tamper\d1b5c9be4ec8a6543ddfe7084d58e32b.png,UNKNOWN,0.1,OCR_TEXT
C:\Users\jay\Downloads\STFD_ICASSP2023\STFD_ICASSP2023\2_Splicing\tamper\d1e0b3dc0c8ff426c2ddff60f86dd76c.png,UNKNOWN,0.1,OCR_TEXT
C:\Users\jay\Downloads\STFD_ICASSP2023\STFD_ICASSP2023\2_Splicing\tamper\d22018dd67066a7951a16289e2e3b5c3.png,UNKNOWN,0.1,OCR_TEXT
C:\Users\jay\Downloads\STFD_ICASSP2023\STFD_ICASSP2023\2_Splicing\tamper\d25684230743477547031081a6d59113.png,UNKNOWN,0.25,CV_SETTINGS_GRID+OCR_TEXT
C:\Users\jay\Downloads\STFD_ICASSP2023\STFD_ICASSP2023\2_Splicing\tamper\d27313c22558ddae7671f0dde0482734.png,UNKNOWN,0.1,OCR_TEXT
C:\Users\jay\Downloads\STFD_ICASSP2023\STFD_ICASSP2023\2_Splicing\tamper\d2b6c76c99988e78aefc11984abff61b.png,E_COMMERCE,0.35,CV_ECOMMERCE_COLOR+OCR_TEXT
C:\Users\jay\Downloads\STFD_ICASSP2023\STFD_ICASSP2023\2_Splicing\tamper\d2d7ce8d2893e501302eae62d0e558da.png,UNKNOWN,0.1,OCR_TEXT
C:\Users\jay\Downloads\STFD_ICASSP2023\STFD_ICASSP2023\2_Splicing\tamper\d2deda7962eb131cbbb1cf7362713370.png,UNKNOWN,0.1,OCR_TEXT
C:\Users\jay\Downloads\STFD_ICASSP2023\STFD_ICASSP2023\2_Splicing\tamper\d500eb2dba720b00660ba078de2afdad.png,MAP_TRANSPORT,0.35,OCR_TEXT
C:\Users\jay\Downloads\STFD_ICASSP2023\STFD_ICASSP2023\2_Splicing\tamper\d523c01d91c5c8097582ee42acdfe284.png,UNKNOWN,0.1,OCR_TEXT
C:\Users\jay\Downloads\STFD_ICASSP2023\STFD_ICASSP2023\2_Splicing\tamper\d547fec82e0d146a3285bf1d6fb969f7.png,UNKNOWN,0.1,OCR_TEXT
C:\Users\jay\Downloads\STFD_ICASSP2023\STFD_ICASSP2023\2_Splicing\tamper\d56177b1668c6afb43ce63b736577930.png,UNKNOWN,0.25,CV_SETTINGS_GRID+OCR_TEXT
C:\Users\jay\Downloads\STFD_ICASSP2023\STFD_ICASSP2023\2_Splicing\tamper\d5a3444c24ab86068f42922a2a39f280.png,DOCUMENT,0.5,CV_MONOCHROME_DOC+OCR_TEXT
C:\Users\jay\Downloads\STFD_ICASSP2023\STFD_ICASSP2023\2_Splicing\tamper\d5c89332ef140d8b14a18e5d70d05864.png,E_COMMERCE,0.35,CV_ECOMMERCE_COLOR+OCR_TEXT
C:\Users\jay\Downloads\STFD_ICASSP2023\STFD_ICASSP2023\2_Splicing\tamper\d6bc3174e1813bbffe12d8015be39634.png,UNKNOWN,0.1,OCR_TEXT
C:\Users\jay\Downloads\STFD_ICASSP2023\STFD_ICASSP2023\2_Splicing\tamper\d7335cfd0f316f9c05f73e93ea8cbb0d.png,UNKNOWN,0.1,OCR_TEXT
C:\Users\jay\Downloads\STFD_ICASSP2023\STFD_ICASSP2023\2_Splicing\tamper\d737e877f6bfe92f4a913628820f405f.png,UNKNOWN,0.1,OCR_TEXT
C:\Users\jay\Downloads\STFD_ICASSP2023\STFD_ICASSP2023\2_Splicing\tamper\d7b7618bf7409ac74dec69be45ab294e.png,UNKNOWN,0.25,OCR_TEXT
C:\Users\jay\Downloads\STFD_ICASSP2023\STFD_ICASSP2023\2_Splicing\tamper\d8329d43b8ff686d4f95a4fa19ee08b5.png,UNKNOWN,0.1,OCR_TEXT
C:\Users\jay\Downloads\STFD_ICASSP2023\STFD_ICASSP2023\2_Splicing\tamper\d85cf8f47f4d6f9214dfb4ddbb275c74.png,UNKNOWN,0.1,OCR_TEXT
C:\Users\jay\Downloads\STFD_ICASSP2023\STFD_ICASSP2023\2_Splicing\tamper\d94f84dd4a9e103ace6781cad00199e4.png,UNKNOWN,0.3,OCR_TEXT
C:\Users\jay\Downloads\STFD_ICASSP2023\STFD_ICASSP2023\2_Splicing\tamper\d975fe7d827da47705ba46a3777d0511.png,UNKNOWN,0.1,OCR_TEXT
C:\Users\jay\Downloads\STFD_ICASSP2023\STFD_ICASSP2023\2_Splicing\tamper\da6dad183599577e637fb6d884e84da6.png,UNKNOWN,0.1,OCR_TEXT
C:\Users\jay\Downloads\STFD_ICASSP2023\STFD_ICASSP2023\2_Splicing\tamper\daa7616344b1a14a11b65e0c6a32a3d8.png,UNKNOWN,0.1,OCR_TEXT
C:\Users\jay\Downloads\STFD_ICASSP2023\STFD_ICASSP2023\2_Splicing\tamper\db2826d9fc470a51fa5e929d01c17547.png,E_COMMERCE,0.35,CV_ECOMMERCE_COLOR+OCR_TEXT
C:\Users\jay\Downloads\STFD_ICASSP2023\STFD_ICASSP2023\2_Splicing\tamper\db39a84777ec40f95fb16a7555c50b2b.png,UNKNOWN,0.25,OCR_TEXT
C:\Users\jay\Downloads\STFD_ICASSP2023\STFD_ICASSP2023\2_Splicing\tamper\db527d763585eecfd10bb02688636813.png,UNKNOWN,0.1,OCR_TEXT
C:\Users\jay\Downloads\STFD_ICASSP2023\STFD_ICASSP2023\2_Splicing\tamper\db65f7a2bcc21f1dec7965e0a290be0b.png,UNKNOWN,0.1,OCR_TEXT
C:\Users\jay\Downloads\STFD_ICASSP2023\STFD_ICASSP2023\2_Splicing\tamper\dba4454dab5467c9d56b46211314de84.png,DOCUMENT,0.55,OCR_TEXT
C:\Users\jay\Downloads\STFD_ICASSP2023\STFD_ICASSP2023\2_Splicing\tamper\dbe5af3f3d799063ea3d58885e351c15.png,DOCUMENT,0.5,CV_MONOCHROME_DOC+OCR_TEXT
C:\Users\jay\Downloads\STFD_ICASSP2023\STFD_ICASSP2023\2_Splicing\tamper\dc87ef80b0886d371db28e31ce28e09a.png,UNKNOWN,0.1,OCR_TEXT
C:\Users\jay\Downloads\STFD_ICASSP2023\STFD_ICASSP2023\2_Splicing\tamper\dce286edff379dac4985984aa3277b83.png,E_COMMERCE,0.35,CV_ECOMMERCE_COLOR+OCR_TEXT
C:\Users\jay\Downloads\STFD_ICASSP2023\STFD_ICASSP2023\2_Splicing\tamper\dd2a6080a244293084f4d1f1db6de5c2.png,MAP_TRANSPORT,0.35,OCR_TEXT
C:\Users\jay\Downloads\STFD_ICASSP2023\STFD_ICASSP2023\2_Splicing\tamper\dd768aa5bd227284e51c851e1cadec82.png,MAP_TRANSPORT,0.35,OCR_TEXT
C:\Users\jay\Downloads\STFD_ICASSP2023\STFD_ICASSP2023\2_Splicing\tamper\dd95b8cb4d334aa8231d59b58e825415.png,UNKNOWN,0.1,OCR_TEXT
C:\Users\jay\Downloads\STFD_ICASSP2023\STFD_ICASSP2023\2_Splicing\tamper\dd9d9f7a847f4c8ca0690be26ad50527.png,DOCUMENT,0.5,CV_MONOCHROME_DOC+OCR_TEXT
C:\Users\jay\Downloads\STFD_ICASSP2023\STFD_ICASSP2023\2_Splicing\tamper\ddbbb2d156fd66003d27d0409880a1ca.png,UNKNOWN,0.1,OCR_TEXT
C:\Users\jay\Downloads\STFD_ICASSP2023\STFD_ICASSP2023\2_Splicing\tamper\ddfd521b1b3f1ef3868acc7b91eb987d.png,E_COMMERCE,0.35,CV_ECOMMERCE_COLOR+OCR_TEXT
C:\Users\jay\Downloads\STFD_ICASSP2023\STFD_ICASSP2023\2_Splicing\tamper\de357308335f88346b12b0bfc7576c96.png,UNKNOWN,0.25,OCR_TEXT
C:\Users\jay\Downloads\STFD_ICASSP2023\STFD_ICASSP2023\2_Splicing\tamper\de5f33d32414490236f7383db5645f2f.png,DOCUMENT,0.5,CV_MONOCHROME_DOC+OCR_TEXT
C:\Users\jay\Downloads\STFD_ICASSP2023\STFD_ICASSP2023\2_Splicing\tamper\df82ef6f9ae9a3d89ddba1381629135a.png,E_COMMERCE,0.35,CV_ECOMMERCE_COLOR+OCR_TEXT
C:\Users\jay\Downloads\STFD_ICASSP2023\STFD_ICASSP2023\2_Splicing\tamper\dff6488b85a830da2689d034f9d5a906.png,UNKNOWN,0.1,OCR_TEXT
C:\Users\jay\Downloads\STFD_ICASSP2023\STFD_ICASSP2023\2_Splicing\tamper\e052be15668d5fae4329a1729f593f9a.png,UNKNOWN,0.25,CV_SETTINGS_GRID+OCR_TEXT
C:\Users\jay\Downloads\STFD_ICASSP2023\STFD_ICASSP2023\2_Splicing\tamper\e09977c1369d3f7d2de9481098683c71.png,E_COMMERCE,0.35,CV_ECOMMERCE_COLOR+OCR_TEXT
C:\Users\jay\Downloads\STFD_ICASSP2023\STFD_ICASSP2023\2_Splicing\tamper\e14e08849f0472416c7c3b35a4e07243.png,UNKNOWN,0.1,OCR_TEXT
C:\Users\jay\Downloads\STFD_ICASSP2023\STFD_ICASSP2023\2_Splicing\tamper\e1e7c781b4a392fe40e6b80e54a91dc7.png,UNKNOWN,0.1,OCR_TEXT
C:\Users\jay\Downloads\STFD_ICASSP2023\STFD_ICASSP2023\2_Splicing\tamper\e24016abbadc2e2a02a1eb87a77dece2.png,UNKNOWN,0.1,OCR_TEXT
C:\Users\jay\Downloads\STFD_ICASSP2023\STFD_ICASSP2023\2_Splicing\tamper\e2cafda4cc17434c18d9edb85bcad8f6.png,UNKNOWN,0.1,OCR_TEXT
C:\Users\jay\Downloads\STFD_ICASSP2023\STFD_ICASSP2023\2_Splicing\tamper\e357c5562759b68e8bd2cf3ab20dd485.png,E_COMMERCE,0.35,CV_ECOMMERCE_COLOR+OCR_TEXT
C:\Users\jay\Downloads\STFD_ICASSP2023\STFD_ICASSP2023\2_Splicing\tamper\e35eb46e04285f1e1353b2d6730cf5e5.png,UNKNOWN,0.1,OCR_TEXT
C:\Users\jay\Downloads\STFD_ICASSP2023\STFD_ICASSP2023\2_Splicing\tamper\e3c6a3c2fa0c60903dbd0a070206795b.png,UNKNOWN,0.1,OCR_TEXT
C:\Users\jay\Downloads\STFD_ICASSP2023\STFD_ICASSP2023\2_Splicing\tamper\e434bcc31acba3ececc67b840ba976ae.png,UNKNOWN,0.1,OCR_TEXT
C:\Users\jay\Downloads\STFD_ICASSP2023\STFD_ICASSP2023\2_Splicing\tamper\e4530fd547d31d94249b3953034f14f7.png,UNKNOWN,0.25,OCR_TEXT
C:\Users\jay\Downloads\STFD_ICASSP2023\STFD_ICASSP2023\2_Splicing\tamper\e59f0997dd6beb00e0188e9628192721.png,E_COMMERCE,0.35,CV_ECOMMERCE_COLOR+CV_SETTINGS_GRID+OCR_TEXT
C:\Users\jay\Downloads\STFD_ICASSP2023\STFD_ICASSP2023\2_Splicing\tamper\e6109da02bb198e754b37f111326e985.png,UNKNOWN,0.3,OCR_TEXT
C:\Users\jay\Downloads\STFD_ICASSP2023\STFD_ICASSP2023\2_Splicing\tamper\e62504d958ac55860eed76f1e5e55a5e.png,UNKNOWN,0.25,OCR_TEXT
C:\Users\jay\Downloads\STFD_ICASSP2023\STFD_ICASSP2023\2_Splicing\tamper\e62e33400a3389e1313375c0abc35012.png,E_COMMERCE,0.35,CV_ECOMMERCE_COLOR+OCR_TEXT
C:\Users\jay\Downloads\STFD_ICASSP2023\STFD_ICASSP2023\2_Splicing\tamper\e6826bdbe0367c474a9cd9057802712e.png,UNKNOWN,0.1,OCR_TEXT
C:\Users\jay\Downloads\STFD_ICASSP2023\STFD_ICASSP2023\2_Splicing\tamper\e6d8ef9a22d547f5eaa36085d5ba4bea.png,UNKNOWN,0.1,OCR_TEXT
C:\Users\jay\Downloads\STFD_ICASSP2023\STFD_ICASSP2023\2_Splicing\tamper\e74d27a2c1ff882a82ac77276ca705a8.png,UNKNOWN,0.25,CV_SETTINGS_GRID+OCR_TEXT
C:\Users\jay\Downloads\STFD_ICASSP2023\STFD_ICASSP2023\2_Splicing\tamper\e7856e313ff5ea7abeea78d1277a4965.png,E_COMMERCE,0.35,CV_ECOMMERCE_COLOR+OCR_TEXT
C:\Users\jay\Downloads\STFD_ICASSP2023\STFD_ICASSP2023\2_Splicing\tamper\e829231641defa5f5b1a509eaad61a19.png,UNKNOWN,0.1,OCR_TEXT
C:\Users\jay\Downloads\STFD_ICASSP2023\STFD_ICASSP2023\2_Splicing\tamper\e84dfd9669819490a475c432aa428a68.png,UNKNOWN,0.1,OCR_TEXT
C:\Users\jay\Downloads\STFD_ICASSP2023\STFD_ICASSP2023\2_Splicing\tamper\e86e37db8ea012eb85728ca7adfed50d.png,UNKNOWN,0.1,OCR_TEXT
C:\Users\jay\Downloads\STFD_ICASSP2023\STFD_ICASSP2023\2_Splicing\tamper\e91e60966e78d89f4fd25b619499d25b.png,MAP_TRANSPORT,0.35,CV_SETTINGS_GRID+OCR_TEXT
C:\Users\jay\Downloads\STFD_ICASSP2023\STFD_ICASSP2023\2_Splicing\tamper\e93a2b8cafecda0de85bd3a2af5071d9.png,E_COMMERCE,0.35,CV_ECOMMERCE_COLOR+OCR_TEXT
C:\Users\jay\Downloads\STFD_ICASSP2023\STFD_ICASSP2023\2_Splicing\tamper\e9c8b7bc0b6a0d5c9cb2acf50ab821fa.png,UNKNOWN,0.1,OCR_TEXT
C:\Users\jay\Downloads\STFD_ICASSP2023\STFD_ICASSP2023\2_Splicing\tamper\ea7d176e1f5b9db693bf1946e0abd823.png,DOCUMENT,0.5,CV_MONOCHROME_DOC+OCR_TEXT
C:\Users\jay\Downloads\STFD_ICASSP2023\STFD_ICASSP2023\2_Splicing\tamper\eb121684f70f7140930c755f4b3a90aa.png,DOCUMENT,0.5,CV_MONOCHROME_DOC+OCR_TEXT
C:\Users\jay\Downloads\STFD_ICASSP2023\STFD_ICASSP2023\2_Splicing\tamper\eb2ad1557046f3be2bb809cb53adeb7a.png,E_COMMERCE,0.35,CV_ECOMMERCE_COLOR+OCR_TEXT
C:\Users\jay\Downloads\STFD_ICASSP2023\STFD_ICASSP2023\2_Splicing\tamper\eb773ea246772d42781f06fc288e0a47.png,UNKNOWN,0.1,OCR_TEXT
C:\Users\jay\Downloads\STFD_ICASSP2023\STFD_ICASSP2023\2_Splicing\tamper\ebc1c81f904cb5a9c914cf77e287addd.png,UNKNOWN,0.1,OCR_TEXT
C:\Users\jay\Downloads\STFD_ICASSP2023\STFD_ICASSP2023\2_Splicing\tamper\ebc232a6405c59e37368ad4fb9f959fa.png,UNKNOWN,0.25,OCR_TEXT
C:\Users\jay\Downloads\STFD_ICASSP2023\STFD_ICASSP2023\2_Splicing\tamper\ec44e945950728dbf7cdfddaea57aa6a.png,MAP_TRANSPORT,0.35,OCR_TEXT
C:\Users\jay\Downloads\STFD_ICASSP2023\STFD_ICASSP2023\2_Splicing\tamper\ec676692cfc8deb7fb67a2968e9e23b8.png,UNKNOWN,0.1,OCR_TEXT
C:\Users\jay\Downloads\STFD_ICASSP2023\STFD_ICASSP2023\2_Splicing\tamper\ece4046ec53e1b47b747d4cf94faeb24.png,UNKNOWN,0.1,OCR_TEXT
C:\Users\jay\Downloads\STFD_ICASSP2023\STFD_ICASSP2023\2_Splicing\tamper\ed010678b920b1e401f511a8bef5d49f.png,E_COMMERCE,0.35,CV_ECOMMERCE_COLOR+CV_SETTINGS_GRID+OCR_TEXT
C:\Users\jay\Downloads\STFD_ICASSP2023\STFD_ICASSP2023\2_Splicing\tamper\ed19a7c149d3944e6cb5fd2e7b7c30a7.png,UNKNOWN,0.25,OCR_TEXT
C:\Users\jay\Downloads\STFD_ICASSP2023\STFD_ICASSP2023\2_Splicing\tamper\ed8d2a8694a5d968ce11236878bf1f5f.png,UNKNOWN,0.1,OCR_TEXT
C:\Users\jay\Downloads\STFD_ICASSP2023\STFD_ICASSP2023\2_Splicing\tamper\edadad14944d92a22f1bd037ffcf977c.png,UNKNOWN,0.25,CV_SETTINGS_GRID+OCR_TEXT
C:\Users\jay\Downloads\STFD_ICASSP2023\STFD_ICASSP2023\2_Splicing\tamper\edf14a14c0788db9552551a6f01d8e8a.png,UNKNOWN,0.1,OCR_TEXT
C:\Users\jay\Downloads\STFD_ICASSP2023\STFD_ICASSP2023\2_Splicing\tamper\f064222e37b566518b9a4aa624a1c5b0.png,UNKNOWN,0.1,OCR_TEXT
C:\Users\jay\Downloads\STFD_ICASSP2023\STFD_ICASSP2023\2_Splicing\tamper\f0e4eff52a0b41e96f68b87875d0ea9e.png,UNKNOWN,0.1,OCR_TEXT
C:\Users\jay\Downloads\STFD_ICASSP2023\STFD_ICASSP2023\2_Splicing\tamper\f18cd7c0c46ad24d13d6927ff6bc19f4.png,UNKNOWN,0.1,OCR_TEXT
C:\Users\jay\Downloads\STFD_ICASSP2023\STFD_ICASSP2023\2_Splicing\tamper\f1a060c6ebd381bdc4b17a847ab71b29.png,E_COMMERCE,0.35,CV_ECOMMERCE_COLOR+OCR_TEXT
C:\Users\jay\Downloads\STFD_ICASSP2023\STFD_ICASSP2023\2_Splicing\tamper\f1dcdb5b9697685e5f37bb6c442ca0d1.png,UNKNOWN,0.1,OCR_TEXT
C:\Users\jay\Downloads\STFD_ICASSP2023\STFD_ICASSP2023\2_Splicing\tamper\f2d7cf60c5f4f78e8d6b8c01b7cab549.png,UNKNOWN,0.35,CV_ECOMMERCE_COLOR+OCR_TEXT
C:\Users\jay\Downloads\STFD_ICASSP2023\STFD_ICASSP2023\2_Splicing\tamper\f32d3d4525e6191cf33096b50aadfbf2.png,MAP_TRANSPORT,0.35,OCR_TEXT
C:\Users\jay\Downloads\STFD_ICASSP2023\STFD_ICASSP2023\2_Splicing\tamper\f32d8e4bc1bd64c6e4ec51dc553fdde9.png,UNKNOWN,0.1,OCR_TEXT
C:\Users\jay\Downloads\STFD_ICASSP2023\STFD_ICASSP2023\2_Splicing\tamper\f3366c22417eb94c1aeb7bfc5d71cb3f.png,UNKNOWN,0.25,OCR_TEXT
C:\Users\jay\Downloads\STFD_ICASSP2023\STFD_ICASSP2023\2_Splicing\tamper\f342e69a44fc6bdb9bd2f7787b401f79.png,UNKNOWN,0.25,OCR_TEXT
C:\Users\jay\Downloads\STFD_ICASSP2023\STFD_ICASSP2023\2_Splicing\tamper\f349a552960460848f533367c2996d08.png,UNKNOWN,0.1,VISUAL_HEURISTIC
C:\Users\jay\Downloads\STFD_ICASSP2023\STFD_ICASSP2023\2_Splicing\tamper\f3508a0f6971019db34af8e7a60835c0.png,E_COMMERCE,0.35,CV_ECOMMERCE_COLOR+OCR_TEXT
C:\Users\jay\Downloads\STFD_ICASSP2023\STFD_ICASSP2023\2_Splicing\tamper\f36da991b6a1e29738043ebc3504c32f.png,UNKNOWN,0.1,OCR_TEXT
C:\Users\jay\Downloads\STFD_ICASSP2023\STFD_ICASSP2023\2_Splicing\tamper\f38c02fca5b451a7a420a3fddb38adec.png,UNKNOWN,0.3,OCR_TEXT
C:\Users\jay\Downloads\STFD_ICASSP2023\STFD_ICASSP2023\2_Splicing\tamper\f3b71b59949193abd7c4e50a73fca855.png,E_COMMERCE,0.5,CV_MONOCHROME_DOC+OCR_TEXT
C:\Users\jay\Downloads\STFD_ICASSP2023\STFD_ICASSP2023\2_Splicing\tamper\f3f31910ce1abf7441652ea84ad04449.png,UNKNOWN,0.25,OCR_TEXT
C:\Users\jay\Downloads\STFD_ICASSP2023\STFD_ICASSP2023\2_Splicing\tamper\f3f6c5ec75fe3548f2018814e85650be.png,UNKNOWN,0.1,OCR_TEXT
C:\Users\jay\Downloads\STFD_ICASSP2023\STFD_ICASSP2023\2_Splicing\tamper\f3ffbe75f902cdfabb550f506432faed.png,DOCUMENT,0.5,CV_MONOCHROME_DOC+OCR_TEXT
C:\Users\jay\Downloads\STFD_ICASSP2023\STFD_ICASSP2023\2_Splicing\tamper\f42d80596200a7c43aaa9203952a5b5a.png,UNKNOWN,0.1,OCR_TEXT
C:\Users\jay\Downloads\STFD_ICASSP2023\STFD_ICASSP2023\2_Splicing\tamper\f4af267d33b1577e82b8ad805709fd6f.png,DOCUMENT,0.5,CV_MONOCHROME_DOC+OCR_TEXT
C:\Users\jay\Downloads\STFD_ICASSP2023\STFD_ICASSP2023\2_Splicing\tamper\f4def7f185157ec9b26e623257e6e23e.png,UNKNOWN,0.1,OCR_TEXT
C:\Users\jay\Downloads\STFD_ICASSP2023\STFD_ICASSP2023\2_Splicing\tamper\f5260fcb7f9b945a1f655c277f93d4cb.png,DOCUMENT,0.5,CV_MONOCHROME_DOC+OCR_TEXT
C:\Users\jay\Downloads\STFD_ICASSP2023\STFD_ICASSP2023\2_Splicing\tamper\f5332efc66285167e3d3aa325cd75acf.png,UNKNOWN,0.1,OCR_TEXT
C:\Users\jay\Downloads\STFD_ICASSP2023\STFD_ICASSP2023\2_Splicing\tamper\f5a928c500b9e5c38f4c4f4d3ab11f0c.png,UNKNOWN,0.1,OCR_TEXT
C:\Users\jay\Downloads\STFD_ICASSP2023\STFD_ICASSP2023\2_Splicing\tamper\f672327b9a367ec5b54a8abcbb4a7183.png,UNKNOWN,0.1,OCR_TEXT
C:\Users\jay\Downloads\STFD_ICASSP2023\STFD_ICASSP2023\2_Splicing\tamper\f6cc309a4e8babecc9b05042696165dd.png,DOCUMENT,0.5,CV_MONOCHROME_DOC+OCR_TEXT
C:\Users\jay\Downloads\STFD_ICASSP2023\STFD_ICASSP2023\2_Splicing\tamper\f6d19aa671cfe7861d87fc9009c9f741.png,UNKNOWN,0.1,OCR_TEXT
C:\Users\jay\Downloads\STFD_ICASSP2023\STFD_ICASSP2023\2_Splicing\tamper\f700ecbbdc5fd09260893e07578a96e1.png,UNKNOWN,0.1,OCR_TEXT
C:\Users\jay\Downloads\STFD_ICASSP2023\STFD_ICASSP2023\2_Splicing\tamper\f70a552dfc43339d902fde55028cce87.png,UNKNOWN,0.1,OCR_TEXT
C:\Users\jay\Downloads\STFD_ICASSP2023\STFD_ICASSP2023\2_Splicing\tamper\f78f246ee79c41ef363365ec807c456b.png,UNKNOWN,0.1,OCR_TEXT
C:\Users\jay\Downloads\STFD_ICASSP2023\STFD_ICASSP2023\2_Splicing\tamper\f7d4bb1e99d7ef35df10e7d1651dc1ff.png,E_COMMERCE,0.35,CV_ECOMMERCE_COLOR+OCR_TEXT
C:\Users\jay\Downloads\STFD_ICASSP2023\STFD_ICASSP2023\2_Splicing\tamper\f800ad2103ee1eace66cc175777e40a0.png,UNKNOWN,0.1,OCR_TEXT
C:\Users\jay\Downloads\STFD_ICASSP2023\STFD_ICASSP2023\2_Splicing\tamper\f8b9429a06a12d7806bd7de27d4b8f84.png,UNKNOWN,0.1,OCR_TEXT
C:\Users\jay\Downloads\STFD_ICASSP2023\STFD_ICASSP2023\2_Splicing\tamper\f8dc40e9843cbbc64f7dde7606730bee.png,UNKNOWN,0.1,OCR_TEXT
C:\Users\jay\Downloads\STFD_ICASSP2023\STFD_ICASSP2023\2_Splicing\tamper\f8df7e790a4cfbb2145578b2e5e12899.png,E_COMMERCE,0.85,CV_ECOMMERCE_COLOR+OCR_TEXT
C:\Users\jay\Downloads\STFD_ICASSP2023\STFD_ICASSP2023\2_Splicing\tamper\f8efad70464fb9b75ad65157dfca97d2.png,UNKNOWN,0.3,OCR_TEXT
C:\Users\jay\Downloads\STFD_ICASSP2023\STFD_ICASSP2023\2_Splicing\tamper\f9c9d49ea03ca17a2e6b7ca9fbd7ecee.png,UNKNOWN,0.1,OCR_TEXT
C:\Users\jay\Downloads\STFD_ICASSP2023\STFD_ICASSP2023\2_Splicing\tamper\fa4591482f453612413e66429a59e366.png,UNKNOWN,0.1,OCR_TEXT
C:\Users\jay\Downloads\STFD_ICASSP2023\STFD_ICASSP2023\2_Splicing\tamper\fa5ba5894648736d6183f0756fd543a0.png,E_COMMERCE,0.35,CV_ECOMMERCE_COLOR+OCR_TEXT
C:\Users\jay\Downloads\STFD_ICASSP2023\STFD_ICASSP2023\2_Splicing\tamper\fb199cd6945509dc0ba146591e85449b.png,UNKNOWN,0.1,VISUAL_HEURISTIC
C:\Users\jay\Downloads\STFD_ICASSP2023\STFD_ICASSP2023\2_Splicing\tamper\fb49c6b0a127105fd868890d7c07f634.png,E_COMMERCE,0.35,CV_ECOMMERCE_COLOR+OCR_TEXT
C:\Users\jay\Downloads\STFD_ICASSP2023\STFD_ICASSP2023\2_Splicing\tamper\fbd7f29a6a117f9359cafa0349c3e21c.png,UNKNOWN,0.1,OCR_TEXT
C:\Users\jay\Downloads\STFD_ICASSP2023\STFD_ICASSP2023\2_Splicing\tamper\fc688511180cc15841c01ec4770cb825.png,UNKNOWN,0.1,OCR_TEXT
C:\Users\jay\Downloads\STFD_ICASSP2023\STFD_ICASSP2023\2_Splicing\tamper\fcb0d2716a78be3bf4386459b874863d.png,E_COMMERCE,0.35,CV_ECOMMERCE_COLOR+OCR_TEXT
C:\Users\jay\Downloads\STFD_ICASSP2023\STFD_ICASSP2023\2_Splicing\tamper\fcb46af0dd1ee751b43a13a483c6520c.png,E_COMMERCE,0.35,CV_ECOMMERCE_COLOR+OCR_TEXT
C:\Users\jay\Downloads\STFD_ICASSP2023\STFD_ICASSP2023\2_Splicing\tamper\fcb556cba9a4ca85ed41a96ded1fa198.png,UNKNOWN,0.25,OCR_TEXT
C:\Users\jay\Downloads\STFD_ICASSP2023\STFD_ICASSP2023\2_Splicing\tamper\fd0492075ff16977f41e1e667985bbc7.png,E_COMMERCE,0.6,CV_ECOMMERCE_COLOR+OCR_TEXT
C:\Users\jay\Downloads\STFD_ICASSP2023\STFD_ICASSP2023\2_Splicing\tamper\fd0b3a2b7a63f708364880e740832d60.png,UNKNOWN,0.1,OCR_TEXT
C:\Users\jay\Downloads\STFD_ICASSP2023\STFD_ICASSP2023\2_Splicing\tamper\fd1ce9173d2b20b697cf1c2abd277b8a.png,DOCUMENT,0.5,CV_MONOCHROME_DOC+OCR_TEXT
C:\Users\jay\Downloads\STFD_ICASSP2023\STFD_ICASSP2023\2_Splicing\tamper\fd5c8bb746675a2a9f4f94753ea30fb6.png,UNKNOWN,0.1,OCR_TEXT
C:\Users\jay\Downloads\STFD_ICASSP2023\STFD_ICASSP2023\2_Splicing\tamper\fdc63eb8a7415b00e213b5db343e7e4f.png,UNKNOWN,0.1,OCR_TEXT
C:\Users\jay\Downloads\STFD_ICASSP2023\STFD_ICASSP2023\2_Splicing\tamper\fe081a26ddfcd7be4f0f91410f8339ef.png,UNKNOWN,0.1,OCR_TEXT
C:\Users\jay\Downloads\STFD_ICASSP2023\STFD_ICASSP2023\2_Splicing\tamper\fe0e57fbdf69faa0806d0a92533d826f.png,E_COMMERCE,0.35,CV_ECOMMERCE_COLOR+OCR_TEXT
C:\Users\jay\Downloads\STFD_ICASSP2023\STFD_ICASSP2023\2_Splicing\tamper\fe730074bc283f6198e7ba1ef29f7899.png,UNKNOWN,0.1,OCR_TEXT
C:\Users\jay\Downloads\STFD_ICASSP2023\STFD_ICASSP2023\2_Splicing\tamper\fe87539c7c08f22c6bcc0fefc6687f4d.png,E_COMMERCE,0.35,CV_ECOMMERCE_COLOR+OCR_TEXT
C:\Users\jay\Downloads\STFD_ICASSP2023\STFD_ICASSP2023\2_Splicing\tamper\ff1226f6fbd294425b4635d21cbcea74.png,DOCUMENT,0.5,CV_MONOCHROME_DOC+OCR_TEXT
C:\Users\jay\Downloads\STFD_ICASSP2023\STFD_ICASSP2023\2_Splicing\tamper\ffd3340442b67568b38c4272df523f00.png,UNKNOWN,0.1,OCR_TEXT
C:\Users\jay\Downloads\STFD_ICASSP2023\STFD_ICASSP2023\2_Splicing\tamper\ffdbb391506ff50c6a888712106bbc9c.png,UNKNOWN,0.1,OCR_TEXT
C:\Users\jay\Downloads\STFD_ICASSP2023\STFD_ICASSP2023\3_Removal\tamper\003a444b58fce6515c2136079f5b6b7c.png,UNKNOWN,0.1,OCR_TEXT
C:\Users\jay\Downloads\STFD_ICASSP2023\STFD_ICASSP2023\3_Removal\tamper\00e160c33fdcf098c6a98a1b89ee99e9.png,DOCUMENT,0.5,CV_MONOCHROME_DOC+OCR_TEXT
C:\Users\jay\Downloads\STFD_ICASSP2023\STFD_ICASSP2023\3_Removal\tamper\01019babbd0e0d81bb5fe89a4c627434.png,E_COMMERCE,0.35,CV_ECOMMERCE_COLOR+OCR_TEXT
C:\Users\jay\Downloads\STFD_ICASSP2023\STFD_ICASSP2023\3_Removal\tamper\012fb51ffedcf355b912ed374e031f50.png,DOCUMENT,0.5,CV_MONOCHROME_DOC+OCR_TEXT
C:\Users\jay\Downloads\STFD_ICASSP2023\STFD_ICASSP2023\3_Removal\tamper\0159dec0df9945e941b488e5ac3616cb.png,DOCUMENT,0.55,OCR_TEXT
C:\Users\jay\Downloads\STFD_ICASSP2023\STFD_ICASSP2023\3_Removal\tamper\015e97a067a2e33d9efc30c31e4636a2.png,UNKNOWN,0.35,CV_ECOMMERCE_COLOR+OCR_TEXT
C:\Users\jay\Downloads\STFD_ICASSP2023\STFD_ICASSP2023\3_Removal\tamper\01a6ec3e0fee5e4254337197e7188376.png,MAP_TRANSPORT,0.35,OCR_TEXT
C:\Users\jay\Downloads\STFD_ICASSP2023\STFD_ICASSP2023\3_Removal\tamper\01acbf9f2b5aa00cb2bc1a15cde5648d.png,DOCUMENT,0.5,CV_MONOCHROME_DOC+OCR_TEXT
C:\Users\jay\Downloads\STFD_ICASSP2023\STFD_ICASSP2023\3_Removal\tamper\01fc5f6a89a754aee34d9f59191f86f2.png,MAP_TRANSPORT,0.35,OCR_TEXT
C:\Users\jay\Downloads\STFD_ICASSP2023\STFD_ICASSP2023\3_Removal\tamper\020895fb47601348819bbd67b6fca193.png,UNKNOWN,0.1,OCR_TEXT
C:\Users\jay\Downloads\STFD_ICASSP2023\STFD_ICASSP2023\3_Removal\tamper\028f97c13d1265896a1bdd034d12504d.png,UNKNOWN,0.1,OCR_TEXT
C:\Users\jay\Downloads\STFD_ICASSP2023\STFD_ICASSP2023\3_Removal\tamper\02b5062ee6cbf4f3ebdbd06549f410d9.png,UNKNOWN,0.1,OCR_TEXT
C:\Users\jay\Downloads\STFD_ICASSP2023\STFD_ICASSP2023\3_Removal\tamper\02eddd5e79753b59f850012601141079.png,UNKNOWN,0.1,OCR_TEXT
C:\Users\jay\Downloads\STFD_ICASSP2023\STFD_ICASSP2023\3_Removal\tamper\0354412e55edc988213e8f5e9a661a81.png,MAP_TRANSPORT,0.35,OCR_TEXT
C:\Users\jay\Downloads\STFD_ICASSP2023\STFD_ICASSP2023\3_Removal\tamper\03d151197ba22ae5b1e7db33d7199858.png,DOCUMENT,0.5,CV_MONOCHROME_DOC+OCR_TEXT
C:\Users\jay\Downloads\STFD_ICASSP2023\STFD_ICASSP2023\3_Removal\tamper\04b2ca2bec32654a690147abdecdc635.png,UNKNOWN,0.1,OCR_TEXT
C:\Users\jay\Downloads\STFD_ICASSP2023\STFD_ICASSP2023\3_Removal\tamper\04c39dc74cc59ed56eb32a076e77f5fb.png,UNKNOWN,0.1,OCR_TEXT
C:\Users\jay\Downloads\STFD_ICASSP2023\STFD_ICASSP2023\3_Removal\tamper\04ce0b6fa06738989ff0702396d766aa.png,E_COMMERCE,0.35,CV_ECOMMERCE_COLOR+OCR_TEXT
C:\Users\jay\Downloads\STFD_ICASSP2023\STFD_ICASSP2023\3_Removal\tamper\04f1f77a3335a2fb58d98b921e963318.png,UNKNOWN,0.1,OCR_TEXT
C:\Users\jay\Downloads\STFD_ICASSP2023\STFD_ICASSP2023\3_Removal\tamper\051622c3b31754b145f40398649959a1.png,DOCUMENT,0.5,CV_MONOCHROME_DOC+OCR_TEXT
C:\Users\jay\Downloads\STFD_ICASSP2023\STFD_ICASSP2023\3_Removal\tamper\051b57a47320d58d2fb17d589d78e600.png,E_COMMERCE,0.35,CV_ECOMMERCE_COLOR+OCR_TEXT
C:\Users\jay\Downloads\STFD_ICASSP2023\STFD_ICASSP2023\3_Removal\tamper\058b5608cbef940ba3eac5a4967bcbd3.png,UNKNOWN,0.1,OCR_TEXT
C:\Users\jay\Downloads\STFD_ICASSP2023\STFD_ICASSP2023\3_Removal\tamper\058bb7bc815c6fe8e6f806b93fa3218d.png,UNKNOWN,0.1,OCR_TEXT
C:\Users\jay\Downloads\STFD_ICASSP2023\STFD_ICASSP2023\3_Removal\tamper\05c9570a7ff8a8dcdbe1372da3565f64.png,E_COMMERCE,0.35,CV_ECOMMERCE_COLOR+OCR_TEXT
C:\Users\jay\Downloads\STFD_ICASSP2023\STFD_ICASSP2023\3_Removal\tamper\064542179104dbd023be502a1c551402.png,E_COMMERCE,0.35,CV_ECOMMERCE_COLOR+OCR_TEXT
C:\Users\jay\Downloads\STFD_ICASSP2023\STFD_ICASSP2023\3_Removal\tamper\064834078cf872c223c972a4fb51c06c.png,DOCUMENT,0.5,CV_MONOCHROME_DOC+OCR_TEXT
C:\Users\jay\Downloads\STFD_ICASSP2023\STFD_ICASSP2023\3_Removal\tamper\06583257488c5ac65a403bec80ecf4d4.png,E_COMMERCE,0.35,CV_ECOMMERCE_COLOR+OCR_TEXT
C:\Users\jay\Downloads\STFD_ICASSP2023\STFD_ICASSP2023\3_Removal\tamper\0688f1f7ea3d5001a6e53f7f471d9567.png,UNKNOWN,0.1,OCR_TEXT
C:\Users\jay\Downloads\STFD_ICASSP2023\STFD_ICASSP2023\3_Removal\tamper\06a8928df6252051810971a614bd2b49.png,UNKNOWN,0.1,OCR_TEXT
C:\Users\jay\Downloads\STFD_ICASSP2023\STFD_ICASSP2023\3_Removal\tamper\06b1dc9eeb2a7789346ba2391cc8d298.png,UNKNOWN,0.1,OCR_TEXT
C:\Users\jay\Downloads\STFD_ICASSP2023\STFD_ICASSP2023\3_Removal\tamper\06dd63d1cc707b5ddf48b45cd63d0c7f.png,UNKNOWN,0.25,OCR_TEXT
C:\Users\jay\Downloads\STFD_ICASSP2023\STFD_ICASSP2023\3_Removal\tamper\0741e6e6937021173915d0ae99da3e7d.png,UNKNOWN,0.1,OCR_TEXT
C:\Users\jay\Downloads\STFD_ICASSP2023\STFD_ICASSP2023\3_Removal\tamper\07fa4b29999413dddecaffc089a91b58.png,UNKNOWN,0.1,OCR_TEXT
C:\Users\jay\Downloads\STFD_ICASSP2023\STFD_ICASSP2023\3_Removal\tamper\080a9c3cbf47c6c23a4e0a0d3f9073a6.png,UNKNOWN,0.25,OCR_TEXT
C:\Users\jay\Downloads\STFD_ICASSP2023\STFD_ICASSP2023\3_Removal\tamper\0860c67f5525406638a17814aba8b585.png,UNKNOWN,0.1,OCR_TEXT
C:\Users\jay\Downloads\STFD_ICASSP2023\STFD_ICASSP2023\3_Removal\tamper\09ea50d167374b6d8df33f6f0c113dea.png,DOCUMENT,0.5,CV_MONOCHROME_DOC+OCR_TEXT
C:\Users\jay\Downloads\STFD_ICASSP2023\STFD_ICASSP2023\3_Removal\tamper\0a613a26ae6d2d36a6e589585f759fab.png,UNKNOWN,0.3,OCR_TEXT
C:\Users\jay\Downloads\STFD_ICASSP2023\STFD_ICASSP2023\3_Removal\tamper\0a7d54f3605312f7cf6e48bec47b5d84.png,UNKNOWN,0.1,OCR_TEXT
C:\Users\jay\Downloads\STFD_ICASSP2023\STFD_ICASSP2023\3_Removal\tamper\0aadb09b8edce6cbb48fb4da1c5fddae.png,DOCUMENT,0.5,CV_MONOCHROME_DOC+OCR_TEXT
C:\Users\jay\Downloads\STFD_ICASSP2023\STFD_ICASSP2023\3_Removal\tamper\0ad0dc7efb9245bce3c1d2eb286f4965.png,DOCUMENT,0.5,CV_MONOCHROME_DOC+OCR_TEXT
C:\Users\jay\Downloads\STFD_ICASSP2023\STFD_ICASSP2023\3_Removal\tamper\0adbbfbeacc33581c372a12cd1595c0d.png,UNKNOWN,0.1,OCR_TEXT
C:\Users\jay\Downloads\STFD_ICASSP2023\STFD_ICASSP2023\3_Removal\tamper\0ae0dee4c3213807a603d2ad76c25050.png,UNKNOWN,0.25,CV_SETTINGS_GRID+OCR_TEXT
C:\Users\jay\Downloads\STFD_ICASSP2023\STFD_ICASSP2023\3_Removal\tamper\0af82397cd958f639df2b02ecdc63ce2.png,UNKNOWN,0.1,OCR_TEXT
C:\Users\jay\Downloads\STFD_ICASSP2023\STFD_ICASSP2023\3_Removal\tamper\0b858c2fe8ada6fc43139e2f10a1b1eb.png,DOCUMENT,0.5,CV_MONOCHROME_DOC+OCR_TEXT
C:\Users\jay\Downloads\STFD_ICASSP2023\STFD_ICASSP2023\3_Removal\tamper\0c11000d1cebef60634306806606bd27.png,E_COMMERCE,0.35,CV_ECOMMERCE_COLOR+OCR_TEXT
C:\Users\jay\Downloads\STFD_ICASSP2023\STFD_ICASSP2023\3_Removal\tamper\0c26649b813da6323a630ce7db42fa86.png,UNKNOWN,0.1,OCR_TEXT
C:\Users\jay\Downloads\STFD_ICASSP2023\STFD_ICASSP2023\3_Removal\tamper\0c91d5e0b446f214c020dd50f9fde05b.png,UNKNOWN,0.1,OCR_TEXT
C:\Users\jay\Downloads\STFD_ICASSP2023\STFD_ICASSP2023\3_Removal\tamper\0d4ab032f0b3fad1946b1ce028afd298.png,UNKNOWN,0.25,OCR_TEXT
C:\Users\jay\Downloads\STFD_ICASSP2023\STFD_ICASSP2023\3_Removal\tamper\0d617e90a5fa0bc9e682912820b294a2.png,UNKNOWN,0.1,OCR_TEXT
C:\Users\jay\Downloads\STFD_ICASSP2023\STFD_ICASSP2023\3_Removal\tamper\0d6bb6e404011682dfb91957f8283b73.png,E_COMMERCE,0.35,CV_ECOMMERCE_COLOR+CV_SETTINGS_GRID+OCR_TEXT
C:\Users\jay\Downloads\STFD_ICASSP2023\STFD_ICASSP2023\3_Removal\tamper\0d6db410ebc9689f26eae57fa51985ab.png,UNKNOWN,0.1,OCR_TEXT
C:\Users\jay\Downloads\STFD_ICASSP2023\STFD_ICASSP2023\3_Removal\tamper\0da71676ff16efda445a09eed638d1e4.png,E_COMMERCE,0.35,CV_ECOMMERCE_COLOR+OCR_TEXT
C:\Users\jay\Downloads\STFD_ICASSP2023\STFD_ICASSP2023\3_Removal\tamper\0e2cb5099f7b3fe678ff4a53e8a7616f.png,UNKNOWN,0.1,OCR_TEXT
C:\Users\jay\Downloads\STFD_ICASSP2023\STFD_ICASSP2023\3_Removal\tamper\0e4a0f3fed392ac4f021a31469506052.png,UNKNOWN,0.1,OCR_TEXT
C:\Users\jay\Downloads\STFD_ICASSP2023\STFD_ICASSP2023\3_Removal\tamper\0e898b5692cfaaf59c8eae155445f666.png,UNKNOWN,0.1,OCR_TEXT
C:\Users\jay\Downloads\STFD_ICASSP2023\STFD_ICASSP2023\3_Removal\tamper\0e970b2e3b06582210767d2d22500d59.png,UNKNOWN,0.25,OCR_TEXT
C:\Users\jay\Downloads\STFD_ICASSP2023\STFD_ICASSP2023\3_Removal\tamper\0eb18774f3d3bda3e71b0da73aca8bb5.png,E_COMMERCE,0.35,CV_ECOMMERCE_COLOR+OCR_TEXT
C:\Users\jay\Downloads\STFD_ICASSP2023\STFD_ICASSP2023\3_Removal\tamper\0efd66ac88fc7a8f89abf8ffaa4c430b.png,DOCUMENT,0.5,CV_MONOCHROME_DOC+OCR_TEXT
C:\Users\jay\Downloads\STFD_ICASSP2023\STFD_ICASSP2023\3_Removal\tamper\0f19058f3bc95b5914cfeed2ca20cf12.png,E_COMMERCE,0.6,CV_ECOMMERCE_COLOR+OCR_TEXT
C:\Users\jay\Downloads\STFD_ICASSP2023\STFD_ICASSP2023\3_Removal\tamper\0f4470d77a40b018bf56e4be6e9837f8.png,E_COMMERCE,0.35,CV_ECOMMERCE_COLOR+OCR_TEXT
C:\Users\jay\Downloads\STFD_ICASSP2023\STFD_ICASSP2023\3_Removal\tamper\0f4c9ffbf8718a2bb24b1e69c734919a.png,UNKNOWN,0.25,OCR_TEXT
C:\Users\jay\Downloads\STFD_ICASSP2023\STFD_ICASSP2023\3_Removal\tamper\0f6fdd777f04bd6efb63d4043e7e46d2.png,UNKNOWN,0.1,OCR_TEXT
C:\Users\jay\Downloads\STFD_ICASSP2023\STFD_ICASSP2023\3_Removal\tamper\0f70d71f632abd1cdbdbba07eef1f14c.png,UNKNOWN,0.25,OCR_TEXT
C:\Users\jay\Downloads\STFD_ICASSP2023\STFD_ICASSP2023\3_Removal\tamper\0fa2fc50dbc71725083bab9dc5cbcccd.png,E_COMMERCE,0.35,CV_ECOMMERCE_COLOR+OCR_TEXT
C:\Users\jay\Downloads\STFD_ICASSP2023\STFD_ICASSP2023\3_Removal\tamper\0fa50fd257b3a1f2541e2d09fff3d8a2.png,DOCUMENT,0.5,CV_MONOCHROME_DOC+OCR_TEXT
C:\Users\jay\Downloads\STFD_ICASSP2023\STFD_ICASSP2023\3_Removal\tamper\10441b68ead0f07a40be835e8b86efc2.png,UNKNOWN,0.1,OCR_TEXT
C:\Users\jay\Downloads\STFD_ICASSP2023\STFD_ICASSP2023\3_Removal\tamper\1089d6677a2477221eee5e9f7f541241.png,DOCUMENT,0.5,CV_MONOCHROME_DOC+OCR_TEXT
C:\Users\jay\Downloads\STFD_ICASSP2023\STFD_ICASSP2023\3_Removal\tamper\10bf5ee1dbc83a19775a1e1e89dfc277.png,UNKNOWN,0.1,OCR_TEXT
C:\Users\jay\Downloads\STFD_ICASSP2023\STFD_ICASSP2023\3_Removal\tamper\10e27b4f1bd95475e9f3a71f488030e2.png,UNKNOWN,0.25,OCR_TEXT
C:\Users\jay\Downloads\STFD_ICASSP2023\STFD_ICASSP2023\3_Removal\tamper\10feecae1a801829f13bff7e0e3e8d05.png,MAP_TRANSPORT,0.35,OCR_TEXT
C:\Users\jay\Downloads\STFD_ICASSP2023\STFD_ICASSP2023\3_Removal\tamper\11635bbaf73754cee3ec362ec0b4f4a0.png,UNKNOWN,0.25,OCR_TEXT
C:\Users\jay\Downloads\STFD_ICASSP2023\STFD_ICASSP2023\3_Removal\tamper\116ec55ec125c9677e826da8694dd5ea.png,UNKNOWN,0.1,OCR_TEXT
C:\Users\jay\Downloads\STFD_ICASSP2023\STFD_ICASSP2023\3_Removal\tamper\11756673228075aac77632e70ca4d392.png,UNKNOWN,0.1,OCR_TEXT
C:\Users\jay\Downloads\STFD_ICASSP2023\STFD_ICASSP2023\3_Removal\tamper\1180f8ce0165457ae806e31fd3724c16.png,E_COMMERCE,0.35,CV_ECOMMERCE_COLOR+OCR_TEXT
C:\Users\jay\Downloads\STFD_ICASSP2023\STFD_ICASSP2023\3_Removal\tamper\119f7f97b8bb168e2e6803e464c41f4b.png,MAP_TRANSPORT,0.35,OCR_TEXT
C:\Users\jay\Downloads\STFD_ICASSP2023\STFD_ICASSP2023\3_Removal\tamper\1218890d5ba96516f106fb82866a8181.png,DOCUMENT,0.5,CV_MONOCHROME_DOC+OCR_TEXT
C:\Users\jay\Downloads\STFD_ICASSP2023\STFD_ICASSP2023\3_Removal\tamper\122678f6cc586732711139dddf975a84.png,UNKNOWN,0.25,CV_SETTINGS_GRID+OCR_TEXT
C:\Users\jay\Downloads\STFD_ICASSP2023\STFD_ICASSP2023\3_Removal\tamper\1229665d47d3baac058dce459e995a77.png,UNKNOWN,0.1,OCR_TEXT
C:\Users\jay\Downloads\STFD_ICASSP2023\STFD_ICASSP2023\3_Removal\tamper\126831f15475f947f94209fea91a7a54.png,UNKNOWN,0.1,OCR_TEXT
C:\Users\jay\Downloads\STFD_ICASSP2023\STFD_ICASSP2023\3_Removal\tamper\127ed28a15cccdd7d88509a2f41f73c2.png,E_COMMERCE,0.35,CV_ECOMMERCE_COLOR+OCR_TEXT
C:\Users\jay\Downloads\STFD_ICASSP2023\STFD_ICASSP2023\3_Removal\tamper\12b9fcfe9d351f89192c70c3a978d46e.png,UNKNOWN,0.25,OCR_TEXT
C:\Users\jay\Downloads\STFD_ICASSP2023\STFD_ICASSP2023\3_Removal\tamper\134c6b1927154364daf6fe17a070f820.png,UNKNOWN,0.1,OCR_TEXT
C:\Users\jay\Downloads\STFD_ICASSP2023\STFD_ICASSP2023\3_Removal\tamper\1374ba7ba8fc64892a6ab42b9b76ba3d.png,E_COMMERCE,0.35,CV_ECOMMERCE_COLOR+OCR_TEXT
C:\Users\jay\Downloads\STFD_ICASSP2023\STFD_ICASSP2023\3_Removal\tamper\138651a8e4f86957da3ce95934dc8ba4.png,DOCUMENT,0.5,CV_MONOCHROME_DOC+OCR_TEXT
C:\Users\jay\Downloads\STFD_ICASSP2023\STFD_ICASSP2023\3_Removal\tamper\13a001e5c42dd4779d4e6f394f6ebe18.png,UNKNOWN,0.1,OCR_TEXT
C:\Users\jay\Downloads\STFD_ICASSP2023\STFD_ICASSP2023\3_Removal\tamper\13f7d43481802597496e580c07b1b01d.png,DOCUMENT,0.5,CV_MONOCHROME_DOC+OCR_TEXT
C:\Users\jay\Downloads\STFD_ICASSP2023\STFD_ICASSP2023\3_Removal\tamper\14124824592ed78b0854b60d733bc8fe.png,UNKNOWN,0.25,OCR_TEXT
C:\Users\jay\Downloads\STFD_ICASSP2023\STFD_ICASSP2023\3_Removal\tamper\1432fa70460ed0f0d1f0d10dea2604be.png,UNKNOWN,0.1,OCR_TEXT
C:\Users\jay\Downloads\STFD_ICASSP2023\STFD_ICASSP2023\3_Removal\tamper\1443c4d030434e8a1dcf75f26a6dfff8.png,UNKNOWN,0.1,OCR_TEXT
C:\Users\jay\Downloads\STFD_ICASSP2023\STFD_ICASSP2023\3_Removal\tamper\148b0af8a71054246df6852f29eb0192.png,UNKNOWN,0.1,OCR_TEXT
C:\Users\jay\Downloads\STFD_ICASSP2023\STFD_ICASSP2023\3_Removal\tamper\15aaa2d2e9e2084aa52fa5e935369933.png,UNKNOWN,0.1,OCR_TEXT
C:\Users\jay\Downloads\STFD_ICASSP2023\STFD_ICASSP2023\3_Removal\tamper\15b448888b6d2413fd4eacdb24ac3d8f.png,UNKNOWN,0.1,OCR_TEXT
C:\Users\jay\Downloads\STFD_ICASSP2023\STFD_ICASSP2023\3_Removal\tamper\15defec99313c7e95d91f50140fb96e0.png,UNKNOWN,0.1,OCR_TEXT
C:\Users\jay\Downloads\STFD_ICASSP2023\STFD_ICASSP2023\3_Removal\tamper\16031078bc3352e5eef16c2fc2c50e4c.png,E_COMMERCE,0.35,CV_ECOMMERCE_COLOR+OCR_TEXT
C:\Users\jay\Downloads\STFD_ICASSP2023\STFD_ICASSP2023\3_Removal\tamper\161a235148728fdd02ef593eeb5078a7.png,E_COMMERCE,0.35,CV_ECOMMERCE_COLOR+OCR_TEXT
C:\Users\jay\Downloads\STFD_ICASSP2023\STFD_ICASSP2023\3_Removal\tamper\16c1e46a0aef1d4a75b12bafa10eafdd.png,UNKNOWN,0.1,OCR_TEXT
C:\Users\jay\Downloads\STFD_ICASSP2023\STFD_ICASSP2023\3_Removal\tamper\1821b441f4da3c2d4008687f8d3524a7.png,UNKNOWN,0.1,OCR_TEXT
C:\Users\jay\Downloads\STFD_ICASSP2023\STFD_ICASSP2023\3_Removal\tamper\186c8e94ee42eb0fd7e71f5438445743.png,UNKNOWN,0.1,OCR_TEXT
C:\Users\jay\Downloads\STFD_ICASSP2023\STFD_ICASSP2023\3_Removal\tamper\18d7aceb3a287800e235122847741ba4.png,UNKNOWN,0.1,OCR_TEXT
C:\Users\jay\Downloads\STFD_ICASSP2023\STFD_ICASSP2023\3_Removal\tamper\194d89baa3814da7a4512d772d43b003.png,DOCUMENT,0.5,CV_MONOCHROME_DOC+OCR_TEXT
C:\Users\jay\Downloads\STFD_ICASSP2023\STFD_ICASSP2023\3_Removal\tamper\1984abf3a5667e289296bbca85381dfd.png,DOCUMENT,0.55,OCR_TEXT
C:\Users\jay\Downloads\STFD_ICASSP2023\STFD_ICASSP2023\3_Removal\tamper\199e58da7afcea15db9cf786e7b5d035.png,UNKNOWN,0.1,OCR_TEXT
C:\Users\jay\Downloads\STFD_ICASSP2023\STFD_ICASSP2023\3_Removal\tamper\19c753b8b3388cd492bb9049d778db48.png,WEB_BROWSING,0.95,CV_MONOCHROME_DOC+OCR_TEXT
C:\Users\jay\Downloads\STFD_ICASSP2023\STFD_ICASSP2023\3_Removal\tamper\1a1ed027e3bd93fde05f97995915dda9.png,UNKNOWN,0.1,OCR_TEXT
C:\Users\jay\Downloads\STFD_ICASSP2023\STFD_ICASSP2023\3_Removal\tamper\1a39e95bc6de6fcb65deea41dadb5ae4.png,DOCUMENT,0.5,CV_MONOCHROME_DOC+OCR_TEXT
C:\Users\jay\Downloads\STFD_ICASSP2023\STFD_ICASSP2023\3_Removal\tamper\1a56acf505ba80e66cef0834875e454d.png,WEB_BROWSING,0.7,OCR_TEXT
C:\Users\jay\Downloads\STFD_ICASSP2023\STFD_ICASSP2023\3_Removal\tamper\1acebe17dcd5953702227e6ae0cc238b.png,UNKNOWN,0.25,CV_SETTINGS_GRID+OCR_TEXT
C:\Users\jay\Downloads\STFD_ICASSP2023\STFD_ICASSP2023\3_Removal\tamper\1addda9fd8a899dc4c0fbac992d1a456.png,UNKNOWN,0.1,OCR_TEXT
C:\Users\jay\Downloads\STFD_ICASSP2023\STFD_ICASSP2023\3_Removal\tamper\1b14181bbb0000ee22b064d9ef40393a.png,UNKNOWN,0.25,OCR_TEXT
C:\Users\jay\Downloads\STFD_ICASSP2023\STFD_ICASSP2023\3_Removal\tamper\1b17861d6fe97ece8b45751ca8fc0f00.png,UNKNOWN,0.25,OCR_TEXT
C:\Users\jay\Downloads\STFD_ICASSP2023\STFD_ICASSP2023\3_Removal\tamper\1b30a6c37f890a8b14f3a48765b2f191.png,UNKNOWN,0.1,OCR_TEXT
C:\Users\jay\Downloads\STFD_ICASSP2023\STFD_ICASSP2023\3_Removal\tamper\1b6613ab45bcdc854bcf34fdf4b99bbe.png,UNKNOWN,0.25,CV_SETTINGS_GRID+OCR_TEXT
C:\Users\jay\Downloads\STFD_ICASSP2023\STFD_ICASSP2023\3_Removal\tamper\1c15e561c45a86c280a39486afd8f97c.png,UNKNOWN,0.1,OCR_TEXT
C:\Users\jay\Downloads\STFD_ICASSP2023\STFD_ICASSP2023\3_Removal\tamper\1c330e68c05fb4b7214f51737d8589cf.png,UNKNOWN,0.1,OCR_TEXT
C:\Users\jay\Downloads\STFD_ICASSP2023\STFD_ICASSP2023\3_Removal\tamper\1c5f86333f48a61901f6cc0b18b547a5.png,E_COMMERCE,0.35,CV_ECOMMERCE_COLOR+OCR_TEXT
C:\Users\jay\Downloads\STFD_ICASSP2023\STFD_ICASSP2023\3_Removal\tamper\1cdc168d5b326c6df4d7916cc3f72a63.png,E_COMMERCE,0.35,CV_ECOMMERCE_COLOR+OCR_TEXT
C:\Users\jay\Downloads\STFD_ICASSP2023\STFD_ICASSP2023\3_Removal\tamper\1cfd3408b383583a04d05f9e176b2610.png,UNKNOWN,0.1,OCR_TEXT
C:\Users\jay\Downloads\STFD_ICASSP2023\STFD_ICASSP2023\3_Removal\tamper\1d180568cdee9b6d336392daf2f23587.png,DOCUMENT,0.5,CV_MONOCHROME_DOC+OCR_TEXT
C:\Users\jay\Downloads\STFD_ICASSP2023\STFD_ICASSP2023\3_Removal\tamper\1d709343bd2e5a5ccbee190416d7bf1d.png,UNKNOWN,0.1,OCR_TEXT
C:\Users\jay\Downloads\STFD_ICASSP2023\STFD_ICASSP2023\3_Removal\tamper\1d787eb4fee7bc08377b6d178fab1326.png,UNKNOWN,0.1,OCR_TEXT
C:\Users\jay\Downloads\STFD_ICASSP2023\STFD_ICASSP2023\3_Removal\tamper\1da3b4e7189a6f3f819d71fb96e0333c.png,UNKNOWN,0.1,OCR_TEXT
C:\Users\jay\Downloads\STFD_ICASSP2023\STFD_ICASSP2023\3_Removal\tamper\1dc38f4bf5d9d4b601d0ab94c7766a61.png,DOCUMENT,0.5,CV_MONOCHROME_DOC+OCR_TEXT
C:\Users\jay\Downloads\STFD_ICASSP2023\STFD_ICASSP2023\3_Removal\tamper\1dcdf7442e458478c64dced4ce999159.png,UNKNOWN,0.1,OCR_TEXT
C:\Users\jay\Downloads\STFD_ICASSP2023\STFD_ICASSP2023\3_Removal\tamper\1e2ad5820b25fd87630ba93652a42148.png,UNKNOWN,0.1,OCR_TEXT
C:\Users\jay\Downloads\STFD_ICASSP2023\STFD_ICASSP2023\3_Removal\tamper\1e3b7a7515187689992b60ce70eaca71.png,UNKNOWN,0.25,OCR_TEXT
C:\Users\jay\Downloads\STFD_ICASSP2023\STFD_ICASSP2023\3_Removal\tamper\1eb9b0102536828b7b988479e0e86e9a.png,DOCUMENT,0.5,CV_MONOCHROME_DOC+OCR_TEXT
C:\Users\jay\Downloads\STFD_ICASSP2023\STFD_ICASSP2023\3_Removal\tamper\1ef01848d0b69ca2a5728c00d789c0fc.png,UNKNOWN,0.1,OCR_TEXT
C:\Users\jay\Downloads\STFD_ICASSP2023\STFD_ICASSP2023\3_Removal\tamper\1f233694b873066cb5b7238d2d6cd20c.png,UNKNOWN,0.35,CV_ECOMMERCE_COLOR+OCR_TEXT
C:\Users\jay\Downloads\STFD_ICASSP2023\STFD_ICASSP2023\3_Removal\tamper\1f7c7dc2c1caba1016d2a9b4347372f9.png,MAP_TRANSPORT,0.35,OCR_TEXT
C:\Users\jay\Downloads\STFD_ICASSP2023\STFD_ICASSP2023\3_Removal\tamper\1faab42c4e910054107346c5754b2418.png,UNKNOWN,0.25,OCR_TEXT
C:\Users\jay\Downloads\STFD_ICASSP2023\STFD_ICASSP2023\3_Removal\tamper\1fd4d27e8a44b13cbbc22068abc5f43e.png,UNKNOWN,0.1,OCR_TEXT
C:\Users\jay\Downloads\STFD_ICASSP2023\STFD_ICASSP2023\3_Removal\tamper\1ffb2c0d9f39453e144575041fb0256e.png,UNKNOWN,0.1,OCR_TEXT
C:\Users\jay\Downloads\STFD_ICASSP2023\STFD_ICASSP2023\3_Removal\tamper\203153c25e59815a9ad065b30aedbf6b.png,DOCUMENT,0.5,CV_MONOCHROME_DOC+OCR_TEXT
C:\Users\jay\Downloads\STFD_ICASSP2023\STFD_ICASSP2023\3_Removal\tamper\2032b84242655d9f87b1c1005c58cb53.png,UNKNOWN,0.1,OCR_TEXT
C:\Users\jay\Downloads\STFD_ICASSP2023\STFD_ICASSP2023\3_Removal\tamper\209035bf7764eea05cbf4a7abc5948b5.png,UNKNOWN,0.1,OCR_TEXT
C:\Users\jay\Downloads\STFD_ICASSP2023\STFD_ICASSP2023\3_Removal\tamper\20a77ece9647235b7b187ccdd24f0d60.png,UNKNOWN,0.25,CV_SETTINGS_GRID+OCR_TEXT
C:\Users\jay\Downloads\STFD_ICASSP2023\STFD_ICASSP2023\3_Removal\tamper\20dd1190153c1adea615b7d447e90a6b.png,UNKNOWN,0.1,OCR_TEXT
C:\Users\jay\Downloads\STFD_ICASSP2023\STFD_ICASSP2023\3_Removal\tamper\2117656d5154a5e32dc30a11b6081912.png,UNKNOWN,0.25,OCR_TEXT
C:\Users\jay\Downloads\STFD_ICASSP2023\STFD_ICASSP2023\3_Removal\tamper\21c6acbfaf54fe3898be567d4d8518b5.png,UNKNOWN,0.1,OCR_TEXT
C:\Users\jay\Downloads\STFD_ICASSP2023\STFD_ICASSP2023\3_Removal\tamper\220fc184278c86d2abab2f666cf0035f.png,UNKNOWN,0.1,OCR_TEXT
C:\Users\jay\Downloads\STFD_ICASSP2023\STFD_ICASSP2023\3_Removal\tamper\22310d9658354d8a0010fe7c02622a07.png,UNKNOWN,0.1,OCR_TEXT
C:\Users\jay\Downloads\STFD_ICASSP2023\STFD_ICASSP2023\3_Removal\tamper\2285cf28a2ee96e7bc1a5f39f1f78e13.png,E_COMMERCE,0.35,CV_ECOMMERCE_COLOR+CV_SETTINGS_GRID+OCR_TEXT
C:\Users\jay\Downloads\STFD_ICASSP2023\STFD_ICASSP2023\3_Removal\tamper\22d74f32a5dd56d93cc0f92eee152842.png,DOCUMENT,0.5,CV_MONOCHROME_DOC+OCR_TEXT
C:\Users\jay\Downloads\STFD_ICASSP2023\STFD_ICASSP2023\3_Removal\tamper\22f14fb3f62b6e8882729057e7b39a2d.png,UNKNOWN,0.1,OCR_TEXT
C:\Users\jay\Downloads\STFD_ICASSP2023\STFD_ICASSP2023\3_Removal\tamper\243575c014dd3f4b53980a76a3e653dc.png,UNKNOWN,0.25,OCR_TEXT
C:\Users\jay\Downloads\STFD_ICASSP2023\STFD_ICASSP2023\3_Removal\tamper\2564c8136b931e9b6a6fcff3ecca9e36.png,UNKNOWN,0.25,OCR_TEXT
C:\Users\jay\Downloads\STFD_ICASSP2023\STFD_ICASSP2023\3_Removal\tamper\25653341213dc2209ab6c8b7b5ebcf3b.png,UNKNOWN,0.1,OCR_TEXT
C:\Users\jay\Downloads\STFD_ICASSP2023\STFD_ICASSP2023\3_Removal\tamper\25731fcb2864e0ba5ff209a1bb7dcab6.png,E_COMMERCE,0.35,CV_ECOMMERCE_COLOR+CV_SETTINGS_GRID+OCR_TEXT
C:\Users\jay\Downloads\STFD_ICASSP2023\STFD_ICASSP2023\3_Removal\tamper\25980981914f0b9f84bf9fb02170c837.png,UNKNOWN,0.1,OCR_TEXT
C:\Users\jay\Downloads\STFD_ICASSP2023\STFD_ICASSP2023\3_Removal\tamper\25a61a7519ba714f388adc1d46ac6107.png,E_COMMERCE,0.35,CV_ECOMMERCE_COLOR+OCR_TEXT
C:\Users\jay\Downloads\STFD_ICASSP2023\STFD_ICASSP2023\3_Removal\tamper\25e5991c5f703eb9ae27ae158938085b.png,UNKNOWN,0.1,OCR_TEXT
C:\Users\jay\Downloads\STFD_ICASSP2023\STFD_ICASSP2023\3_Removal\tamper\2620c4e3028d414b2df0f841b3d507e4.png,UNKNOWN,0.1,OCR_TEXT
C:\Users\jay\Downloads\STFD_ICASSP2023\STFD_ICASSP2023\3_Removal\tamper\2658901ad9781b73959755676d86c094.png,E_COMMERCE,0.35,CV_ECOMMERCE_COLOR+OCR_TEXT
C:\Users\jay\Downloads\STFD_ICASSP2023\STFD_ICASSP2023\3_Removal\tamper\26efbbb0773f29faa6a9a37475406ea1.png,UNKNOWN,0.25,CV_SETTINGS_GRID+OCR_TEXT
C:\Users\jay\Downloads\STFD_ICASSP2023\STFD_ICASSP2023\3_Removal\tamper\270866c41dc079b115f6d57a6bad93dd.png,UNKNOWN,0.1,VISUAL_HEURISTIC
C:\Users\jay\Downloads\STFD_ICASSP2023\STFD_ICASSP2023\3_Removal\tamper\2795c86eac33202fac9c28362adc0c29.png,UNKNOWN,0.25,OCR_TEXT
C:\Users\jay\Downloads\STFD_ICASSP2023\STFD_ICASSP2023\3_Removal\tamper\27ab936caa0930888cc6d9642554f539.png,SYSTEM_INTERFACE,0.6,OCR_TEXT
C:\Users\jay\Downloads\STFD_ICASSP2023\STFD_ICASSP2023\3_Removal\tamper\283660fb6f50dc9c54a49330a62f630c.png,E_COMMERCE,0.35,CV_ECOMMERCE_COLOR+OCR_TEXT
C:\Users\jay\Downloads\STFD_ICASSP2023\STFD_ICASSP2023\3_Removal\tamper\29052dc4094813da50d26c2ddcbb469e.png,UNKNOWN,0.1,OCR_TEXT
C:\Users\jay\Downloads\STFD_ICASSP2023\STFD_ICASSP2023\3_Removal\tamper\2977d85d4fa54361b03ffd30fd244274.png,UNKNOWN,0.1,OCR_TEXT
C:\Users\jay\Downloads\STFD_ICASSP2023\STFD_ICASSP2023\3_Removal\tamper\297c859f701df304be3fd86ae926ba63.png,UNKNOWN,0.1,OCR_TEXT
C:\Users\jay\Downloads\STFD_ICASSP2023\STFD_ICASSP2023\3_Removal\tamper\2984439509527c652080effcf59701f0.png,UNKNOWN,0.25,OCR_TEXT
C:\Users\jay\Downloads\STFD_ICASSP2023\STFD_ICASSP2023\3_Removal\tamper\29bec5d1bf4f4056ea605377ae0bb284.png,UNKNOWN,0.1,OCR_TEXT
C:\Users\jay\Downloads\STFD_ICASSP2023\STFD_ICASSP2023\3_Removal\tamper\29dfb36da830fa12fe6375034133803e.png,UNKNOWN,0.1,OCR_TEXT
C:\Users\jay\Downloads\STFD_ICASSP2023\STFD_ICASSP2023\3_Removal\tamper\2a7d92279b8b2e7179de0175343aaa6f.png,E_COMMERCE,0.5,CV_SETTINGS_GRID+OCR_TEXT
C:\Users\jay\Downloads\STFD_ICASSP2023\STFD_ICASSP2023\3_Removal\tamper\2a831c363320cbdac3d0576e8ba566a2.png,MAP_TRANSPORT,0.35,OCR_TEXT
C:\Users\jay\Downloads\STFD_ICASSP2023\STFD_ICASSP2023\3_Removal\tamper\2ab2aa2dd1b024a6d48cdc4f4df04ec9.png,UNKNOWN,0.35,CV_ECOMMERCE_COLOR+OCR_TEXT
C:\Users\jay\Downloads\STFD_ICASSP2023\STFD_ICASSP2023\3_Removal\tamper\2ae58b1176572e893be8ad5286876720.png,UNKNOWN,0.1,OCR_TEXT
C:\Users\jay\Downloads\STFD_ICASSP2023\STFD_ICASSP2023\3_Removal\tamper\2b076995a1746e7ffec28e04b79f007a.png,DOCUMENT,0.5,CV_MONOCHROME_DOC+OCR_TEXT
C:\Users\jay\Downloads\STFD_ICASSP2023\STFD_ICASSP2023\3_Removal\tamper\2bbcd9cf6958279dc19fa075a4c8bdfd.png,DOCUMENT,0.5,CV_MONOCHROME_DOC+OCR_TEXT
C:\Users\jay\Downloads\STFD_ICASSP2023\STFD_ICASSP2023\3_Removal\tamper\2bbea8ca0c1e67701c4d5acf6099ea2e.png,UNKNOWN,0.25,OCR_TEXT
C:\Users\jay\Downloads\STFD_ICASSP2023\STFD_ICASSP2023\3_Removal\tamper\2bc5d0fc99515a9791445a7acb2a8148.png,DOCUMENT,0.5,CV_MONOCHROME_DOC+OCR_TEXT
C:\Users\jay\Downloads\STFD_ICASSP2023\STFD_ICASSP2023\3_Removal\tamper\2c226dc55566df5269b78aef1806fec1.png,UNKNOWN,0.1,OCR_TEXT
C:\Users\jay\Downloads\STFD_ICASSP2023\STFD_ICASSP2023\3_Removal\tamper\2c36fcc696816028b322b1f6713d1c43.png,UNKNOWN,0.1,OCR_TEXT
C:\Users\jay\Downloads\STFD_ICASSP2023\STFD_ICASSP2023\3_Removal\tamper\2c562ec6e4c1a70f6f7ee5474a2e2230.png,E_COMMERCE,0.35,CV_ECOMMERCE_COLOR+OCR_TEXT
C:\Users\jay\Downloads\STFD_ICASSP2023\STFD_ICASSP2023\3_Removal\tamper\2c88ebb923e09353edd0c5063262835b.png,DOCUMENT,0.5,CV_MONOCHROME_DOC+OCR_TEXT
C:\Users\jay\Downloads\STFD_ICASSP2023\STFD_ICASSP2023\3_Removal\tamper\2d47904118487bdf3e06c7694e8c6219.png,DOCUMENT,0.5,CV_MONOCHROME_DOC+OCR_TEXT
C:\Users\jay\Downloads\STFD_ICASSP2023\STFD_ICASSP2023\3_Removal\tamper\2d76aa3d6754377b13c6e57ed20e4bee.png,UNKNOWN,0.1,OCR_TEXT
C:\Users\jay\Downloads\STFD_ICASSP2023\STFD_ICASSP2023\3_Removal\tamper\2dfc91dedc717533affd37d2fc06372e.png,UNKNOWN,0.1,OCR_TEXT
C:\Users\jay\Downloads\STFD_ICASSP2023\STFD_ICASSP2023\3_Removal\tamper\2e028607be80709296b5fddce2568346.png,UNKNOWN,0.1,OCR_TEXT
C:\Users\jay\Downloads\STFD_ICASSP2023\STFD_ICASSP2023\3_Removal\tamper\2e1446b68c1ae36b73d11acd444cfdce.png,UNKNOWN,0.1,OCR_TEXT
C:\Users\jay\Downloads\STFD_ICASSP2023\STFD_ICASSP2023\3_Removal\tamper\2e50547129bfaffbfc341c10f3c97992.png,UNKNOWN,0.1,OCR_TEXT
C:\Users\jay\Downloads\STFD_ICASSP2023\STFD_ICASSP2023\3_Removal\tamper\2e96898a90de0676112def1c19acdc5e.png,UNKNOWN,0.1,OCR_TEXT
C:\Users\jay\Downloads\STFD_ICASSP2023\STFD_ICASSP2023\3_Removal\tamper\2ec7fd423b070d8809b2d10bd2b91a2d.png,DOCUMENT,0.5,CV_MONOCHROME_DOC+OCR_TEXT
C:\Users\jay\Downloads\STFD_ICASSP2023\STFD_ICASSP2023\3_Removal\tamper\2ed52e332d020ea7fe430da783262576.png,UNKNOWN,0.1,OCR_TEXT
C:\Users\jay\Downloads\STFD_ICASSP2023\STFD_ICASSP2023\3_Removal\tamper\2f0c937616cb9752830a32fa417dbf1a.png,UNKNOWN,0.3,OCR_TEXT
C:\Users\jay\Downloads\STFD_ICASSP2023\STFD_ICASSP2023\3_Removal\tamper\2f37fd484d338d3e597d801fec7bd795.png,E_COMMERCE,0.35,CV_ECOMMERCE_COLOR+OCR_TEXT
C:\Users\jay\Downloads\STFD_ICASSP2023\STFD_ICASSP2023\3_Removal\tamper\2f4c37d52be66184f00ac9cf4ab623db.png,UNKNOWN,0.1,OCR_TEXT
C:\Users\jay\Downloads\STFD_ICASSP2023\STFD_ICASSP2023\3_Removal\tamper\2f947606a17d158b0b24966901df9cbf.png,DOCUMENT,0.5,CV_MONOCHROME_DOC+OCR_TEXT
C:\Users\jay\Downloads\STFD_ICASSP2023\STFD_ICASSP2023\3_Removal\tamper\2fa0ce582a6f4b7dad47625944fa5ff4.png,E_COMMERCE,0.35,CV_ECOMMERCE_COLOR+OCR_TEXT
C:\Users\jay\Downloads\STFD_ICASSP2023\STFD_ICASSP2023\3_Removal\tamper\3011136ddceb6bbd4c703d3a0560088f.png,DOCUMENT,0.5,CV_MONOCHROME_DOC+OCR_TEXT
C:\Users\jay\Downloads\STFD_ICASSP2023\STFD_ICASSP2023\3_Removal\tamper\3171f1d7698ea72968aecf017f719f9a.png,UNKNOWN,0.1,OCR_TEXT
C:\Users\jay\Downloads\STFD_ICASSP2023\STFD_ICASSP2023\3_Removal\tamper\3177176000960e3967e5ffa822e86301.png,UNKNOWN,0.1,OCR_TEXT
C:\Users\jay\Downloads\STFD_ICASSP2023\STFD_ICASSP2023\3_Removal\tamper\317fe8158a9d6cc455f18eba38143fbe.png,UNKNOWN,0.1,OCR_TEXT
C:\Users\jay\Downloads\STFD_ICASSP2023\STFD_ICASSP2023\3_Removal\tamper\328fbe26eb4e77ad5eeab074dff72c14.png,MAP_TRANSPORT,0.35,OCR_TEXT
C:\Users\jay\Downloads\STFD_ICASSP2023\STFD_ICASSP2023\3_Removal\tamper\32c56312de2a7f9cd5bcfb327059cd07.png,UNKNOWN,0.1,OCR_TEXT
C:\Users\jay\Downloads\STFD_ICASSP2023\STFD_ICASSP2023\3_Removal\tamper\32d1ea24572bd1a17881ef0ef960fa41.png,UNKNOWN,0.1,OCR_TEXT
C:\Users\jay\Downloads\STFD_ICASSP2023\STFD_ICASSP2023\3_Removal\tamper\32d2926e43fb59c69a0f65cb88b976bc.png,UNKNOWN,0.1,OCR_TEXT
C:\Users\jay\Downloads\STFD_ICASSP2023\STFD_ICASSP2023\3_Removal\tamper\32e720f28d794393e202b37c3cbdac52.png,UNKNOWN,0.1,OCR_TEXT
C:\Users\jay\Downloads\STFD_ICASSP2023\STFD_ICASSP2023\3_Removal\tamper\32efad8700b99b6b9603977eea9b242d.png,UNKNOWN,0.1,OCR_TEXT
C:\Users\jay\Downloads\STFD_ICASSP2023\STFD_ICASSP2023\3_Removal\tamper\32f5844c544e8e198bb87bc8239cee68.png,UNKNOWN,0.1,OCR_TEXT
C:\Users\jay\Downloads\STFD_ICASSP2023\STFD_ICASSP2023\3_Removal\tamper\33ce0b1db831c39c50c6498d47a4829a.png,UNKNOWN,0.1,OCR_TEXT
C:\Users\jay\Downloads\STFD_ICASSP2023\STFD_ICASSP2023\3_Removal\tamper\33ffd2e329b341693c8890afbe0d587e.png,UNKNOWN,0.1,OCR_TEXT
C:\Users\jay\Downloads\STFD_ICASSP2023\STFD_ICASSP2023\3_Removal\tamper\340a4cc6cd051413cfa708d32d52e59b.png,E_COMMERCE,0.35,CV_ECOMMERCE_COLOR+OCR_TEXT
C:\Users\jay\Downloads\STFD_ICASSP2023\STFD_ICASSP2023\3_Removal\tamper\344807aaed9e1ff806320ccb80c0da74.png,UNKNOWN,0.25,OCR_TEXT
C:\Users\jay\Downloads\STFD_ICASSP2023\STFD_ICASSP2023\3_Removal\tamper\3480a9a4b9114daf005f834383c63239.png,UNKNOWN,0.25,OCR_TEXT
C:\Users\jay\Downloads\STFD_ICASSP2023\STFD_ICASSP2023\3_Removal\tamper\348c15876d0726c9a3f9a314c24e9dd0.png,UNKNOWN,0.1,OCR_TEXT
C:\Users\jay\Downloads\STFD_ICASSP2023\STFD_ICASSP2023\3_Removal\tamper\348e1ed9a3eb0a8e24db8efbafa423d2.png,MAP_TRANSPORT,0.35,OCR_TEXT
C:\Users\jay\Downloads\STFD_ICASSP2023\STFD_ICASSP2023\3_Removal\tamper\34941d44e4e772c7305f1df2fe584f60.png,UNKNOWN,0.1,OCR_TEXT
C:\Users\jay\Downloads\STFD_ICASSP2023\STFD_ICASSP2023\3_Removal\tamper\34df82ada5f32e56f5adf47a8b88c42d.png,UNKNOWN,0.1,OCR_TEXT
C:\Users\jay\Downloads\STFD_ICASSP2023\STFD_ICASSP2023\3_Removal\tamper\34f9a434dbdf6d6922265d65970be338.png,UNKNOWN,0.1,OCR_TEXT
C:\Users\jay\Downloads\STFD_ICASSP2023\STFD_ICASSP2023\3_Removal\tamper\35aa708ced4fb74081addd0c403fd096.png,UNKNOWN,0.1,OCR_TEXT
C:\Users\jay\Downloads\STFD_ICASSP2023\STFD_ICASSP2023\3_Removal\tamper\35ce727f2fababb690a66874ce30f3b9.png,UNKNOWN,0.1,OCR_TEXT
C:\Users\jay\Downloads\STFD_ICASSP2023\STFD_ICASSP2023\3_Removal\tamper\362574b3606aa0bbc14d7c0b5bd85052.png,UNKNOWN,0.1,OCR_TEXT
C:\Users\jay\Downloads\STFD_ICASSP2023\STFD_ICASSP2023\3_Removal\tamper\366e41af4fb6aa265558697f3af5c72e.png,UNKNOWN,0.3,OCR_TEXT
C:\Users\jay\Downloads\STFD_ICASSP2023\STFD_ICASSP2023\3_Removal\tamper\36b5ffa865149d152e439c39031c28d5.png,UNKNOWN,0.1,OCR_TEXT
C:\Users\jay\Downloads\STFD_ICASSP2023\STFD_ICASSP2023\3_Removal\tamper\36f9667b986f84f4ba60e85e4f38875c.png,E_COMMERCE,0.35,CV_ECOMMERCE_COLOR+OCR_TEXT
C:\Users\jay\Downloads\STFD_ICASSP2023\STFD_ICASSP2023\3_Removal\tamper\37e153a0e8c0fd22d2c802c4df5ff673.png,DOCUMENT,0.5,CV_MONOCHROME_DOC+OCR_TEXT
C:\Users\jay\Downloads\STFD_ICASSP2023\STFD_ICASSP2023\3_Removal\tamper\3842fbf51fb8958b487529bae0c6fe95.png,DOCUMENT,0.5,CV_MONOCHROME_DOC+OCR_TEXT
C:\Users\jay\Downloads\STFD_ICASSP2023\STFD_ICASSP2023\3_Removal\tamper\38815ed2ec6a2d2d706c19469cd23b1c.png,UNKNOWN,0.1,OCR_TEXT
C:\Users\jay\Downloads\STFD_ICASSP2023\STFD_ICASSP2023\3_Removal\tamper\38bad6b6d125f45e3f816065f79a6dd1.png,UNKNOWN,0.1,OCR_TEXT
C:\Users\jay\Downloads\STFD_ICASSP2023\STFD_ICASSP2023\3_Removal\tamper\38d06749e44952092891e056f2c07f4f.png,UNKNOWN,0.1,OCR_TEXT
C:\Users\jay\Downloads\STFD_ICASSP2023\STFD_ICASSP2023\3_Removal\tamper\38d81de5217f951a4ea9faa2e9c67476.png,UNKNOWN,0.1,OCR_TEXT
C:\Users\jay\Downloads\STFD_ICASSP2023\STFD_ICASSP2023\3_Removal\tamper\38edaea6ac1c90c4a9759b25b1aa64cf.png,UNKNOWN,0.1,OCR_TEXT
C:\Users\jay\Downloads\STFD_ICASSP2023\STFD_ICASSP2023\3_Removal\tamper\38fa78cb8807a46dd4267bcc9c0636e9.png,E_COMMERCE,0.6,CV_ECOMMERCE_COLOR+OCR_TEXT
C:\Users\jay\Downloads\STFD_ICASSP2023\STFD_ICASSP2023\3_Removal\tamper\38fca99ef612a6968c0c9b0d00d406fa.png,DOCUMENT,0.5,CV_MONOCHROME_DOC+OCR_TEXT
C:\Users\jay\Downloads\STFD_ICASSP2023\STFD_ICASSP2023\3_Removal\tamper\396e51bd3eaa55e24586e4967230e92e.png,E_COMMERCE,0.35,CV_ECOMMERCE_COLOR+OCR_TEXT
C:\Users\jay\Downloads\STFD_ICASSP2023\STFD_ICASSP2023\3_Removal\tamper\39aa0705b9b64c4b933dd992a26ac138.png,UNKNOWN,0.1,OCR_TEXT
C:\Users\jay\Downloads\STFD_ICASSP2023\STFD_ICASSP2023\3_Removal\tamper\3a298d5f18203a522aa3f61240d86e2d.png,E_COMMERCE,0.35,CV_ECOMMERCE_COLOR+OCR_TEXT
C:\Users\jay\Downloads\STFD_ICASSP2023\STFD_ICASSP2023\3_Removal\tamper\3a53453c0e7c6c42d48d931fdde97298.png,UNKNOWN,0.1,OCR_TEXT
C:\Users\jay\Downloads\STFD_ICASSP2023\STFD_ICASSP2023\3_Removal\tamper\3a62c41d10c36abf73e21ea7042c3cff.png,UNKNOWN,0.25,CV_SETTINGS_GRID+OCR_TEXT
C:\Users\jay\Downloads\STFD_ICASSP2023\STFD_ICASSP2023\3_Removal\tamper\3accf8e761800288e1e8ebe8ba79a401.png,UNKNOWN,0.1,OCR_TEXT
C:\Users\jay\Downloads\STFD_ICASSP2023\STFD_ICASSP2023\3_Removal\tamper\3ace7a4b8f7e897106a7765b4ab173bb.png,UNKNOWN,0.1,OCR_TEXT
C:\Users\jay\Downloads\STFD_ICASSP2023\STFD_ICASSP2023\3_Removal\tamper\3ad3d3994da880ebd42b828ba658da09.png,UNKNOWN,0.25,CV_SETTINGS_GRID+OCR_TEXT
C:\Users\jay\Downloads\STFD_ICASSP2023\STFD_ICASSP2023\3_Removal\tamper\3b6cf2a05f1818f144f5d7ea3e2d8616.png,UNKNOWN,0.1,OCR_TEXT
C:\Users\jay\Downloads\STFD_ICASSP2023\STFD_ICASSP2023\3_Removal\tamper\3bad1928bd7dea18622fc573fdc4675f.png,UNKNOWN,0.25,OCR_TEXT
C:\Users\jay\Downloads\STFD_ICASSP2023\STFD_ICASSP2023\3_Removal\tamper\3bc2ead32ecbb19b3fca4dc8d16dc8dd.png,DOCUMENT,0.5,CV_MONOCHROME_DOC+OCR_TEXT
C:\Users\jay\Downloads\STFD_ICASSP2023\STFD_ICASSP2023\3_Removal\tamper\3c0082946bb348dfff05707d5d05e110.png,UNKNOWN,0.25,CV_SETTINGS_GRID+OCR_TEXT
C:\Users\jay\Downloads\STFD_ICASSP2023\STFD_ICASSP2023\3_Removal\tamper\3c0d2bce94d6c9b4dea6fdbac9b6e52d.png,UNKNOWN,0.1,OCR_TEXT
C:\Users\jay\Downloads\STFD_ICASSP2023\STFD_ICASSP2023\3_Removal\tamper\3c22b105201556f7ded68845627acfc2.png,E_COMMERCE,0.35,CV_ECOMMERCE_COLOR+OCR_TEXT
C:\Users\jay\Downloads\STFD_ICASSP2023\STFD_ICASSP2023\3_Removal\tamper\3c3641bcc680fc2a3d47412ef0a92efb.png,UNKNOWN,0.1,OCR_TEXT
C:\Users\jay\Downloads\STFD_ICASSP2023\STFD_ICASSP2023\3_Removal\tamper\3c3aa241bf02acbb7683363f3e0f6ab1.png,MAP_TRANSPORT,0.35,OCR_TEXT
C:\Users\jay\Downloads\STFD_ICASSP2023\STFD_ICASSP2023\3_Removal\tamper\3c54e054cee294f5f834a6e6e02f6bfb.png,UNKNOWN,0.3,OCR_TEXT
C:\Users\jay\Downloads\STFD_ICASSP2023\STFD_ICASSP2023\3_Removal\tamper\3c6f6eae4d79fa514afea5ac57f1efe6.png,E_COMMERCE,0.35,CV_ECOMMERCE_COLOR+OCR_TEXT
C:\Users\jay\Downloads\STFD_ICASSP2023\STFD_ICASSP2023\3_Removal\tamper\3c84f767efe644bee66c014542d9e988.png,E_COMMERCE,0.35,CV_ECOMMERCE_COLOR+OCR_TEXT
C:\Users\jay\Downloads\STFD_ICASSP2023\STFD_ICASSP2023\3_Removal\tamper\3c88ce0c8881ed631d85c4e39c087e55.png,UNKNOWN,0.25,OCR_TEXT
C:\Users\jay\Downloads\STFD_ICASSP2023\STFD_ICASSP2023\3_Removal\tamper\3d18df64b01dd63267c5a0dba797478b.png,UNKNOWN,0.1,OCR_TEXT
C:\Users\jay\Downloads\STFD_ICASSP2023\STFD_ICASSP2023\3_Removal\tamper\3d4ccf0b24bbe1ee157b7a72dedb0e4e.png,UNKNOWN,0.25,CV_SETTINGS_GRID+OCR_TEXT
C:\Users\jay\Downloads\STFD_ICASSP2023\STFD_ICASSP2023\3_Removal\tamper\3da0e458f95588341cf9aba4a158a878.png,UNKNOWN,0.1,OCR_TEXT
C:\Users\jay\Downloads\STFD_ICASSP2023\STFD_ICASSP2023\3_Removal\tamper\3e5cf4b29e3d31e24de7c21fbac1cfcd.png,UNKNOWN,0.25,OCR_TEXT
C:\Users\jay\Downloads\STFD_ICASSP2023\STFD_ICASSP2023\3_Removal\tamper\3ec5ff3ead0aa2864dbb88737f2505e7.png,UNKNOWN,0.25,OCR_TEXT
C:\Users\jay\Downloads\STFD_ICASSP2023\STFD_ICASSP2023\3_Removal\tamper\3ee85beb1a2e286eebac275c402afe14.png,UNKNOWN,0.1,OCR_TEXT
C:\Users\jay\Downloads\STFD_ICASSP2023\STFD_ICASSP2023\3_Removal\tamper\3f75e7d805aceb7e18cbb21e15ea3da3.png,UNKNOWN,0.3,CV_SETTINGS_GRID+OCR_TEXT
C:\Users\jay\Downloads\STFD_ICASSP2023\STFD_ICASSP2023\3_Removal\tamper\3f7b0204e47f8cd412eb4e35697562e2.png,UNKNOWN,0.25,CV_SETTINGS_GRID+OCR_TEXT
C:\Users\jay\Downloads\STFD_ICASSP2023\STFD_ICASSP2023\3_Removal\tamper\3fa08a94ed5c58c59e2267d30aaf5013.png,MAP_TRANSPORT,0.35,OCR_TEXT
C:\Users\jay\Downloads\STFD_ICASSP2023\STFD_ICASSP2023\3_Removal\tamper\3fe0571b313f1c99760b4931e4ebe403.png,UNKNOWN,0.35,CV_ECOMMERCE_COLOR+OCR_TEXT
C:\Users\jay\Downloads\STFD_ICASSP2023\STFD_ICASSP2023\3_Removal\tamper\3ff492c03bbe21cec0bae4de54956446.png,UNKNOWN,0.1,OCR_TEXT
C:\Users\jay\Downloads\STFD_ICASSP2023\STFD_ICASSP2023\3_Removal\tamper\40330d7c0c896c117071f42f8bb45f75.png,E_COMMERCE,0.35,CV_ECOMMERCE_COLOR+OCR_TEXT
C:\Users\jay\Downloads\STFD_ICASSP2023\STFD_ICASSP2023\3_Removal\tamper\4059b748f0779efcddc4c2f89479c1f9.png,UNKNOWN,0.25,CV_SETTINGS_GRID+OCR_TEXT
C:\Users\jay\Downloads\STFD_ICASSP2023\STFD_ICASSP2023\3_Removal\tamper\40a79636b182924d91e8e348a081987c.png,UNKNOWN,0.1,OCR_TEXT
C:\Users\jay\Downloads\STFD_ICASSP2023\STFD_ICASSP2023\3_Removal\tamper\40e60d37cc4ea128ef75fe0d5595de31.png,UNKNOWN,0.1,OCR_TEXT
C:\Users\jay\Downloads\STFD_ICASSP2023\STFD_ICASSP2023\3_Removal\tamper\414fb89b23e5b27a51007d551e5253a3.png,UNKNOWN,0.1,OCR_TEXT
C:\Users\jay\Downloads\STFD_ICASSP2023\STFD_ICASSP2023\3_Removal\tamper\4196a3dc95c72c98d0c751ab58351bc1.png,UNKNOWN,0.1,OCR_TEXT
C:\Users\jay\Downloads\STFD_ICASSP2023\STFD_ICASSP2023\3_Removal\tamper\41970112dd59f5832229efaf326198c9.png,UNKNOWN,0.1,OCR_TEXT
C:\Users\jay\Downloads\STFD_ICASSP2023\STFD_ICASSP2023\3_Removal\tamper\41c86d92b81e2266cf95e08d27760d5b.png,UNKNOWN,0.1,OCR_TEXT
C:\Users\jay\Downloads\STFD_ICASSP2023\STFD_ICASSP2023\3_Removal\tamper\4214f1b37d2208e546914fb13d329ecb.png,UNKNOWN,0.1,OCR_TEXT
C:\Users\jay\Downloads\STFD_ICASSP2023\STFD_ICASSP2023\3_Removal\tamper\4247075da387b0d1d9ee8213ded3c96a.png,UNKNOWN,0.25,CV_SETTINGS_GRID+OCR_TEXT
C:\Users\jay\Downloads\STFD_ICASSP2023\STFD_ICASSP2023\3_Removal\tamper\42a63471bc930300c4511623e637dc2c.png,E_COMMERCE,0.35,CV_ECOMMERCE_COLOR+CV_SETTINGS_GRID+OCR_TEXT
C:\Users\jay\Downloads\STFD_ICASSP2023\STFD_ICASSP2023\3_Removal\tamper\42a95c6703175373efd6feb29990385b.png,E_COMMERCE,0.35,CV_ECOMMERCE_COLOR+OCR_TEXT
C:\Users\jay\Downloads\STFD_ICASSP2023\STFD_ICASSP2023\3_Removal\tamper\430f5d649dc2868ec92094bb0944e9e4.png,UNKNOWN,0.1,OCR_TEXT
C:\Users\jay\Downloads\STFD_ICASSP2023\STFD_ICASSP2023\3_Removal\tamper\432be66d42e290756d9d9c7a70f32933.png,UNKNOWN,0.1,OCR_TEXT
C:\Users\jay\Downloads\STFD_ICASSP2023\STFD_ICASSP2023\3_Removal\tamper\43b029d53994b96b8ebab771964df866.png,UNKNOWN,0.1,OCR_TEXT
C:\Users\jay\Downloads\STFD_ICASSP2023\STFD_ICASSP2023\3_Removal\tamper\43d032aa3678c053ea7a7cd19ea829ee.png,E_COMMERCE,0.35,CV_ECOMMERCE_COLOR+OCR_TEXT
C:\Users\jay\Downloads\STFD_ICASSP2023\STFD_ICASSP2023\3_Removal\tamper\43da7be1c44803bae5c9856c4a2a7428.png,MAP_TRANSPORT,0.35,OCR_TEXT
C:\Users\jay\Downloads\STFD_ICASSP2023\STFD_ICASSP2023\3_Removal\tamper\44366c0abebbf5459f4f266a39805b80.png,DOCUMENT,0.5,CV_MONOCHROME_DOC+OCR_TEXT
C:\Users\jay\Downloads\STFD_ICASSP2023\STFD_ICASSP2023\3_Removal\tamper\44a2222c3d3558de18f5e3fd8a8855c6.png,UNKNOWN,0.1,OCR_TEXT
C:\Users\jay\Downloads\STFD_ICASSP2023\STFD_ICASSP2023\3_Removal\tamper\44aef5443b09fcaee64d70a8b1996ee7.png,UNKNOWN,0.1,OCR_TEXT
C:\Users\jay\Downloads\STFD_ICASSP2023\STFD_ICASSP2023\3_Removal\tamper\44c67d7ebc9e21549c75272e3a601216.png,UNKNOWN,0.1,OCR_TEXT
C:\Users\jay\Downloads\STFD_ICASSP2023\STFD_ICASSP2023\3_Removal\tamper\44d97439b134e225aea3fe33fee6934b.png,UNKNOWN,0.25,CV_SETTINGS_GRID+OCR_TEXT
C:\Users\jay\Downloads\STFD_ICASSP2023\STFD_ICASSP2023\3_Removal\tamper\450f03932cdfd33e085acbb7e0295940.png,DOCUMENT,0.5,CV_MONOCHROME_DOC+OCR_TEXT
C:\Users\jay\Downloads\STFD_ICASSP2023\STFD_ICASSP2023\3_Removal\tamper\4571a85e8befd9471c0a87388385c732.png,E_COMMERCE,0.35,CV_ECOMMERCE_COLOR+OCR_TEXT
C:\Users\jay\Downloads\STFD_ICASSP2023\STFD_ICASSP2023\3_Removal\tamper\460bf3947fa9d65f9c79b295016a923c.png,UNKNOWN,0.1,OCR_TEXT
C:\Users\jay\Downloads\STFD_ICASSP2023\STFD_ICASSP2023\3_Removal\tamper\462aeacccbbac964aadeb0bb3147c921.png,UNKNOWN,0.1,OCR_TEXT
C:\Users\jay\Downloads\STFD_ICASSP2023\STFD_ICASSP2023\3_Removal\tamper\464d28aa7513e6cf03d116a18547e4aa.png,UNKNOWN,0.1,OCR_TEXT
C:\Users\jay\Downloads\STFD_ICASSP2023\STFD_ICASSP2023\3_Removal\tamper\467c6dc798a442356ba85c1fbb017924.png,UNKNOWN,0.1,OCR_TEXT
C:\Users\jay\Downloads\STFD_ICASSP2023\STFD_ICASSP2023\3_Removal\tamper\46d0dc937531410a2660494740763742.png,WEB_BROWSING,0.35,OCR_TEXT
C:\Users\jay\Downloads\STFD_ICASSP2023\STFD_ICASSP2023\3_Removal\tamper\46d2a66d493bc680a7a457ba87d77a55.png,UNKNOWN,0.25,OCR_TEXT
C:\Users\jay\Downloads\STFD_ICASSP2023\STFD_ICASSP2023\3_Removal\tamper\4797b1d80702151f6b20a3cf84f43a13.png,UNKNOWN,0.25,OCR_TEXT
C:\Users\jay\Downloads\STFD_ICASSP2023\STFD_ICASSP2023\3_Removal\tamper\479c97b5190b7e52eef2289775e0fd9d.png,UNKNOWN,0.1,OCR_TEXT
C:\Users\jay\Downloads\STFD_ICASSP2023\STFD_ICASSP2023\3_Removal\tamper\47a648d6d766eaaa23fd79c1494f7f97.png,UNKNOWN,0.1,OCR_TEXT
C:\Users\jay\Downloads\STFD_ICASSP2023\STFD_ICASSP2023\3_Removal\tamper\481f4dbcc08655d6d47fe66eeb0f62d4.png,UNKNOWN,0.1,OCR_TEXT
C:\Users\jay\Downloads\STFD_ICASSP2023\STFD_ICASSP2023\3_Removal\tamper\4870b8c327d35bb39fcca808f7a4fb5b.png,UNKNOWN,0.1,OCR_TEXT
C:\Users\jay\Downloads\STFD_ICASSP2023\STFD_ICASSP2023\3_Removal\tamper\48c8a66ba5284da05ac3f4352635d825.png,UNKNOWN,0.25,OCR_TEXT
C:\Users\jay\Downloads\STFD_ICASSP2023\STFD_ICASSP2023\3_Removal\tamper\48cb7d24efdab45c13af150e25a8b2a7.png,UNKNOWN,0.3,OCR_TEXT
C:\Users\jay\Downloads\STFD_ICASSP2023\STFD_ICASSP2023\3_Removal\tamper\4923f85c8c858108c191ede620a5fdbd.png,DOCUMENT,0.5,CV_MONOCHROME_DOC+OCR_TEXT
C:\Users\jay\Downloads\STFD_ICASSP2023\STFD_ICASSP2023\3_Removal\tamper\496e938dc7787a5150f7c6ed80b3342b.png,UNKNOWN,0.1,OCR_TEXT
C:\Users\jay\Downloads\STFD_ICASSP2023\STFD_ICASSP2023\3_Removal\tamper\49914b3c86ed099f1f69ba2526f86b96.png,UNKNOWN,0.1,OCR_TEXT
C:\Users\jay\Downloads\STFD_ICASSP2023\STFD_ICASSP2023\3_Removal\tamper\4a230e90ca8ca7280d826baab7802ba8.png,UNKNOWN,0.1,OCR_TEXT
C:\Users\jay\Downloads\STFD_ICASSP2023\STFD_ICASSP2023\3_Removal\tamper\4a7851d650789264e3b31a88cfbe75e9.png,UNKNOWN,0.1,OCR_TEXT
C:\Users\jay\Downloads\STFD_ICASSP2023\STFD_ICASSP2023\3_Removal\tamper\4afb05000af277dfb58dec5372f7e546.png,UNKNOWN,0.25,OCR_TEXT
C:\Users\jay\Downloads\STFD_ICASSP2023\STFD_ICASSP2023\3_Removal\tamper\4b3e04248df393cd332afc3d6e4ee2e3.png,UNKNOWN,0.1,OCR_TEXT
C:\Users\jay\Downloads\STFD_ICASSP2023\STFD_ICASSP2023\3_Removal\tamper\4b678d242d38749c558037706241ca65.png,UNKNOWN,0.1,OCR_TEXT
C:\Users\jay\Downloads\STFD_ICASSP2023\STFD_ICASSP2023\3_Removal\tamper\4b8b1b32ee471360364fc426428297c6.png,UNKNOWN,0.1,OCR_TEXT
C:\Users\jay\Downloads\STFD_ICASSP2023\STFD_ICASSP2023\3_Removal\tamper\4be6e7bf11295ce2a8a8c9565cd230d4.png,UNKNOWN,0.1,OCR_TEXT
C:\Users\jay\Downloads\STFD_ICASSP2023\STFD_ICASSP2023\3_Removal\tamper\4bed241bd6cb1913ce13254ed867f07e.png,UNKNOWN,0.1,OCR_TEXT
C:\Users\jay\Downloads\STFD_ICASSP2023\STFD_ICASSP2023\3_Removal\tamper\4c5ad648432f3b715a26484cedcc6414.png,MAP_TRANSPORT,0.35,OCR_TEXT
C:\Users\jay\Downloads\STFD_ICASSP2023\STFD_ICASSP2023\3_Removal\tamper\4c8d0ce096c4a0a04e0da9ed5844f0d5.png,UNKNOWN,0.25,CV_SETTINGS_GRID+OCR_TEXT
C:\Users\jay\Downloads\STFD_ICASSP2023\STFD_ICASSP2023\3_Removal\tamper\4cfec870e105c97129050d954baa0c0f.png,UNKNOWN,0.1,OCR_TEXT
C:\Users\jay\Downloads\STFD_ICASSP2023\STFD_ICASSP2023\3_Removal\tamper\4d389223a9a0b5ac8d748c916e43fabf.png,UNKNOWN,0.25,OCR_TEXT
C:\Users\jay\Downloads\STFD_ICASSP2023\STFD_ICASSP2023\3_Removal\tamper\4e0bafe7e8ef5502e23d859767e42bc0.png,UNKNOWN,0.1,OCR_TEXT
C:\Users\jay\Downloads\STFD_ICASSP2023\STFD_ICASSP2023\3_Removal\tamper\4e73770b258cb1f4b64bd6b19329978c.png,MAP_TRANSPORT,0.35,OCR_TEXT
C:\Users\jay\Downloads\STFD_ICASSP2023\STFD_ICASSP2023\3_Removal\tamper\4eb25189eca65bd7fac18ce6b47062bc.png,UNKNOWN,0.25,OCR_TEXT
C:\Users\jay\Downloads\STFD_ICASSP2023\STFD_ICASSP2023\3_Removal\tamper\4ece7eabf5268ab88f08a494d2bcdfd3.png,UNKNOWN,0.1,OCR_TEXT
C:\Users\jay\Downloads\STFD_ICASSP2023\STFD_ICASSP2023\3_Removal\tamper\4f0f0bf3d8948c86afcd5ab427a705e3.png,DOCUMENT,0.5,CV_MONOCHROME_DOC+OCR_TEXT
C:\Users\jay\Downloads\STFD_ICASSP2023\STFD_ICASSP2023\3_Removal\tamper\4f57cf8cad7bb67b27bd547885669e5f.png,DOCUMENT,0.5,CV_MONOCHROME_DOC+OCR_TEXT
C:\Users\jay\Downloads\STFD_ICASSP2023\STFD_ICASSP2023\3_Removal\tamper\4ffe6af3b3562988063d2d30ed86750d.png,UNKNOWN,0.1,OCR_TEXT
C:\Users\jay\Downloads\STFD_ICASSP2023\STFD_ICASSP2023\3_Removal\tamper\501aa7f67b2cd6f9eb2f7406ad0eaad0.png,UNKNOWN,0.1,OCR_TEXT
C:\Users\jay\Downloads\STFD_ICASSP2023\STFD_ICASSP2023\3_Removal\tamper\5038b7f2b25d4e7b3324273df2c6f46d.png,DOCUMENT,0.5,CV_MONOCHROME_DOC+OCR_TEXT
C:\Users\jay\Downloads\STFD_ICASSP2023\STFD_ICASSP2023\3_Removal\tamper\509ca6cc8ca7d5398eb772a63f24ceca.png,UNKNOWN,0.1,OCR_TEXT
C:\Users\jay\Downloads\STFD_ICASSP2023\STFD_ICASSP2023\3_Removal\tamper\50f6177193eca58ed7c90a640c2b9300.png,UNKNOWN,0.1,OCR_TEXT
C:\Users\jay\Downloads\STFD_ICASSP2023\STFD_ICASSP2023\3_Removal\tamper\510cf356b6ffb4d686cc6d4ff90d3bd6.png,UNKNOWN,0.1,OCR_TEXT
C:\Users\jay\Downloads\STFD_ICASSP2023\STFD_ICASSP2023\3_Removal\tamper\517075afaa5b5511a6fa67d55186900f.png,UNKNOWN,0.25,OCR_TEXT
C:\Users\jay\Downloads\STFD_ICASSP2023\STFD_ICASSP2023\3_Removal\tamper\518e238d234949ee21d2cfe4231e6ebe.png,E_COMMERCE,0.35,CV_ECOMMERCE_COLOR+OCR_TEXT
C:\Users\jay\Downloads\STFD_ICASSP2023\STFD_ICASSP2023\3_Removal\tamper\51cd84d193c9a3a2b17df759cc2aecff.png,UNKNOWN,0.1,OCR_TEXT
C:\Users\jay\Downloads\STFD_ICASSP2023\STFD_ICASSP2023\3_Removal\tamper\5252e441014deca8b9395badb100ac69.png,E_COMMERCE,0.35,CV_ECOMMERCE_COLOR+OCR_TEXT
C:\Users\jay\Downloads\STFD_ICASSP2023\STFD_ICASSP2023\3_Removal\tamper\5256920fb3f68b86b50b8b0855c9cc93.png,E_COMMERCE,0.35,CV_ECOMMERCE_COLOR+OCR_TEXT
C:\Users\jay\Downloads\STFD_ICASSP2023\STFD_ICASSP2023\3_Removal\tamper\527685916ea26a45e1933c3dcaeb959e.png,UNKNOWN,0.1,OCR_TEXT
C:\Users\jay\Downloads\STFD_ICASSP2023\STFD_ICASSP2023\3_Removal\tamper\52a8bc423a24d85d31b9257611ff5033.png,UNKNOWN,0.1,OCR_TEXT
C:\Users\jay\Downloads\STFD_ICASSP2023\STFD_ICASSP2023\3_Removal\tamper\53fbc1a23659bb40d9b40813c4d0abca.png,E_COMMERCE,0.35,CV_ECOMMERCE_COLOR+OCR_TEXT
C:\Users\jay\Downloads\STFD_ICASSP2023\STFD_ICASSP2023\3_Removal\tamper\540789f5070a05d51e9d01f716c79e42.png,UNKNOWN,0.1,OCR_TEXT
C:\Users\jay\Downloads\STFD_ICASSP2023\STFD_ICASSP2023\3_Removal\tamper\541b2a3a1d16bac785be6aadedf0c63d.png,UNKNOWN,0.1,OCR_TEXT
C:\Users\jay\Downloads\STFD_ICASSP2023\STFD_ICASSP2023\3_Removal\tamper\54846a5002a36c429fb4e835699266fb.png,MAP_TRANSPORT,0.35,OCR_TEXT
C:\Users\jay\Downloads\STFD_ICASSP2023\STFD_ICASSP2023\3_Removal\tamper\54896bfe3f783c770a4c169ec2d143d9.png,UNKNOWN,0.1,OCR_TEXT
C:\Users\jay\Downloads\STFD_ICASSP2023\STFD_ICASSP2023\3_Removal\tamper\554585e33084371c264b2b46c4a79074.png,UNKNOWN,0.1,OCR_TEXT
C:\Users\jay\Downloads\STFD_ICASSP2023\STFD_ICASSP2023\3_Removal\tamper\555c13895240d087ef37fb7ca21ba86b.png,UNKNOWN,0.1,VISUAL_HEURISTIC
C:\Users\jay\Downloads\STFD_ICASSP2023\STFD_ICASSP2023\3_Removal\tamper\5564ee3f18038a6d001755f8c17a9621.png,UNKNOWN,0.1,OCR_TEXT
C:\Users\jay\Downloads\STFD_ICASSP2023\STFD_ICASSP2023\3_Removal\tamper\5585c272321c95135165d9f124a3c59c.png,UNKNOWN,0.1,OCR_TEXT
C:\Users\jay\Downloads\STFD_ICASSP2023\STFD_ICASSP2023\3_Removal\tamper\558a87973c4d026f7389ddf9a667f022.png,UNKNOWN,0.1,OCR_TEXT
C:\Users\jay\Downloads\STFD_ICASSP2023\STFD_ICASSP2023\3_Removal\tamper\559a9341724235ba9d3120f2d8ce13aa.png,UNKNOWN,0.1,OCR_TEXT
C:\Users\jay\Downloads\STFD_ICASSP2023\STFD_ICASSP2023\3_Removal\tamper\55af9b0b0e64abbb056eee845aa5655f.png,UNKNOWN,0.1,OCR_TEXT
C:\Users\jay\Downloads\STFD_ICASSP2023\STFD_ICASSP2023\3_Removal\tamper\566712141dfe5a20e997ce77b134a989.png,UNKNOWN,0.1,OCR_TEXT
C:\Users\jay\Downloads\STFD_ICASSP2023\STFD_ICASSP2023\3_Removal\tamper\5669c428397b71673b7b81a59ae4c7dd.png,UNKNOWN,0.25,OCR_TEXT
C:\Users\jay\Downloads\STFD_ICASSP2023\STFD_ICASSP2023\3_Removal\tamper\567f1c1650910ac8a35a87222d02c688.png,MAP_TRANSPORT,0.35,OCR_TEXT
C:\Users\jay\Downloads\STFD_ICASSP2023\STFD_ICASSP2023\3_Removal\tamper\56abdca2037b77a2b455032c545d4b19.png,UNKNOWN,0.1,OCR_TEXT
C:\Users\jay\Downloads\STFD_ICASSP2023\STFD_ICASSP2023\3_Removal\tamper\56cd5dd450d3a814877299607b44b153.png,WEB_BROWSING,0.35,OCR_TEXT
C:\Users\jay\Downloads\STFD_ICASSP2023\STFD_ICASSP2023\3_Removal\tamper\56e55ab94e07be0f4abea100d88a8474.png,UNKNOWN,0.1,OCR_TEXT
C:\Users\jay\Downloads\STFD_ICASSP2023\STFD_ICASSP2023\3_Removal\tamper\56f3277013d29ede01b61f880139a2fe.png,UNKNOWN,0.1,OCR_TEXT
C:\Users\jay\Downloads\STFD_ICASSP2023\STFD_ICASSP2023\3_Removal\tamper\5726d079986270583feab20cb4f00514.png,UNKNOWN,0.1,OCR_TEXT
C:\Users\jay\Downloads\STFD_ICASSP2023\STFD_ICASSP2023\3_Removal\tamper\57641cfeb8b83441fbec7385d10ef6bd.png,UNKNOWN,0.25,OCR_TEXT
C:\Users\jay\Downloads\STFD_ICASSP2023\STFD_ICASSP2023\3_Removal\tamper\577fff2a95e2891771c36efad74f3081.png,UNKNOWN,0.1,OCR_TEXT
C:\Users\jay\Downloads\STFD_ICASSP2023\STFD_ICASSP2023\3_Removal\tamper\5790a1f09e1db89cfd578a9f330a51e0.png,E_COMMERCE,0.35,CV_ECOMMERCE_COLOR+OCR_TEXT
C:\Users\jay\Downloads\STFD_ICASSP2023\STFD_ICASSP2023\3_Removal\tamper\57968f848bf4058cccde003914b40524.png,UNKNOWN,0.1,OCR_TEXT
C:\Users\jay\Downloads\STFD_ICASSP2023\STFD_ICASSP2023\3_Removal\tamper\57bc1ac08e52d3c719ee8badf5fce8de.png,UNKNOWN,0.1,OCR_TEXT
C:\Users\jay\Downloads\STFD_ICASSP2023\STFD_ICASSP2023\3_Removal\tamper\57e432cbf4cf454c5d0fc3fb57c4462a.png,MAP_TRANSPORT,0.35,OCR_TEXT
C:\Users\jay\Downloads\STFD_ICASSP2023\STFD_ICASSP2023\3_Removal\tamper\58392d617ff9cf72e994e18e588fa012.png,UNKNOWN,0.1,OCR_TEXT
C:\Users\jay\Downloads\STFD_ICASSP2023\STFD_ICASSP2023\3_Removal\tamper\587ee0601db9595e4e645cb8e7621828.png,UNKNOWN,0.1,OCR_TEXT
C:\Users\jay\Downloads\STFD_ICASSP2023\STFD_ICASSP2023\3_Removal\tamper\58b483dfae3e353a4618fecd4698f1ff.png,UNKNOWN,0.1,OCR_TEXT
C:\Users\jay\Downloads\STFD_ICASSP2023\STFD_ICASSP2023\3_Removal\tamper\58c18b19f75156e54ba2589de604c3b2.png,UNKNOWN,0.1,OCR_TEXT
C:\Users\jay\Downloads\STFD_ICASSP2023\STFD_ICASSP2023\3_Removal\tamper\597a4f07858cb0f8f8c194bbe4342e83.png,DOCUMENT,0.5,CV_MONOCHROME_DOC+OCR_TEXT
C:\Users\jay\Downloads\STFD_ICASSP2023\STFD_ICASSP2023\3_Removal\tamper\59ba77201732ad969ae917565ac697ec.png,UNKNOWN,0.35,CV_ECOMMERCE_COLOR+OCR_TEXT
C:\Users\jay\Downloads\STFD_ICASSP2023\STFD_ICASSP2023\3_Removal\tamper\5aac609d3746e0b6421cedc3ab127eb1.png,UNKNOWN,0.1,OCR_TEXT
C:\Users\jay\Downloads\STFD_ICASSP2023\STFD_ICASSP2023\3_Removal\tamper\5b1cd4a38dc68ac94df94cb7ead16831.png,UNKNOWN,0.1,OCR_TEXT
C:\Users\jay\Downloads\STFD_ICASSP2023\STFD_ICASSP2023\3_Removal\tamper\5b21344568c202d3b68aaf6c35ed1dff.png,UNKNOWN,0.25,CV_SETTINGS_GRID+OCR_TEXT
C:\Users\jay\Downloads\STFD_ICASSP2023\STFD_ICASSP2023\3_Removal\tamper\5b41ed0bb14d98cc1daebe7dd1da3c2a.png,E_COMMERCE,0.35,CV_ECOMMERCE_COLOR+OCR_TEXT
C:\Users\jay\Downloads\STFD_ICASSP2023\STFD_ICASSP2023\3_Removal\tamper\5b6d4e236610306950bed695648e56ef.png,UNKNOWN,0.1,OCR_TEXT
C:\Users\jay\Downloads\STFD_ICASSP2023\STFD_ICASSP2023\3_Removal\tamper\5bb62a684417669eb5307e1cc1dd800d.png,UNKNOWN,0.1,OCR_TEXT
C:\Users\jay\Downloads\STFD_ICASSP2023\STFD_ICASSP2023\3_Removal\tamper\5be0295a136d350964aaec2101a83df0.png,UNKNOWN,0.1,OCR_TEXT
C:\Users\jay\Downloads\STFD_ICASSP2023\STFD_ICASSP2023\3_Removal\tamper\5c1b638bea0ae588e2aa1fb6dd620ee6.png,UNKNOWN,0.1,OCR_TEXT
C:\Users\jay\Downloads\STFD_ICASSP2023\STFD_ICASSP2023\3_Removal\tamper\5c5799b905b8abfb13c2f4b3e80edd8d.png,UNKNOWN,0.1,OCR_TEXT
C:\Users\jay\Downloads\STFD_ICASSP2023\STFD_ICASSP2023\3_Removal\tamper\5c7b657701099f8d0f55309443026dd0.png,DOCUMENT,0.5,CV_MONOCHROME_DOC+OCR_TEXT
C:\Users\jay\Downloads\STFD_ICASSP2023\STFD_ICASSP2023\3_Removal\tamper\5cb68e23a0a84b15445469b8a4d98ac7.png,UNKNOWN,0.1,VISUAL_HEURISTIC
C:\Users\jay\Downloads\STFD_ICASSP2023\STFD_ICASSP2023\3_Removal\tamper\5cbe312940afc46ccbed7a70b481b93d.png,UNKNOWN,0.1,OCR_TEXT
C:\Users\jay\Downloads\STFD_ICASSP2023\STFD_ICASSP2023\3_Removal\tamper\5cd49339a3f51430d5fac1f0da4c4b07.png,MAP_TRANSPORT,0.35,OCR_TEXT
C:\Users\jay\Downloads\STFD_ICASSP2023\STFD_ICASSP2023\3_Removal\tamper\5d0e618876fa67e1b58e8c9f94201a33.png,UNKNOWN,0.25,CV_SETTINGS_GRID+OCR_TEXT
C:\Users\jay\Downloads\STFD_ICASSP2023\STFD_ICASSP2023\3_Removal\tamper\5d4112d189f84ddbaab19953d48b3d2b.png,UNKNOWN,0.1,OCR_TEXT
C:\Users\jay\Downloads\STFD_ICASSP2023\STFD_ICASSP2023\3_Removal\tamper\5d7987012a5053549445ad39899e15ab.png,UNKNOWN,0.1,OCR_TEXT
C:\Users\jay\Downloads\STFD_ICASSP2023\STFD_ICASSP2023\3_Removal\tamper\5df67f27538dbb75983dd421109611bb.png,DOCUMENT,0.5,CV_MONOCHROME_DOC+OCR_TEXT
C:\Users\jay\Downloads\STFD_ICASSP2023\STFD_ICASSP2023\3_Removal\tamper\5e4725e08569047a7aa513b739ce3c25.png,UNKNOWN,0.1,OCR_TEXT
C:\Users\jay\Downloads\STFD_ICASSP2023\STFD_ICASSP2023\3_Removal\tamper\5f17d9cf9862d9918f01279cb4b6739d.png,UNKNOWN,0.25,CV_SETTINGS_GRID+OCR_TEXT
C:\Users\jay\Downloads\STFD_ICASSP2023\STFD_ICASSP2023\3_Removal\tamper\5f37956f91dedb88e98009d5653cc494.png,UNKNOWN,0.1,OCR_TEXT
C:\Users\jay\Downloads\STFD_ICASSP2023\STFD_ICASSP2023\3_Removal\tamper\5f5d871ca18b98e8d4a57653339a532d.png,DOCUMENT,0.5,CV_MONOCHROME_DOC+OCR_TEXT
C:\Users\jay\Downloads\STFD_ICASSP2023\STFD_ICASSP2023\3_Removal\tamper\5ff33bcad16c377c52f1848002fe05a1.png,UNKNOWN,0.1,OCR_TEXT
C:\Users\jay\Downloads\STFD_ICASSP2023\STFD_ICASSP2023\3_Removal\tamper\60031ea926e9cb6d8f2cd0cbfa2dda63.png,DOCUMENT,0.5,CV_MONOCHROME_DOC+OCR_TEXT
C:\Users\jay\Downloads\STFD_ICASSP2023\STFD_ICASSP2023\3_Removal\tamper\602b2ad92db6e0ce09535a9cfbc98829.png,MAP_TRANSPORT,0.35,OCR_TEXT
C:\Users\jay\Downloads\STFD_ICASSP2023\STFD_ICASSP2023\3_Removal\tamper\603857ae507bbe67e6862c0e749a8f15.png,UNKNOWN,0.1,OCR_TEXT
C:\Users\jay\Downloads\STFD_ICASSP2023\STFD_ICASSP2023\3_Removal\tamper\60446d62da7b26e45a9f6f6cb270566e.png,UNKNOWN,0.25,CV_SETTINGS_GRID+OCR_TEXT
C:\Users\jay\Downloads\STFD_ICASSP2023\STFD_ICASSP2023\3_Removal\tamper\606c5c76a6bd588773f949c02348dc65.png,DOCUMENT,0.5,CV_MONOCHROME_DOC+OCR_TEXT
C:\Users\jay\Downloads\STFD_ICASSP2023\STFD_ICASSP2023\3_Removal\tamper\60ad62aba57eefbdeb4848cf1e399557.png,UNKNOWN,0.25,OCR_TEXT
C:\Users\jay\Downloads\STFD_ICASSP2023\STFD_ICASSP2023\3_Removal\tamper\60b7f69f5bb9ab51e2cb219612769fe8.png,UNKNOWN,0.25,CV_SETTINGS_GRID+OCR_TEXT
C:\Users\jay\Downloads\STFD_ICASSP2023\STFD_ICASSP2023\3_Removal\tamper\61a0c6969ba17f9b6ca3f7a8ab39fda9.png,DOCUMENT,0.5,CV_MONOCHROME_DOC+OCR_TEXT
C:\Users\jay\Downloads\STFD_ICASSP2023\STFD_ICASSP2023\3_Removal\tamper\61b18f7f18dd0e45365b0cc92c836a0e.png,UNKNOWN,0.1,OCR_TEXT
C:\Users\jay\Downloads\STFD_ICASSP2023\STFD_ICASSP2023\3_Removal\tamper\61c9f1ba116e2a026fe9aa0a3e673bf1.png,E_COMMERCE,0.35,CV_ECOMMERCE_COLOR+OCR_TEXT
C:\Users\jay\Downloads\STFD_ICASSP2023\STFD_ICASSP2023\3_Removal\tamper\61e8a345a6c1380586dca5ad9bd4a0f9.png,MAP_TRANSPORT,0.7,CV_MONOCHROME_DOC+OCR_TEXT
C:\Users\jay\Downloads\STFD_ICASSP2023\STFD_ICASSP2023\3_Removal\tamper\62050e4767872639dbff20536b98e9c6.png,UNKNOWN,0.25,OCR_TEXT
C:\Users\jay\Downloads\STFD_ICASSP2023\STFD_ICASSP2023\3_Removal\tamper\624332246188fd66c52a89b5a9832f21.png,MAP_TRANSPORT,0.35,OCR_TEXT
C:\Users\jay\Downloads\STFD_ICASSP2023\STFD_ICASSP2023\3_Removal\tamper\6249f6da7e7334ab4147a3bcd3aa8acc.png,UNKNOWN,0.1,OCR_TEXT
C:\Users\jay\Downloads\STFD_ICASSP2023\STFD_ICASSP2023\3_Removal\tamper\626427efbe9e4e6b6c0a25590cadf8a5.png,E_COMMERCE,0.35,CV_ECOMMERCE_COLOR+OCR_TEXT
C:\Users\jay\Downloads\STFD_ICASSP2023\STFD_ICASSP2023\3_Removal\tamper\62b8ec6e5eee9a7de56979f091f12bac.png,UNKNOWN,0.25,OCR_TEXT
C:\Users\jay\Downloads\STFD_ICASSP2023\STFD_ICASSP2023\3_Removal\tamper\62d1a243553064f76063eefdc52f3ece.png,UNKNOWN,0.1,OCR_TEXT
C:\Users\jay\Downloads\STFD_ICASSP2023\STFD_ICASSP2023\3_Removal\tamper\62f16bd2cb2c4ec72d9760277e326aa9.png,UNKNOWN,0.1,OCR_TEXT
C:\Users\jay\Downloads\STFD_ICASSP2023\STFD_ICASSP2023\3_Removal\tamper\62f7b72b668d8fa15a1418bbf2a885a8.png,DOCUMENT,0.5,CV_MONOCHROME_DOC+OCR_TEXT
C:\Users\jay\Downloads\STFD_ICASSP2023\STFD_ICASSP2023\3_Removal\tamper\6337b8448ae92de3fdf690d114598ab7.png,E_COMMERCE,0.35,CV_ECOMMERCE_COLOR+OCR_TEXT
C:\Users\jay\Downloads\STFD_ICASSP2023\STFD_ICASSP2023\3_Removal\tamper\63764f7f68707338d48d5a04f52d8e22.png,UNKNOWN,0.1,OCR_TEXT
C:\Users\jay\Downloads\STFD_ICASSP2023\STFD_ICASSP2023\3_Removal\tamper\63b8cf8fd2871945f18d2ec40f8ff780.png,UNKNOWN,0.25,OCR_TEXT
C:\Users\jay\Downloads\STFD_ICASSP2023\STFD_ICASSP2023\3_Removal\tamper\6407386a7ddb31dd3543bbcba50b6008.png,UNKNOWN,0.1,OCR_TEXT
C:\Users\jay\Downloads\STFD_ICASSP2023\STFD_ICASSP2023\3_Removal\tamper\648ea3de018f83b59d8a2ab74c28c294.png,UNKNOWN,0.25,OCR_TEXT
C:\Users\jay\Downloads\STFD_ICASSP2023\STFD_ICASSP2023\3_Removal\tamper\6490baa1e967bd958a51e958477de28d.png,DOCUMENT,0.5,CV_MONOCHROME_DOC+OCR_TEXT
C:\Users\jay\Downloads\STFD_ICASSP2023\STFD_ICASSP2023\3_Removal\tamper\64c4e641cf3e0c3d48d6e927af49944a.png,UNKNOWN,0.1,OCR_TEXT
C:\Users\jay\Downloads\STFD_ICASSP2023\STFD_ICASSP2023\3_Removal\tamper\64cf6f426dace19aa6e0ad289c902d6a.png,UNKNOWN,0.1,OCR_TEXT
C:\Users\jay\Downloads\STFD_ICASSP2023\STFD_ICASSP2023\3_Removal\tamper\64d8498a710da98d9fb01ee728deb343.png,UNKNOWN,0.1,OCR_TEXT
C:\Users\jay\Downloads\STFD_ICASSP2023\STFD_ICASSP2023\3_Removal\tamper\650434a173c7eb060af84b085cfa35de.png,UNKNOWN,0.1,OCR_TEXT
C:\Users\jay\Downloads\STFD_ICASSP2023\STFD_ICASSP2023\3_Removal\tamper\651357c6117aa56e1641d5987953bb88.png,MAP_TRANSPORT,0.35,OCR_TEXT
C:\Users\jay\Downloads\STFD_ICASSP2023\STFD_ICASSP2023\3_Removal\tamper\653fe6122687dcab7eb92e77c96038ce.png,UNKNOWN,0.1,OCR_TEXT
C:\Users\jay\Downloads\STFD_ICASSP2023\STFD_ICASSP2023\3_Removal\tamper\6540ac9de19e0f16ca2aff119ee2fab8.png,DOCUMENT,0.5,CV_MONOCHROME_DOC+OCR_TEXT
C:\Users\jay\Downloads\STFD_ICASSP2023\STFD_ICASSP2023\3_Removal\tamper\65b6f387a7bffc21081473909f66a3e2.png,UNKNOWN,0.25,OCR_TEXT
C:\Users\jay\Downloads\STFD_ICASSP2023\STFD_ICASSP2023\3_Removal\tamper\66042d56c623a277c761fa6bb04fcf4e.png,UNKNOWN,0.1,OCR_TEXT
C:\Users\jay\Downloads\STFD_ICASSP2023\STFD_ICASSP2023\3_Removal\tamper\662413b032c0b4ad7683acd44f016743.png,UNKNOWN,0.1,OCR_TEXT
C:\Users\jay\Downloads\STFD_ICASSP2023\STFD_ICASSP2023\3_Removal\tamper\662d5b09f136ef6bc15b1878b34b2549.png,E_COMMERCE,0.35,CV_ECOMMERCE_COLOR+OCR_TEXT
C:\Users\jay\Downloads\STFD_ICASSP2023\STFD_ICASSP2023\3_Removal\tamper\66401ac846331924de85285387116ed7.png,UNKNOWN,0.1,OCR_TEXT
C:\Users\jay\Downloads\STFD_ICASSP2023\STFD_ICASSP2023\3_Removal\tamper\6676beee85ffdca77fa787d7849c0ca4.png,DOCUMENT,0.5,CV_MONOCHROME_DOC+OCR_TEXT
C:\Users\jay\Downloads\STFD_ICASSP2023\STFD_ICASSP2023\3_Removal\tamper\667ccfcc23d549975a766d3a5f1d1ac8.png,UNKNOWN,0.25,OCR_TEXT
C:\Users\jay\Downloads\STFD_ICASSP2023\STFD_ICASSP2023\3_Removal\tamper\667efa8b6e6a3332fe771a8650f0f6c9.png,UNKNOWN,0.3,OCR_TEXT
C:\Users\jay\Downloads\STFD_ICASSP2023\STFD_ICASSP2023\3_Removal\tamper\6682067353638cc18b80bde09a444e0f.png,UNKNOWN,0.1,OCR_TEXT
C:\Users\jay\Downloads\STFD_ICASSP2023\STFD_ICASSP2023\3_Removal\tamper\66a453559625cbc53c0264e6c2d00cf3.png,E_COMMERCE,0.35,CV_ECOMMERCE_COLOR+OCR_TEXT
C:\Users\jay\Downloads\STFD_ICASSP2023\STFD_ICASSP2023\3_Removal\tamper\66c04818cc5e434e18904b7b63706b2a.png,E_COMMERCE,0.35,CV_ECOMMERCE_COLOR+CV_SETTINGS_GRID+OCR_TEXT
C:\Users\jay\Downloads\STFD_ICASSP2023\STFD_ICASSP2023\3_Removal\tamper\66ff15fbcc6f1339ef148e0a36789356.png,UNKNOWN,0.25,OCR_TEXT
C:\Users\jay\Downloads\STFD_ICASSP2023\STFD_ICASSP2023\3_Removal\tamper\67174476a903640d9b592a710a9552fa.png,DOCUMENT,0.5,CV_MONOCHROME_DOC+OCR_TEXT
C:\Users\jay\Downloads\STFD_ICASSP2023\STFD_ICASSP2023\3_Removal\tamper\674754c3123780ab73d449cae011233e.png,E_COMMERCE,0.35,CV_ECOMMERCE_COLOR+OCR_TEXT
C:\Users\jay\Downloads\STFD_ICASSP2023\STFD_ICASSP2023\3_Removal\tamper\6785e04b3ada17612cbba4a98e717e87.png,UNKNOWN,0.1,OCR_TEXT
C:\Users\jay\Downloads\STFD_ICASSP2023\STFD_ICASSP2023\3_Removal\tamper\67920ed8d7397191234b5beca7a12bb6.png,E_COMMERCE,0.35,CV_ECOMMERCE_COLOR+CV_SETTINGS_GRID+OCR_TEXT
C:\Users\jay\Downloads\STFD_ICASSP2023\STFD_ICASSP2023\3_Removal\tamper\68289ab134c324937a797e8b322b8fb3.png,UNKNOWN,0.1,OCR_TEXT
C:\Users\jay\Downloads\STFD_ICASSP2023\STFD_ICASSP2023\3_Removal\tamper\682c2934fd65d65c611ffcfc1b9b3336.png,UNKNOWN,0.1,OCR_TEXT
C:\Users\jay\Downloads\STFD_ICASSP2023\STFD_ICASSP2023\3_Removal\tamper\68343deec92a821c4791a19cf29895e9.png,UNKNOWN,0.25,CV_SETTINGS_GRID+OCR_TEXT
C:\Users\jay\Downloads\STFD_ICASSP2023\STFD_ICASSP2023\3_Removal\tamper\68ca715f7450340d85ccc408ed1f4930.png,DOCUMENT,0.5,CV_MONOCHROME_DOC+OCR_TEXT
C:\Users\jay\Downloads\STFD_ICASSP2023\STFD_ICASSP2023\3_Removal\tamper\68cd0b9e9d5803cc60b7d82ed0b5ca9f.png,MAP_TRANSPORT,0.35,OCR_TEXT
C:\Users\jay\Downloads\STFD_ICASSP2023\STFD_ICASSP2023\3_Removal\tamper\69c2a7a93740a46b2c1518cd260bf910.png,UNKNOWN,0.1,OCR_TEXT
C:\Users\jay\Downloads\STFD_ICASSP2023\STFD_ICASSP2023\3_Removal\tamper\6a841f38a8879f2049f7c38aa8856941.png,UNKNOWN,0.1,OCR_TEXT
C:\Users\jay\Downloads\STFD_ICASSP2023\STFD_ICASSP2023\3_Removal\tamper\6af87c5b44664e0854e86e5f0ba509d3.png,UNKNOWN,0.1,OCR_TEXT
C:\Users\jay\Downloads\STFD_ICASSP2023\STFD_ICASSP2023\3_Removal\tamper\6b4b6a02e9e04ea76d5065d5b26ffa20.png,MAP_TRANSPORT,0.35,OCR_TEXT
C:\Users\jay\Downloads\STFD_ICASSP2023\STFD_ICASSP2023\3_Removal\tamper\6b9f9d39cb13943b0931fc2c011e53f3.png,UNKNOWN,0.1,OCR_TEXT
C:\Users\jay\Downloads\STFD_ICASSP2023\STFD_ICASSP2023\3_Removal\tamper\6bd591f40e5ca45b39e561df9aa09d03.png,UNKNOWN,0.1,OCR_TEXT
C:\Users\jay\Downloads\STFD_ICASSP2023\STFD_ICASSP2023\3_Removal\tamper\6c0777cbed796c08e29d4c2978639723.png,UNKNOWN,0.1,OCR_TEXT
C:\Users\jay\Downloads\STFD_ICASSP2023\STFD_ICASSP2023\3_Removal\tamper\6c07ab1dbb3212578a377436cf9fd6ac.png,DOCUMENT,0.5,CV_MONOCHROME_DOC+OCR_TEXT
C:\Users\jay\Downloads\STFD_ICASSP2023\STFD_ICASSP2023\3_Removal\tamper\6c538efb92dac4d302dd11ba3ec851c8.png,MAP_TRANSPORT,0.35,OCR_TEXT
C:\Users\jay\Downloads\STFD_ICASSP2023\STFD_ICASSP2023\3_Removal\tamper\6c81ea68a966a9a489739a9ba4b39db8.png,UNKNOWN,0.35,CV_ECOMMERCE_COLOR+OCR_TEXT
C:\Users\jay\Downloads\STFD_ICASSP2023\STFD_ICASSP2023\3_Removal\tamper\6d22060ac394e6489b73aef78c9e9296.png,UNKNOWN,0.1,OCR_TEXT
C:\Users\jay\Downloads\STFD_ICASSP2023\STFD_ICASSP2023\3_Removal\tamper\6d3363de76633eecdfb748e0e0f1d502.png,UNKNOWN,0.1,OCR_TEXT
C:\Users\jay\Downloads\STFD_ICASSP2023\STFD_ICASSP2023\3_Removal\tamper\6d36bee0699ecf234c93bb745802a40b.png,DOCUMENT,0.5,CV_MONOCHROME_DOC+OCR_TEXT
C:\Users\jay\Downloads\STFD_ICASSP2023\STFD_ICASSP2023\3_Removal\tamper\6ddb1c0b38c273ffad3ca295d33e1d81.png,WEB_BROWSING,0.95,OCR_TEXT
C:\Users\jay\Downloads\STFD_ICASSP2023\STFD_ICASSP2023\3_Removal\tamper\6e0b05e3009f64de1717cdc2791efc53.png,UNKNOWN,0.25,OCR_TEXT
C:\Users\jay\Downloads\STFD_ICASSP2023\STFD_ICASSP2023\3_Removal\tamper\6e14e7a0b5ba058b1f6669e33ae2c22c.png,UNKNOWN,0.1,OCR_TEXT
C:\Users\jay\Downloads\STFD_ICASSP2023\STFD_ICASSP2023\3_Removal\tamper\6e45cdc2ee9709dda1cd0ac37c29e9cb.png,E_COMMERCE,0.35,CV_ECOMMERCE_COLOR+OCR_TEXT
C:\Users\jay\Downloads\STFD_ICASSP2023\STFD_ICASSP2023\3_Removal\tamper\6ea38204bd1c632372a385492bbfbdf8.png,UNKNOWN,0.1,OCR_TEXT
C:\Users\jay\Downloads\STFD_ICASSP2023\STFD_ICASSP2023\3_Removal\tamper\6ec9ed4892fe40b75b176ce3d2f551d6.png,UNKNOWN,0.1,OCR_TEXT
C:\Users\jay\Downloads\STFD_ICASSP2023\STFD_ICASSP2023\3_Removal\tamper\6ecccac6789b01af13ee2c9bad0a580f.png,UNKNOWN,0.1,OCR_TEXT
C:\Users\jay\Downloads\STFD_ICASSP2023\STFD_ICASSP2023\3_Removal\tamper\6ee8f7c13842b68efd419f2804db1c21.png,DOCUMENT,0.5,CV_MONOCHROME_DOC+OCR_TEXT
C:\Users\jay\Downloads\STFD_ICASSP2023\STFD_ICASSP2023\3_Removal\tamper\6f2dccbf531e978679bb9a63c0a1eab9.png,UNKNOWN,0.1,OCR_TEXT
C:\Users\jay\Downloads\STFD_ICASSP2023\STFD_ICASSP2023\3_Removal\tamper\6f3539b7758fe421017eae510fbb4c34.png,UNKNOWN,0.25,OCR_TEXT
C:\Users\jay\Downloads\STFD_ICASSP2023\STFD_ICASSP2023\3_Removal\tamper\6ff9348f175a1dcebd98d065f86e544c.png,UNKNOWN,0.1,OCR_TEXT
C:\Users\jay\Downloads\STFD_ICASSP2023\STFD_ICASSP2023\3_Removal\tamper\6ff9e4d05be4cc8fd3a56c25de2cdc04.png,UNKNOWN,0.1,OCR_TEXT
C:\Users\jay\Downloads\STFD_ICASSP2023\STFD_ICASSP2023\3_Removal\tamper\70754cb0c74f68d9dfd5e4587278c1f3.png,UNKNOWN,0.1,OCR_TEXT
C:\Users\jay\Downloads\STFD_ICASSP2023\STFD_ICASSP2023\3_Removal\tamper\70bae55cc16c059be4af548e6effa0f2.png,UNKNOWN,0.1,OCR_TEXT
C:\Users\jay\Downloads\STFD_ICASSP2023\STFD_ICASSP2023\3_Removal\tamper\70c09f3121dcb98453cdf7fc76f256dd.png,UNKNOWN,0.1,OCR_TEXT
C:\Users\jay\Downloads\STFD_ICASSP2023\STFD_ICASSP2023\3_Removal\tamper\70ce92bb1d31f34ed81b8dbca6d2b231.png,UNKNOWN,0.25,CV_SETTINGS_GRID+OCR_TEXT
C:\Users\jay\Downloads\STFD_ICASSP2023\STFD_ICASSP2023\3_Removal\tamper\70f6a33366e5574d1398e67247a78fb2.png,UNKNOWN,0.1,OCR_TEXT
C:\Users\jay\Downloads\STFD_ICASSP2023\STFD_ICASSP2023\3_Removal\tamper\71464567677dd838187b955c5d9dc0ec.png,UNKNOWN,0.1,OCR_TEXT
C:\Users\jay\Downloads\STFD_ICASSP2023\STFD_ICASSP2023\3_Removal\tamper\71d6e7541509bbaee6d3d5a260ac1723.png,UNKNOWN,0.1,OCR_TEXT
C:\Users\jay\Downloads\STFD_ICASSP2023\STFD_ICASSP2023\3_Removal\tamper\71e6c51f4c327b2a1b6a1cbf4289e421.png,UNKNOWN,0.25,OCR_TEXT
C:\Users\jay\Downloads\STFD_ICASSP2023\STFD_ICASSP2023\3_Removal\tamper\71f8b631602a6114cc39f3589942977c.png,UNKNOWN,0.1,OCR_TEXT
C:\Users\jay\Downloads\STFD_ICASSP2023\STFD_ICASSP2023\3_Removal\tamper\72b8e47eb7c7d9b2d3ced87518964569.png,DOCUMENT,0.5,CV_MONOCHROME_DOC+OCR_TEXT
C:\Users\jay\Downloads\STFD_ICASSP2023\STFD_ICASSP2023\3_Removal\tamper\72e1c7bc47f6c4e28fceddee4e20f035.png,DOCUMENT,0.5,CV_MONOCHROME_DOC+OCR_TEXT
C:\Users\jay\Downloads\STFD_ICASSP2023\STFD_ICASSP2023\3_Removal\tamper\73006ceee9bd9155ee288c1d5e1fdbac.png,UNKNOWN,0.25,OCR_TEXT
C:\Users\jay\Downloads\STFD_ICASSP2023\STFD_ICASSP2023\3_Removal\tamper\7320229b7dde56d74e60dbd8f52c5eb2.png,UNKNOWN,0.35,CV_ECOMMERCE_COLOR+OCR_TEXT
C:\Users\jay\Downloads\STFD_ICASSP2023\STFD_ICASSP2023\3_Removal\tamper\73e22eb382336281d83cb5c1def3c0a0.png,E_COMMERCE,0.35,CV_ECOMMERCE_COLOR+OCR_TEXT
C:\Users\jay\Downloads\STFD_ICASSP2023\STFD_ICASSP2023\3_Removal\tamper\73fead9921850e48350587243819636a.png,UNKNOWN,0.1,OCR_TEXT
C:\Users\jay\Downloads\STFD_ICASSP2023\STFD_ICASSP2023\3_Removal\tamper\749720ce87f843aaff8f072b57623dc2.png,UNKNOWN,0.1,OCR_TEXT
C:\Users\jay\Downloads\STFD_ICASSP2023\STFD_ICASSP2023\3_Removal\tamper\74bccf73610f89b36eda382d5c6fde52.png,UNKNOWN,0.1,OCR_TEXT
C:\Users\jay\Downloads\STFD_ICASSP2023\STFD_ICASSP2023\3_Removal\tamper\758270f094bb9aed5e40f429ec6cbf76.png,E_COMMERCE,0.35,CV_ECOMMERCE_COLOR+OCR_TEXT
C:\Users\jay\Downloads\STFD_ICASSP2023\STFD_ICASSP2023\3_Removal\tamper\759b1e17167f7109244e676a42a8085c.png,DOCUMENT,0.5,CV_MONOCHROME_DOC+OCR_TEXT
C:\Users\jay\Downloads\STFD_ICASSP2023\STFD_ICASSP2023\3_Removal\tamper\75ade2fd53dbd08bbe769342e02464b8.png,UNKNOWN,0.1,OCR_TEXT
C:\Users\jay\Downloads\STFD_ICASSP2023\STFD_ICASSP2023\3_Removal\tamper\75d18a40298c806938a477f53dd37bc9.png,UNKNOWN,0.35,CV_ECOMMERCE_COLOR+OCR_TEXT
C:\Users\jay\Downloads\STFD_ICASSP2023\STFD_ICASSP2023\3_Removal\tamper\75ea29be2ee78db141785dc58af38cbc.png,E_COMMERCE,0.35,CV_ECOMMERCE_COLOR+OCR_TEXT
C:\Users\jay\Downloads\STFD_ICASSP2023\STFD_ICASSP2023\3_Removal\tamper\76552dd9e2c3bb9aa8d60598c2c039b4.png,UNKNOWN,0.1,OCR_TEXT
C:\Users\jay\Downloads\STFD_ICASSP2023\STFD_ICASSP2023\3_Removal\tamper\7675d2ab3d36eb4f8d23f6ddd51a862a.png,E_COMMERCE,0.35,CV_ECOMMERCE_COLOR+OCR_TEXT
C:\Users\jay\Downloads\STFD_ICASSP2023\STFD_ICASSP2023\3_Removal\tamper\767c6c69fc1d338e03d70071232edecd.png,UNKNOWN,0.1,OCR_TEXT
C:\Users\jay\Downloads\STFD_ICASSP2023\STFD_ICASSP2023\3_Removal\tamper\76ea5997df280ee76fc5960d5764a33c.png,UNKNOWN,0.1,OCR_TEXT
C:\Users\jay\Downloads\STFD_ICASSP2023\STFD_ICASSP2023\3_Removal\tamper\773bdb344e171904ef7eef944297874f.png,DOCUMENT,0.5,CV_MONOCHROME_DOC+OCR_TEXT
C:\Users\jay\Downloads\STFD_ICASSP2023\STFD_ICASSP2023\3_Removal\tamper\7744cf6e273852348ae26ff32bccfeb1.png,UNKNOWN,0.1,OCR_TEXT
C:\Users\jay\Downloads\STFD_ICASSP2023\STFD_ICASSP2023\3_Removal\tamper\7775d2a5746f66451350666c5961affd.png,UNKNOWN,0.1,OCR_TEXT
C:\Users\jay\Downloads\STFD_ICASSP2023\STFD_ICASSP2023\3_Removal\tamper\77ca386f278bf28a390ac7b68227afa6.png,UNKNOWN,0.25,OCR_TEXT
C:\Users\jay\Downloads\STFD_ICASSP2023\STFD_ICASSP2023\3_Removal\tamper\77e89b8e266b5443b0783bb2b7fb169a.png,E_COMMERCE,0.35,CV_ECOMMERCE_COLOR+OCR_TEXT
C:\Users\jay\Downloads\STFD_ICASSP2023\STFD_ICASSP2023\3_Removal\tamper\7801a9c06964b79e083c33c2c88438b3.png,UNKNOWN,0.3,OCR_TEXT
C:\Users\jay\Downloads\STFD_ICASSP2023\STFD_ICASSP2023\3_Removal\tamper\785a4e769c98bfbd2311daa4835350bf.png,UNKNOWN,0.1,OCR_TEXT
C:\Users\jay\Downloads\STFD_ICASSP2023\STFD_ICASSP2023\3_Removal\tamper\78adf2ca173165c54660a49c2d43af5c.png,UNKNOWN,0.1,OCR_TEXT
C:\Users\jay\Downloads\STFD_ICASSP2023\STFD_ICASSP2023\3_Removal\tamper\79056c48703ce6b06a5ed4840911a399.png,E_COMMERCE,0.35,CV_ECOMMERCE_COLOR
C:\Users\jay\Downloads\STFD_ICASSP2023\STFD_ICASSP2023\3_Removal\tamper\7962b6d819b020c8a0d16efda5518960.png,UNKNOWN,0.1,OCR_TEXT
C:\Users\jay\Downloads\STFD_ICASSP2023\STFD_ICASSP2023\3_Removal\tamper\79b728275dcca5a9f4ae13ed31247743.png,E_COMMERCE,0.35,CV_ECOMMERCE_COLOR+OCR_TEXT
C:\Users\jay\Downloads\STFD_ICASSP2023\STFD_ICASSP2023\3_Removal\tamper\79f688ad554935b5bcc496b64452b28b.png,UNKNOWN,0.1,OCR_TEXT
C:\Users\jay\Downloads\STFD_ICASSP2023\STFD_ICASSP2023\3_Removal\tamper\7a8ce497c2305391dc40272bf9559283.png,UNKNOWN,0.1,OCR_TEXT
C:\Users\jay\Downloads\STFD_ICASSP2023\STFD_ICASSP2023\3_Removal\tamper\7aa5c3833887d97bdcc1000fb09efe69.png,UNKNOWN,0.1,OCR_TEXT
C:\Users\jay\Downloads\STFD_ICASSP2023\STFD_ICASSP2023\3_Removal\tamper\7b45fbd113f34e5ae7b44eda6ba6af31.png,UNKNOWN,0.1,OCR_TEXT
C:\Users\jay\Downloads\STFD_ICASSP2023\STFD_ICASSP2023\3_Removal\tamper\7b8873e5e398e1d8bb4a2900f9e30e27.png,UNKNOWN,0.1,OCR_TEXT
C:\Users\jay\Downloads\STFD_ICASSP2023\STFD_ICASSP2023\3_Removal\tamper\7bad556558b8054febacaac573b6d4b9.png,UNKNOWN,0.25,OCR_TEXT
C:\Users\jay\Downloads\STFD_ICASSP2023\STFD_ICASSP2023\3_Removal\tamper\7c4fc959fa24ba3ccd57d4b89ce2244f.png,UNKNOWN,0.1,OCR_TEXT
C:\Users\jay\Downloads\STFD_ICASSP2023\STFD_ICASSP2023\3_Removal\tamper\7c943a6f079d88fb448ebdca2201e019.png,UNKNOWN,0.3,OCR_TEXT
C:\Users\jay\Downloads\STFD_ICASSP2023\STFD_ICASSP2023\3_Removal\tamper\7d1f5bfab4c4a7180f4205cc6e03b040.png,MAP_TRANSPORT,0.35,OCR_TEXT
C:\Users\jay\Downloads\STFD_ICASSP2023\STFD_ICASSP2023\3_Removal\tamper\7d411f83ded0dd1d06a69a7fd259176e.png,E_COMMERCE,0.35,CV_ECOMMERCE_COLOR+OCR_TEXT
C:\Users\jay\Downloads\STFD_ICASSP2023\STFD_ICASSP2023\3_Removal\tamper\7dcc933360b2dcdf039202ee9cec9012.png,UNKNOWN,0.25,OCR_TEXT
C:\Users\jay\Downloads\STFD_ICASSP2023\STFD_ICASSP2023\3_Removal\tamper\7e5277dc11ff3a82a62701c76d1c7047.png,UNKNOWN,0.25,OCR_TEXT
C:\Users\jay\Downloads\STFD_ICASSP2023\STFD_ICASSP2023\3_Removal\tamper\7e796c7564c5af3957dda627d0af52ea.png,MAP_TRANSPORT,0.35,OCR_TEXT
C:\Users\jay\Downloads\STFD_ICASSP2023\STFD_ICASSP2023\3_Removal\tamper\7fa6cf109ce94a11af317e79094cc5be.png,E_COMMERCE,0.35,CV_ECOMMERCE_COLOR+OCR_TEXT
C:\Users\jay\Downloads\STFD_ICASSP2023\STFD_ICASSP2023\3_Removal\tamper\7fdab43674df3097d9662a68abe00ded.png,UNKNOWN,0.1,OCR_TEXT
C:\Users\jay\Downloads\STFD_ICASSP2023\STFD_ICASSP2023\3_Removal\tamper\7fed5b5ec562048f92f46a0c6245b4d6.png,UNKNOWN,0.1,OCR_TEXT
C:\Users\jay\Downloads\STFD_ICASSP2023\STFD_ICASSP2023\3_Removal\tamper\802afa1e8712b08f01be3e00ff4e2475.png,UNKNOWN,0.1,OCR_TEXT
C:\Users\jay\Downloads\STFD_ICASSP2023\STFD_ICASSP2023\3_Removal\tamper\80409f89b06bd4c8a925319b716c71c1.png,UNKNOWN,0.1,OCR_TEXT
C:\Users\jay\Downloads\STFD_ICASSP2023\STFD_ICASSP2023\3_Removal\tamper\80e2058a7b7ceafba724aaebb9a0a757.png,DOCUMENT,0.5,CV_MONOCHROME_DOC+OCR_TEXT
C:\Users\jay\Downloads\STFD_ICASSP2023\STFD_ICASSP2023\3_Removal\tamper\80e31b5140b521c51233963775d51d97.png,E_COMMERCE,0.5,CV_SETTINGS_GRID+OCR_TEXT
C:\Users\jay\Downloads\STFD_ICASSP2023\STFD_ICASSP2023\3_Removal\tamper\8110fe9aa9c6c75657f0c70091aafd64.png,MAP_TRANSPORT,0.35,OCR_TEXT
C:\Users\jay\Downloads\STFD_ICASSP2023\STFD_ICASSP2023\3_Removal\tamper\8130a4f990bc5ef3334047bcff4d7e86.png,UNKNOWN,0.1,OCR_TEXT
C:\Users\jay\Downloads\STFD_ICASSP2023\STFD_ICASSP2023\3_Removal\tamper\81fcd2dae6a566b1c56cc23c58fb46b5.png,UNKNOWN,0.1,OCR_TEXT
C:\Users\jay\Downloads\STFD_ICASSP2023\STFD_ICASSP2023\3_Removal\tamper\82421d24c3a37ac9e0b76a2328adbc83.png,DOCUMENT,0.5,CV_MONOCHROME_DOC+OCR_TEXT
C:\Users\jay\Downloads\STFD_ICASSP2023\STFD_ICASSP2023\3_Removal\tamper\82731c3702fe9c8f2320d006a764fb72.png,UNKNOWN,0.1,OCR_TEXT
C:\Users\jay\Downloads\STFD_ICASSP2023\STFD_ICASSP2023\3_Removal\tamper\82c1186c9819be82ae346d19d91680bc.png,E_COMMERCE,0.35,CV_ECOMMERCE_COLOR+OCR_TEXT
C:\Users\jay\Downloads\STFD_ICASSP2023\STFD_ICASSP2023\3_Removal\tamper\82f62455fe854e04a380753288da5873.png,UNKNOWN,0.1,OCR_TEXT
C:\Users\jay\Downloads\STFD_ICASSP2023\STFD_ICASSP2023\3_Removal\tamper\832eec04b25b00aab5047ff765d77996.png,DOCUMENT,0.5,CV_MONOCHROME_DOC+OCR_TEXT
C:\Users\jay\Downloads\STFD_ICASSP2023\STFD_ICASSP2023\3_Removal\tamper\83579218612187d04da44117de6b756d.png,UNKNOWN,0.3,OCR_TEXT
C:\Users\jay\Downloads\STFD_ICASSP2023\STFD_ICASSP2023\3_Removal\tamper\83dfaeccb0e6a040c660bd827b5e95c6.png,UNKNOWN,0.1,OCR_TEXT
C:\Users\jay\Downloads\STFD_ICASSP2023\STFD_ICASSP2023\3_Removal\tamper\83e2f11ea0342e98230013339a978212.png,UNKNOWN,0.25,OCR_TEXT
C:\Users\jay\Downloads\STFD_ICASSP2023\STFD_ICASSP2023\3_Removal\tamper\8409983a18d643160b92fd8163fa1e56.png,DOCUMENT,0.5,CV_MONOCHROME_DOC+OCR_TEXT
C:\Users\jay\Downloads\STFD_ICASSP2023\STFD_ICASSP2023\3_Removal\tamper\8415deff89ab2722aac8e2aae0cd3e4f.png,UNKNOWN,0.25,CV_SETTINGS_GRID+OCR_TEXT
C:\Users\jay\Downloads\STFD_ICASSP2023\STFD_ICASSP2023\3_Removal\tamper\84514b10f5791a5673a843c74a0e54ed.png,E_COMMERCE,0.35,CV_ECOMMERCE_COLOR+OCR_TEXT
C:\Users\jay\Downloads\STFD_ICASSP2023\STFD_ICASSP2023\3_Removal\tamper\847004aee20a8f5da6dc946f9f24cb79.png,UNKNOWN,0.1,OCR_TEXT
C:\Users\jay\Downloads\STFD_ICASSP2023\STFD_ICASSP2023\3_Removal\tamper\8471ffbec56289113bcfc34e3b70e65e.png,UNKNOWN,0.25,OCR_TEXT
C:\Users\jay\Downloads\STFD_ICASSP2023\STFD_ICASSP2023\3_Removal\tamper\84aaf2d58cc1f4ed4aece6bd28ce8ecb.png,DOCUMENT,0.5,CV_MONOCHROME_DOC+OCR_TEXT
C:\Users\jay\Downloads\STFD_ICASSP2023\STFD_ICASSP2023\3_Removal\tamper\84ad5c51c05c00ca8859282c1c3d333a.png,UNKNOWN,0.25,CV_SETTINGS_GRID+OCR_TEXT
C:\Users\jay\Downloads\STFD_ICASSP2023\STFD_ICASSP2023\3_Removal\tamper\84afd03ed0d86db783b1110a67fbbb39.png,UNKNOWN,0.1,OCR_TEXT
C:\Users\jay\Downloads\STFD_ICASSP2023\STFD_ICASSP2023\3_Removal\tamper\84dd2768b16abfcb85bb20a728f7e060.png,DOCUMENT,0.5,CV_MONOCHROME_DOC+OCR_TEXT
C:\Users\jay\Downloads\STFD_ICASSP2023\STFD_ICASSP2023\3_Removal\tamper\85147851faaf62ab5a5bbbf730831e33.png,UNKNOWN,0.1,OCR_TEXT
C:\Users\jay\Downloads\STFD_ICASSP2023\STFD_ICASSP2023\3_Removal\tamper\85493f843f62b6b285dda4ada5767b08.png,UNKNOWN,0.25,OCR_TEXT
C:\Users\jay\Downloads\STFD_ICASSP2023\STFD_ICASSP2023\3_Removal\tamper\8577b036e9bcd1f07b73293f112ca41e.png,UNKNOWN,0.1,OCR_TEXT
C:\Users\jay\Downloads\STFD_ICASSP2023\STFD_ICASSP2023\3_Removal\tamper\859c64c42d234180afdb986e9b53858f.png,UNKNOWN,0.1,OCR_TEXT
C:\Users\jay\Downloads\STFD_ICASSP2023\STFD_ICASSP2023\3_Removal\tamper\85ce93671892025a9a57d4f631bf9fa2.png,UNKNOWN,0.1,OCR_TEXT
C:\Users\jay\Downloads\STFD_ICASSP2023\STFD_ICASSP2023\3_Removal\tamper\86022fef949b2c81325e70f66ceab2ae.png,E_COMMERCE,0.35,CV_ECOMMERCE_COLOR+OCR_TEXT
C:\Users\jay\Downloads\STFD_ICASSP2023\STFD_ICASSP2023\3_Removal\tamper\861094f5a0e97a6a2e14ac32e189b3fa.png,UNKNOWN,0.1,OCR_TEXT
C:\Users\jay\Downloads\STFD_ICASSP2023\STFD_ICASSP2023\3_Removal\tamper\86389ee04fca8d7487fae37781c5e338.png,DOCUMENT,0.5,CV_MONOCHROME_DOC+OCR_TEXT
C:\Users\jay\Downloads\STFD_ICASSP2023\STFD_ICASSP2023\3_Removal\tamper\86466fdaf22792ebfa3138345f7095f5.png,E_COMMERCE,0.35,CV_ECOMMERCE_COLOR+OCR_TEXT
C:\Users\jay\Downloads\STFD_ICASSP2023\STFD_ICASSP2023\3_Removal\tamper\8681c385ff9a7a6faf487abd1da68a42.png,UNKNOWN,0.1,OCR_TEXT
C:\Users\jay\Downloads\STFD_ICASSP2023\STFD_ICASSP2023\3_Removal\tamper\87d7030ecdf342bbf4d5030b6f223885.png,E_COMMERCE,0.35,CV_ECOMMERCE_COLOR+OCR_TEXT
C:\Users\jay\Downloads\STFD_ICASSP2023\STFD_ICASSP2023\3_Removal\tamper\881075ad062bf28e4638faa46614713f.png,UNKNOWN,0.25,OCR_TEXT
C:\Users\jay\Downloads\STFD_ICASSP2023\STFD_ICASSP2023\3_Removal\tamper\88578ea9a344712faa9adef01d264811.png,DOCUMENT,0.5,CV_MONOCHROME_DOC+OCR_TEXT
C:\Users\jay\Downloads\STFD_ICASSP2023\STFD_ICASSP2023\3_Removal\tamper\885b579d62e5afe4af782dbcab135e2a.png,E_COMMERCE,0.95,CV_MONOCHROME_DOC+OCR_TEXT
C:\Users\jay\Downloads\STFD_ICASSP2023\STFD_ICASSP2023\3_Removal\tamper\8878aaee033f78b758aa66583164c1e4.png,MAP_TRANSPORT,0.35,OCR_TEXT
C:\Users\jay\Downloads\STFD_ICASSP2023\STFD_ICASSP2023\3_Removal\tamper\8897f00cfa11baacc07de35db96b625c.png,UNKNOWN,0.1,OCR_TEXT
C:\Users\jay\Downloads\STFD_ICASSP2023\STFD_ICASSP2023\3_Removal\tamper\88cfc0448cec8bdcc8f6e04a7b718fa8.png,UNKNOWN,0.1,OCR_TEXT
C:\Users\jay\Downloads\STFD_ICASSP2023\STFD_ICASSP2023\3_Removal\tamper\8937dd09dad96fd7d29918bcf22f7cee.png,UNKNOWN,0.1,OCR_TEXT
C:\Users\jay\Downloads\STFD_ICASSP2023\STFD_ICASSP2023\3_Removal\tamper\895566b197dbc1f3d563e9fc505d38b3.png,E_COMMERCE,0.35,CV_ECOMMERCE_COLOR+OCR_TEXT
C:\Users\jay\Downloads\STFD_ICASSP2023\STFD_ICASSP2023\3_Removal\tamper\899dc5057d67bb27050c067d139df667.png,UNKNOWN,0.1,OCR_TEXT
C:\Users\jay\Downloads\STFD_ICASSP2023\STFD_ICASSP2023\3_Removal\tamper\89ef18fe133dfc5e81bf02b817d2179e.png,UNKNOWN,0.1,OCR_TEXT
C:\Users\jay\Downloads\STFD_ICASSP2023\STFD_ICASSP2023\3_Removal\tamper\89f094cef19ec36f112adf3f0999af7f.png,UNKNOWN,0.1,OCR_TEXT
C:\Users\jay\Downloads\STFD_ICASSP2023\STFD_ICASSP2023\3_Removal\tamper\8a4e8387df307512aaf478b9ae52bdc2.png,UNKNOWN,0.1,OCR_TEXT
C:\Users\jay\Downloads\STFD_ICASSP2023\STFD_ICASSP2023\3_Removal\tamper\8a53b6f2525228157a260808e29c44b2.png,UNKNOWN,0.1,OCR_TEXT
C:\Users\jay\Downloads\STFD_ICASSP2023\STFD_ICASSP2023\3_Removal\tamper\8a68930a2aba571da795a3ce80d40798.png,UNKNOWN,0.1,OCR_TEXT
C:\Users\jay\Downloads\STFD_ICASSP2023\STFD_ICASSP2023\3_Removal\tamper\8a7cd735c52584c5d94192e6bab393c6.png,UNKNOWN,0.1,OCR_TEXT
C:\Users\jay\Downloads\STFD_ICASSP2023\STFD_ICASSP2023\3_Removal\tamper\8a93f89610058b053e10f1a37841f1a8.png,UNKNOWN,0.1,OCR_TEXT
C:\Users\jay\Downloads\STFD_ICASSP2023\STFD_ICASSP2023\3_Removal\tamper\8adccce49b38f5b2cbaabd146c449696.png,E_COMMERCE,0.35,CV_ECOMMERCE_COLOR+OCR_TEXT
C:\Users\jay\Downloads\STFD_ICASSP2023\STFD_ICASSP2023\3_Removal\tamper\8adcd8ee3d578c67117af467015d7d5c.png,E_COMMERCE,0.35,CV_ECOMMERCE_COLOR+OCR_TEXT
C:\Users\jay\Downloads\STFD_ICASSP2023\STFD_ICASSP2023\3_Removal\tamper\8af02a74bd42401803bfe394937cffc8.png,UNKNOWN,0.1,OCR_TEXT
C:\Users\jay\Downloads\STFD_ICASSP2023\STFD_ICASSP2023\3_Removal\tamper\8b287106dfcc1751afb97d3edbd924cc.png,UNKNOWN,0.1,OCR_TEXT
C:\Users\jay\Downloads\STFD_ICASSP2023\STFD_ICASSP2023\3_Removal\tamper\8b28ae9dc7dc5ec1ef315504eed895cd.png,UNKNOWN,0.1,OCR_TEXT
C:\Users\jay\Downloads\STFD_ICASSP2023\STFD_ICASSP2023\3_Removal\tamper\8b30e52da4990a674bed829efc89717a.png,UNKNOWN,0.3,OCR_TEXT
C:\Users\jay\Downloads\STFD_ICASSP2023\STFD_ICASSP2023\3_Removal\tamper\8b36adf41ed650ef791c3e119c7d6e3d.png,UNKNOWN,0.25,CV_SETTINGS_GRID+OCR_TEXT
C:\Users\jay\Downloads\STFD_ICASSP2023\STFD_ICASSP2023\3_Removal\tamper\8b46a6b6f9530c97f4552eb32460eeb0.png,UNKNOWN,0.35,CV_ECOMMERCE_COLOR+OCR_TEXT
C:\Users\jay\Downloads\STFD_ICASSP2023\STFD_ICASSP2023\3_Removal\tamper\8b759c0d6b17d9c86f951c99d0c24a62.png,UNKNOWN,0.1,OCR_TEXT
C:\Users\jay\Downloads\STFD_ICASSP2023\STFD_ICASSP2023\3_Removal\tamper\8bbec8978e69a569c50bcdd9584b08c9.png,UNKNOWN,0.25,OCR_TEXT
C:\Users\jay\Downloads\STFD_ICASSP2023\STFD_ICASSP2023\3_Removal\tamper\8bd1018466cce4329ec3633204970806.png,DOCUMENT,0.5,CV_MONOCHROME_DOC+OCR_TEXT
C:\Users\jay\Downloads\STFD_ICASSP2023\STFD_ICASSP2023\3_Removal\tamper\8beb4deb7f799f5b3e8b824d40dc0a21.png,UNKNOWN,0.1,OCR_TEXT
C:\Users\jay\Downloads\STFD_ICASSP2023\STFD_ICASSP2023\3_Removal\tamper\8c05f6edc85028c283e89046e5790235.png,UNKNOWN,0.35,CV_ECOMMERCE_COLOR+OCR_TEXT
C:\Users\jay\Downloads\STFD_ICASSP2023\STFD_ICASSP2023\3_Removal\tamper\8c7016933eccba2b7dac488100b0ed44.png,ONLINE_BANKING,0.35,OCR_TEXT
C:\Users\jay\Downloads\STFD_ICASSP2023\STFD_ICASSP2023\3_Removal\tamper\8c85488c9e74cd4b5c1d4bb5c6c20023.png,DOCUMENT,0.5,CV_MONOCHROME_DOC+OCR_TEXT
C:\Users\jay\Downloads\STFD_ICASSP2023\STFD_ICASSP2023\3_Removal\tamper\8cc1f258ca86ae7cd15c36775a0737a5.png,UNKNOWN,0.1,OCR_TEXT
C:\Users\jay\Downloads\STFD_ICASSP2023\STFD_ICASSP2023\3_Removal\tamper\8d52655e19418c7dce6ede4942d590f9.png,WEB_BROWSING,0.7,CV_MONOCHROME_DOC+OCR_TEXT
C:\Users\jay\Downloads\STFD_ICASSP2023\STFD_ICASSP2023\3_Removal\tamper\8da859ab3134018b4899bc48b68a48fa.png,UNKNOWN,0.1,OCR_TEXT
C:\Users\jay\Downloads\STFD_ICASSP2023\STFD_ICASSP2023\3_Removal\tamper\8df9dcad9c7d7c415b609e64a8692784.png,E_COMMERCE,0.35,CV_ECOMMERCE_COLOR+OCR_TEXT
C:\Users\jay\Downloads\STFD_ICASSP2023\STFD_ICASSP2023\3_Removal\tamper\8e166d8cb829c65dbb857acdeba4ecb2.png,UNKNOWN,0.1,OCR_TEXT
C:\Users\jay\Downloads\STFD_ICASSP2023\STFD_ICASSP2023\3_Removal\tamper\8e83931661a80a9869443f967b1f1036.png,UNKNOWN,0.1,OCR_TEXT
C:\Users\jay\Downloads\STFD_ICASSP2023\STFD_ICASSP2023\3_Removal\tamper\8ea4cfdfd3ca08e6ed11548135fcffff.png,E_COMMERCE,0.35,CV_ECOMMERCE_COLOR+OCR_TEXT
C:\Users\jay\Downloads\STFD_ICASSP2023\STFD_ICASSP2023\3_Removal\tamper\8f248d9da000a4d8608b419698facbff.png,UNKNOWN,0.1,OCR_TEXT
C:\Users\jay\Downloads\STFD_ICASSP2023\STFD_ICASSP2023\3_Removal\tamper\8f38d711738e8a9f73317bfe2040a2a9.png,UNKNOWN,0.25,OCR_TEXT
C:\Users\jay\Downloads\STFD_ICASSP2023\STFD_ICASSP2023\3_Removal\tamper\8f78bc2842af02717c728876c1a2b7f2.png,UNKNOWN,0.1,OCR_TEXT
C:\Users\jay\Downloads\STFD_ICASSP2023\STFD_ICASSP2023\3_Removal\tamper\8f992c4d53bcacb70f8c3ca08a6bdea2.png,E_COMMERCE,0.35,CV_ECOMMERCE_COLOR+CV_SETTINGS_GRID+OCR_TEXT
C:\Users\jay\Downloads\STFD_ICASSP2023\STFD_ICASSP2023\3_Removal\tamper\8fc2ffa76cb6b52f099a7d3f99f574c0.png,MAP_TRANSPORT,0.35,OCR_TEXT
C:\Users\jay\Downloads\STFD_ICASSP2023\STFD_ICASSP2023\3_Removal\tamper\90051c3ca73208cb6075c0e284764be9.png,E_COMMERCE,0.35,CV_ECOMMERCE_COLOR
C:\Users\jay\Downloads\STFD_ICASSP2023\STFD_ICASSP2023\3_Removal\tamper\901d6eec383e7cdf51bdad2cf816d005.png,E_COMMERCE,0.35,CV_ECOMMERCE_COLOR+OCR_TEXT
C:\Users\jay\Downloads\STFD_ICASSP2023\STFD_ICASSP2023\3_Removal\tamper\9028b6628c6591ff310e275a202bbdcd.png,UNKNOWN,0.1,OCR_TEXT
C:\Users\jay\Downloads\STFD_ICASSP2023\STFD_ICASSP2023\3_Removal\tamper\90380f5b33dc426cd1513f0b55007e60.png,UNKNOWN,0.1,OCR_TEXT
C:\Users\jay\Downloads\STFD_ICASSP2023\STFD_ICASSP2023\3_Removal\tamper\90466240589d089b681c68165c8132ee.png,UNKNOWN,0.1,OCR_TEXT
C:\Users\jay\Downloads\STFD_ICASSP2023\STFD_ICASSP2023\3_Removal\tamper\9052ce25c74dbd4aa8fff713f404f530.png,UNKNOWN,0.1,OCR_TEXT
C:\Users\jay\Downloads\STFD_ICASSP2023\STFD_ICASSP2023\3_Removal\tamper\90a3e8414f2bb098b2bd90dcf7d8a764.png,DOCUMENT,0.5,CV_MONOCHROME_DOC+CV_SETTINGS_GRID+OCR_TEXT
C:\Users\jay\Downloads\STFD_ICASSP2023\STFD_ICASSP2023\3_Removal\tamper\90b0eb1a5f48766ad9eeba1956c8d979.png,UNKNOWN,0.1,OCR_TEXT
C:\Users\jay\Downloads\STFD_ICASSP2023\STFD_ICASSP2023\3_Removal\tamper\9107dabd8f57f8843687554b15aee69d.png,MAP_TRANSPORT,0.35,OCR_TEXT
C:\Users\jay\Downloads\STFD_ICASSP2023\STFD_ICASSP2023\3_Removal\tamper\9113570c76fb30cf164adafd7286832f.png,UNKNOWN,0.35,CV_ECOMMERCE_COLOR+OCR_TEXT
C:\Users\jay\Downloads\STFD_ICASSP2023\STFD_ICASSP2023\3_Removal\tamper\9176a8e7b06e06abcde054fa38256aa6.png,UNKNOWN,0.1,OCR_TEXT
C:\Users\jay\Downloads\STFD_ICASSP2023\STFD_ICASSP2023\3_Removal\tamper\91792c7bd434d44f8615d4f01ca89f5d.png,DOCUMENT,0.5,CV_MONOCHROME_DOC+OCR_TEXT
C:\Users\jay\Downloads\STFD_ICASSP2023\STFD_ICASSP2023\3_Removal\tamper\918d73131750d5c5d163c38d03dc9057.png,UNKNOWN,0.1,OCR_TEXT
C:\Users\jay\Downloads\STFD_ICASSP2023\STFD_ICASSP2023\3_Removal\tamper\91ddd0e7fddf1209af0325b52f4a2436.png,DOCUMENT,0.6,OCR_TEXT
C:\Users\jay\Downloads\STFD_ICASSP2023\STFD_ICASSP2023\3_Removal\tamper\91f2a77e6fd1f721f0ca787280f5006e.png,UNKNOWN,0.1,OCR_TEXT
C:\Users\jay\Downloads\STFD_ICASSP2023\STFD_ICASSP2023\3_Removal\tamper\92884e67909c19d78712d2dc84f3ce2f.png,DOCUMENT,0.5,CV_MONOCHROME_DOC+OCR_TEXT
C:\Users\jay\Downloads\STFD_ICASSP2023\STFD_ICASSP2023\3_Removal\tamper\928893da2b8951dd2b903d68cb326bd0.png,E_COMMERCE,0.35,CV_ECOMMERCE_COLOR+OCR_TEXT
C:\Users\jay\Downloads\STFD_ICASSP2023\STFD_ICASSP2023\3_Removal\tamper\929222e893aa30e8e201b36917ee9d4c.png,UNKNOWN,0.1,OCR_TEXT
C:\Users\jay\Downloads\STFD_ICASSP2023\STFD_ICASSP2023\3_Removal\tamper\92b7342ceca6fdc6edd34b8250de664c.png,UNKNOWN,0.25,CV_SETTINGS_GRID+OCR_TEXT
C:\Users\jay\Downloads\STFD_ICASSP2023\STFD_ICASSP2023\3_Removal\tamper\92daddbb03d4ebd3f97372703913bb60.png,E_COMMERCE,0.35,CV_ECOMMERCE_COLOR+OCR_TEXT
C:\Users\jay\Downloads\STFD_ICASSP2023\STFD_ICASSP2023\3_Removal\tamper\93003a3f85c9ead061278472f22ecd4a.png,UNKNOWN,0.1,OCR_TEXT
C:\Users\jay\Downloads\STFD_ICASSP2023\STFD_ICASSP2023\3_Removal\tamper\934097f39d3a2dd563564564aa83ee71.png,UNKNOWN,0.1,OCR_TEXT
C:\Users\jay\Downloads\STFD_ICASSP2023\STFD_ICASSP2023\3_Removal\tamper\9374a1eecd1d6c5671f9b0f0463ac79f.png,UNKNOWN,0.25,OCR_TEXT
C:\Users\jay\Downloads\STFD_ICASSP2023\STFD_ICASSP2023\3_Removal\tamper\93d329b12b5eedebb7d79459ad0bd8ec.png,UNKNOWN,0.1,OCR_TEXT
C:\Users\jay\Downloads\STFD_ICASSP2023\STFD_ICASSP2023\3_Removal\tamper\941476de0dbe25a3f877ae76918960bf.png,UNKNOWN,0.1,OCR_TEXT
C:\Users\jay\Downloads\STFD_ICASSP2023\STFD_ICASSP2023\3_Removal\tamper\9476bedf7cc316fab13e9c3ce7651a22.png,MAP_TRANSPORT,0.35,OCR_TEXT
C:\Users\jay\Downloads\STFD_ICASSP2023\STFD_ICASSP2023\3_Removal\tamper\94e69802e39d5cad071c35bcd4561a16.png,UNKNOWN,0.1,OCR_TEXT
C:\Users\jay\Downloads\STFD_ICASSP2023\STFD_ICASSP2023\3_Removal\tamper\94f0ac4ea8aafcdb764bca00f9d5a625.png,MAP_TRANSPORT,0.35,OCR_TEXT
C:\Users\jay\Downloads\STFD_ICASSP2023\STFD_ICASSP2023\3_Removal\tamper\951544f72fa56bb26ddac8b101b7aa96.png,UNKNOWN,0.25,CV_SETTINGS_GRID+OCR_TEXT
C:\Users\jay\Downloads\STFD_ICASSP2023\STFD_ICASSP2023\3_Removal\tamper\9521ef222e747919630637a262ab27e0.png,UNKNOWN,0.25,OCR_TEXT
C:\Users\jay\Downloads\STFD_ICASSP2023\STFD_ICASSP2023\3_Removal\tamper\955cd210c84a424a70a043c000086887.png,UNKNOWN,0.3,OCR_TEXT
C:\Users\jay\Downloads\STFD_ICASSP2023\STFD_ICASSP2023\3_Removal\tamper\9590d1e03d7cad3b2f2ccf2853df7cc1.png,MAP_TRANSPORT,0.35,OCR_TEXT
C:\Users\jay\Downloads\STFD_ICASSP2023\STFD_ICASSP2023\3_Removal\tamper\959a72ba25e1460592a07543485bdf38.png,UNKNOWN,0.1,OCR_TEXT
C:\Users\jay\Downloads\STFD_ICASSP2023\STFD_ICASSP2023\3_Removal\tamper\95a8a141c37ede139535b5bd80713668.png,DOCUMENT,0.5,CV_MONOCHROME_DOC+OCR_TEXT
C:\Users\jay\Downloads\STFD_ICASSP2023\STFD_ICASSP2023\3_Removal\tamper\95a959ecccb47a1402b7168fbcb0ca16.png,UNKNOWN,0.25,OCR_TEXT
C:\Users\jay\Downloads\STFD_ICASSP2023\STFD_ICASSP2023\3_Removal\tamper\95bb4aa6144033c8ef25e4c17c541999.png,UNKNOWN,0.1,OCR_TEXT
C:\Users\jay\Downloads\STFD_ICASSP2023\STFD_ICASSP2023\3_Removal\tamper\95d92646daafb756a5b4171c1acc4a28.png,UNKNOWN,0.1,OCR_TEXT
C:\Users\jay\Downloads\STFD_ICASSP2023\STFD_ICASSP2023\3_Removal\tamper\95f2728cfd96bbdf278bf1415ec6e226.png,DOCUMENT,0.5,CV_MONOCHROME_DOC+OCR_TEXT
C:\Users\jay\Downloads\STFD_ICASSP2023\STFD_ICASSP2023\3_Removal\tamper\962b4057f7655fea317627b941aa063f.png,UNKNOWN,0.1,OCR_TEXT
C:\Users\jay\Downloads\STFD_ICASSP2023\STFD_ICASSP2023\3_Removal\tamper\964f7a06ed992503a4913a5b8e3f8c83.png,UNKNOWN,0.1,OCR_TEXT
C:\Users\jay\Downloads\STFD_ICASSP2023\STFD_ICASSP2023\3_Removal\tamper\96feaf2dd50ce386d5e0597e691c00f8.png,E_COMMERCE,0.35,CV_ECOMMERCE_COLOR+OCR_TEXT
C:\Users\jay\Downloads\STFD_ICASSP2023\STFD_ICASSP2023\3_Removal\tamper\9727099e3dd798f6b29da3ae08898895.png,UNKNOWN,0.35,CV_ECOMMERCE_COLOR+OCR_TEXT
C:\Users\jay\Downloads\STFD_ICASSP2023\STFD_ICASSP2023\3_Removal\tamper\975824599dcecb68335053bd0d18b80b.png,UNKNOWN,0.1,OCR_TEXT
C:\Users\jay\Downloads\STFD_ICASSP2023\STFD_ICASSP2023\3_Removal\tamper\982511c414af17d5def82433d520ee23.png,E_COMMERCE,0.35,CV_ECOMMERCE_COLOR+OCR_TEXT
C:\Users\jay\Downloads\STFD_ICASSP2023\STFD_ICASSP2023\3_Removal\tamper\988b9a0f68c71d8cd21a14b15e303b64.png,UNKNOWN,0.1,OCR_TEXT
C:\Users\jay\Downloads\STFD_ICASSP2023\STFD_ICASSP2023\3_Removal\tamper\98971cf5c4d5d80afc218d45eda67ae0.png,UNKNOWN,0.1,OCR_TEXT
C:\Users\jay\Downloads\STFD_ICASSP2023\STFD_ICASSP2023\3_Removal\tamper\98dd0488fb3949d05ba95af54d6f9ab7.png,E_COMMERCE,0.35,CV_ECOMMERCE_COLOR+OCR_TEXT
C:\Users\jay\Downloads\STFD_ICASSP2023\STFD_ICASSP2023\3_Removal\tamper\98ee806671374509d7d92cecb6725bd8.png,DOCUMENT,0.5,CV_MONOCHROME_DOC+OCR_TEXT
C:\Users\jay\Downloads\STFD_ICASSP2023\STFD_ICASSP2023\3_Removal\tamper\991c5e826a1f0db46ed5c5b757764f3e.png,UNKNOWN,0.25,OCR_TEXT
C:\Users\jay\Downloads\STFD_ICASSP2023\STFD_ICASSP2023\3_Removal\tamper\9997013755ed5ea8aee26d8c90442c56.png,UNKNOWN,0.1,OCR_TEXT
C:\Users\jay\Downloads\STFD_ICASSP2023\STFD_ICASSP2023\3_Removal\tamper\99b31d0cacdfa1f1d3bd8e1846a05fc2.png,UNKNOWN,0.1,OCR_TEXT
C:\Users\jay\Downloads\STFD_ICASSP2023\STFD_ICASSP2023\3_Removal\tamper\9a19a1a67f313f0508e3cbb8d3404909.png,UNKNOWN,0.1,OCR_TEXT
C:\Users\jay\Downloads\STFD_ICASSP2023\STFD_ICASSP2023\3_Removal\tamper\9a28c356b963222c6e57dee55c7c8a9a.png,UNKNOWN,0.1,OCR_TEXT
C:\Users\jay\Downloads\STFD_ICASSP2023\STFD_ICASSP2023\3_Removal\tamper\9a4b07d8bc23c371e27fd5b0ef0f7757.png,UNKNOWN,0.1,OCR_TEXT
C:\Users\jay\Downloads\STFD_ICASSP2023\STFD_ICASSP2023\3_Removal\tamper\9b3458097c0c6994650a7d6f8b19b181.png,UNKNOWN,0.1,OCR_TEXT
C:\Users\jay\Downloads\STFD_ICASSP2023\STFD_ICASSP2023\3_Removal\tamper\9ba89b6e865539df75142fdf097ad3c2.png,E_COMMERCE,0.35,CV_ECOMMERCE_COLOR+OCR_TEXT
C:\Users\jay\Downloads\STFD_ICASSP2023\STFD_ICASSP2023\3_Removal\tamper\9bc97fec4c0462bfedc55d70e91d562a.png,UNKNOWN,0.25,CV_SETTINGS_GRID+OCR_TEXT
C:\Users\jay\Downloads\STFD_ICASSP2023\STFD_ICASSP2023\3_Removal\tamper\9bd5e4e5371e9d15b64910ed68bc8000.png,DOCUMENT,0.5,CV_MONOCHROME_DOC+OCR_TEXT
C:\Users\jay\Downloads\STFD_ICASSP2023\STFD_ICASSP2023\3_Removal\tamper\9be132e89877e2eb4f797665b4fbd6b9.png,E_COMMERCE,0.35,CV_ECOMMERCE_COLOR+OCR_TEXT
C:\Users\jay\Downloads\STFD_ICASSP2023\STFD_ICASSP2023\3_Removal\tamper\9c345e25b48c63b75353626d5c6fa52c.png,MAP_TRANSPORT,0.35,OCR_TEXT
C:\Users\jay\Downloads\STFD_ICASSP2023\STFD_ICASSP2023\3_Removal\tamper\9c514ea73e9d03bab4b022d82a6c1e5d.png,WEB_BROWSING,0.95,OCR_TEXT
C:\Users\jay\Downloads\STFD_ICASSP2023\STFD_ICASSP2023\3_Removal\tamper\9c9e1c15ecff1e7721401b55c0b3830e.png,UNKNOWN,0.1,OCR_TEXT
C:\Users\jay\Downloads\STFD_ICASSP2023\STFD_ICASSP2023\3_Removal\tamper\9cc88f611f9d98b40ea9a07af47723f9.png,UNKNOWN,0.1,OCR_TEXT
C:\Users\jay\Downloads\STFD_ICASSP2023\STFD_ICASSP2023\3_Removal\tamper\9dacb72b898e72352a7b296256f42c29.png,UNKNOWN,0.1,OCR_TEXT
C:\Users\jay\Downloads\STFD_ICASSP2023\STFD_ICASSP2023\3_Removal\tamper\9dbbcec3e59c2e1016ae55c97b0147e4.png,DOCUMENT,0.5,CV_MONOCHROME_DOC+OCR_TEXT
C:\Users\jay\Downloads\STFD_ICASSP2023\STFD_ICASSP2023\3_Removal\tamper\9e06839b29313cb21877aa96fd651e72.png,DOCUMENT,0.5,CV_MONOCHROME_DOC+OCR_TEXT
C:\Users\jay\Downloads\STFD_ICASSP2023\STFD_ICASSP2023\3_Removal\tamper\9e3ff16b5d926a35c086e3089bac539d.png,UNKNOWN,0.1,OCR_TEXT
C:\Users\jay\Downloads\STFD_ICASSP2023\STFD_ICASSP2023\3_Removal\tamper\9ea45e4fc647622c3cfc34bc65ae140f.png,UNKNOWN,0.1,OCR_TEXT
C:\Users\jay\Downloads\STFD_ICASSP2023\STFD_ICASSP2023\3_Removal\tamper\9ecbae1fd7a4a38f99b0207e0473ddbe.png,UNKNOWN,0.25,OCR_TEXT
C:\Users\jay\Downloads\STFD_ICASSP2023\STFD_ICASSP2023\3_Removal\tamper\9ef7e94fa3873f433eaaea60abd8b426.png,UNKNOWN,0.25,OCR_TEXT
C:\Users\jay\Downloads\STFD_ICASSP2023\STFD_ICASSP2023\3_Removal\tamper\9f5aa6f6c6302a09be27f67b12f9a6b0.png,DOCUMENT,0.5,CV_MONOCHROME_DOC+OCR_TEXT
C:\Users\jay\Downloads\STFD_ICASSP2023\STFD_ICASSP2023\3_Removal\tamper\9f8e8c7c9112ef0c71e8f9737b99912f.png,UNKNOWN,0.25,OCR_TEXT
C:\Users\jay\Downloads\STFD_ICASSP2023\STFD_ICASSP2023\3_Removal\tamper\9fcc8f0025fbc02b91934c570d028d8c.png,DOCUMENT,0.5,CV_MONOCHROME_DOC+OCR_TEXT
C:\Users\jay\Downloads\STFD_ICASSP2023\STFD_ICASSP2023\3_Removal\tamper\9fec794911d308665413b64c6846f479.png,E_COMMERCE,0.6,CV_ECOMMERCE_COLOR+OCR_TEXT
C:\Users\jay\Downloads\STFD_ICASSP2023\STFD_ICASSP2023\3_Removal\tamper\a0321e828f27b65375b8dfd270d2e6ed.png,E_COMMERCE,0.35,CV_ECOMMERCE_COLOR+OCR_TEXT
C:\Users\jay\Downloads\STFD_ICASSP2023\STFD_ICASSP2023\3_Removal\tamper\a049b1f4a55e266bcbaa56aa4f11e26f.png,UNKNOWN,0.25,OCR_TEXT
C:\Users\jay\Downloads\STFD_ICASSP2023\STFD_ICASSP2023\3_Removal\tamper\a05a3f3d41cccb0c56223b8a3366baf5.png,UNKNOWN,0.1,OCR_TEXT
C:\Users\jay\Downloads\STFD_ICASSP2023\STFD_ICASSP2023\3_Removal\tamper\a077771e71140218f5fe4447345c091b.png,DOCUMENT,0.5,CV_MONOCHROME_DOC+OCR_TEXT
C:\Users\jay\Downloads\STFD_ICASSP2023\STFD_ICASSP2023\3_Removal\tamper\a0d0de960cf8f2d17aa64c62846c03a5.png,UNKNOWN,0.1,OCR_TEXT
C:\Users\jay\Downloads\STFD_ICASSP2023\STFD_ICASSP2023\3_Removal\tamper\a0f058538be149f50279167e7ec0bc50.png,UNKNOWN,0.1,OCR_TEXT
C:\Users\jay\Downloads\STFD_ICASSP2023\STFD_ICASSP2023\3_Removal\tamper\a1e81848f2bf66f18b95f62dba08c7e6.png,UNKNOWN,0.1,OCR_TEXT
C:\Users\jay\Downloads\STFD_ICASSP2023\STFD_ICASSP2023\3_Removal\tamper\a24c4547b6237ddcb3fae6adf9f03480.png,E_COMMERCE,0.35,CV_ECOMMERCE_COLOR+OCR_TEXT
C:\Users\jay\Downloads\STFD_ICASSP2023\STFD_ICASSP2023\3_Removal\tamper\a2f0fed3359bb2ac632f319981f2eb6f.png,UNKNOWN,0.1,OCR_TEXT
C:\Users\jay\Downloads\STFD_ICASSP2023\STFD_ICASSP2023\3_Removal\tamper\a312f27554edbf01baefca0a85f03fa8.png,UNKNOWN,0.1,OCR_TEXT
C:\Users\jay\Downloads\STFD_ICASSP2023\STFD_ICASSP2023\3_Removal\tamper\a34e3f0db44643947ef6513756637434.png,UNKNOWN,0.1,OCR_TEXT
C:\Users\jay\Downloads\STFD_ICASSP2023\STFD_ICASSP2023\3_Removal\tamper\a3508410635c7429aa0a3a33f380f28f.png,UNKNOWN,0.25,CV_SETTINGS_GRID+OCR_TEXT
C:\Users\jay\Downloads\STFD_ICASSP2023\STFD_ICASSP2023\3_Removal\tamper\a35e1033ec43fdd60916445fee63dc6e.png,E_COMMERCE,0.6,CV_ECOMMERCE_COLOR+CV_SETTINGS_GRID+OCR_TEXT
C:\Users\jay\Downloads\STFD_ICASSP2023\STFD_ICASSP2023\3_Removal\tamper\a3639a55e0c5f7d106e55346d4667085.png,UNKNOWN,0.1,OCR_TEXT
C:\Users\jay\Downloads\STFD_ICASSP2023\STFD_ICASSP2023\3_Removal\tamper\a40acab71c7f12c57c8da9cae25f19ee.png,MAP_TRANSPORT,0.35,OCR_TEXT
C:\Users\jay\Downloads\STFD_ICASSP2023\STFD_ICASSP2023\3_Removal\tamper\a4773b63f68c033c1ccf87a0f2b9bb97.png,UNKNOWN,0.1,OCR_TEXT
C:\Users\jay\Downloads\STFD_ICASSP2023\STFD_ICASSP2023\3_Removal\tamper\a4bd3ca498ad15ba6e6bf9c902fa6159.png,UNKNOWN,0.1,OCR_TEXT
C:\Users\jay\Downloads\STFD_ICASSP2023\STFD_ICASSP2023\3_Removal\tamper\a4f52461c72f9910032ddbc513cb8d7e.png,UNKNOWN,0.1,OCR_TEXT
C:\Users\jay\Downloads\STFD_ICASSP2023\STFD_ICASSP2023\3_Removal\tamper\a4fa43d6df1e8ad4da386faf5500afca.png,UNKNOWN,0.1,OCR_TEXT
C:\Users\jay\Downloads\STFD_ICASSP2023\STFD_ICASSP2023\3_Removal\tamper\a5a0529f6adc4b270bd661d1bc1d7e40.png,UNKNOWN,0.1,OCR_TEXT
C:\Users\jay\Downloads\STFD_ICASSP2023\STFD_ICASSP2023\3_Removal\tamper\a5c187e74b001adac5f4868ce5233420.png,UNKNOWN,0.1,OCR_TEXT
C:\Users\jay\Downloads\STFD_ICASSP2023\STFD_ICASSP2023\3_Removal\tamper\a67a985044fa411f87660862a012be0f.png,UNKNOWN,0.25,CV_SETTINGS_GRID+OCR_TEXT
C:\Users\jay\Downloads\STFD_ICASSP2023\STFD_ICASSP2023\3_Removal\tamper\a6c3933b6f9ff3a22ff6f351a296c356.png,UNKNOWN,0.1,OCR_TEXT
C:\Users\jay\Downloads\STFD_ICASSP2023\STFD_ICASSP2023\3_Removal\tamper\a6cb2718e4007381e9a36f93c62ad66f.png,WEB_BROWSING,0.95,OCR_TEXT
C:\Users\jay\Downloads\STFD_ICASSP2023\STFD_ICASSP2023\3_Removal\tamper\a7138c7978d7ff967176bc623dd5901b.png,UNKNOWN,0.1,OCR_TEXT
C:\Users\jay\Downloads\STFD_ICASSP2023\STFD_ICASSP2023\3_Removal\tamper\a7a67ef7a1619318f4a238f16c17a751.png,E_COMMERCE,0.35,CV_ECOMMERCE_COLOR+OCR_TEXT
C:\Users\jay\Downloads\STFD_ICASSP2023\STFD_ICASSP2023\3_Removal\tamper\a7bac656b1038cedd7c89845e83a66ac.png,UNKNOWN,0.1,OCR_TEXT
C:\Users\jay\Downloads\STFD_ICASSP2023\STFD_ICASSP2023\3_Removal\tamper\a7cc0097ae840ff8a6eb848f0f0fdfb4.png,UNKNOWN,0.1,OCR_TEXT
C:\Users\jay\Downloads\STFD_ICASSP2023\STFD_ICASSP2023\3_Removal\tamper\a7f72c358735a88959cbcc93050004c2.png,UNKNOWN,0.1,OCR_TEXT
C:\Users\jay\Downloads\STFD_ICASSP2023\STFD_ICASSP2023\3_Removal\tamper\a849244d1d8f4f58a2b2ed1f144dd323.png,UNKNOWN,0.25,OCR_TEXT
C:\Users\jay\Downloads\STFD_ICASSP2023\STFD_ICASSP2023\3_Removal\tamper\a88d02dc956f190177e038ce90ca27dc.png,E_COMMERCE,0.35,CV_ECOMMERCE_COLOR+CV_SETTINGS_GRID+OCR_TEXT
C:\Users\jay\Downloads\STFD_ICASSP2023\STFD_ICASSP2023\3_Removal\tamper\a89a9230118d2c80c90baa66e955aa54.png,UNKNOWN,0.1,OCR_TEXT
C:\Users\jay\Downloads\STFD_ICASSP2023\STFD_ICASSP2023\3_Removal\tamper\a9c60e30c49a26e3a7311d957ec683bf.png,UNKNOWN,0.25,OCR_TEXT
C:\Users\jay\Downloads\STFD_ICASSP2023\STFD_ICASSP2023\3_Removal\tamper\a9f6d6f6172709e746ad0079a2adda57.png,UNKNOWN,0.25,CV_SETTINGS_GRID+OCR_TEXT
C:\Users\jay\Downloads\STFD_ICASSP2023\STFD_ICASSP2023\3_Removal\tamper\aa0d79ae5a33db566f8b7c2b0c3bc20c.png,UNKNOWN,0.1,OCR_TEXT
C:\Users\jay\Downloads\STFD_ICASSP2023\STFD_ICASSP2023\3_Removal\tamper\aa4d8da466421e3d1c779a15690bd9ff.png,E_COMMERCE,0.35,CV_ECOMMERCE_COLOR+OCR_TEXT
C:\Users\jay\Downloads\STFD_ICASSP2023\STFD_ICASSP2023\3_Removal\tamper\aa9234dc5985062fec4855eeba00a535.png,UNKNOWN,0.1,OCR_TEXT
C:\Users\jay\Downloads\STFD_ICASSP2023\STFD_ICASSP2023\3_Removal\tamper\aa958719342f8b956e88bdc8bc77c7b3.png,UNKNOWN,0.1,OCR_TEXT
C:\Users\jay\Downloads\STFD_ICASSP2023\STFD_ICASSP2023\3_Removal\tamper\ab00934df9e26ad0005e74547cab918c.png,UNKNOWN,0.1,VISUAL_HEURISTIC
C:\Users\jay\Downloads\STFD_ICASSP2023\STFD_ICASSP2023\3_Removal\tamper\ab5a7339808907eef30c9a2c44759c51.png,DOCUMENT,0.5,CV_MONOCHROME_DOC+OCR_TEXT
C:\Users\jay\Downloads\STFD_ICASSP2023\STFD_ICASSP2023\3_Removal\tamper\ab5d1aea6f640f610501c2260d57a764.png,UNKNOWN,0.1,VISUAL_HEURISTIC
C:\Users\jay\Downloads\STFD_ICASSP2023\STFD_ICASSP2023\3_Removal\tamper\ab8c0691ed31a07587c08033070b3d20.png,UNKNOWN,0.3,OCR_TEXT
C:\Users\jay\Downloads\STFD_ICASSP2023\STFD_ICASSP2023\3_Removal\tamper\abfad29227ce379235ddb6cc5a98e265.png,UNKNOWN,0.1,OCR_TEXT
C:\Users\jay\Downloads\STFD_ICASSP2023\STFD_ICASSP2023\3_Removal\tamper\ac0f9a1c5c23ca96f262dca62f6991be.png,E_COMMERCE,0.35,CV_ECOMMERCE_COLOR+OCR_TEXT
C:\Users\jay\Downloads\STFD_ICASSP2023\STFD_ICASSP2023\3_Removal\tamper\ac137af51bd5bfa5e5e38af47d272224.png,DOCUMENT,0.5,CV_MONOCHROME_DOC+OCR_TEXT
C:\Users\jay\Downloads\STFD_ICASSP2023\STFD_ICASSP2023\3_Removal\tamper\acc9a0754b050804e1f031b7d0f99467.png,UNKNOWN,0.1,OCR_TEXT
C:\Users\jay\Downloads\STFD_ICASSP2023\STFD_ICASSP2023\3_Removal\tamper\ace9750bb38cb2f8cebd3bb602d5c15b.png,UNKNOWN,0.1,OCR_TEXT
C:\Users\jay\Downloads\STFD_ICASSP2023\STFD_ICASSP2023\3_Removal\tamper\ad835738113d4e45e067936afea357f3.png,UNKNOWN,0.1,OCR_TEXT
C:\Users\jay\Downloads\STFD_ICASSP2023\STFD_ICASSP2023\3_Removal\tamper\ad8674c0823ec494e94f46800a7a8c84.png,MAP_TRANSPORT,0.35,CV_SETTINGS_GRID+OCR_TEXT
C:\Users\jay\Downloads\STFD_ICASSP2023\STFD_ICASSP2023\3_Removal\tamper\ae1b7a48356eb0e974513c95592704aa.png,UNKNOWN,0.1,OCR_TEXT
C:\Users\jay\Downloads\STFD_ICASSP2023\STFD_ICASSP2023\3_Removal\tamper\ae67fe254dd394a651be8a44faf9bbdf.png,UNKNOWN,0.25,OCR_TEXT
C:\Users\jay\Downloads\STFD_ICASSP2023\STFD_ICASSP2023\3_Removal\tamper\aea90568d3058620e9995bfaa9749387.png,UNKNOWN,0.1,OCR_TEXT
C:\Users\jay\Downloads\STFD_ICASSP2023\STFD_ICASSP2023\3_Removal\tamper\aec65228ed0d4ad705cf989815420578.png,UNKNOWN,0.1,OCR_TEXT
C:\Users\jay\Downloads\STFD_ICASSP2023\STFD_ICASSP2023\3_Removal\tamper\af73a506094375943049c7b1f07591cf.png,UNKNOWN,0.1,OCR_TEXT
C:\Users\jay\Downloads\STFD_ICASSP2023\STFD_ICASSP2023\3_Removal\tamper\af93e4709fe3b23a375f1e91bb0a41ef.png,UNKNOWN,0.1,OCR_TEXT
C:\Users\jay\Downloads\STFD_ICASSP2023\STFD_ICASSP2023\3_Removal\tamper\afe284b173a08a0f976766b0c820450d.png,MAP_TRANSPORT,0.35,OCR_TEXT
C:\Users\jay\Downloads\STFD_ICASSP2023\STFD_ICASSP2023\3_Removal\tamper\aff944694a9c69eb103a87dfc205f198.png,UNKNOWN,0.1,OCR_TEXT
C:\Users\jay\Downloads\STFD_ICASSP2023\STFD_ICASSP2023\3_Removal\tamper\b0260f29920fa264d5a935f18fee30f6.png,UNKNOWN,0.1,OCR_TEXT
C:\Users\jay\Downloads\STFD_ICASSP2023\STFD_ICASSP2023\3_Removal\tamper\b06e1b68b8ef912382265ccc5666c4a5.png,UNKNOWN,0.1,OCR_TEXT
C:\Users\jay\Downloads\STFD_ICASSP2023\STFD_ICASSP2023\3_Removal\tamper\b152a3249949ba1ffe23d293000a406a.png,UNKNOWN,0.25,CV_SETTINGS_GRID+OCR_TEXT
C:\Users\jay\Downloads\STFD_ICASSP2023\STFD_ICASSP2023\3_Removal\tamper\b1adf682f51a474eeadbe2bd62a7cc59.png,UNKNOWN,0.1,OCR_TEXT
C:\Users\jay\Downloads\STFD_ICASSP2023\STFD_ICASSP2023\3_Removal\tamper\b22e8d7d8742fea4c69e39696a82f67e.png,UNKNOWN,0.1,OCR_TEXT
C:\Users\jay\Downloads\STFD_ICASSP2023\STFD_ICASSP2023\3_Removal\tamper\b23f8b0c7562bdfca0abed37c41f59a7.png,UNKNOWN,0.1,OCR_TEXT
C:\Users\jay\Downloads\STFD_ICASSP2023\STFD_ICASSP2023\3_Removal\tamper\b2782986c8bb052093a3dff7e3db1915.png,E_COMMERCE,0.35,CV_ECOMMERCE_COLOR+OCR_TEXT
C:\Users\jay\Downloads\STFD_ICASSP2023\STFD_ICASSP2023\3_Removal\tamper\b27bb5f197c5eea1f3201e8b13735c81.png,UNKNOWN,0.25,OCR_TEXT
C:\Users\jay\Downloads\STFD_ICASSP2023\STFD_ICASSP2023\3_Removal\tamper\b2fcc6e94eb5065ecd21532cf25fa522.png,UNKNOWN,0.1,OCR_TEXT
C:\Users\jay\Downloads\STFD_ICASSP2023\STFD_ICASSP2023\3_Removal\tamper\b3bd65a6c8ec9472ae740d0f186b011a.png,E_COMMERCE,0.35,CV_ECOMMERCE_COLOR+OCR_TEXT
C:\Users\jay\Downloads\STFD_ICASSP2023\STFD_ICASSP2023\3_Removal\tamper\b3cf8eea72a089ce715d4fb62fed62a9.png,DOCUMENT,0.5,CV_MONOCHROME_DOC+OCR_TEXT
C:\Users\jay\Downloads\STFD_ICASSP2023\STFD_ICASSP2023\3_Removal\tamper\b3d1e3f783c654baafc6f76ec5670321.png,E_COMMERCE,0.35,CV_ECOMMERCE_COLOR+OCR_TEXT
C:\Users\jay\Downloads\STFD_ICASSP2023\STFD_ICASSP2023\3_Removal\tamper\b3eabf9ac82d8298d3d0258da5756567.png,UNKNOWN,0.1,OCR_TEXT
C:\Users\jay\Downloads\STFD_ICASSP2023\STFD_ICASSP2023\3_Removal\tamper\b3fba23a44408f500ae76ddf0dc72421.png,UNKNOWN,0.25,CV_SETTINGS_GRID+OCR_TEXT
C:\Users\jay\Downloads\STFD_ICASSP2023\STFD_ICASSP2023\3_Removal\tamper\b4f5e051b56730ab0778811d4d57ecc8.png,UNKNOWN,0.1,OCR_TEXT
C:\Users\jay\Downloads\STFD_ICASSP2023\STFD_ICASSP2023\3_Removal\tamper\b50c1027d11c15b5df0f05052c1a9418.png,UNKNOWN,0.1,OCR_TEXT
C:\Users\jay\Downloads\STFD_ICASSP2023\STFD_ICASSP2023\3_Removal\tamper\b552fc23767cf4f7e8c3e8a8b91f9ff6.png,UNKNOWN,0.1,OCR_TEXT
C:\Users\jay\Downloads\STFD_ICASSP2023\STFD_ICASSP2023\3_Removal\tamper\b5e361c5f2c308a507d137eb1bff744a.png,UNKNOWN,0.25,CV_SETTINGS_GRID+OCR_TEXT
C:\Users\jay\Downloads\STFD_ICASSP2023\STFD_ICASSP2023\3_Removal\tamper\b61930c1af2d0cc0220b0c932e9482b1.png,DOCUMENT,0.5,CV_MONOCHROME_DOC+OCR_TEXT
C:\Users\jay\Downloads\STFD_ICASSP2023\STFD_ICASSP2023\3_Removal\tamper\b61ce07561b99bed2e3e31b6aae484d0.png,DOCUMENT,0.5,CV_MONOCHROME_DOC+OCR_TEXT
C:\Users\jay\Downloads\STFD_ICASSP2023\STFD_ICASSP2023\3_Removal\tamper\b62c7d5352e00748ab52fa9eb8f601a6.png,UNKNOWN,0.25,OCR_TEXT
C:\Users\jay\Downloads\STFD_ICASSP2023\STFD_ICASSP2023\3_Removal\tamper\b694aba7583cf95cf0f7dacac4f384f6.png,DOCUMENT,0.5,CV_MONOCHROME_DOC+OCR_TEXT
C:\Users\jay\Downloads\STFD_ICASSP2023\STFD_ICASSP2023\3_Removal\tamper\b69675313ef7e32589953f78e853b958.png,E_COMMERCE,0.35,CV_ECOMMERCE_COLOR+OCR_TEXT
C:\Users\jay\Downloads\STFD_ICASSP2023\STFD_ICASSP2023\3_Removal\tamper\b73787bd89caa71297655cc752d312ce.png,UNKNOWN,0.1,OCR_TEXT
C:\Users\jay\Downloads\STFD_ICASSP2023\STFD_ICASSP2023\3_Removal\tamper\b79f4a5669d5d23996f54f267175e233.png,UNKNOWN,0.1,OCR_TEXT
C:\Users\jay\Downloads\STFD_ICASSP2023\STFD_ICASSP2023\3_Removal\tamper\b7e6c8391b599c3652e91256c3a3ca45.png,UNKNOWN,0.1,OCR_TEXT
C:\Users\jay\Downloads\STFD_ICASSP2023\STFD_ICASSP2023\3_Removal\tamper\b7fa37d5c36d97bf276151559d2fc9e5.png,E_COMMERCE,0.35,CV_ECOMMERCE_COLOR+OCR_TEXT
C:\Users\jay\Downloads\STFD_ICASSP2023\STFD_ICASSP2023\3_Removal\tamper\b7fa580adfd590119706a5a94eeb2101.png,UNKNOWN,0.1,OCR_TEXT
C:\Users\jay\Downloads\STFD_ICASSP2023\STFD_ICASSP2023\3_Removal\tamper\b810ccd56947f39961a054159183dbb0.png,UNKNOWN,0.1,OCR_TEXT
C:\Users\jay\Downloads\STFD_ICASSP2023\STFD_ICASSP2023\3_Removal\tamper\b8253b277a2a91d8cc7c7fc414eaaa14.png,UNKNOWN,0.1,OCR_TEXT
C:\Users\jay\Downloads\STFD_ICASSP2023\STFD_ICASSP2023\3_Removal\tamper\b82878af2fc3b44252b1e01d4e06594b.png,UNKNOWN,0.1,OCR_TEXT
C:\Users\jay\Downloads\STFD_ICASSP2023\STFD_ICASSP2023\3_Removal\tamper\b86110a438012b8dda5c2cee997fc393.png,UNKNOWN,0.25,CV_SETTINGS_GRID+OCR_TEXT
C:\Users\jay\Downloads\STFD_ICASSP2023\STFD_ICASSP2023\3_Removal\tamper\b8919c8afc574d7c58135a829bc8921e.png,E_COMMERCE,0.35,CV_ECOMMERCE_COLOR+CV_SETTINGS_GRID+OCR_TEXT
C:\Users\jay\Downloads\STFD_ICASSP2023\STFD_ICASSP2023\3_Removal\tamper\b8a2fb0b43a995c1fd07015e058387d2.png,MAP_TRANSPORT,0.35,OCR_TEXT
C:\Users\jay\Downloads\STFD_ICASSP2023\STFD_ICASSP2023\3_Removal\tamper\b8bf42a430850b51cda34a257dfcbb94.png,UNKNOWN,0.1,OCR_TEXT
C:\Users\jay\Downloads\STFD_ICASSP2023\STFD_ICASSP2023\3_Removal\tamper\b988fa241257186ddbbee5f77fc9dabb.png,UNKNOWN,0.1,OCR_TEXT
C:\Users\jay\Downloads\STFD_ICASSP2023\STFD_ICASSP2023\3_Removal\tamper\b99a4cb078b82afa4438beca30e6127a.png,UNKNOWN,0.25,OCR_TEXT
C:\Users\jay\Downloads\STFD_ICASSP2023\STFD_ICASSP2023\3_Removal\tamper\b9b1cfae431fc16b8586b7074966f7d6.png,E_COMMERCE,0.35,CV_ECOMMERCE_COLOR+OCR_TEXT
C:\Users\jay\Downloads\STFD_ICASSP2023\STFD_ICASSP2023\3_Removal\tamper\b9fa8ad95d1346f06b377daaece6ab9d.png,E_COMMERCE,0.35,CV_ECOMMERCE_COLOR+OCR_TEXT
C:\Users\jay\Downloads\STFD_ICASSP2023\STFD_ICASSP2023\3_Removal\tamper\ba05cfcf517f539c08bb52877afe1d17.png,UNKNOWN,0.1,OCR_TEXT
C:\Users\jay\Downloads\STFD_ICASSP2023\STFD_ICASSP2023\3_Removal\tamper\ba6ab6898e7da0fa64900e5a587ef4d8.png,UNKNOWN,0.1,OCR_TEXT
C:\Users\jay\Downloads\STFD_ICASSP2023\STFD_ICASSP2023\3_Removal\tamper\ba8bdad055db612f6f68a3b18e909324.png,UNKNOWN,0.1,OCR_TEXT
C:\Users\jay\Downloads\STFD_ICASSP2023\STFD_ICASSP2023\3_Removal\tamper\baa24ed3f8c99ee2004c4d3d5b9a2b33.png,UNKNOWN,0.1,OCR_TEXT
C:\Users\jay\Downloads\STFD_ICASSP2023\STFD_ICASSP2023\3_Removal\tamper\bab093706810aa02878ca68c49cfaca1.png,UNKNOWN,0.1,OCR_TEXT
C:\Users\jay\Downloads\STFD_ICASSP2023\STFD_ICASSP2023\3_Removal\tamper\bae270f75ac82b4c7ca231c81130c612.png,UNKNOWN,0.1,OCR_TEXT
C:\Users\jay\Downloads\STFD_ICASSP2023\STFD_ICASSP2023\3_Removal\tamper\bae649120e6fc3a9fcad4a8edaa0d468.png,UNKNOWN,0.1,OCR_TEXT
C:\Users\jay\Downloads\STFD_ICASSP2023\STFD_ICASSP2023\3_Removal\tamper\bb11ef8bce6960befde8695025b9ac4b.png,UNKNOWN,0.1,OCR_TEXT
C:\Users\jay\Downloads\STFD_ICASSP2023\STFD_ICASSP2023\3_Removal\tamper\bb5bf6f78d0a0edbae32e8c036635f0c.png,E_COMMERCE,0.35,CV_ECOMMERCE_COLOR
C:\Users\jay\Downloads\STFD_ICASSP2023\STFD_ICASSP2023\3_Removal\tamper\bb5cb7f171a63582613f3643787da2a0.png,E_COMMERCE,0.35,CV_ECOMMERCE_COLOR+OCR_TEXT
C:\Users\jay\Downloads\STFD_ICASSP2023\STFD_ICASSP2023\3_Removal\tamper\bc17fb2e13a43c5d6ec08819b8b5cdf6.png,MAP_TRANSPORT,0.35,OCR_TEXT
C:\Users\jay\Downloads\STFD_ICASSP2023\STFD_ICASSP2023\3_Removal\tamper\bc280a10239cc37e0127a9447b8fa63a.png,E_COMMERCE,0.35,CV_ECOMMERCE_COLOR+OCR_TEXT
C:\Users\jay\Downloads\STFD_ICASSP2023\STFD_ICASSP2023\3_Removal\tamper\bc3b998dd3bbdf88c517bb18ba502dca.png,UNKNOWN,0.25,OCR_TEXT
C:\Users\jay\Downloads\STFD_ICASSP2023\STFD_ICASSP2023\3_Removal\tamper\bc74a231d0aea38b46fb7b357df0caf8.png,UNKNOWN,0.1,OCR_TEXT
C:\Users\jay\Downloads\STFD_ICASSP2023\STFD_ICASSP2023\3_Removal\tamper\bc77377ef32628e55de94b1a3d5cebf3.png,UNKNOWN,0.1,OCR_TEXT
C:\Users\jay\Downloads\STFD_ICASSP2023\STFD_ICASSP2023\3_Removal\tamper\bcd04fbc63bf38f5b51ec3191f425e64.png,UNKNOWN,0.25,OCR_TEXT
C:\Users\jay\Downloads\STFD_ICASSP2023\STFD_ICASSP2023\3_Removal\tamper\bcdbf328672fbad6bc88cf83a4f0440b.png,DOCUMENT,0.5,CV_MONOCHROME_DOC+OCR_TEXT
C:\Users\jay\Downloads\STFD_ICASSP2023\STFD_ICASSP2023\3_Removal\tamper\bd0087cba1222d4d536bfc5a5e780f9d.png,UNKNOWN,0.25,OCR_TEXT
C:\Users\jay\Downloads\STFD_ICASSP2023\STFD_ICASSP2023\3_Removal\tamper\bd11efc2caecc762fbe5bf4e5a759de7.png,UNKNOWN,0.1,OCR_TEXT
C:\Users\jay\Downloads\STFD_ICASSP2023\STFD_ICASSP2023\3_Removal\tamper\bd7c8e3ce7d4e68ea8eca98c6396451f.png,E_COMMERCE,0.35,CV_ECOMMERCE_COLOR+OCR_TEXT
C:\Users\jay\Downloads\STFD_ICASSP2023\STFD_ICASSP2023\3_Removal\tamper\bd84cf600931889cf97ddac12987714f.png,UNKNOWN,0.1,OCR_TEXT
C:\Users\jay\Downloads\STFD_ICASSP2023\STFD_ICASSP2023\3_Removal\tamper\bd9cf82069b04e647f2548bbf30c0086.png,UNKNOWN,0.1,OCR_TEXT
C:\Users\jay\Downloads\STFD_ICASSP2023\STFD_ICASSP2023\3_Removal\tamper\bda979a0b3f560a9633a95134aa9bc83.png,UNKNOWN,0.1,OCR_TEXT
C:\Users\jay\Downloads\STFD_ICASSP2023\STFD_ICASSP2023\3_Removal\tamper\bdb671a563cc32429c3ea3fb6b21d667.png,UNKNOWN,0.1,OCR_TEXT
C:\Users\jay\Downloads\STFD_ICASSP2023\STFD_ICASSP2023\3_Removal\tamper\bdce55d2e5eb5d623a1478e6a5de9d2e.png,UNKNOWN,0.1,OCR_TEXT
C:\Users\jay\Downloads\STFD_ICASSP2023\STFD_ICASSP2023\3_Removal\tamper\bdd33b2b56eb01db9230cd54e3049fec.png,UNKNOWN,0.1,OCR_TEXT
C:\Users\jay\Downloads\STFD_ICASSP2023\STFD_ICASSP2023\3_Removal\tamper\bddd24965688dd4ff36261a70fc553b2.png,UNKNOWN,0.1,OCR_TEXT
C:\Users\jay\Downloads\STFD_ICASSP2023\STFD_ICASSP2023\3_Removal\tamper\be2ea7d0e92a7a54eaf1904393cebf37.png,DOCUMENT,0.5,CV_MONOCHROME_DOC+OCR_TEXT
C:\Users\jay\Downloads\STFD_ICASSP2023\STFD_ICASSP2023\3_Removal\tamper\be53607c1df0967e16d8fed5bd26dd85.png,MAP_TRANSPORT,0.35,OCR_TEXT
C:\Users\jay\Downloads\STFD_ICASSP2023\STFD_ICASSP2023\3_Removal\tamper\be8d1448368f76aee2142bf489699ee0.png,UNKNOWN,0.25,OCR_TEXT
C:\Users\jay\Downloads\STFD_ICASSP2023\STFD_ICASSP2023\3_Removal\tamper\be95073f856d4d62d4864d00c738a1cd.png,E_COMMERCE,0.35,CV_ECOMMERCE_COLOR+OCR_TEXT
C:\Users\jay\Downloads\STFD_ICASSP2023\STFD_ICASSP2023\3_Removal\tamper\beec2ac9ccb2b81bde9e6cfac6b35acd.png,UNKNOWN,0.1,OCR_TEXT
C:\Users\jay\Downloads\STFD_ICASSP2023\STFD_ICASSP2023\3_Removal\tamper\bf4a02561cb32aef0434364c262fd983.png,UNKNOWN,0.1,OCR_TEXT
C:\Users\jay\Downloads\STFD_ICASSP2023\STFD_ICASSP2023\3_Removal\tamper\bfb46da993e42c16449b56819dd9503d.png,UNKNOWN,0.1,OCR_TEXT
C:\Users\jay\Downloads\STFD_ICASSP2023\STFD_ICASSP2023\3_Removal\tamper\bff2c229ef69739dfd7b184f819a36fc.png,UNKNOWN,0.1,OCR_TEXT
C:\Users\jay\Downloads\STFD_ICASSP2023\STFD_ICASSP2023\3_Removal\tamper\c01bc6a64f46f578adde75925cf75245.png,UNKNOWN,0.1,OCR_TEXT
C:\Users\jay\Downloads\STFD_ICASSP2023\STFD_ICASSP2023\3_Removal\tamper\c03b45e60a671584f59b899326929d1d.png,UNKNOWN,0.25,CV_SETTINGS_GRID+OCR_TEXT
C:\Users\jay\Downloads\STFD_ICASSP2023\STFD_ICASSP2023\3_Removal\tamper\c03db1bf94f5909ba76e3f9ab2cca2fc.png,UNKNOWN,0.3,OCR_TEXT
C:\Users\jay\Downloads\STFD_ICASSP2023\STFD_ICASSP2023\3_Removal\tamper\c060829dca3baf7cda811bf6d7f9c138.png,UNKNOWN,0.1,OCR_TEXT
C:\Users\jay\Downloads\STFD_ICASSP2023\STFD_ICASSP2023\3_Removal\tamper\c0d8681804f5cd8e574aaa2c54bd0f0a.png,UNKNOWN,0.25,OCR_TEXT
C:\Users\jay\Downloads\STFD_ICASSP2023\STFD_ICASSP2023\3_Removal\tamper\c0df3c56394fb8e141ef2f495cc493c5.png,MAP_TRANSPORT,0.35,OCR_TEXT
C:\Users\jay\Downloads\STFD_ICASSP2023\STFD_ICASSP2023\3_Removal\tamper\c11f159719e004ddffaaf9a584254bf0.png,E_COMMERCE,0.35,CV_ECOMMERCE_COLOR+OCR_TEXT
C:\Users\jay\Downloads\STFD_ICASSP2023\STFD_ICASSP2023\3_Removal\tamper\c140c3b2fb1f47b03afb12775fcb5432.png,UNKNOWN,0.1,OCR_TEXT
C:\Users\jay\Downloads\STFD_ICASSP2023\STFD_ICASSP2023\3_Removal\tamper\c14dffcb0634672263158148df392356.png,E_COMMERCE,0.35,CV_ECOMMERCE_COLOR+OCR_TEXT
C:\Users\jay\Downloads\STFD_ICASSP2023\STFD_ICASSP2023\3_Removal\tamper\c18a5c3ac5d9ee145db0504fbf528613.png,UNKNOWN,0.1,OCR_TEXT
C:\Users\jay\Downloads\STFD_ICASSP2023\STFD_ICASSP2023\3_Removal\tamper\c1de4deeed97b8adbd2076a6dd7f8982.png,UNKNOWN,0.25,OCR_TEXT
C:\Users\jay\Downloads\STFD_ICASSP2023\STFD_ICASSP2023\3_Removal\tamper\c2ac2edb3f8b0dac453d85a96c0dcb56.png,E_COMMERCE,0.35,CV_ECOMMERCE_COLOR+OCR_TEXT
C:\Users\jay\Downloads\STFD_ICASSP2023\STFD_ICASSP2023\3_Removal\tamper\c2e5e9bbf32326dd439cf60957e058bf.png,UNKNOWN,0.25,CV_SETTINGS_GRID+OCR_TEXT
C:\Users\jay\Downloads\STFD_ICASSP2023\STFD_ICASSP2023\3_Removal\tamper\c33e66a32e165ed406ebc01d5123ccdf.png,UNKNOWN,0.25,CV_SETTINGS_GRID+OCR_TEXT
C:\Users\jay\Downloads\STFD_ICASSP2023\STFD_ICASSP2023\3_Removal\tamper\c38dbee4c41e3d8d0389e76a05796058.png,UNKNOWN,0.25,CV_SETTINGS_GRID+OCR_TEXT
C:\Users\jay\Downloads\STFD_ICASSP2023\STFD_ICASSP2023\3_Removal\tamper\c3f37d230f0f6000bbe6fd4fbb9806e2.png,UNKNOWN,0.25,CV_SETTINGS_GRID+OCR_TEXT
C:\Users\jay\Downloads\STFD_ICASSP2023\STFD_ICASSP2023\3_Removal\tamper\c42845ef3365a7a2bf6dd90ae718b50a.png,DOCUMENT,0.5,CV_MONOCHROME_DOC+OCR_TEXT
C:\Users\jay\Downloads\STFD_ICASSP2023\STFD_ICASSP2023\3_Removal\tamper\c4465c459199b8c68fbb5c24a5f55830.png,DOCUMENT,0.5,CV_MONOCHROME_DOC+OCR_TEXT
C:\Users\jay\Downloads\STFD_ICASSP2023\STFD_ICASSP2023\3_Removal\tamper\c47a13310f749c4d496b040965cacd63.png,E_COMMERCE,0.35,CV_ECOMMERCE_COLOR+OCR_TEXT
C:\Users\jay\Downloads\STFD_ICASSP2023\STFD_ICASSP2023\3_Removal\tamper\c4be801eabe4aea96d66bbcbab9cccdb.png,DOCUMENT,0.8,CV_MONOCHROME_DOC+OCR_TEXT
C:\Users\jay\Downloads\STFD_ICASSP2023\STFD_ICASSP2023\3_Removal\tamper\c4c74c418146819c78e201b66f34f536.png,MAP_TRANSPORT,0.35,OCR_TEXT
C:\Users\jay\Downloads\STFD_ICASSP2023\STFD_ICASSP2023\3_Removal\tamper\c50e1b2f5d56c9336a934afd402c2d0f.png,UNKNOWN,0.1,OCR_TEXT
C:\Users\jay\Downloads\STFD_ICASSP2023\STFD_ICASSP2023\3_Removal\tamper\c58f0558711e0d9c627d8dbdbeb20efe.png,DOCUMENT,0.5,CV_MONOCHROME_DOC+OCR_TEXT
C:\Users\jay\Downloads\STFD_ICASSP2023\STFD_ICASSP2023\3_Removal\tamper\c5ce33142cd5cadba8ef2d14aa4235a4.png,UNKNOWN,0.1,OCR_TEXT
C:\Users\jay\Downloads\STFD_ICASSP2023\STFD_ICASSP2023\3_Removal\tamper\c628a844642fc545a0e7bf4f41ad6289.png,UNKNOWN,0.1,VISUAL_HEURISTIC
C:\Users\jay\Downloads\STFD_ICASSP2023\STFD_ICASSP2023\3_Removal\tamper\c62d8751ecddd28063c5fc1973712d36.png,UNKNOWN,0.1,OCR_TEXT
C:\Users\jay\Downloads\STFD_ICASSP2023\STFD_ICASSP2023\3_Removal\tamper\c64fd2a674c71abc608f2744166e72c8.png,E_COMMERCE,0.35,CV_ECOMMERCE_COLOR+OCR_TEXT
C:\Users\jay\Downloads\STFD_ICASSP2023\STFD_ICASSP2023\3_Removal\tamper\c6548b6ba860d01bd3a64292b651a017.png,UNKNOWN,0.1,OCR_TEXT
C:\Users\jay\Downloads\STFD_ICASSP2023\STFD_ICASSP2023\3_Removal\tamper\c6729c5db7e872245e96edef316570c1.png,UNKNOWN,0.25,OCR_TEXT
C:\Users\jay\Downloads\STFD_ICASSP2023\STFD_ICASSP2023\3_Removal\tamper\c69acddbeeea560d6977e6d8f5309e18.png,UNKNOWN,0.25,OCR_TEXT
C:\Users\jay\Downloads\STFD_ICASSP2023\STFD_ICASSP2023\3_Removal\tamper\c6cb191597d4246be34b31549db8cb57.png,UNKNOWN,0.25,OCR_TEXT
C:\Users\jay\Downloads\STFD_ICASSP2023\STFD_ICASSP2023\3_Removal\tamper\c75beec53bb833e3acc7cbad120e0623.png,MAP_TRANSPORT,0.35,OCR_TEXT
C:\Users\jay\Downloads\STFD_ICASSP2023\STFD_ICASSP2023\3_Removal\tamper\c76b73d9d36c81d875e11a46a6de41d2.png,UNKNOWN,0.1,OCR_TEXT
C:\Users\jay\Downloads\STFD_ICASSP2023\STFD_ICASSP2023\3_Removal\tamper\c879987e94c42c0820f13734d497e47b.png,E_COMMERCE,0.35,CV_ECOMMERCE_COLOR+OCR_TEXT
C:\Users\jay\Downloads\STFD_ICASSP2023\STFD_ICASSP2023\3_Removal\tamper\c88a49a7ad6f4c8a5a7aee3996221e6c.png,MAP_TRANSPORT,0.35,OCR_TEXT
C:\Users\jay\Downloads\STFD_ICASSP2023\STFD_ICASSP2023\3_Removal\tamper\c8abe2036f58a7bb3232c3131c7e0e8d.png,UNKNOWN,0.1,OCR_TEXT
C:\Users\jay\Downloads\STFD_ICASSP2023\STFD_ICASSP2023\3_Removal\tamper\c8fac922fa22e72951a243aa4e597852.png,UNKNOWN,0.1,OCR_TEXT
C:\Users\jay\Downloads\STFD_ICASSP2023\STFD_ICASSP2023\3_Removal\tamper\c91c46f4e188a0acffbff44f5f396dcb.png,UNKNOWN,0.25,OCR_TEXT
C:\Users\jay\Downloads\STFD_ICASSP2023\STFD_ICASSP2023\3_Removal\tamper\c92bb3df943152897448cf6b827142b3.png,UNKNOWN,0.25,OCR_TEXT
C:\Users\jay\Downloads\STFD_ICASSP2023\STFD_ICASSP2023\3_Removal\tamper\c9820c2c2d3a5fd1ccb633e56c00a88b.png,UNKNOWN,0.1,OCR_TEXT
C:\Users\jay\Downloads\STFD_ICASSP2023\STFD_ICASSP2023\3_Removal\tamper\c98f501bd52df652b62744d31a9111ec.png,DOCUMENT,0.5,CV_MONOCHROME_DOC+OCR_TEXT
C:\Users\jay\Downloads\STFD_ICASSP2023\STFD_ICASSP2023\3_Removal\tamper\c9b2ab4da274681ad49404b2c2b594ab.png,UNKNOWN,0.1,OCR_TEXT
C:\Users\jay\Downloads\STFD_ICASSP2023\STFD_ICASSP2023\3_Removal\tamper\ca218a8de3297118a764f94528a597e5.png,E_COMMERCE,0.35,CV_ECOMMERCE_COLOR+OCR_TEXT
C:\Users\jay\Downloads\STFD_ICASSP2023\STFD_ICASSP2023\3_Removal\tamper\ca5adbbee213114268e93b8a83055219.png,UNKNOWN,0.1,OCR_TEXT
C:\Users\jay\Downloads\STFD_ICASSP2023\STFD_ICASSP2023\3_Removal\tamper\ca6cd6ab696e1d4578ed517fb9d90bd2.png,E_COMMERCE,0.35,CV_ECOMMERCE_COLOR+OCR_TEXT
C:\Users\jay\Downloads\STFD_ICASSP2023\STFD_ICASSP2023\3_Removal\tamper\ca70f91458299e1b8ea75fe7facba756.png,UNKNOWN,0.1,OCR_TEXT
C:\Users\jay\Downloads\STFD_ICASSP2023\STFD_ICASSP2023\3_Removal\tamper\cae273238b7313fdb5254acfeb7ce655.png,DOCUMENT,0.5,CV_MONOCHROME_DOC+OCR_TEXT
C:\Users\jay\Downloads\STFD_ICASSP2023\STFD_ICASSP2023\3_Removal\tamper\cb509a3052c3d67ba058ba3dba3fd538.png,UNKNOWN,0.1,OCR_TEXT
C:\Users\jay\Downloads\STFD_ICASSP2023\STFD_ICASSP2023\3_Removal\tamper\cb841072ce929763ca28ce172f8a5c63.png,UNKNOWN,0.1,OCR_TEXT
C:\Users\jay\Downloads\STFD_ICASSP2023\STFD_ICASSP2023\3_Removal\tamper\cbb3daa03d0140aa38804889fe8136cb.png,UNKNOWN,0.25,OCR_TEXT
C:\Users\jay\Downloads\STFD_ICASSP2023\STFD_ICASSP2023\3_Removal\tamper\cc03072972dfb5b77d386e8896fb41fa.png,E_COMMERCE,0.35,CV_ECOMMERCE_COLOR+OCR_TEXT
C:\Users\jay\Downloads\STFD_ICASSP2023\STFD_ICASSP2023\3_Removal\tamper\cce7aa5852502484490b76798b0f72f8.png,UNKNOWN,0.25,OCR_TEXT
C:\Users\jay\Downloads\STFD_ICASSP2023\STFD_ICASSP2023\3_Removal\tamper\cd0cbccffeb624990b5e1a6fd8c81318.png,UNKNOWN,0.1,OCR_TEXT
C:\Users\jay\Downloads\STFD_ICASSP2023\STFD_ICASSP2023\3_Removal\tamper\cdc31e83c9b7e14d0cda3cc7a46a1e85.png,UNKNOWN,0.25,CV_SETTINGS_GRID+OCR_TEXT
C:\Users\jay\Downloads\STFD_ICASSP2023\STFD_ICASSP2023\3_Removal\tamper\cddc19ed999bf95610f2e19123f484e2.png,UNKNOWN,0.1,OCR_TEXT
C:\Users\jay\Downloads\STFD_ICASSP2023\STFD_ICASSP2023\3_Removal\tamper\cde1c6a9554bfe93cdd1b0e8dd4f5aa6.png,UNKNOWN,0.1,OCR_TEXT
C:\Users\jay\Downloads\STFD_ICASSP2023\STFD_ICASSP2023\3_Removal\tamper\ce113326c9605d76a5e3dd34e8b55204.png,E_COMMERCE,0.35,CV_ECOMMERCE_COLOR+CV_SETTINGS_GRID+OCR_TEXT
C:\Users\jay\Downloads\STFD_ICASSP2023\STFD_ICASSP2023\3_Removal\tamper\ce2e7e710ec9f2f91dafdbb556a73b60.png,UNKNOWN,0.1,OCR_TEXT
C:\Users\jay\Downloads\STFD_ICASSP2023\STFD_ICASSP2023\3_Removal\tamper\cec13672f514d3f624780cff351fa93e.png,UNKNOWN,0.1,OCR_TEXT
C:\Users\jay\Downloads\STFD_ICASSP2023\STFD_ICASSP2023\3_Removal\tamper\cefb7eb66f652f081c9c4d054d8ae193.png,DOCUMENT,0.5,CV_MONOCHROME_DOC+OCR_TEXT
C:\Users\jay\Downloads\STFD_ICASSP2023\STFD_ICASSP2023\3_Removal\tamper\cf09984a6e03a3a7ffb424520210464d.png,UNKNOWN,0.1,OCR_TEXT
C:\Users\jay\Downloads\STFD_ICASSP2023\STFD_ICASSP2023\3_Removal\tamper\cf736a934fcc44423d4da8302920cdff.png,DOCUMENT,0.5,CV_MONOCHROME_DOC+OCR_TEXT
C:\Users\jay\Downloads\STFD_ICASSP2023\STFD_ICASSP2023\3_Removal\tamper\cf9b3c501f8f2870aabf51d487503a15.png,UNKNOWN,0.1,OCR_TEXT
C:\Users\jay\Downloads\STFD_ICASSP2023\STFD_ICASSP2023\3_Removal\tamper\cfc2ba4c49f8a74bf005c79ddde8122c.png,UNKNOWN,0.1,OCR_TEXT
C:\Users\jay\Downloads\STFD_ICASSP2023\STFD_ICASSP2023\3_Removal\tamper\cfe0209fca85d4eecc1c3720c6387526.png,UNKNOWN,0.1,OCR_TEXT
C:\Users\jay\Downloads\STFD_ICASSP2023\STFD_ICASSP2023\3_Removal\tamper\cff368c52efdb6a35f46331a6a9090f5.png,MAP_TRANSPORT,0.35,CV_SETTINGS_GRID+OCR_TEXT
C:\Users\jay\Downloads\STFD_ICASSP2023\STFD_ICASSP2023\3_Removal\tamper\d0a33c59a243c70441c10bf34e474d21.png,DOCUMENT,0.8,CV_MONOCHROME_DOC+OCR_TEXT
C:\Users\jay\Downloads\STFD_ICASSP2023\STFD_ICASSP2023\3_Removal\tamper\d0b66e06d8930738e62452a29e0060a4.png,UNKNOWN,0.25,OCR_TEXT
C:\Users\jay\Downloads\STFD_ICASSP2023\STFD_ICASSP2023\3_Removal\tamper\d0d123ccf91f2f06c35d8d3a9d87a0dc.png,UNKNOWN,0.1,OCR_TEXT
C:\Users\jay\Downloads\STFD_ICASSP2023\STFD_ICASSP2023\3_Removal\tamper\d14c0804fbe66dd06709434dc8515edc.png,UNKNOWN,0.1,OCR_TEXT
C:\Users\jay\Downloads\STFD_ICASSP2023\STFD_ICASSP2023\3_Removal\tamper\d17a3d067a44ae9e2b54a406ef1ffb20.png,E_COMMERCE,0.35,CV_ECOMMERCE_COLOR
C:\Users\jay\Downloads\STFD_ICASSP2023\STFD_ICASSP2023\3_Removal\tamper\d18d5841c1eb1e1a57a3eb78c28de5fc.png,UNKNOWN,0.1,OCR_TEXT
C:\Users\jay\Downloads\STFD_ICASSP2023\STFD_ICASSP2023\3_Removal\tamper\d1954b9704c31c5653a7b8c1faf20d15.png,E_COMMERCE,0.35,CV_ECOMMERCE_COLOR+OCR_TEXT
C:\Users\jay\Downloads\STFD_ICASSP2023\STFD_ICASSP2023\3_Removal\tamper\d1b2a6ac1907e9bfe76397e8cedfe566.png,E_COMMERCE,0.35,CV_ECOMMERCE_COLOR+OCR_TEXT
C:\Users\jay\Downloads\STFD_ICASSP2023\STFD_ICASSP2023\3_Removal\tamper\d1b931fccd66150a5ce75cd3d4b2e8e4.png,E_COMMERCE,0.35,CV_ECOMMERCE_COLOR+OCR_TEXT
C:\Users\jay\Downloads\STFD_ICASSP2023\STFD_ICASSP2023\3_Removal\tamper\d22530e396fa1b0242fa98f7548659db.png,UNKNOWN,0.1,OCR_TEXT
C:\Users\jay\Downloads\STFD_ICASSP2023\STFD_ICASSP2023\3_Removal\tamper\d27affc57c59f9604e8b1c6a33b35d75.png,UNKNOWN,0.1,OCR_TEXT
C:\Users\jay\Downloads\STFD_ICASSP2023\STFD_ICASSP2023\3_Removal\tamper\d310561f87b05fdce70f670160655e43.png,UNKNOWN,0.1,OCR_TEXT
C:\Users\jay\Downloads\STFD_ICASSP2023\STFD_ICASSP2023\3_Removal\tamper\d345f43f630f7a7583e8d5c8548f8883.png,DOCUMENT,0.5,CV_MONOCHROME_DOC+OCR_TEXT
C:\Users\jay\Downloads\STFD_ICASSP2023\STFD_ICASSP2023\3_Removal\tamper\d35e5bf2bc6aa8defaaa86bc1fff8096.png,UNKNOWN,0.25,OCR_TEXT
C:\Users\jay\Downloads\STFD_ICASSP2023\STFD_ICASSP2023\3_Removal\tamper\d391d5ff2c3d9f1a9011493705e84eec.png,UNKNOWN,0.1,OCR_TEXT
C:\Users\jay\Downloads\STFD_ICASSP2023\STFD_ICASSP2023\3_Removal\tamper\d39368fda2fbd08752fbae22898ae718.png,UNKNOWN,0.1,OCR_TEXT
C:\Users\jay\Downloads\STFD_ICASSP2023\STFD_ICASSP2023\3_Removal\tamper\d42428e2ee7d5669156b0ff6b4bf2a38.png,DOCUMENT,0.5,CV_MONOCHROME_DOC+OCR_TEXT
C:\Users\jay\Downloads\STFD_ICASSP2023\STFD_ICASSP2023\3_Removal\tamper\d56cd4c807b6df561f01b53d07772617.png,UNKNOWN,0.1,OCR_TEXT
C:\Users\jay\Downloads\STFD_ICASSP2023\STFD_ICASSP2023\3_Removal\tamper\d5901500d631715f222df6f9b5de9325.png,UNKNOWN,0.1,OCR_TEXT
C:\Users\jay\Downloads\STFD_ICASSP2023\STFD_ICASSP2023\3_Removal\tamper\d5d7ca23434dcdfc58b4587e120b36b2.png,UNKNOWN,0.1,OCR_TEXT
C:\Users\jay\Downloads\STFD_ICASSP2023\STFD_ICASSP2023\3_Removal\tamper\d5e1bc0074f794f081ad1cd32fb00e42.png,UNKNOWN,0.1,OCR_TEXT
C:\Users\jay\Downloads\STFD_ICASSP2023\STFD_ICASSP2023\3_Removal\tamper\d5ff30fbf7dce52ca6da106adaf430b6.png,UNKNOWN,0.1,OCR_TEXT
C:\Users\jay\Downloads\STFD_ICASSP2023\STFD_ICASSP2023\3_Removal\tamper\d69c5ee04157d65b112cc7aa63b4a7f2.png,UNKNOWN,0.1,OCR_TEXT
C:\Users\jay\Downloads\STFD_ICASSP2023\STFD_ICASSP2023\3_Removal\tamper\d6b2ba6c1482121d142d14d03c17c95b.png,UNKNOWN,0.1,OCR_TEXT
C:\Users\jay\Downloads\STFD_ICASSP2023\STFD_ICASSP2023\3_Removal\tamper\d76f8cc7fa3007a97b90ef16a7cde107.png,UNKNOWN,0.1,OCR_TEXT
C:\Users\jay\Downloads\STFD_ICASSP2023\STFD_ICASSP2023\3_Removal\tamper\d7b38ccc56b0d8d9e1656eb571163a7a.png,DOCUMENT,0.5,CV_MONOCHROME_DOC+OCR_TEXT
C:\Users\jay\Downloads\STFD_ICASSP2023\STFD_ICASSP2023\3_Removal\tamper\d89e596438b51d3555beba9db74e25be.png,MAP_TRANSPORT,0.35,OCR_TEXT
C:\Users\jay\Downloads\STFD_ICASSP2023\STFD_ICASSP2023\3_Removal\tamper\d8d987306bc9079932dc26972039395d.png,MAP_TRANSPORT,0.35,OCR_TEXT
C:\Users\jay\Downloads\STFD_ICASSP2023\STFD_ICASSP2023\3_Removal\tamper\d920ef0a307c154c885fb0e722e6a652.png,UNKNOWN,0.25,CV_SETTINGS_GRID+OCR_TEXT
C:\Users\jay\Downloads\STFD_ICASSP2023\STFD_ICASSP2023\3_Removal\tamper\d93a8d1d66edfbd7fe0d433047f79103.png,UNKNOWN,0.1,OCR_TEXT
C:\Users\jay\Downloads\STFD_ICASSP2023\STFD_ICASSP2023\3_Removal\tamper\d98b60c38ed31e3ce8624b979fe7777c.png,UNKNOWN,0.1,OCR_TEXT
C:\Users\jay\Downloads\STFD_ICASSP2023\STFD_ICASSP2023\3_Removal\tamper\d9b1889b745a24d13d90017f1ebb527a.png,UNKNOWN,0.25,OCR_TEXT
C:\Users\jay\Downloads\STFD_ICASSP2023\STFD_ICASSP2023\3_Removal\tamper\d9e525a7b9dcd945c0628055c8f994e5.png,UNKNOWN,0.1,OCR_TEXT
C:\Users\jay\Downloads\STFD_ICASSP2023\STFD_ICASSP2023\3_Removal\tamper\d9fa3229f7c1b5f340e0f8c11db523d8.png,UNKNOWN,0.1,OCR_TEXT
C:\Users\jay\Downloads\STFD_ICASSP2023\STFD_ICASSP2023\3_Removal\tamper\da08af3d4326dc363d6841794ffc820b.png,DOCUMENT,0.5,CV_MONOCHROME_DOC+OCR_TEXT
C:\Users\jay\Downloads\STFD_ICASSP2023\STFD_ICASSP2023\3_Removal\tamper\da39d1b444ebeb3c5a59343e46cdce40.png,UNKNOWN,0.1,OCR_TEXT
C:\Users\jay\Downloads\STFD_ICASSP2023\STFD_ICASSP2023\3_Removal\tamper\da53905aed13ac8637bfd7b64c26eb64.png,UNKNOWN,0.1,OCR_TEXT
C:\Users\jay\Downloads\STFD_ICASSP2023\STFD_ICASSP2023\3_Removal\tamper\da697170af0fb723b35aaef601fc2ecc.png,DOCUMENT,0.5,CV_MONOCHROME_DOC+OCR_TEXT
C:\Users\jay\Downloads\STFD_ICASSP2023\STFD_ICASSP2023\3_Removal\tamper\dac04370eb606cb340a25fb415ec6f9e.png,UNKNOWN,0.25,OCR_TEXT
C:\Users\jay\Downloads\STFD_ICASSP2023\STFD_ICASSP2023\3_Removal\tamper\db117a09cb9c6f6991888b39b72f2f66.png,UNKNOWN,0.1,OCR_TEXT
C:\Users\jay\Downloads\STFD_ICASSP2023\STFD_ICASSP2023\3_Removal\tamper\db3f275ad9c716abbb0ba66c2170e2ac.png,DOCUMENT,0.5,CV_MONOCHROME_DOC+OCR_TEXT
C:\Users\jay\Downloads\STFD_ICASSP2023\STFD_ICASSP2023\3_Removal\tamper\dc176d2fdabd797e95787055edd8858a.png,UNKNOWN,0.1,OCR_TEXT
C:\Users\jay\Downloads\STFD_ICASSP2023\STFD_ICASSP2023\3_Removal\tamper\dc4dc1180cfb20921a845542c62cf02a.png,UNKNOWN,0.1,OCR_TEXT
C:\Users\jay\Downloads\STFD_ICASSP2023\STFD_ICASSP2023\3_Removal\tamper\dca8475c8dc58f6869a958fac7f69fcb.png,UNKNOWN,0.1,OCR_TEXT
C:\Users\jay\Downloads\STFD_ICASSP2023\STFD_ICASSP2023\3_Removal\tamper\dcb5c0670b1c285c1b2f7c53a21bf2aa.png,MAP_TRANSPORT,0.35,CV_SETTINGS_GRID+OCR_TEXT
C:\Users\jay\Downloads\STFD_ICASSP2023\STFD_ICASSP2023\3_Removal\tamper\dcb98895e0dce4b9c7db605cbd387f8b.png,UNKNOWN,0.1,OCR_TEXT
C:\Users\jay\Downloads\STFD_ICASSP2023\STFD_ICASSP2023\3_Removal\tamper\dcc0666ad2fe47e138205c793556e1d9.png,UNKNOWN,0.1,OCR_TEXT
C:\Users\jay\Downloads\STFD_ICASSP2023\STFD_ICASSP2023\3_Removal\tamper\dcd4b71df2d83d4f4b7add42ea95df05.png,UNKNOWN,0.35,CV_ECOMMERCE_COLOR+OCR_TEXT
C:\Users\jay\Downloads\STFD_ICASSP2023\STFD_ICASSP2023\3_Removal\tamper\dda7c5b1261b212816d4f2c6cd2f7aca.png,UNKNOWN,0.3,OCR_TEXT
C:\Users\jay\Downloads\STFD_ICASSP2023\STFD_ICASSP2023\3_Removal\tamper\de15c48f9ce1cde6a3b01fb5ca00e8a6.png,UNKNOWN,0.25,OCR_TEXT
C:\Users\jay\Downloads\STFD_ICASSP2023\STFD_ICASSP2023\3_Removal\tamper\de3b9defc7d4bf07945c8a243f953750.png,UNKNOWN,0.25,OCR_TEXT
C:\Users\jay\Downloads\STFD_ICASSP2023\STFD_ICASSP2023\3_Removal\tamper\de3dc52d6b94b1ce67ae832f2c3cd98c.png,DOCUMENT,0.5,CV_MONOCHROME_DOC+OCR_TEXT
C:\Users\jay\Downloads\STFD_ICASSP2023\STFD_ICASSP2023\3_Removal\tamper\de9ce4a5b245eb8b8154bd2dd9a50fb0.png,UNKNOWN,0.25,OCR_TEXT
C:\Users\jay\Downloads\STFD_ICASSP2023\STFD_ICASSP2023\3_Removal\tamper\df21a3ecba206a2277eab3465d9ccfe7.png,DOCUMENT,0.5,CV_MONOCHROME_DOC+OCR_TEXT
C:\Users\jay\Downloads\STFD_ICASSP2023\STFD_ICASSP2023\3_Removal\tamper\df68387bcdbeb9fb18a81bfaea5d6f62.png,UNKNOWN,0.1,OCR_TEXT
C:\Users\jay\Downloads\STFD_ICASSP2023\STFD_ICASSP2023\3_Removal\tamper\dfb796021ae612906c4c5523a9043f07.png,UNKNOWN,0.1,OCR_TEXT
C:\Users\jay\Downloads\STFD_ICASSP2023\STFD_ICASSP2023\3_Removal\tamper\dfbb80ac7ab388c912b815b526021fbd.png,UNKNOWN,0.1,OCR_TEXT
C:\Users\jay\Downloads\STFD_ICASSP2023\STFD_ICASSP2023\3_Removal\tamper\dfc213f2957d7f9c3a84ab670b919d92.png,UNKNOWN,0.25,CV_SETTINGS_GRID+OCR_TEXT
C:\Users\jay\Downloads\STFD_ICASSP2023\STFD_ICASSP2023\3_Removal\tamper\e03066a2e3e65668f6bb08512dddcffd.png,UNKNOWN,0.1,OCR_TEXT
C:\Users\jay\Downloads\STFD_ICASSP2023\STFD_ICASSP2023\3_Removal\tamper\e0600bca9a60548c6c8d28538d65d23f.png,UNKNOWN,0.1,OCR_TEXT
C:\Users\jay\Downloads\STFD_ICASSP2023\STFD_ICASSP2023\3_Removal\tamper\e08a655b4c57cb39c9bdd5845f15ae82.png,UNKNOWN,0.1,VISUAL_HEURISTIC
C:\Users\jay\Downloads\STFD_ICASSP2023\STFD_ICASSP2023\3_Removal\tamper\e0f71c79d77293b34d976e11f0b86652.png,UNKNOWN,0.1,OCR_TEXT
C:\Users\jay\Downloads\STFD_ICASSP2023\STFD_ICASSP2023\3_Removal\tamper\e1226fb2743679cc77dbafe5f4479054.png,UNKNOWN,0.1,OCR_TEXT
C:\Users\jay\Downloads\STFD_ICASSP2023\STFD_ICASSP2023\3_Removal\tamper\e13c5e8c36b5746d848a45d4e24d548c.png,UNKNOWN,0.1,OCR_TEXT
C:\Users\jay\Downloads\STFD_ICASSP2023\STFD_ICASSP2023\3_Removal\tamper\e1da7e5811d4cbcc3110079fdbc6a331.png,UNKNOWN,0.1,OCR_TEXT
C:\Users\jay\Downloads\STFD_ICASSP2023\STFD_ICASSP2023\3_Removal\tamper\e1df27f0cb2ba62ef93cf05d1a525033.png,UNKNOWN,0.1,OCR_TEXT
C:\Users\jay\Downloads\STFD_ICASSP2023\STFD_ICASSP2023\3_Removal\tamper\e1dfaa01098fc54bc524fa2c9493bf14.png,MAP_TRANSPORT,0.35,OCR_TEXT
C:\Users\jay\Downloads\STFD_ICASSP2023\STFD_ICASSP2023\3_Removal\tamper\e1dfe8aabed6b339e434f2373cc74db3.png,UNKNOWN,0.25,OCR_TEXT
C:\Users\jay\Downloads\STFD_ICASSP2023\STFD_ICASSP2023\3_Removal\tamper\e1ea9264e988086785c03ba32658ed1e.png,UNKNOWN,0.1,OCR_TEXT
C:\Users\jay\Downloads\STFD_ICASSP2023\STFD_ICASSP2023\3_Removal\tamper\e262f24dd3f424b62bbe9c82d6165686.png,DOCUMENT,0.5,CV_MONOCHROME_DOC+OCR_TEXT
C:\Users\jay\Downloads\STFD_ICASSP2023\STFD_ICASSP2023\3_Removal\tamper\e273e84fba9c3b419716d043722a3a02.png,UNKNOWN,0.1,OCR_TEXT
C:\Users\jay\Downloads\STFD_ICASSP2023\STFD_ICASSP2023\3_Removal\tamper\e3268f339cc112ea5b8c13a267972436.png,UNKNOWN,0.1,OCR_TEXT
C:\Users\jay\Downloads\STFD_ICASSP2023\STFD_ICASSP2023\3_Removal\tamper\e329b97b3ea664a63adb0ea04d9f897d.png,UNKNOWN,0.1,OCR_TEXT
C:\Users\jay\Downloads\STFD_ICASSP2023\STFD_ICASSP2023\3_Removal\tamper\e34965bfd5f3084ed47a9fca776eb042.png,WEB_BROWSING,0.95,OCR_TEXT
C:\Users\jay\Downloads\STFD_ICASSP2023\STFD_ICASSP2023\3_Removal\tamper\e37ba9a60835e2af28d6a1a33b895bdd.png,UNKNOWN,0.1,OCR_TEXT
C:\Users\jay\Downloads\STFD_ICASSP2023\STFD_ICASSP2023\3_Removal\tamper\e3918a744aeb205e30c0a54c27070498.png,UNKNOWN,0.1,OCR_TEXT
C:\Users\jay\Downloads\STFD_ICASSP2023\STFD_ICASSP2023\3_Removal\tamper\e3bffd1b0b539f21d1f80131a1ff6e46.png,UNKNOWN,0.1,OCR_TEXT
C:\Users\jay\Downloads\STFD_ICASSP2023\STFD_ICASSP2023\3_Removal\tamper\e3d020b1e1c344728cde3c3a753d1929.png,UNKNOWN,0.1,OCR_TEXT
C:\Users\jay\Downloads\STFD_ICASSP2023\STFD_ICASSP2023\3_Removal\tamper\e3ebb27a085e03b02892b81b96a86f9f.png,UNKNOWN,0.1,OCR_TEXT
C:\Users\jay\Downloads\STFD_ICASSP2023\STFD_ICASSP2023\3_Removal\tamper\e43dad91a8e8ae174fffe3442e7ce271.png,UNKNOWN,0.1,OCR_TEXT
C:\Users\jay\Downloads\STFD_ICASSP2023\STFD_ICASSP2023\3_Removal\tamper\e467daf0eb425980e9286bcfb33f63dc.png,DOCUMENT,0.5,CV_MONOCHROME_DOC+OCR_TEXT
C:\Users\jay\Downloads\STFD_ICASSP2023\STFD_ICASSP2023\3_Removal\tamper\e5daff1da161ad6fdb79b6502471fe0e.png,UNKNOWN,0.25,CV_SETTINGS_GRID+OCR_TEXT
C:\Users\jay\Downloads\STFD_ICASSP2023\STFD_ICASSP2023\3_Removal\tamper\e6e056e9001a8407f762242e52fa0f84.png,E_COMMERCE,0.35,CV_ECOMMERCE_COLOR+OCR_TEXT
C:\Users\jay\Downloads\STFD_ICASSP2023\STFD_ICASSP2023\3_Removal\tamper\e6f8754eaec63e747406f1d615196cae.png,UNKNOWN,0.1,OCR_TEXT
C:\Users\jay\Downloads\STFD_ICASSP2023\STFD_ICASSP2023\3_Removal\tamper\e73bc7b2f1700598aaf9f34a38cf923f.png,E_COMMERCE,0.35,CV_ECOMMERCE_COLOR+OCR_TEXT
C:\Users\jay\Downloads\STFD_ICASSP2023\STFD_ICASSP2023\3_Removal\tamper\e78de9d7cdcb2dd79215fb2b7d7df6c0.png,UNKNOWN,0.1,OCR_TEXT
C:\Users\jay\Downloads\STFD_ICASSP2023\STFD_ICASSP2023\3_Removal\tamper\e7cfdcfc5726ecbeb4075707a3fc2079.png,UNKNOWN,0.1,OCR_TEXT
C:\Users\jay\Downloads\STFD_ICASSP2023\STFD_ICASSP2023\3_Removal\tamper\e7e70ba7a7233a0387381c0c23638068.png,UNKNOWN,0.1,OCR_TEXT
C:\Users\jay\Downloads\STFD_ICASSP2023\STFD_ICASSP2023\3_Removal\tamper\e812a185cdd9ec32f774c2ceb4728755.png,E_COMMERCE,0.35,CV_ECOMMERCE_COLOR+OCR_TEXT
C:\Users\jay\Downloads\STFD_ICASSP2023\STFD_ICASSP2023\3_Removal\tamper\e8296e26a2d0cb7f17f2e619137d57fe.png,UNKNOWN,0.25,OCR_TEXT
C:\Users\jay\Downloads\STFD_ICASSP2023\STFD_ICASSP2023\3_Removal\tamper\e83d02c9ec306b8211de0a24102b66ba.png,E_COMMERCE,0.35,CV_ECOMMERCE_COLOR+OCR_TEXT
C:\Users\jay\Downloads\STFD_ICASSP2023\STFD_ICASSP2023\3_Removal\tamper\e8439b9e91077c3e2a1a549dd0fdaa07.png,UNKNOWN,0.1,OCR_TEXT
C:\Users\jay\Downloads\STFD_ICASSP2023\STFD_ICASSP2023\3_Removal\tamper\e9cb61ac2768334ecb93b3b956bff744.png,UNKNOWN,0.1,OCR_TEXT
C:\Users\jay\Downloads\STFD_ICASSP2023\STFD_ICASSP2023\3_Removal\tamper\ea0333d4c52191e0714d22a4e6fcc939.png,UNKNOWN,0.25,CV_SETTINGS_GRID+OCR_TEXT
C:\Users\jay\Downloads\STFD_ICASSP2023\STFD_ICASSP2023\3_Removal\tamper\ea7e71324474ee7ba2bf946828125711.png,DOCUMENT,0.5,CV_MONOCHROME_DOC+OCR_TEXT
C:\Users\jay\Downloads\STFD_ICASSP2023\STFD_ICASSP2023\3_Removal\tamper\ea8227144fe9899828c126b7a0efc91a.png,UNKNOWN,0.1,OCR_TEXT
C:\Users\jay\Downloads\STFD_ICASSP2023\STFD_ICASSP2023\3_Removal\tamper\eacb60d9c3fa5e1fcff9ffb5affe45da.png,E_COMMERCE,0.35,CV_ECOMMERCE_COLOR+OCR_TEXT
C:\Users\jay\Downloads\STFD_ICASSP2023\STFD_ICASSP2023\3_Removal\tamper\eb06c1efac51125cefe3f7a57895dd2b.png,DOCUMENT,0.5,CV_MONOCHROME_DOC+OCR_TEXT
C:\Users\jay\Downloads\STFD_ICASSP2023\STFD_ICASSP2023\3_Removal\tamper\ebaefa5294612630a7d597ddb3f78972.png,E_COMMERCE,0.6,CV_ECOMMERCE_COLOR+OCR_TEXT
C:\Users\jay\Downloads\STFD_ICASSP2023\STFD_ICASSP2023\3_Removal\tamper\ebb4206bb44826212f1e0e79bb93d44a.png,UNKNOWN,0.35,CV_ECOMMERCE_COLOR+OCR_TEXT
C:\Users\jay\Downloads\STFD_ICASSP2023\STFD_ICASSP2023\3_Removal\tamper\ec1682e5f64f48a86294867f483d7db6.png,UNKNOWN,0.1,OCR_TEXT
C:\Users\jay\Downloads\STFD_ICASSP2023\STFD_ICASSP2023\3_Removal\tamper\ec38103856c45f8edcd887293f67c1a1.png,UNKNOWN,0.1,OCR_TEXT
C:\Users\jay\Downloads\STFD_ICASSP2023\STFD_ICASSP2023\3_Removal\tamper\ec6301186b7a7a02c8246116b64d8e13.png,UNKNOWN,0.1,OCR_TEXT
C:\Users\jay\Downloads\STFD_ICASSP2023\STFD_ICASSP2023\3_Removal\tamper\ecf8986985b15c582c5d7e68efc6f46e.png,UNKNOWN,0.1,OCR_TEXT
C:\Users\jay\Downloads\STFD_ICASSP2023\STFD_ICASSP2023\3_Removal\tamper\edcb27f52fafd7a6c7f5c80e966931ea.png,UNKNOWN,0.25,OCR_TEXT
C:\Users\jay\Downloads\STFD_ICASSP2023\STFD_ICASSP2023\3_Removal\tamper\ede526f3940e8bb544f6ac31f6db1a18.png,E_COMMERCE,0.35,CV_ECOMMERCE_COLOR+OCR_TEXT
C:\Users\jay\Downloads\STFD_ICASSP2023\STFD_ICASSP2023\3_Removal\tamper\ede53cbff4a707e2d8b26c5b66028e5d.png,UNKNOWN,0.1,OCR_TEXT
C:\Users\jay\Downloads\STFD_ICASSP2023\STFD_ICASSP2023\3_Removal\tamper\ede56b9b1384cbbbfd2f141ffe44057e.png,E_COMMERCE,0.35,CV_ECOMMERCE_COLOR+OCR_TEXT
C:\Users\jay\Downloads\STFD_ICASSP2023\STFD_ICASSP2023\3_Removal\tamper\ee050d6e5bcfbf1fa59038f606d076b8.png,UNKNOWN,0.25,OCR_TEXT
C:\Users\jay\Downloads\STFD_ICASSP2023\STFD_ICASSP2023\3_Removal\tamper\ee5ba84f6fc2a68fa06e1902416360a1.png,E_COMMERCE,0.35,CV_ECOMMERCE_COLOR
C:\Users\jay\Downloads\STFD_ICASSP2023\STFD_ICASSP2023\3_Removal\tamper\ee630fd7416fdd38262272a164020b4f.png,UNKNOWN,0.1,OCR_TEXT
C:\Users\jay\Downloads\STFD_ICASSP2023\STFD_ICASSP2023\3_Removal\tamper\ef19c3f48ecb63104235c32597de95e5.png,MAP_TRANSPORT,0.35,OCR_TEXT
C:\Users\jay\Downloads\STFD_ICASSP2023\STFD_ICASSP2023\3_Removal\tamper\eff630d044908e9c2e6575f0eab3cf7d.png,DOCUMENT,0.5,CV_MONOCHROME_DOC+OCR_TEXT
C:\Users\jay\Downloads\STFD_ICASSP2023\STFD_ICASSP2023\3_Removal\tamper\f03e093b969bc162a978003fd6d37bc1.png,DOCUMENT,0.5,CV_MONOCHROME_DOC+OCR_TEXT
C:\Users\jay\Downloads\STFD_ICASSP2023\STFD_ICASSP2023\3_Removal\tamper\f0987dca8a2f3c6fa834694a22ff27fa.png,E_COMMERCE,0.6,CV_ECOMMERCE_COLOR+OCR_TEXT
C:\Users\jay\Downloads\STFD_ICASSP2023\STFD_ICASSP2023\3_Removal\tamper\f09e78f0bc5eca234d61071d180bc2b5.png,UNKNOWN,0.25,OCR_TEXT
C:\Users\jay\Downloads\STFD_ICASSP2023\STFD_ICASSP2023\3_Removal\tamper\f119ffa13286f11482d8db6ba7feef20.png,UNKNOWN,0.35,CV_ECOMMERCE_COLOR+OCR_TEXT
C:\Users\jay\Downloads\STFD_ICASSP2023\STFD_ICASSP2023\3_Removal\tamper\f1bf09f0a1be6d58d95c004e7660be53.png,UNKNOWN,0.1,OCR_TEXT
C:\Users\jay\Downloads\STFD_ICASSP2023\STFD_ICASSP2023\3_Removal\tamper\f200f0b5cc26597bda2bb584a7350f82.png,E_COMMERCE,0.35,CV_ECOMMERCE_COLOR+CV_SETTINGS_GRID+OCR_TEXT
C:\Users\jay\Downloads\STFD_ICASSP2023\STFD_ICASSP2023\3_Removal\tamper\f27a0a58c4d3bf629a7e889856b3a252.png,UNKNOWN,0.25,OCR_TEXT
C:\Users\jay\Downloads\STFD_ICASSP2023\STFD_ICASSP2023\3_Removal\tamper\f33be8bb5a65da9800566ce2515d8402.png,UNKNOWN,0.3,OCR_TEXT
C:\Users\jay\Downloads\STFD_ICASSP2023\STFD_ICASSP2023\3_Removal\tamper\f3c5caf64f875680ced95bf641a3c957.png,UNKNOWN,0.1,OCR_TEXT
C:\Users\jay\Downloads\STFD_ICASSP2023\STFD_ICASSP2023\3_Removal\tamper\f3f8f726094c7c2058cdd030453edced.png,UNKNOWN,0.1,OCR_TEXT
C:\Users\jay\Downloads\STFD_ICASSP2023\STFD_ICASSP2023\3_Removal\tamper\f470d90242e741b7feddcbc6a81375eb.png,UNKNOWN,0.1,OCR_TEXT
C:\Users\jay\Downloads\STFD_ICASSP2023\STFD_ICASSP2023\3_Removal\tamper\f478d862898f28a0f33b1944c3ce38bd.png,UNKNOWN,0.25,OCR_TEXT
C:\Users\jay\Downloads\STFD_ICASSP2023\STFD_ICASSP2023\3_Removal\tamper\f7199b82a27f1ab348f5920d5208f24a.png,E_COMMERCE,0.35,CV_ECOMMERCE_COLOR+OCR_TEXT
C:\Users\jay\Downloads\STFD_ICASSP2023\STFD_ICASSP2023\3_Removal\tamper\f74706217ea0862d4fb70013718ecf36.png,MAP_TRANSPORT,0.35,OCR_TEXT
C:\Users\jay\Downloads\STFD_ICASSP2023\STFD_ICASSP2023\3_Removal\tamper\f7ea33f42c892a48923d710ec6cb359a.png,UNKNOWN,0.25,CV_SETTINGS_GRID+OCR_TEXT
C:\Users\jay\Downloads\STFD_ICASSP2023\STFD_ICASSP2023\3_Removal\tamper\f8353ed4760cb0a28eeecf2a1109b017.png,UNKNOWN,0.1,OCR_TEXT
C:\Users\jay\Downloads\STFD_ICASSP2023\STFD_ICASSP2023\3_Removal\tamper\f8878fdf9d815c85bf4e4898099c0dbb.png,UNKNOWN,0.1,OCR_TEXT
C:\Users\jay\Downloads\STFD_ICASSP2023\STFD_ICASSP2023\3_Removal\tamper\f9f962a03ddb479e841740b170be37bc.png,UNKNOWN,0.1,OCR_TEXT
C:\Users\jay\Downloads\STFD_ICASSP2023\STFD_ICASSP2023\3_Removal\tamper\fa496e2687d209149415ec1cbd9508fb.png,UNKNOWN,0.25,OCR_TEXT
C:\Users\jay\Downloads\STFD_ICASSP2023\STFD_ICASSP2023\3_Removal\tamper\fb70f3accfd77324f6fb50b8c75a02a4.png,DOCUMENT,0.5,CV_MONOCHROME_DOC+OCR_TEXT
C:\Users\jay\Downloads\STFD_ICASSP2023\STFD_ICASSP2023\3_Removal\tamper\fbb2d33a1286c7ff1f9246de6022908b.png,UNKNOWN,0.25,CV_SETTINGS_GRID+OCR_TEXT
C:\Users\jay\Downloads\STFD_ICASSP2023\STFD_ICASSP2023\3_Removal\tamper\fbf12e7737275a9d4171909885d0a366.png,UNKNOWN,0.1,OCR_TEXT
C:\Users\jay\Downloads\STFD_ICASSP2023\STFD_ICASSP2023\3_Removal\tamper\fc0646935cea56a0cd3a791a7aca4d6a.png,UNKNOWN,0.1,OCR_TEXT
C:\Users\jay\Downloads\STFD_ICASSP2023\STFD_ICASSP2023\3_Removal\tamper\fc4cb83384bb0bae05f480797f13ce09.png,UNKNOWN,0.1,OCR_TEXT
C:\Users\jay\Downloads\STFD_ICASSP2023\STFD_ICASSP2023\3_Removal\tamper\fc539af84b2ff19904f18b457c6856e6.png,UNKNOWN,0.1,OCR_TEXT
C:\Users\jay\Downloads\STFD_ICASSP2023\STFD_ICASSP2023\3_Removal\tamper\fc7b1a8b12457f9057de1aeee67464ad.png,DOCUMENT,0.5,CV_MONOCHROME_DOC+OCR_TEXT
C:\Users\jay\Downloads\STFD_ICASSP2023\STFD_ICASSP2023\3_Removal\tamper\fcbefef891835844c73393860989ef2d.png,UNKNOWN,0.1,OCR_TEXT
C:\Users\jay\Downloads\STFD_ICASSP2023\STFD_ICASSP2023\3_Removal\tamper\fcf0733f704453a923952eb1c9fb34ee.png,UNKNOWN,0.25,OCR_TEXT
C:\Users\jay\Downloads\STFD_ICASSP2023\STFD_ICASSP2023\3_Removal\tamper\fd6f0ef8ab0160ae3f329cafcabe1e5d.png,UNKNOWN,0.1,OCR_TEXT
C:\Users\jay\Downloads\STFD_ICASSP2023\STFD_ICASSP2023\3_Removal\tamper\fd736bc4ca7efc19439b11a2fd220be1.png,UNKNOWN,0.1,OCR_TEXT
C:\Users\jay\Downloads\STFD_ICASSP2023\STFD_ICASSP2023\3_Removal\tamper\fd85d975f5070c0fe921c1fc2a1172c6.png,UNKNOWN,0.1,OCR_TEXT
C:\Users\jay\Downloads\STFD_ICASSP2023\STFD_ICASSP2023\3_Removal\tamper\fdac2a7aba92636819cc8f9f8b3e4671.png,E_COMMERCE,0.35,CV_ECOMMERCE_COLOR+OCR_TEXT
C:\Users\jay\Downloads\STFD_ICASSP2023\STFD_ICASSP2023\3_Removal\tamper\fdd46892a36d13659bc73e09d7ffa45b.png,UNKNOWN,0.1,OCR_TEXT
C:\Users\jay\Downloads\STFD_ICASSP2023\STFD_ICASSP2023\3_Removal\tamper\fdd705652aa5b337b4fb3c06bbf445ac.png,DOCUMENT,0.5,CV_MONOCHROME_DOC+OCR_TEXT
C:\Users\jay\Downloads\STFD_ICASSP2023\STFD_ICASSP2023\3_Removal\tamper\fe25f5394dd660c2e63c5fab1f41701a.png,UNKNOWN,0.25,CV_SETTINGS_GRID+OCR_TEXT
C:\Users\jay\Downloads\STFD_ICASSP2023\STFD_ICASSP2023\3_Removal\tamper\feaf0b92592d076cb9e8ae4743f19db4.png,E_COMMERCE,0.35,CV_ECOMMERCE_COLOR+OCR_TEXT
C:\Users\jay\Downloads\STFD_ICASSP2023\STFD_ICASSP2023\3_Removal\tamper\fed6af920e370be72aec99f2ed62ed9e.png,DOCUMENT,0.5,CV_MONOCHROME_DOC+OCR_TEXT
C:\Users\jay\Downloads\STFD_ICASSP2023\STFD_ICASSP2023\3_Removal\tamper\ff1a6192576fe9705824e49685e3d4c2.png,UNKNOWN,0.1,OCR_TEXT
C:\Users\jay\Downloads\STFD_ICASSP2023\STFD_ICASSP2023\3_Removal\tamper\ff353c628ef1dba93e7390b4c023e8b4.png,UNKNOWN,0.1,OCR_TEXT
C:\Users\jay\Downloads\STFD_ICASSP2023\STFD_ICASSP2023\3_Removal\tamper\ffc6a2a04ef1e6badcbb96fc0b5cb983.png,UNKNOWN,0.1,OCR_TEXT
C:\Users\jay\Downloads\STFD_ICASSP2023\STFD_ICASSP2023\3_Removal\tamper\ffe77482d1f06b1e4ac0ea4200179abd.png,UNKNOWN,0.1,OCR_TEXT
C:\Users\jay\Downloads\STFD_ICASSP2023\STFD_ICASSP2023\4_Insertion\tamper\01111cf6690099872aa289d5fb09f108.png,UNKNOWN,0.1,OCR_TEXT
C:\Users\jay\Downloads\STFD_ICASSP2023\STFD_ICASSP2023\4_Insertion\tamper\01601bc6e402249be85408e27c8f9fc5.png,UNKNOWN,0.25,CV_SETTINGS_GRID+OCR_TEXT
C:\Users\jay\Downloads\STFD_ICASSP2023\STFD_ICASSP2023\4_Insertion\tamper\017355c9545111af3c916fb80dcdc370.png,DOCUMENT,0.5,CV_MONOCHROME_DOC
C:\Users\jay\Downloads\STFD_ICASSP2023\STFD_ICASSP2023\4_Insertion\tamper\022669c6d79e4afa20554c0aff10558b.png,DOCUMENT,0.5,CV_MONOCHROME_DOC+OCR_TEXT
C:\Users\jay\Downloads\STFD_ICASSP2023\STFD_ICASSP2023\4_Insertion\tamper\028733d3771d3f55249d585f334744f9.png,UNKNOWN,0.1,VISUAL_HEURISTIC
C:\Users\jay\Downloads\STFD_ICASSP2023\STFD_ICASSP2023\4_Insertion\tamper\02b227df7e1a0a638e9e0c739ab1bcb8.png,UNKNOWN,0.1,OCR_TEXT
C:\Users\jay\Downloads\STFD_ICASSP2023\STFD_ICASSP2023\4_Insertion\tamper\03ca0fd1b8453a9f7b3905e105a7b0e5.png,UNKNOWN,0.1,OCR_TEXT
C:\Users\jay\Downloads\STFD_ICASSP2023\STFD_ICASSP2023\4_Insertion\tamper\03ee20ab8c42bd1192157278d2e4c9cb.png,UNKNOWN,0.1,OCR_TEXT
C:\Users\jay\Downloads\STFD_ICASSP2023\STFD_ICASSP2023\4_Insertion\tamper\055f2a90df87c256c6d21b22514b09b4.png,UNKNOWN,0.1,OCR_TEXT
C:\Users\jay\Downloads\STFD_ICASSP2023\STFD_ICASSP2023\4_Insertion\tamper\05891b0ad86f654cc202aca0e70e5beb.png,UNKNOWN,0.1,OCR_TEXT
C:\Users\jay\Downloads\STFD_ICASSP2023\STFD_ICASSP2023\4_Insertion\tamper\05b7cf2bf0691d2a0d182bb8e0cb1342.png,UNKNOWN,0.1,OCR_TEXT
C:\Users\jay\Downloads\STFD_ICASSP2023\STFD_ICASSP2023\4_Insertion\tamper\05db6f7d046fb7000edac3ae5e71fc4d.png,UNKNOWN,0.25,OCR_TEXT
C:\Users\jay\Downloads\STFD_ICASSP2023\STFD_ICASSP2023\4_Insertion\tamper\06a32d2189dd9aeae060b7169d4cec4e.png,UNKNOWN,0.1,OCR_TEXT
C:\Users\jay\Downloads\STFD_ICASSP2023\STFD_ICASSP2023\4_Insertion\tamper\06d39966ae81485e71fec9c3850d78f1.png,UNKNOWN,0.1,VISUAL_HEURISTIC
C:\Users\jay\Downloads\STFD_ICASSP2023\STFD_ICASSP2023\4_Insertion\tamper\06ed95162505f40cded6380200e747be.png,UNKNOWN,0.1,OCR_TEXT
C:\Users\jay\Downloads\STFD_ICASSP2023\STFD_ICASSP2023\4_Insertion\tamper\072c64cf83794e15c2a836e91f03bd40.png,UNKNOWN,0.1,OCR_TEXT
C:\Users\jay\Downloads\STFD_ICASSP2023\STFD_ICASSP2023\4_Insertion\tamper\073eec078d691ec2a163a1e4d28fadc8.png,UNKNOWN,0.1,OCR_TEXT
C:\Users\jay\Downloads\STFD_ICASSP2023\STFD_ICASSP2023\4_Insertion\tamper\0746bd1b8c58ae25ab8487785de0473d.png,UNKNOWN,0.25,OCR_TEXT
C:\Users\jay\Downloads\STFD_ICASSP2023\STFD_ICASSP2023\4_Insertion\tamper\07fe104dd11f8088f33fc5af106d4114.png,UNKNOWN,0.25,OCR_TEXT
C:\Users\jay\Downloads\STFD_ICASSP2023\STFD_ICASSP2023\4_Insertion\tamper\086c73930cae19b7e87187c4625db1ab.png,UNKNOWN,0.25,OCR_TEXT
C:\Users\jay\Downloads\STFD_ICASSP2023\STFD_ICASSP2023\4_Insertion\tamper\086f45d7a46bb2379cd956432d01416d.png,UNKNOWN,0.1,OCR_TEXT
C:\Users\jay\Downloads\STFD_ICASSP2023\STFD_ICASSP2023\4_Insertion\tamper\08a53ca34c9a664474dfe52110878b8b.png,UNKNOWN,0.1,OCR_TEXT
C:\Users\jay\Downloads\STFD_ICASSP2023\STFD_ICASSP2023\4_Insertion\tamper\0961898b9c407929ae12a496abc0edb0.png,UNKNOWN,0.1,OCR_TEXT
C:\Users\jay\Downloads\STFD_ICASSP2023\STFD_ICASSP2023\4_Insertion\tamper\09fc0a612a422c80feddcef130c274fc.png,UNKNOWN,0.1,OCR_TEXT
C:\Users\jay\Downloads\STFD_ICASSP2023\STFD_ICASSP2023\4_Insertion\tamper\0a009e09e3afe4a247d27d912812f67f.png,UNKNOWN,0.25,OCR_TEXT
C:\Users\jay\Downloads\STFD_ICASSP2023\STFD_ICASSP2023\4_Insertion\tamper\0a28f619a4ba7601e5ca483fc895fd90.png,UNKNOWN,0.1,OCR_TEXT
C:\Users\jay\Downloads\STFD_ICASSP2023\STFD_ICASSP2023\4_Insertion\tamper\0a34b21f2797c94ce91bbde3f7cf127e.png,E_COMMERCE,0.35,CV_ECOMMERCE_COLOR+OCR_TEXT
C:\Users\jay\Downloads\STFD_ICASSP2023\STFD_ICASSP2023\4_Insertion\tamper\0a5357af2274e960c481e52e335737ab.png,WEB_BROWSING,0.7,OCR_TEXT
C:\Users\jay\Downloads\STFD_ICASSP2023\STFD_ICASSP2023\4_Insertion\tamper\0abb7543b45ffc55fc5853dc5a6769b2.png,UNKNOWN,0.1,OCR_TEXT
C:\Users\jay\Downloads\STFD_ICASSP2023\STFD_ICASSP2023\4_Insertion\tamper\0ae77922ede8bd4d815bd9afbbc655e7.png,UNKNOWN,0.35,CV_ECOMMERCE_COLOR+OCR_TEXT
C:\Users\jay\Downloads\STFD_ICASSP2023\STFD_ICASSP2023\4_Insertion\tamper\0b12415721e9c1dfde36e2aa219a8631.png,E_COMMERCE,0.35,CV_ECOMMERCE_COLOR+OCR_TEXT
C:\Users\jay\Downloads\STFD_ICASSP2023\STFD_ICASSP2023\4_Insertion\tamper\0b4b08e91979a49462dba53b2b4b6de3.png,DOCUMENT,0.5,CV_MONOCHROME_DOC+CV_SETTINGS_GRID+OCR_TEXT
C:\Users\jay\Downloads\STFD_ICASSP2023\STFD_ICASSP2023\4_Insertion\tamper\0bdced7aaf8b5c1fdb08c1012f6dcdcf.png,UNKNOWN,0.1,OCR_TEXT
C:\Users\jay\Downloads\STFD_ICASSP2023\STFD_ICASSP2023\4_Insertion\tamper\0bef7b5d1a19a5a3ca5585c9531792b7.png,DOCUMENT,0.5,CV_MONOCHROME_DOC+OCR_TEXT
C:\Users\jay\Downloads\STFD_ICASSP2023\STFD_ICASSP2023\4_Insertion\tamper\0c1daafda033ea001ddb5f47328da173.png,UNKNOWN,0.25,OCR_TEXT
C:\Users\jay\Downloads\STFD_ICASSP2023\STFD_ICASSP2023\4_Insertion\tamper\0c59f0137678c7c2c53a808bd6d06097.png,E_COMMERCE,0.35,CV_ECOMMERCE_COLOR+OCR_TEXT
C:\Users\jay\Downloads\STFD_ICASSP2023\STFD_ICASSP2023\4_Insertion\tamper\0c8bfff5f744795efc6f461ddcd3295b.png,UNKNOWN,0.1,OCR_TEXT
C:\Users\jay\Downloads\STFD_ICASSP2023\STFD_ICASSP2023\4_Insertion\tamper\0d2b0a54f62c0462cd0b5b0f20dd1725.png,UNKNOWN,0.1,OCR_TEXT
C:\Users\jay\Downloads\STFD_ICASSP2023\STFD_ICASSP2023\4_Insertion\tamper\0d78e8bd23f11306e2afe98a6a5c919d.png,UNKNOWN,0.3,OCR_TEXT
C:\Users\jay\Downloads\STFD_ICASSP2023\STFD_ICASSP2023\4_Insertion\tamper\0dbaa595e220530aa292f341cd5e89da.png,UNKNOWN,0.1,OCR_TEXT
C:\Users\jay\Downloads\STFD_ICASSP2023\STFD_ICASSP2023\4_Insertion\tamper\0e1a56122f005291210707b0a315caea.png,UNKNOWN,0.25,OCR_TEXT
C:\Users\jay\Downloads\STFD_ICASSP2023\STFD_ICASSP2023\4_Insertion\tamper\0e528a58e155e51287d55540c7dcba1b.png,DOCUMENT,0.5,CV_MONOCHROME_DOC+OCR_TEXT
C:\Users\jay\Downloads\STFD_ICASSP2023\STFD_ICASSP2023\4_Insertion\tamper\0e82dcf6f9dcc9915aa520728f0b3627.png,E_COMMERCE,0.35,CV_ECOMMERCE_COLOR+OCR_TEXT
C:\Users\jay\Downloads\STFD_ICASSP2023\STFD_ICASSP2023\4_Insertion\tamper\0ed93011ed1de3d9c837c32853863634.png,UNKNOWN,0.25,CV_SETTINGS_GRID+OCR_TEXT
C:\Users\jay\Downloads\STFD_ICASSP2023\STFD_ICASSP2023\4_Insertion\tamper\0fcb46f4f9f7906b58ce33f71c2c3fed.png,UNKNOWN,0.1,OCR_TEXT
C:\Users\jay\Downloads\STFD_ICASSP2023\STFD_ICASSP2023\4_Insertion\tamper\100a0d9bc4bc4c7703611fbaa2f620ac.png,DOCUMENT,0.5,CV_MONOCHROME_DOC+OCR_TEXT
C:\Users\jay\Downloads\STFD_ICASSP2023\STFD_ICASSP2023\4_Insertion\tamper\101d002cd930ab99e2b14cbee34c3060.png,UNKNOWN,0.1,OCR_TEXT
C:\Users\jay\Downloads\STFD_ICASSP2023\STFD_ICASSP2023\4_Insertion\tamper\103cfe60f3e80aa6f470661f8def582e.png,DOCUMENT,0.5,CV_MONOCHROME_DOC+OCR_TEXT
C:\Users\jay\Downloads\STFD_ICASSP2023\STFD_ICASSP2023\4_Insertion\tamper\10717e9f26a13147bd089a8e7a20ebd4.png,UNKNOWN,0.1,OCR_TEXT
C:\Users\jay\Downloads\STFD_ICASSP2023\STFD_ICASSP2023\4_Insertion\tamper\111a8679564aa499f0e4433c1f2dc703.png,E_COMMERCE,0.35,CV_ECOMMERCE_COLOR+OCR_TEXT
C:\Users\jay\Downloads\STFD_ICASSP2023\STFD_ICASSP2023\4_Insertion\tamper\113f1c92b3288b661abeb7a3f28675a2.png,DOCUMENT,0.5,CV_MONOCHROME_DOC+OCR_TEXT
C:\Users\jay\Downloads\STFD_ICASSP2023\STFD_ICASSP2023\4_Insertion\tamper\115affea6a4c784f46ebd4e9cadf3ac1.png,UNKNOWN,0.1,OCR_TEXT
C:\Users\jay\Downloads\STFD_ICASSP2023\STFD_ICASSP2023\4_Insertion\tamper\12261e9dc5acd4f16fbe36363a46fab8.png,UNKNOWN,0.1,OCR_TEXT
C:\Users\jay\Downloads\STFD_ICASSP2023\STFD_ICASSP2023\4_Insertion\tamper\1270c5eab5238d0d23d7621fc2abfeac.png,UNKNOWN,0.1,OCR_TEXT
C:\Users\jay\Downloads\STFD_ICASSP2023\STFD_ICASSP2023\4_Insertion\tamper\1301e868c4695eb8ff2e2504c29eadab.png,UNKNOWN,0.25,OCR_TEXT
C:\Users\jay\Downloads\STFD_ICASSP2023\STFD_ICASSP2023\4_Insertion\tamper\135c6ae8c915334783f2abd38edf4887.png,E_COMMERCE,0.35,CV_ECOMMERCE_COLOR+OCR_TEXT
C:\Users\jay\Downloads\STFD_ICASSP2023\STFD_ICASSP2023\4_Insertion\tamper\135c87fedbc19a266f19c2437897b8fc.png,UNKNOWN,0.1,OCR_TEXT
C:\Users\jay\Downloads\STFD_ICASSP2023\STFD_ICASSP2023\4_Insertion\tamper\13acb58c3779774f218b19cbe002ab2d.png,DOCUMENT,0.5,CV_MONOCHROME_DOC+OCR_TEXT
C:\Users\jay\Downloads\STFD_ICASSP2023\STFD_ICASSP2023\4_Insertion\tamper\13fc3e61bebf2e333c62f845dc41005b.png,UNKNOWN,0.25,CV_SETTINGS_GRID+OCR_TEXT
C:\Users\jay\Downloads\STFD_ICASSP2023\STFD_ICASSP2023\4_Insertion\tamper\140e14c0d650b1fc5aef4400d7565691.png,UNKNOWN,0.1,OCR_TEXT
C:\Users\jay\Downloads\STFD_ICASSP2023\STFD_ICASSP2023\4_Insertion\tamper\144d340dfcb5fc71f0a2eb875542b6d2.png,UNKNOWN,0.1,VISUAL_HEURISTIC
C:\Users\jay\Downloads\STFD_ICASSP2023\STFD_ICASSP2023\4_Insertion\tamper\147ab1baa805c0a748cb2ad3cb3a9fc9.png,UNKNOWN,0.1,OCR_TEXT
C:\Users\jay\Downloads\STFD_ICASSP2023\STFD_ICASSP2023\4_Insertion\tamper\14a169c34add308b664dbd9181d16edd.png,DOCUMENT,0.5,CV_MONOCHROME_DOC+OCR_TEXT
C:\Users\jay\Downloads\STFD_ICASSP2023\STFD_ICASSP2023\4_Insertion\tamper\14b4e70351a23fbc4bb99e55e798f101.png,E_COMMERCE,0.35,CV_ECOMMERCE_COLOR+OCR_TEXT
C:\Users\jay\Downloads\STFD_ICASSP2023\STFD_ICASSP2023\4_Insertion\tamper\14e0506af13bb1d67e7beb0f3f1adc6c.png,UNKNOWN,0.25,OCR_TEXT
C:\Users\jay\Downloads\STFD_ICASSP2023\STFD_ICASSP2023\4_Insertion\tamper\14fb208de9c87cd6da2fb556bc5982ea.png,UNKNOWN,0.25,CV_SETTINGS_GRID+OCR_TEXT
C:\Users\jay\Downloads\STFD_ICASSP2023\STFD_ICASSP2023\4_Insertion\tamper\150cc14899225f456626d4a0c1e79349.png,UNKNOWN,0.1,OCR_TEXT
C:\Users\jay\Downloads\STFD_ICASSP2023\STFD_ICASSP2023\4_Insertion\tamper\15bedab577330be4458dadb06588c5cb.png,UNKNOWN,0.1,OCR_TEXT
C:\Users\jay\Downloads\STFD_ICASSP2023\STFD_ICASSP2023\4_Insertion\tamper\165c9b4142ea4501f78b94a43c92c5ff.png,UNKNOWN,0.1,OCR_TEXT
C:\Users\jay\Downloads\STFD_ICASSP2023\STFD_ICASSP2023\4_Insertion\tamper\1685fbb7533c57141af8ea15d5290c60.png,UNKNOWN,0.1,OCR_TEXT
C:\Users\jay\Downloads\STFD_ICASSP2023\STFD_ICASSP2023\4_Insertion\tamper\169b3fb89cc7540cbc8b2223bd8cbe98.png,UNKNOWN,0.1,OCR_TEXT
C:\Users\jay\Downloads\STFD_ICASSP2023\STFD_ICASSP2023\4_Insertion\tamper\174eef2d8a69782842e1382ce1157d06.png,UNKNOWN,0.1,OCR_TEXT
C:\Users\jay\Downloads\STFD_ICASSP2023\STFD_ICASSP2023\4_Insertion\tamper\17b81a37a32ef676db488e6490cde1f7.png,DOCUMENT,0.5,CV_MONOCHROME_DOC+OCR_TEXT
C:\Users\jay\Downloads\STFD_ICASSP2023\STFD_ICASSP2023\4_Insertion\tamper\181844161db6a77a96b3e94eec564b8e.png,UNKNOWN,0.25,OCR_TEXT
C:\Users\jay\Downloads\STFD_ICASSP2023\STFD_ICASSP2023\4_Insertion\tamper\18424eedbc2fcbe69c96f822a5b8bc48.png,UNKNOWN,0.1,OCR_TEXT
C:\Users\jay\Downloads\STFD_ICASSP2023\STFD_ICASSP2023\4_Insertion\tamper\186113238b1e1a29b72d99836e01e2cc.png,UNKNOWN,0.1,OCR_TEXT
C:\Users\jay\Downloads\STFD_ICASSP2023\STFD_ICASSP2023\4_Insertion\tamper\188e749f29a98b6226d364f259e5a5c8.png,UNKNOWN,0.1,OCR_TEXT
C:\Users\jay\Downloads\STFD_ICASSP2023\STFD_ICASSP2023\4_Insertion\tamper\18fbea6849984250e8c33ce552ba5eeb.png,UNKNOWN,0.1,OCR_TEXT
C:\Users\jay\Downloads\STFD_ICASSP2023\STFD_ICASSP2023\4_Insertion\tamper\19abe1d3ff654371f29f8b0156ee6aa1.png,DOCUMENT,0.5,CV_MONOCHROME_DOC+OCR_TEXT
C:\Users\jay\Downloads\STFD_ICASSP2023\STFD_ICASSP2023\4_Insertion\tamper\19cb18df5b19793b86f2a129384bd597.png,UNKNOWN,0.25,OCR_TEXT
C:\Users\jay\Downloads\STFD_ICASSP2023\STFD_ICASSP2023\4_Insertion\tamper\1a72fc0bd0a9288842f6fc80f95efd0c.png,UNKNOWN,0.25,OCR_TEXT
C:\Users\jay\Downloads\STFD_ICASSP2023\STFD_ICASSP2023\4_Insertion\tamper\1ab660de830c4114957f8a8bf600a5da.png,UNKNOWN,0.1,OCR_TEXT
C:\Users\jay\Downloads\STFD_ICASSP2023\STFD_ICASSP2023\4_Insertion\tamper\1ada5cd920bb0acf58ab295252ce268e.png,UNKNOWN,0.1,OCR_TEXT
C:\Users\jay\Downloads\STFD_ICASSP2023\STFD_ICASSP2023\4_Insertion\tamper\1b267cdc1240060b721f1077ab6f349e.png,UNKNOWN,0.25,OCR_TEXT
C:\Users\jay\Downloads\STFD_ICASSP2023\STFD_ICASSP2023\4_Insertion\tamper\1bf22716a44535f0e6c97bd5602f2422.png,UNKNOWN,0.25,OCR_TEXT
C:\Users\jay\Downloads\STFD_ICASSP2023\STFD_ICASSP2023\4_Insertion\tamper\1c0c908ea34f79f33a84ca8de2acbacb.png,UNKNOWN,0.25,OCR_TEXT
C:\Users\jay\Downloads\STFD_ICASSP2023\STFD_ICASSP2023\4_Insertion\tamper\1cd3de93ac967a9d93170095da81c462.png,UNKNOWN,0.1,OCR_TEXT
C:\Users\jay\Downloads\STFD_ICASSP2023\STFD_ICASSP2023\4_Insertion\tamper\1ce103edbf736cc07e04186187e1770e.png,ONLINE_BANKING,0.35,OCR_TEXT
C:\Users\jay\Downloads\STFD_ICASSP2023\STFD_ICASSP2023\4_Insertion\tamper\1ce9edd91e92f91de8cbdc504c7dfcdd.png,UNKNOWN,0.1,OCR_TEXT
C:\Users\jay\Downloads\STFD_ICASSP2023\STFD_ICASSP2023\4_Insertion\tamper\1d0b2f6822e87c4341e17e3e0de4365b.png,UNKNOWN,0.1,OCR_TEXT
C:\Users\jay\Downloads\STFD_ICASSP2023\STFD_ICASSP2023\4_Insertion\tamper\1d25551ca26c7d3433c3d9ac51045265.png,UNKNOWN,0.1,OCR_TEXT
C:\Users\jay\Downloads\STFD_ICASSP2023\STFD_ICASSP2023\4_Insertion\tamper\1d32b2c4ab9dbf8ff3be349f3840a31c.png,UNKNOWN,0.1,OCR_TEXT
C:\Users\jay\Downloads\STFD_ICASSP2023\STFD_ICASSP2023\4_Insertion\tamper\1d441b2647419563a28fdddd3c12d213.png,UNKNOWN,0.1,OCR_TEXT
C:\Users\jay\Downloads\STFD_ICASSP2023\STFD_ICASSP2023\4_Insertion\tamper\1dfc40d1be729df19bfa992484797f01.png,UNKNOWN,0.25,CV_SETTINGS_GRID+OCR_TEXT
C:\Users\jay\Downloads\STFD_ICASSP2023\STFD_ICASSP2023\4_Insertion\tamper\1e5a02fd1c0469ad598829b0e9d8b9fd.png,UNKNOWN,0.25,CV_SETTINGS_GRID+OCR_TEXT
C:\Users\jay\Downloads\STFD_ICASSP2023\STFD_ICASSP2023\4_Insertion\tamper\1f85402a7d81d8f406c1d095935ef727.png,UNKNOWN,0.1,OCR_TEXT
C:\Users\jay\Downloads\STFD_ICASSP2023\STFD_ICASSP2023\4_Insertion\tamper\1f895e6c6d4dcb1fc158cbf6e7357bf8.png,UNKNOWN,0.1,OCR_TEXT
C:\Users\jay\Downloads\STFD_ICASSP2023\STFD_ICASSP2023\4_Insertion\tamper\1fc212dbea2213c811bcf2fb442db29b.png,UNKNOWN,0.1,OCR_TEXT
C:\Users\jay\Downloads\STFD_ICASSP2023\STFD_ICASSP2023\4_Insertion\tamper\1fe3e803b37f9a82cbaa769a23d99e4c.png,DOCUMENT,0.5,CV_MONOCHROME_DOC+OCR_TEXT
C:\Users\jay\Downloads\STFD_ICASSP2023\STFD_ICASSP2023\4_Insertion\tamper\1ff4315a1403b276be156240f8ac6e21.png,UNKNOWN,0.1,OCR_TEXT
C:\Users\jay\Downloads\STFD_ICASSP2023\STFD_ICASSP2023\4_Insertion\tamper\20f192b50945d04f46cd6f32b33e51ca.png,DOCUMENT,0.5,CV_MONOCHROME_DOC+OCR_TEXT
C:\Users\jay\Downloads\STFD_ICASSP2023\STFD_ICASSP2023\4_Insertion\tamper\20f8fb1c44488c97c49ef732abf588b8.png,UNKNOWN,0.1,OCR_TEXT
C:\Users\jay\Downloads\STFD_ICASSP2023\STFD_ICASSP2023\4_Insertion\tamper\2108a7db0de433451b4c647b72616a76.png,UNKNOWN,0.1,OCR_TEXT
C:\Users\jay\Downloads\STFD_ICASSP2023\STFD_ICASSP2023\4_Insertion\tamper\21125b5b515ef775a9e4782ac11a5345.png,E_COMMERCE,0.35,CV_ECOMMERCE_COLOR+OCR_TEXT
C:\Users\jay\Downloads\STFD_ICASSP2023\STFD_ICASSP2023\4_Insertion\tamper\211b7fd5d8df591aec73b287d6a0aefb.png,E_COMMERCE,0.35,CV_ECOMMERCE_COLOR+OCR_TEXT
C:\Users\jay\Downloads\STFD_ICASSP2023\STFD_ICASSP2023\4_Insertion\tamper\213cc96dc0d1c02e89dea8d680f1b52d.png,UNKNOWN,0.1,OCR_TEXT
C:\Users\jay\Downloads\STFD_ICASSP2023\STFD_ICASSP2023\4_Insertion\tamper\213dca87887e6a5ca6a632859a6f7a87.png,UNKNOWN,0.1,OCR_TEXT
C:\Users\jay\Downloads\STFD_ICASSP2023\STFD_ICASSP2023\4_Insertion\tamper\2294f65190401bf4d416e18e100b82eb.png,DOCUMENT,0.5,CV_MONOCHROME_DOC+OCR_TEXT
C:\Users\jay\Downloads\STFD_ICASSP2023\STFD_ICASSP2023\4_Insertion\tamper\22a1a2e6625e43a84388f2af76da53f0.png,UNKNOWN,0.1,OCR_TEXT
C:\Users\jay\Downloads\STFD_ICASSP2023\STFD_ICASSP2023\4_Insertion\tamper\236b4639727ce0f5ab15b0fad37ebb29.png,UNKNOWN,0.1,OCR_TEXT
C:\Users\jay\Downloads\STFD_ICASSP2023\STFD_ICASSP2023\4_Insertion\tamper\239d8e103b661bca03de18c5169ee642.png,UNKNOWN,0.25,OCR_TEXT
C:\Users\jay\Downloads\STFD_ICASSP2023\STFD_ICASSP2023\4_Insertion\tamper\23e5d37982d2b2f15e9c97cd60f58047.png,E_COMMERCE,0.35,CV_ECOMMERCE_COLOR+CV_SETTINGS_GRID+OCR_TEXT
C:\Users\jay\Downloads\STFD_ICASSP2023\STFD_ICASSP2023\4_Insertion\tamper\2458396ea117fd13b3f5572abd892b41.png,UNKNOWN,0.1,OCR_TEXT
C:\Users\jay\Downloads\STFD_ICASSP2023\STFD_ICASSP2023\4_Insertion\tamper\2481a3456e206db6451c6859323ad166.png,E_COMMERCE,0.35,CV_ECOMMERCE_COLOR+OCR_TEXT
C:\Users\jay\Downloads\STFD_ICASSP2023\STFD_ICASSP2023\4_Insertion\tamper\25bd482f2b17f2667b932717f6a0028a.png,UNKNOWN,0.1,OCR_TEXT
C:\Users\jay\Downloads\STFD_ICASSP2023\STFD_ICASSP2023\4_Insertion\tamper\25f9854b44d6018238c626c5b06e7cad.png,E_COMMERCE,0.35,CV_ECOMMERCE_COLOR+OCR_TEXT
C:\Users\jay\Downloads\STFD_ICASSP2023\STFD_ICASSP2023\4_Insertion\tamper\262d2f3e9efd4c1d68628eab336e98bb.png,UNKNOWN,0.1,OCR_TEXT
C:\Users\jay\Downloads\STFD_ICASSP2023\STFD_ICASSP2023\4_Insertion\tamper\264e4f21cc2431be898777b8711da47b.png,UNKNOWN,0.1,OCR_TEXT
C:\Users\jay\Downloads\STFD_ICASSP2023\STFD_ICASSP2023\4_Insertion\tamper\265b1aa48de3c197916d02a13b5950d7.png,UNKNOWN,0.1,VISUAL_HEURISTIC
C:\Users\jay\Downloads\STFD_ICASSP2023\STFD_ICASSP2023\4_Insertion\tamper\26915ba4b5680b2014d995a21291a502.png,UNKNOWN,0.1,OCR_TEXT
C:\Users\jay\Downloads\STFD_ICASSP2023\STFD_ICASSP2023\4_Insertion\tamper\26b347b48b6fb5397f543e6e6e722e7a.png,E_COMMERCE,0.35,CV_ECOMMERCE_COLOR+OCR_TEXT
C:\Users\jay\Downloads\STFD_ICASSP2023\STFD_ICASSP2023\4_Insertion\tamper\26c35a8f118672be77a183eb80cc7b3a.png,UNKNOWN,0.1,OCR_TEXT
C:\Users\jay\Downloads\STFD_ICASSP2023\STFD_ICASSP2023\4_Insertion\tamper\27ef55c10a2881644b9b5a6f2ba1e116.png,DOCUMENT,0.5,CV_MONOCHROME_DOC+OCR_TEXT
C:\Users\jay\Downloads\STFD_ICASSP2023\STFD_ICASSP2023\4_Insertion\tamper\281eb75a9e0e730618752430acde3d3a.png,UNKNOWN,0.35,OCR_TEXT
C:\Users\jay\Downloads\STFD_ICASSP2023\STFD_ICASSP2023\4_Insertion\tamper\284b58b795a7cae5f59a30350ba888ae.png,UNKNOWN,0.1,OCR_TEXT
C:\Users\jay\Downloads\STFD_ICASSP2023\STFD_ICASSP2023\4_Insertion\tamper\287992f11b96e337479452bd5dff2ae6.png,UNKNOWN,0.25,OCR_TEXT
C:\Users\jay\Downloads\STFD_ICASSP2023\STFD_ICASSP2023\4_Insertion\tamper\289ffec512c6e0581b6d9038a7d240e7.png,UNKNOWN,0.25,CV_SETTINGS_GRID+OCR_TEXT
C:\Users\jay\Downloads\STFD_ICASSP2023\STFD_ICASSP2023\4_Insertion\tamper\290e73569aaf7094d6d7009d6b5a6227.png,UNKNOWN,0.1,OCR_TEXT
C:\Users\jay\Downloads\STFD_ICASSP2023\STFD_ICASSP2023\4_Insertion\tamper\29b5a72f2e294e2b65ae2d80614d0a60.png,UNKNOWN,0.25,OCR_TEXT
C:\Users\jay\Downloads\STFD_ICASSP2023\STFD_ICASSP2023\4_Insertion\tamper\2a0fcd098bbe5f6f4de43bbebd758302.png,ONLINE_BANKING,0.35,OCR_TEXT
C:\Users\jay\Downloads\STFD_ICASSP2023\STFD_ICASSP2023\4_Insertion\tamper\2a9bae29d0d3c1b91c67950e26c794b2.png,UNKNOWN,0.1,OCR_TEXT
C:\Users\jay\Downloads\STFD_ICASSP2023\STFD_ICASSP2023\4_Insertion\tamper\2aa07772d3cea3784e96bab879268d92.png,UNKNOWN,0.1,OCR_TEXT
C:\Users\jay\Downloads\STFD_ICASSP2023\STFD_ICASSP2023\4_Insertion\tamper\2be4a1f71aedf0b63c34570921486283.png,UNKNOWN,0.1,OCR_TEXT
C:\Users\jay\Downloads\STFD_ICASSP2023\STFD_ICASSP2023\4_Insertion\tamper\2be4b8e895146d539f7caad9cc1a8116.png,UNKNOWN,0.1,OCR_TEXT
C:\Users\jay\Downloads\STFD_ICASSP2023\STFD_ICASSP2023\4_Insertion\tamper\2bf08e914ea876a5452b2d694fafa4a6.png,UNKNOWN,0.1,OCR_TEXT
C:\Users\jay\Downloads\STFD_ICASSP2023\STFD_ICASSP2023\4_Insertion\tamper\2c0ef1a4c1236fba0a834ea4b2a4b827.png,DOCUMENT,0.5,CV_MONOCHROME_DOC+OCR_TEXT
C:\Users\jay\Downloads\STFD_ICASSP2023\STFD_ICASSP2023\4_Insertion\tamper\2c318cd67d50b4df2f12643973e320fa.png,E_COMMERCE,0.85,CV_ECOMMERCE_COLOR+OCR_TEXT
C:\Users\jay\Downloads\STFD_ICASSP2023\STFD_ICASSP2023\4_Insertion\tamper\2d64929d636294a75364992ff176c794.png,E_COMMERCE,0.35,CV_ECOMMERCE_COLOR+OCR_TEXT
C:\Users\jay\Downloads\STFD_ICASSP2023\STFD_ICASSP2023\4_Insertion\tamper\2d9c65cbf1b3753d7384ea55b3085e3c.png,UNKNOWN,0.1,OCR_TEXT
C:\Users\jay\Downloads\STFD_ICASSP2023\STFD_ICASSP2023\4_Insertion\tamper\2dcd53147222e8a4b9292f358049bc3c.png,UNKNOWN,0.1,OCR_TEXT
C:\Users\jay\Downloads\STFD_ICASSP2023\STFD_ICASSP2023\4_Insertion\tamper\2de1b2c1da3e98ee9c001cba97c263c2.png,UNKNOWN,0.1,OCR_TEXT
C:\Users\jay\Downloads\STFD_ICASSP2023\STFD_ICASSP2023\4_Insertion\tamper\2e7d53780d73d07ee9bd2da892522d3f.png,DOCUMENT,0.5,CV_MONOCHROME_DOC+OCR_TEXT
C:\Users\jay\Downloads\STFD_ICASSP2023\STFD_ICASSP2023\4_Insertion\tamper\2e940bf898d59b6cfaf732c16e66d1af.png,UNKNOWN,0.1,OCR_TEXT
C:\Users\jay\Downloads\STFD_ICASSP2023\STFD_ICASSP2023\4_Insertion\tamper\2ed577f0747b9d5ef2bd8d5f8c838427.png,UNKNOWN,0.1,OCR_TEXT
C:\Users\jay\Downloads\STFD_ICASSP2023\STFD_ICASSP2023\4_Insertion\tamper\30377f18e0f5b541e3a3b1e35b1d340c.png,UNKNOWN,0.25,CV_SETTINGS_GRID+OCR_TEXT
C:\Users\jay\Downloads\STFD_ICASSP2023\STFD_ICASSP2023\4_Insertion\tamper\3058e42dd669aefd6581afb68f34de01.png,UNKNOWN,0.1,OCR_TEXT
C:\Users\jay\Downloads\STFD_ICASSP2023\STFD_ICASSP2023\4_Insertion\tamper\30d1ef53eae640f0f6969d3ac2bd1fda.png,UNKNOWN,0.1,OCR_TEXT
C:\Users\jay\Downloads\STFD_ICASSP2023\STFD_ICASSP2023\4_Insertion\tamper\31908d85f0a2f99634c3cfd7f937803b.png,UNKNOWN,0.1,VISUAL_HEURISTIC
C:\Users\jay\Downloads\STFD_ICASSP2023\STFD_ICASSP2023\4_Insertion\tamper\335869536eb471dd50d56fed0740a114.png,E_COMMERCE,0.35,CV_ECOMMERCE_COLOR+OCR_TEXT
C:\Users\jay\Downloads\STFD_ICASSP2023\STFD_ICASSP2023\4_Insertion\tamper\33f6aacc05d3bd437ee9249a8f94eca4.png,UNKNOWN,0.1,OCR_TEXT
C:\Users\jay\Downloads\STFD_ICASSP2023\STFD_ICASSP2023\4_Insertion\tamper\34067cc3ae822ba34792784a28103e03.png,DOCUMENT,0.5,CV_MONOCHROME_DOC+CV_SETTINGS_GRID+OCR_TEXT
C:\Users\jay\Downloads\STFD_ICASSP2023\STFD_ICASSP2023\4_Insertion\tamper\3427e0d63a12af62502a916df5d4e908.png,UNKNOWN,0.25,OCR_TEXT
C:\Users\jay\Downloads\STFD_ICASSP2023\STFD_ICASSP2023\4_Insertion\tamper\350000452573df9def49254935beb315.png,E_COMMERCE,0.35,CV_ECOMMERCE_COLOR+OCR_TEXT
C:\Users\jay\Downloads\STFD_ICASSP2023\STFD_ICASSP2023\4_Insertion\tamper\3519549a1fffe8dd3ff75a90040d25b6.png,UNKNOWN,0.1,OCR_TEXT
C:\Users\jay\Downloads\STFD_ICASSP2023\STFD_ICASSP2023\4_Insertion\tamper\3606590e0b1d9993438d00383dd59104.png,UNKNOWN,0.1,OCR_TEXT
C:\Users\jay\Downloads\STFD_ICASSP2023\STFD_ICASSP2023\4_Insertion\tamper\36281c09b8770dc759b69986da9c43d1.png,UNKNOWN,0.25,OCR_TEXT
C:\Users\jay\Downloads\STFD_ICASSP2023\STFD_ICASSP2023\4_Insertion\tamper\362d7336a54745078320d0ec5a77b1a6.png,UNKNOWN,0.1,OCR_TEXT
C:\Users\jay\Downloads\STFD_ICASSP2023\STFD_ICASSP2023\4_Insertion\tamper\3645aebd52bac144e5842037bb41e233.png,UNKNOWN,0.25,OCR_TEXT
C:\Users\jay\Downloads\STFD_ICASSP2023\STFD_ICASSP2023\4_Insertion\tamper\364b6dcf68bb771213636bf35e80993f.png,UNKNOWN,0.1,OCR_TEXT
C:\Users\jay\Downloads\STFD_ICASSP2023\STFD_ICASSP2023\4_Insertion\tamper\36b1892d27dc63603096a577f87a6cf1.png,UNKNOWN,0.1,OCR_TEXT
C:\Users\jay\Downloads\STFD_ICASSP2023\STFD_ICASSP2023\4_Insertion\tamper\36fda727a5a14e26a2354fcaecd44f8e.png,UNKNOWN,0.25,OCR_TEXT
C:\Users\jay\Downloads\STFD_ICASSP2023\STFD_ICASSP2023\4_Insertion\tamper\378d6b1482c32543de6695d266be24a7.png,UNKNOWN,0.1,OCR_TEXT
C:\Users\jay\Downloads\STFD_ICASSP2023\STFD_ICASSP2023\4_Insertion\tamper\37a23c14704d386f047e7934e9e4ce29.png,DOCUMENT,0.5,CV_MONOCHROME_DOC+OCR_TEXT
C:\Users\jay\Downloads\STFD_ICASSP2023\STFD_ICASSP2023\4_Insertion\tamper\3802ee4535d5b6b606e353ab9bb8a587.png,E_COMMERCE,0.35,CV_ECOMMERCE_COLOR
C:\Users\jay\Downloads\STFD_ICASSP2023\STFD_ICASSP2023\4_Insertion\tamper\387962e776233dc77bd6a7790b361ba9.png,DOCUMENT,0.5,CV_MONOCHROME_DOC+OCR_TEXT
C:\Users\jay\Downloads\STFD_ICASSP2023\STFD_ICASSP2023\4_Insertion\tamper\396b6b0350e878e9315169add6cbd8dc.png,UNKNOWN,0.1,OCR_TEXT
C:\Users\jay\Downloads\STFD_ICASSP2023\STFD_ICASSP2023\4_Insertion\tamper\3972944c2a0a7653db0168593f749f4a.png,UNKNOWN,0.1,OCR_TEXT
C:\Users\jay\Downloads\STFD_ICASSP2023\STFD_ICASSP2023\4_Insertion\tamper\398ebba673a9d24d345a268305b602e6.png,E_COMMERCE,0.35,CV_ECOMMERCE_COLOR+OCR_TEXT
C:\Users\jay\Downloads\STFD_ICASSP2023\STFD_ICASSP2023\4_Insertion\tamper\39befbfd133acb16c54c3aa21d502e61.png,UNKNOWN,0.1,OCR_TEXT
C:\Users\jay\Downloads\STFD_ICASSP2023\STFD_ICASSP2023\4_Insertion\tamper\39c4fd8ebd478c04ea147426f6001ed3.png,UNKNOWN,0.25,OCR_TEXT
C:\Users\jay\Downloads\STFD_ICASSP2023\STFD_ICASSP2023\4_Insertion\tamper\3a30d78f88b2ea24bd13a9eed5f4b213.png,E_COMMERCE,0.35,CV_ECOMMERCE_COLOR+OCR_TEXT
C:\Users\jay\Downloads\STFD_ICASSP2023\STFD_ICASSP2023\4_Insertion\tamper\3a7779b3c61a1afd72780ca1aa768a16.png,UNKNOWN,0.1,OCR_TEXT
C:\Users\jay\Downloads\STFD_ICASSP2023\STFD_ICASSP2023\4_Insertion\tamper\3a8a09f535e8f6bb1d66cb0758445205.png,UNKNOWN,0.1,OCR_TEXT
C:\Users\jay\Downloads\STFD_ICASSP2023\STFD_ICASSP2023\4_Insertion\tamper\3a90986406b64a76b9e5851b9ca12696.png,UNKNOWN,0.1,OCR_TEXT
C:\Users\jay\Downloads\STFD_ICASSP2023\STFD_ICASSP2023\4_Insertion\tamper\3ad8bd5f3ef2517848370ab1a0892edc.png,UNKNOWN,0.1,OCR_TEXT
C:\Users\jay\Downloads\STFD_ICASSP2023\STFD_ICASSP2023\4_Insertion\tamper\3b33e341ecbfd853ee0c2c0b56a0dd2c.png,UNKNOWN,0.1,OCR_TEXT
C:\Users\jay\Downloads\STFD_ICASSP2023\STFD_ICASSP2023\4_Insertion\tamper\3b8b4b28dc993d3ffbe4e45f2bfb3a23.png,DOCUMENT,0.5,CV_MONOCHROME_DOC+OCR_TEXT
C:\Users\jay\Downloads\STFD_ICASSP2023\STFD_ICASSP2023\4_Insertion\tamper\3d1f44a25ddefb16b476c90f924ddca7.png,DOCUMENT,0.5,CV_MONOCHROME_DOC+CV_SETTINGS_GRID+OCR_TEXT
C:\Users\jay\Downloads\STFD_ICASSP2023\STFD_ICASSP2023\4_Insertion\tamper\3d31e53b9d41d0730d682180fd44e37a.png,DOCUMENT,0.5,CV_MONOCHROME_DOC+OCR_TEXT
C:\Users\jay\Downloads\STFD_ICASSP2023\STFD_ICASSP2023\4_Insertion\tamper\3d77b681def87ea7c7101f30e560d419.png,UNKNOWN,0.1,VISUAL_HEURISTIC
C:\Users\jay\Downloads\STFD_ICASSP2023\STFD_ICASSP2023\4_Insertion\tamper\3ea32e43d4b4a7a9960296f26da95b50.png,UNKNOWN,0.25,CV_SETTINGS_GRID+OCR_TEXT
C:\Users\jay\Downloads\STFD_ICASSP2023\STFD_ICASSP2023\4_Insertion\tamper\3eb9b916d3a717a74bcaf828f27c6f20.png,E_COMMERCE,0.35,CV_ECOMMERCE_COLOR+OCR_TEXT
C:\Users\jay\Downloads\STFD_ICASSP2023\STFD_ICASSP2023\4_Insertion\tamper\3facdcce4660bc53fd4c5c091f4612c4.png,UNKNOWN,0.1,OCR_TEXT
C:\Users\jay\Downloads\STFD_ICASSP2023\STFD_ICASSP2023\4_Insertion\tamper\3fd0ea7bb6a1da3d476dfd29c3e12850.png,UNKNOWN,0.25,OCR_TEXT
C:\Users\jay\Downloads\STFD_ICASSP2023\STFD_ICASSP2023\4_Insertion\tamper\400139972b2d03bb238628b17472cae2.png,UNKNOWN,0.1,OCR_TEXT
C:\Users\jay\Downloads\STFD_ICASSP2023\STFD_ICASSP2023\4_Insertion\tamper\40048221078f8be54feeb6e1981ae228.png,E_COMMERCE,0.35,CV_ECOMMERCE_COLOR+OCR_TEXT
C:\Users\jay\Downloads\STFD_ICASSP2023\STFD_ICASSP2023\4_Insertion\tamper\407ca5cc2c84886a4ca25675c904a5bb.png,DOCUMENT,0.5,CV_MONOCHROME_DOC+OCR_TEXT
C:\Users\jay\Downloads\STFD_ICASSP2023\STFD_ICASSP2023\4_Insertion\tamper\41a069c35013e80ca07a5d0678d67817.png,UNKNOWN,0.1,VISUAL_HEURISTIC
C:\Users\jay\Downloads\STFD_ICASSP2023\STFD_ICASSP2023\4_Insertion\tamper\4204aa7c400d921ac9fa4e2fa66180d9.png,UNKNOWN,0.1,OCR_TEXT
C:\Users\jay\Downloads\STFD_ICASSP2023\STFD_ICASSP2023\4_Insertion\tamper\42d292f899207aa9160634af719fdd17.png,WEB_BROWSING,0.95,OCR_TEXT
C:\Users\jay\Downloads\STFD_ICASSP2023\STFD_ICASSP2023\4_Insertion\tamper\42f98d6c359009385b267cd14395749e.png,UNKNOWN,0.3,OCR_TEXT
C:\Users\jay\Downloads\STFD_ICASSP2023\STFD_ICASSP2023\4_Insertion\tamper\430997f5947b5fb25ec92c7538745d61.png,UNKNOWN,0.35,OCR_TEXT
C:\Users\jay\Downloads\STFD_ICASSP2023\STFD_ICASSP2023\4_Insertion\tamper\4312cbc002f17af2f4b8aaa65c44b49d.png,UNKNOWN,0.1,OCR_TEXT
C:\Users\jay\Downloads\STFD_ICASSP2023\STFD_ICASSP2023\4_Insertion\tamper\43200379c29550fc0a8c81f8902ad9c2.png,MAP_TRANSPORT,0.35,OCR_TEXT
C:\Users\jay\Downloads\STFD_ICASSP2023\STFD_ICASSP2023\4_Insertion\tamper\4375ab03295285faff554e8a0bc6ed5e.png,UNKNOWN,0.1,OCR_TEXT
C:\Users\jay\Downloads\STFD_ICASSP2023\STFD_ICASSP2023\4_Insertion\tamper\43ad5502fb58f8b65afd72f74366c866.png,UNKNOWN,0.25,CV_SETTINGS_GRID+OCR_TEXT
C:\Users\jay\Downloads\STFD_ICASSP2023\STFD_ICASSP2023\4_Insertion\tamper\43e1a0d7743f8e846e6d4eab6b3f9923.png,E_COMMERCE,0.35,CV_ECOMMERCE_COLOR+OCR_TEXT
C:\Users\jay\Downloads\STFD_ICASSP2023\STFD_ICASSP2023\4_Insertion\tamper\445b52622ce084f1ccda2646147485b7.png,UNKNOWN,0.25,CV_SETTINGS_GRID+OCR_TEXT
C:\Users\jay\Downloads\STFD_ICASSP2023\STFD_ICASSP2023\4_Insertion\tamper\44d5a2bf130a383a7e8ed66089e85b4d.png,UNKNOWN,0.1,OCR_TEXT
C:\Users\jay\Downloads\STFD_ICASSP2023\STFD_ICASSP2023\4_Insertion\tamper\44e707d20bd368bae36e4634caa374d0.png,WEB_BROWSING,0.35,OCR_TEXT
C:\Users\jay\Downloads\STFD_ICASSP2023\STFD_ICASSP2023\4_Insertion\tamper\45202644461ac1278a3393462a88cbbd.png,UNKNOWN,0.1,OCR_TEXT
C:\Users\jay\Downloads\STFD_ICASSP2023\STFD_ICASSP2023\4_Insertion\tamper\456d4e70c690656f2b91d2790bb3461c.png,MAP_TRANSPORT,0.35,OCR_TEXT
C:\Users\jay\Downloads\STFD_ICASSP2023\STFD_ICASSP2023\4_Insertion\tamper\45a07fbc11e29416a087ba0caa27369d.png,DOCUMENT,0.5,CV_MONOCHROME_DOC+OCR_TEXT
C:\Users\jay\Downloads\STFD_ICASSP2023\STFD_ICASSP2023\4_Insertion\tamper\45da521e1d3295c4567fd710e48b949a.png,UNKNOWN,0.1,OCR_TEXT
C:\Users\jay\Downloads\STFD_ICASSP2023\STFD_ICASSP2023\4_Insertion\tamper\466ea558ed74cca5f4d3385e6c798f43.png,UNKNOWN,0.25,OCR_TEXT
C:\Users\jay\Downloads\STFD_ICASSP2023\STFD_ICASSP2023\4_Insertion\tamper\46c566b686b6d7cbbc2e338de4e4201f.png,E_COMMERCE,0.35,CV_ECOMMERCE_COLOR+OCR_TEXT
C:\Users\jay\Downloads\STFD_ICASSP2023\STFD_ICASSP2023\4_Insertion\tamper\46dca39af2e06f89fe6834e8b77ab296.png,UNKNOWN,0.1,OCR_TEXT
C:\Users\jay\Downloads\STFD_ICASSP2023\STFD_ICASSP2023\4_Insertion\tamper\46fb0ec39031d92816478c83407c4fe2.png,UNKNOWN,0.1,OCR_TEXT
C:\Users\jay\Downloads\STFD_ICASSP2023\STFD_ICASSP2023\4_Insertion\tamper\472c127eb60bf1dd3a3a99e353857a24.png,UNKNOWN,0.1,OCR_TEXT
C:\Users\jay\Downloads\STFD_ICASSP2023\STFD_ICASSP2023\4_Insertion\tamper\4763462a386edd03ca7b0c5a62823f08.png,E_COMMERCE,0.35,CV_ECOMMERCE_COLOR
C:\Users\jay\Downloads\STFD_ICASSP2023\STFD_ICASSP2023\4_Insertion\tamper\4797cf7ae3a04a8af63e28df17579c7a.png,UNKNOWN,0.1,OCR_TEXT
C:\Users\jay\Downloads\STFD_ICASSP2023\STFD_ICASSP2023\4_Insertion\tamper\4901951a082616a741962369fbf7c3e3.png,UNKNOWN,0.1,OCR_TEXT
C:\Users\jay\Downloads\STFD_ICASSP2023\STFD_ICASSP2023\4_Insertion\tamper\491e761a2fc58a8f4c12ce2df02f10e0.png,UNKNOWN,0.1,OCR_TEXT
C:\Users\jay\Downloads\STFD_ICASSP2023\STFD_ICASSP2023\4_Insertion\tamper\499436cd72acb64adbf54200e44fd5f6.png,UNKNOWN,0.1,OCR_TEXT
C:\Users\jay\Downloads\STFD_ICASSP2023\STFD_ICASSP2023\4_Insertion\tamper\4a189cecc589437f29c4880d58bdcb27.png,E_COMMERCE,0.35,CV_ECOMMERCE_COLOR+OCR_TEXT
C:\Users\jay\Downloads\STFD_ICASSP2023\STFD_ICASSP2023\4_Insertion\tamper\4a2cd434b49b43d5fb1ad32365137fbe.png,DOCUMENT,0.5,CV_MONOCHROME_DOC+OCR_TEXT
C:\Users\jay\Downloads\STFD_ICASSP2023\STFD_ICASSP2023\4_Insertion\tamper\4a8b5791e07c918088bf8c2a6091fc3c.png,UNKNOWN,0.25,CV_SETTINGS_GRID+OCR_TEXT
C:\Users\jay\Downloads\STFD_ICASSP2023\STFD_ICASSP2023\4_Insertion\tamper\4ab59db6bb5644c5240c9ef8a40557a1.png,UNKNOWN,0.1,OCR_TEXT
C:\Users\jay\Downloads\STFD_ICASSP2023\STFD_ICASSP2023\4_Insertion\tamper\4ad67d3cd946f0417add8c91f2aecb29.png,UNKNOWN,0.1,OCR_TEXT
C:\Users\jay\Downloads\STFD_ICASSP2023\STFD_ICASSP2023\4_Insertion\tamper\4b40d1fa2644ef33dfee7decd540a96a.png,UNKNOWN,0.1,OCR_TEXT
C:\Users\jay\Downloads\STFD_ICASSP2023\STFD_ICASSP2023\4_Insertion\tamper\4bb4f6fa0a169f46ec72e07420ef9a11.png,UNKNOWN,0.35,CV_ECOMMERCE_COLOR+OCR_TEXT
C:\Users\jay\Downloads\STFD_ICASSP2023\STFD_ICASSP2023\4_Insertion\tamper\4bcf2ae175505c0c04999de1ab1a6eab.png,UNKNOWN,0.1,OCR_TEXT
C:\Users\jay\Downloads\STFD_ICASSP2023\STFD_ICASSP2023\4_Insertion\tamper\4c512461a6e33a0b3a17f20b36e9f49e.png,UNKNOWN,0.1,OCR_TEXT
C:\Users\jay\Downloads\STFD_ICASSP2023\STFD_ICASSP2023\4_Insertion\tamper\4c7f553354d92b42df954c91eb787358.png,DOCUMENT,0.5,CV_MONOCHROME_DOC+OCR_TEXT
C:\Users\jay\Downloads\STFD_ICASSP2023\STFD_ICASSP2023\4_Insertion\tamper\4c8d5badae1b67b2c2e59b4866a2836e.png,UNKNOWN,0.1,OCR_TEXT
C:\Users\jay\Downloads\STFD_ICASSP2023\STFD_ICASSP2023\4_Insertion\tamper\4cc03bfc758075c56e004445548abacc.png,UNKNOWN,0.1,OCR_TEXT
C:\Users\jay\Downloads\STFD_ICASSP2023\STFD_ICASSP2023\4_Insertion\tamper\4d2cd40257c68d1a9c86f0d7edfdf2de.png,UNKNOWN,0.1,OCR_TEXT
C:\Users\jay\Downloads\STFD_ICASSP2023\STFD_ICASSP2023\4_Insertion\tamper\4f0bd272387950b3954b95601e07715b.png,DOCUMENT,0.5,CV_MONOCHROME_DOC+OCR_TEXT
C:\Users\jay\Downloads\STFD_ICASSP2023\STFD_ICASSP2023\4_Insertion\tamper\4fdd35fa628170ed7e2a13e85db396b1.png,UNKNOWN,0.1,OCR_TEXT
C:\Users\jay\Downloads\STFD_ICASSP2023\STFD_ICASSP2023\4_Insertion\tamper\500132d9333ab72f2421a3aafed53214.png,UNKNOWN,0.1,OCR_TEXT
C:\Users\jay\Downloads\STFD_ICASSP2023\STFD_ICASSP2023\4_Insertion\tamper\5013885c6d44e791b00a07e44068cbc6.png,UNKNOWN,0.3,OCR_TEXT
C:\Users\jay\Downloads\STFD_ICASSP2023\STFD_ICASSP2023\4_Insertion\tamper\5022394306e4c731eb5ff791cd442d3f.png,UNKNOWN,0.1,OCR_TEXT
C:\Users\jay\Downloads\STFD_ICASSP2023\STFD_ICASSP2023\4_Insertion\tamper\504174271b7924143044a83efacb1479.png,UNKNOWN,0.1,OCR_TEXT
C:\Users\jay\Downloads\STFD_ICASSP2023\STFD_ICASSP2023\4_Insertion\tamper\5071855c573f504d617b2add95815f65.png,UNKNOWN,0.1,OCR_TEXT
C:\Users\jay\Downloads\STFD_ICASSP2023\STFD_ICASSP2023\4_Insertion\tamper\50c404207535097c33ef5e28069fe9dc.png,UNKNOWN,0.1,OCR_TEXT
C:\Users\jay\Downloads\STFD_ICASSP2023\STFD_ICASSP2023\4_Insertion\tamper\50f13764f327f37af74eb2eaafb3d92f.png,UNKNOWN,0.1,OCR_TEXT
C:\Users\jay\Downloads\STFD_ICASSP2023\STFD_ICASSP2023\4_Insertion\tamper\511abe199fc43baaa2a92c2c50672593.png,UNKNOWN,0.1,OCR_TEXT
C:\Users\jay\Downloads\STFD_ICASSP2023\STFD_ICASSP2023\4_Insertion\tamper\51dfb1cc771c37a47d438d278aea67f1.png,UNKNOWN,0.1,OCR_TEXT
C:\Users\jay\Downloads\STFD_ICASSP2023\STFD_ICASSP2023\4_Insertion\tamper\52540210ed42ddac08c85954ffcd2713.png,UNKNOWN,0.1,OCR_TEXT
C:\Users\jay\Downloads\STFD_ICASSP2023\STFD_ICASSP2023\4_Insertion\tamper\52aee0fe2e5d1e564d2a2f7eb3da6e33.png,MAP_TRANSPORT,0.35,OCR_TEXT
C:\Users\jay\Downloads\STFD_ICASSP2023\STFD_ICASSP2023\4_Insertion\tamper\52b80e8fb03662eaace6e21d1b78bb94.png,UNKNOWN,0.25,OCR_TEXT
C:\Users\jay\Downloads\STFD_ICASSP2023\STFD_ICASSP2023\4_Insertion\tamper\52feeaadaecf2e2f4ac9e705426dd3b9.png,UNKNOWN,0.1,OCR_TEXT
C:\Users\jay\Downloads\STFD_ICASSP2023\STFD_ICASSP2023\4_Insertion\tamper\5352072484c57d6ea679761ba27e4ed4.png,E_COMMERCE,0.35,CV_ECOMMERCE_COLOR+OCR_TEXT
C:\Users\jay\Downloads\STFD_ICASSP2023\STFD_ICASSP2023\4_Insertion\tamper\5408ca4b5d4f14ee45991e5ffef17d1e.png,UNKNOWN,0.25,OCR_TEXT
C:\Users\jay\Downloads\STFD_ICASSP2023\STFD_ICASSP2023\4_Insertion\tamper\543c5263bb6e671328128092ea0ebec2.png,UNKNOWN,0.1,OCR_TEXT
C:\Users\jay\Downloads\STFD_ICASSP2023\STFD_ICASSP2023\4_Insertion\tamper\548969a70c50b2c009f6abfe6dfce07a.png,E_COMMERCE,0.35,CV_ECOMMERCE_COLOR+OCR_TEXT
C:\Users\jay\Downloads\STFD_ICASSP2023\STFD_ICASSP2023\4_Insertion\tamper\55bb6490259a6af67cb6c377b909fa95.png,UNKNOWN,0.1,OCR_TEXT
C:\Users\jay\Downloads\STFD_ICASSP2023\STFD_ICASSP2023\4_Insertion\tamper\565daa8ae2b66b4ef4c9d6effa7db760.png,UNKNOWN,0.25,CV_SETTINGS_GRID+OCR_TEXT
C:\Users\jay\Downloads\STFD_ICASSP2023\STFD_ICASSP2023\4_Insertion\tamper\569dc781f25968174bad049b2bb24d4b.png,MAP_TRANSPORT,0.35,OCR_TEXT
C:\Users\jay\Downloads\STFD_ICASSP2023\STFD_ICASSP2023\4_Insertion\tamper\579459648c5efa1ed7687f6d70a27936.png,MAP_TRANSPORT,0.35,CV_SETTINGS_GRID+OCR_TEXT
C:\Users\jay\Downloads\STFD_ICASSP2023\STFD_ICASSP2023\4_Insertion\tamper\58202e2d51e93818de644dcc62c25f6b.png,UNKNOWN,0.25,OCR_TEXT
C:\Users\jay\Downloads\STFD_ICASSP2023\STFD_ICASSP2023\4_Insertion\tamper\5b01b4de471ed9f19c4f9dbd2e38de69.png,UNKNOWN,0.1,OCR_TEXT
C:\Users\jay\Downloads\STFD_ICASSP2023\STFD_ICASSP2023\4_Insertion\tamper\5b0294f8a0e6fd907c07924f0122b6c0.png,UNKNOWN,0.25,OCR_TEXT
C:\Users\jay\Downloads\STFD_ICASSP2023\STFD_ICASSP2023\4_Insertion\tamper\5b539f79c1ce91bf4100994a7c4dc608.png,UNKNOWN,0.1,OCR_TEXT
C:\Users\jay\Downloads\STFD_ICASSP2023\STFD_ICASSP2023\4_Insertion\tamper\5bc58b9bf361587bc33b61583ec8cb36.png,UNKNOWN,0.1,OCR_TEXT
C:\Users\jay\Downloads\STFD_ICASSP2023\STFD_ICASSP2023\4_Insertion\tamper\5bd184345b9bbeae05038d88c6c25ca7.png,DOCUMENT,0.5,CV_MONOCHROME_DOC+OCR_TEXT
C:\Users\jay\Downloads\STFD_ICASSP2023\STFD_ICASSP2023\4_Insertion\tamper\5c2e5c4943bd63eafd20c1162619a7e8.png,WEB_BROWSING,0.7,OCR_TEXT
C:\Users\jay\Downloads\STFD_ICASSP2023\STFD_ICASSP2023\4_Insertion\tamper\5c364f382a435a0199aceb8629750fa3.png,UNKNOWN,0.25,OCR_TEXT
C:\Users\jay\Downloads\STFD_ICASSP2023\STFD_ICASSP2023\4_Insertion\tamper\5ca134f893f36937ac50c43e65e64065.png,UNKNOWN,0.1,OCR_TEXT
C:\Users\jay\Downloads\STFD_ICASSP2023\STFD_ICASSP2023\4_Insertion\tamper\5cb2d1adca84d786142240911c374198.png,UNKNOWN,0.1,VISUAL_HEURISTIC
C:\Users\jay\Downloads\STFD_ICASSP2023\STFD_ICASSP2023\4_Insertion\tamper\5cc6b74b9a769c546ba50746f5a1d253.png,UNKNOWN,0.25,CV_SETTINGS_GRID+OCR_TEXT
C:\Users\jay\Downloads\STFD_ICASSP2023\STFD_ICASSP2023\4_Insertion\tamper\5ceb726f093e5456ada14ddea6b70145.png,UNKNOWN,0.1,OCR_TEXT
C:\Users\jay\Downloads\STFD_ICASSP2023\STFD_ICASSP2023\4_Insertion\tamper\5d9b50cf57dae9c7a10f149e1889aff4.png,UNKNOWN,0.1,OCR_TEXT
C:\Users\jay\Downloads\STFD_ICASSP2023\STFD_ICASSP2023\4_Insertion\tamper\5db0abc78e67019c69684741c4a31c45.png,UNKNOWN,0.1,OCR_TEXT
C:\Users\jay\Downloads\STFD_ICASSP2023\STFD_ICASSP2023\4_Insertion\tamper\5db3d25e1f02bdeaf408b9599ee7dac5.png,UNKNOWN,0.25,OCR_TEXT
C:\Users\jay\Downloads\STFD_ICASSP2023\STFD_ICASSP2023\4_Insertion\tamper\5dfdec64949f49c18e93cd34b4750e6f.png,DOCUMENT,0.5,CV_MONOCHROME_DOC+OCR_TEXT
C:\Users\jay\Downloads\STFD_ICASSP2023\STFD_ICASSP2023\4_Insertion\tamper\5e4de7ab4f7927da97373186d82f9aa3.png,UNKNOWN,0.1,OCR_TEXT
C:\Users\jay\Downloads\STFD_ICASSP2023\STFD_ICASSP2023\4_Insertion\tamper\5e6ea09bd35a484a0b198ec5b5528dc7.png,UNKNOWN,0.1,OCR_TEXT
C:\Users\jay\Downloads\STFD_ICASSP2023\STFD_ICASSP2023\4_Insertion\tamper\5fb4a03264b3419acbbd3a5812927525.png,E_COMMERCE,0.35,CV_ECOMMERCE_COLOR+OCR_TEXT
C:\Users\jay\Downloads\STFD_ICASSP2023\STFD_ICASSP2023\4_Insertion\tamper\6017428d7c826a30963822b9f0efb168.png,UNKNOWN,0.25,OCR_TEXT
C:\Users\jay\Downloads\STFD_ICASSP2023\STFD_ICASSP2023\4_Insertion\tamper\6034c5c456abfcbfc3b8fea78031d196.png,UNKNOWN,0.25,CV_SETTINGS_GRID+OCR_TEXT
C:\Users\jay\Downloads\STFD_ICASSP2023\STFD_ICASSP2023\4_Insertion\tamper\609c806fac312ca3e59a7deaff5e2ba8.png,UNKNOWN,0.1,OCR_TEXT
C:\Users\jay\Downloads\STFD_ICASSP2023\STFD_ICASSP2023\4_Insertion\tamper\60dab23c059bf848118a29be6c524aab.png,DOCUMENT,0.8,CV_MONOCHROME_DOC+OCR_TEXT
C:\Users\jay\Downloads\STFD_ICASSP2023\STFD_ICASSP2023\4_Insertion\tamper\61b6681856f9d343ed7b27196bc6badb.png,UNKNOWN,0.1,OCR_TEXT
C:\Users\jay\Downloads\STFD_ICASSP2023\STFD_ICASSP2023\4_Insertion\tamper\61daa71026aca7329c894f9cbcdde9dd.png,UNKNOWN,0.25,OCR_TEXT
C:\Users\jay\Downloads\STFD_ICASSP2023\STFD_ICASSP2023\4_Insertion\tamper\62fd55484c29c772b0b7cb401b1765b2.png,DOCUMENT,0.5,CV_MONOCHROME_DOC+OCR_TEXT
C:\Users\jay\Downloads\STFD_ICASSP2023\STFD_ICASSP2023\4_Insertion\tamper\63b5543ef1f06862d2f9afea2bba469c.png,SYSTEM_INTERFACE,0.6,OCR_TEXT
C:\Users\jay\Downloads\STFD_ICASSP2023\STFD_ICASSP2023\4_Insertion\tamper\63ba10ab33cf58b3a81427dc3cd50747.png,UNKNOWN,0.1,OCR_TEXT
C:\Users\jay\Downloads\STFD_ICASSP2023\STFD_ICASSP2023\4_Insertion\tamper\63c93d75c5ed3f8198547c05ead2b593.png,UNKNOWN,0.1,OCR_TEXT
C:\Users\jay\Downloads\STFD_ICASSP2023\STFD_ICASSP2023\4_Insertion\tamper\63c9ad0a1c76a46caf16a78a38369999.png,E_COMMERCE,0.35,CV_ECOMMERCE_COLOR+OCR_TEXT
C:\Users\jay\Downloads\STFD_ICASSP2023\STFD_ICASSP2023\4_Insertion\tamper\63d8d0c20cd0bad994cdc712b71e7dd3.png,UNKNOWN,0.1,OCR_TEXT
C:\Users\jay\Downloads\STFD_ICASSP2023\STFD_ICASSP2023\4_Insertion\tamper\640f5e27e19e3d4a9b9fe82aeeaf989d.png,UNKNOWN,0.1,OCR_TEXT
C:\Users\jay\Downloads\STFD_ICASSP2023\STFD_ICASSP2023\4_Insertion\tamper\646310ef871b507a7a84e478f1697c8a.png,UNKNOWN,0.1,OCR_TEXT
C:\Users\jay\Downloads\STFD_ICASSP2023\STFD_ICASSP2023\4_Insertion\tamper\650214922aec372f3602ce353a986247.png,UNKNOWN,0.1,OCR_TEXT
C:\Users\jay\Downloads\STFD_ICASSP2023\STFD_ICASSP2023\4_Insertion\tamper\65255a618a4b21596c75e330bb939705.png,UNKNOWN,0.25,OCR_TEXT
C:\Users\jay\Downloads\STFD_ICASSP2023\STFD_ICASSP2023\4_Insertion\tamper\653bf2e66952a935238bf8e75948a25b.png,UNKNOWN,0.1,OCR_TEXT
C:\Users\jay\Downloads\STFD_ICASSP2023\STFD_ICASSP2023\4_Insertion\tamper\65440f494727d951721fa574a9dcb409.png,E_COMMERCE,0.35,CV_ECOMMERCE_COLOR+OCR_TEXT
C:\Users\jay\Downloads\STFD_ICASSP2023\STFD_ICASSP2023\4_Insertion\tamper\658489d3704fdf412f8f485a4033ba59.png,UNKNOWN,0.1,OCR_TEXT
C:\Users\jay\Downloads\STFD_ICASSP2023\STFD_ICASSP2023\4_Insertion\tamper\65d13138a9f3e1788df14132264232a4.png,UNKNOWN,0.1,OCR_TEXT
C:\Users\jay\Downloads\STFD_ICASSP2023\STFD_ICASSP2023\4_Insertion\tamper\662dc365ba668a6abcd5f5202fcc7ad6.png,UNKNOWN,0.1,OCR_TEXT
C:\Users\jay\Downloads\STFD_ICASSP2023\STFD_ICASSP2023\4_Insertion\tamper\667000cfc83f2ffb199b3ff426a15d2a.png,DOCUMENT,0.5,CV_MONOCHROME_DOC+OCR_TEXT
C:\Users\jay\Downloads\STFD_ICASSP2023\STFD_ICASSP2023\4_Insertion\tamper\6672bcb0d68fcb857fd544ca117a97f1.png,UNKNOWN,0.1,OCR_TEXT
C:\Users\jay\Downloads\STFD_ICASSP2023\STFD_ICASSP2023\4_Insertion\tamper\667e85e9c17bb732add6174f0e13254d.png,UNKNOWN,0.1,OCR_TEXT
C:\Users\jay\Downloads\STFD_ICASSP2023\STFD_ICASSP2023\4_Insertion\tamper\66b80e651466a4ac295ba86661889365.png,E_COMMERCE,0.35,CV_ECOMMERCE_COLOR+OCR_TEXT
C:\Users\jay\Downloads\STFD_ICASSP2023\STFD_ICASSP2023\4_Insertion\tamper\6789b781e056fbdf4da1bd784f272ae0.png,UNKNOWN,0.25,OCR_TEXT
C:\Users\jay\Downloads\STFD_ICASSP2023\STFD_ICASSP2023\4_Insertion\tamper\67b7d91dabc66854af7b7edb89580d17.png,UNKNOWN,0.1,OCR_TEXT
C:\Users\jay\Downloads\STFD_ICASSP2023\STFD_ICASSP2023\4_Insertion\tamper\68285fd4cc7a8c3157d590c2b445be0e.png,WEB_BROWSING,0.95,OCR_TEXT
C:\Users\jay\Downloads\STFD_ICASSP2023\STFD_ICASSP2023\4_Insertion\tamper\68b731bcd14eb7b45b9c8fb29bd25964.png,UNKNOWN,0.1,OCR_TEXT
C:\Users\jay\Downloads\STFD_ICASSP2023\STFD_ICASSP2023\4_Insertion\tamper\68e5a0a6de96e47e6af689931f778bc8.png,WEB_BROWSING,0.7,OCR_TEXT
C:\Users\jay\Downloads\STFD_ICASSP2023\STFD_ICASSP2023\4_Insertion\tamper\6b550b8e193fe47dcdd2b80d856a571a.png,UNKNOWN,0.1,OCR_TEXT
C:\Users\jay\Downloads\STFD_ICASSP2023\STFD_ICASSP2023\4_Insertion\tamper\6bc784d1a364dd2180e470874f884348.png,UNKNOWN,0.1,OCR_TEXT
C:\Users\jay\Downloads\STFD_ICASSP2023\STFD_ICASSP2023\4_Insertion\tamper\6c6e79521e1517d824ee67fcd4d048f8.png,UNKNOWN,0.1,OCR_TEXT
C:\Users\jay\Downloads\STFD_ICASSP2023\STFD_ICASSP2023\4_Insertion\tamper\6cd0ab6ca8e70561896754b4c6d1790d.png,UNKNOWN,0.1,OCR_TEXT
C:\Users\jay\Downloads\STFD_ICASSP2023\STFD_ICASSP2023\4_Insertion\tamper\6d02e36bcb8183bbb30f2aff78a80e09.png,UNKNOWN,0.1,VISUAL_HEURISTIC
C:\Users\jay\Downloads\STFD_ICASSP2023\STFD_ICASSP2023\4_Insertion\tamper\6d6bdeff5f97c0f44b81fe66a3942a43.png,UNKNOWN,0.1,OCR_TEXT
C:\Users\jay\Downloads\STFD_ICASSP2023\STFD_ICASSP2023\4_Insertion\tamper\6e2f98412533dddfb1f3670c16f33bec.png,UNKNOWN,0.25,CV_SETTINGS_GRID+OCR_TEXT
C:\Users\jay\Downloads\STFD_ICASSP2023\STFD_ICASSP2023\4_Insertion\tamper\6eab1d7b96a18c0a27239c7d888c4a96.png,UNKNOWN,0.1,OCR_TEXT
C:\Users\jay\Downloads\STFD_ICASSP2023\STFD_ICASSP2023\4_Insertion\tamper\6ec615ebf3726d13c414fee62f462590.png,UNKNOWN,0.1,OCR_TEXT
C:\Users\jay\Downloads\STFD_ICASSP2023\STFD_ICASSP2023\4_Insertion\tamper\6eedd85aa5b86af045aaaff999d9a807.png,WEB_BROWSING,0.35,OCR_TEXT
C:\Users\jay\Downloads\STFD_ICASSP2023\STFD_ICASSP2023\4_Insertion\tamper\6ef590a3ff8aa74c2dc2a391d35f29db.png,UNKNOWN,0.1,OCR_TEXT
C:\Users\jay\Downloads\STFD_ICASSP2023\STFD_ICASSP2023\4_Insertion\tamper\6f277433a93da5ca5e3d256b4d30bf0a.png,UNKNOWN,0.1,OCR_TEXT
C:\Users\jay\Downloads\STFD_ICASSP2023\STFD_ICASSP2023\4_Insertion\tamper\6f9eca35d17d6a1b868fd13e736c2ab2.png,UNKNOWN,0.3,OCR_TEXT
C:\Users\jay\Downloads\STFD_ICASSP2023\STFD_ICASSP2023\4_Insertion\tamper\707042201b1cdb73fc6a22a48e5dfd38.png,UNKNOWN,0.1,OCR_TEXT
C:\Users\jay\Downloads\STFD_ICASSP2023\STFD_ICASSP2023\4_Insertion\tamper\7096f81628c0fbf09fb5099f04073c75.png,UNKNOWN,0.25,OCR_TEXT
C:\Users\jay\Downloads\STFD_ICASSP2023\STFD_ICASSP2023\4_Insertion\tamper\7098f4ae18d0a339e1aac4d48770d055.png,UNKNOWN,0.1,OCR_TEXT
C:\Users\jay\Downloads\STFD_ICASSP2023\STFD_ICASSP2023\4_Insertion\tamper\710fdd88645c290ac9a9a00c66e1cc7a.png,UNKNOWN,0.1,OCR_TEXT
C:\Users\jay\Downloads\STFD_ICASSP2023\STFD_ICASSP2023\4_Insertion\tamper\71fe8170eb2ba00b90522dd69f6b33cb.png,DOCUMENT,0.5,CV_MONOCHROME_DOC+OCR_TEXT
C:\Users\jay\Downloads\STFD_ICASSP2023\STFD_ICASSP2023\4_Insertion\tamper\72089153d3e24be49b29dd714ba0ecc6.png,DOCUMENT,0.5,CV_MONOCHROME_DOC+OCR_TEXT
C:\Users\jay\Downloads\STFD_ICASSP2023\STFD_ICASSP2023\4_Insertion\tamper\725ae4101efd747f9819155e12b9a927.png,E_COMMERCE,0.35,CV_ECOMMERCE_COLOR+OCR_TEXT
C:\Users\jay\Downloads\STFD_ICASSP2023\STFD_ICASSP2023\4_Insertion\tamper\727fa66d1c0b6f51934978d857082c26.png,UNKNOWN,0.1,OCR_TEXT
C:\Users\jay\Downloads\STFD_ICASSP2023\STFD_ICASSP2023\4_Insertion\tamper\72f421a1309b76184c4d7abde497bac4.png,E_COMMERCE,0.35,CV_ECOMMERCE_COLOR+OCR_TEXT
C:\Users\jay\Downloads\STFD_ICASSP2023\STFD_ICASSP2023\4_Insertion\tamper\7309b9e5b7e71bb8ac0ce3fc1e2faf57.png,MAP_TRANSPORT,0.35,OCR_TEXT
C:\Users\jay\Downloads\STFD_ICASSP2023\STFD_ICASSP2023\4_Insertion\tamper\73d11f839e3ba6de271da86b566737c0.png,UNKNOWN,0.1,OCR_TEXT
C:\Users\jay\Downloads\STFD_ICASSP2023\STFD_ICASSP2023\4_Insertion\tamper\7410ddfd52c25d68b0809ead7e65f3f3.png,UNKNOWN,0.1,OCR_TEXT
C:\Users\jay\Downloads\STFD_ICASSP2023\STFD_ICASSP2023\4_Insertion\tamper\7456783cf40852b29234a5665ec9c1e9.png,E_COMMERCE,0.5,CV_SETTINGS_GRID+OCR_TEXT
C:\Users\jay\Downloads\STFD_ICASSP2023\STFD_ICASSP2023\4_Insertion\tamper\745a96d85c862d658b05dd611fa6fa47.png,E_COMMERCE,0.35,CV_ECOMMERCE_COLOR+OCR_TEXT
C:\Users\jay\Downloads\STFD_ICASSP2023\STFD_ICASSP2023\4_Insertion\tamper\74843b6b5bb51d4a4a9535837890df51.png,UNKNOWN,0.1,OCR_TEXT
C:\Users\jay\Downloads\STFD_ICASSP2023\STFD_ICASSP2023\4_Insertion\tamper\74ea626da18896f7800d4b36b265c06a.png,UNKNOWN,0.25,CV_SETTINGS_GRID+OCR_TEXT
C:\Users\jay\Downloads\STFD_ICASSP2023\STFD_ICASSP2023\4_Insertion\tamper\74fa8eaa2b0c11c0d24c0f232c6a9bd7.png,UNKNOWN,0.1,OCR_TEXT
C:\Users\jay\Downloads\STFD_ICASSP2023\STFD_ICASSP2023\4_Insertion\tamper\750838f10ba2c283a784bac3514d116c.png,E_COMMERCE,0.35,CV_ECOMMERCE_COLOR+OCR_TEXT
C:\Users\jay\Downloads\STFD_ICASSP2023\STFD_ICASSP2023\4_Insertion\tamper\75321ed907c359f77d16afe4f5efc5fe.png,E_COMMERCE,0.35,CV_ECOMMERCE_COLOR+OCR_TEXT
C:\Users\jay\Downloads\STFD_ICASSP2023\STFD_ICASSP2023\4_Insertion\tamper\7599f85f19c510e034d2397008d6a9f7.png,DOCUMENT,0.5,CV_MONOCHROME_DOC+CV_SETTINGS_GRID+OCR_TEXT
C:\Users\jay\Downloads\STFD_ICASSP2023\STFD_ICASSP2023\4_Insertion\tamper\75fa2cd7e5805030313605db0c06e00b.png,UNKNOWN,0.1,OCR_TEXT
C:\Users\jay\Downloads\STFD_ICASSP2023\STFD_ICASSP2023\4_Insertion\tamper\76121abf32377586a32fc7df7b84e6e5.png,DOCUMENT,0.5,CV_MONOCHROME_DOC+OCR_TEXT
C:\Users\jay\Downloads\STFD_ICASSP2023\STFD_ICASSP2023\4_Insertion\tamper\762f2055509ed0ecc468317001134145.png,UNKNOWN,0.1,OCR_TEXT
C:\Users\jay\Downloads\STFD_ICASSP2023\STFD_ICASSP2023\4_Insertion\tamper\76ab38ee4df732dc9b27c75ae40b5a9a.png,E_COMMERCE,0.35,CV_ECOMMERCE_COLOR+OCR_TEXT
C:\Users\jay\Downloads\STFD_ICASSP2023\STFD_ICASSP2023\4_Insertion\tamper\76ac97686d52636b9fcd77f88a8974d7.png,UNKNOWN,0.1,OCR_TEXT
C:\Users\jay\Downloads\STFD_ICASSP2023\STFD_ICASSP2023\4_Insertion\tamper\76ce3144f7e75e89d0e9e20ddf63541c.png,E_COMMERCE,0.35,CV_ECOMMERCE_COLOR+CV_SETTINGS_GRID+OCR_TEXT
C:\Users\jay\Downloads\STFD_ICASSP2023\STFD_ICASSP2023\4_Insertion\tamper\76ea8baa213f12d1701f7b5d726953b0.png,E_COMMERCE,0.35,CV_ECOMMERCE_COLOR
C:\Users\jay\Downloads\STFD_ICASSP2023\STFD_ICASSP2023\4_Insertion\tamper\7708a7229ccd264eda4f6e04c7a77025.png,UNKNOWN,0.25,OCR_TEXT
C:\Users\jay\Downloads\STFD_ICASSP2023\STFD_ICASSP2023\4_Insertion\tamper\7757e5e12918d2c07734e625bdf95c9d.png,UNKNOWN,0.1,OCR_TEXT
C:\Users\jay\Downloads\STFD_ICASSP2023\STFD_ICASSP2023\4_Insertion\tamper\77b86d3d05e3838869da05e3ec058874.png,UNKNOWN,0.1,OCR_TEXT
C:\Users\jay\Downloads\STFD_ICASSP2023\STFD_ICASSP2023\4_Insertion\tamper\782208fa47aeabe182edc75b77d57d65.png,DOCUMENT,0.5,CV_MONOCHROME_DOC+OCR_TEXT
C:\Users\jay\Downloads\STFD_ICASSP2023\STFD_ICASSP2023\4_Insertion\tamper\7939562921e0cf1a7a3b51f5e382a3f5.png,UNKNOWN,0.1,OCR_TEXT
C:\Users\jay\Downloads\STFD_ICASSP2023\STFD_ICASSP2023\4_Insertion\tamper\7a98c0259599c646f77e8d4a6014dcd7.png,E_COMMERCE,0.35,CV_ECOMMERCE_COLOR+OCR_TEXT
C:\Users\jay\Downloads\STFD_ICASSP2023\STFD_ICASSP2023\4_Insertion\tamper\7ab01add7146402da9a7f6cc563bb85d.png,UNKNOWN,0.25,CV_SETTINGS_GRID+OCR_TEXT
C:\Users\jay\Downloads\STFD_ICASSP2023\STFD_ICASSP2023\4_Insertion\tamper\7b5922fcde67dcc050daff3bcdb380ac.png,UNKNOWN,0.1,OCR_TEXT
C:\Users\jay\Downloads\STFD_ICASSP2023\STFD_ICASSP2023\4_Insertion\tamper\7bc7c2b3a236860cef58dd2d09386d44.png,E_COMMERCE,0.35,CV_ECOMMERCE_COLOR+OCR_TEXT
C:\Users\jay\Downloads\STFD_ICASSP2023\STFD_ICASSP2023\4_Insertion\tamper\7c5c4a224f192fab0f4a1c919c8d6079.png,UNKNOWN,0.1,OCR_TEXT
C:\Users\jay\Downloads\STFD_ICASSP2023\STFD_ICASSP2023\4_Insertion\tamper\7cfbcd6d3f467e2096a841392cfcc18b.png,UNKNOWN,0.1,OCR_TEXT
C:\Users\jay\Downloads\STFD_ICASSP2023\STFD_ICASSP2023\4_Insertion\tamper\7d62428163b0a458f0c574a33fda0898.png,E_COMMERCE,0.35,CV_ECOMMERCE_COLOR+OCR_TEXT
C:\Users\jay\Downloads\STFD_ICASSP2023\STFD_ICASSP2023\4_Insertion\tamper\7e6984aa0259385db79176c5fdb76f7d.png,UNKNOWN,0.1,OCR_TEXT
C:\Users\jay\Downloads\STFD_ICASSP2023\STFD_ICASSP2023\4_Insertion\tamper\7ea6e8002878dfe7334f215f171bbb15.png,UNKNOWN,0.1,OCR_TEXT
C:\Users\jay\Downloads\STFD_ICASSP2023\STFD_ICASSP2023\4_Insertion\tamper\7eacdc9ab2da5a0cd5d996bfb717abf6.png,UNKNOWN,0.1,OCR_TEXT
C:\Users\jay\Downloads\STFD_ICASSP2023\STFD_ICASSP2023\4_Insertion\tamper\7ede3fca301dace2ff35dfb4e367efb8.png,E_COMMERCE,0.35,CV_ECOMMERCE_COLOR+OCR_TEXT
C:\Users\jay\Downloads\STFD_ICASSP2023\STFD_ICASSP2023\4_Insertion\tamper\7f03fe0c3104fad49a562aa24bd6d2c9.png,UNKNOWN,0.25,OCR_TEXT
C:\Users\jay\Downloads\STFD_ICASSP2023\STFD_ICASSP2023\4_Insertion\tamper\7fe2f216c91fd84d02a556bde2cc0c89.png,UNKNOWN,0.1,OCR_TEXT
C:\Users\jay\Downloads\STFD_ICASSP2023\STFD_ICASSP2023\4_Insertion\tamper\7fe33285d16d0513038a6369aa98efc6.png,E_COMMERCE,0.35,CV_ECOMMERCE_COLOR+OCR_TEXT
C:\Users\jay\Downloads\STFD_ICASSP2023\STFD_ICASSP2023\4_Insertion\tamper\8010077f80eda1e94a252724b025e3b8.png,UNKNOWN,0.1,OCR_TEXT
C:\Users\jay\Downloads\STFD_ICASSP2023\STFD_ICASSP2023\4_Insertion\tamper\8054673299449f4ce5cc09dd4a89db29.png,UNKNOWN,0.1,OCR_TEXT
C:\Users\jay\Downloads\STFD_ICASSP2023\STFD_ICASSP2023\4_Insertion\tamper\80e5ceb50ab286dd05e931a3b4fb0f47.png,UNKNOWN,0.1,OCR_TEXT
C:\Users\jay\Downloads\STFD_ICASSP2023\STFD_ICASSP2023\4_Insertion\tamper\8212fb2bbbcb69e80e69df861688b413.png,UNKNOWN,0.1,OCR_TEXT
C:\Users\jay\Downloads\STFD_ICASSP2023\STFD_ICASSP2023\4_Insertion\tamper\83b35389544227aa4fe2bb4a5dc88669.png,UNKNOWN,0.1,OCR_TEXT
C:\Users\jay\Downloads\STFD_ICASSP2023\STFD_ICASSP2023\4_Insertion\tamper\8406552be87e0ba87a8063af73543af3.png,UNKNOWN,0.1,OCR_TEXT
C:\Users\jay\Downloads\STFD_ICASSP2023\STFD_ICASSP2023\4_Insertion\tamper\84971ccee9353660d8188e01205486d1.png,UNKNOWN,0.25,OCR_TEXT
C:\Users\jay\Downloads\STFD_ICASSP2023\STFD_ICASSP2023\4_Insertion\tamper\84ad51f3ca53ad764870c4fa5a3635af.png,UNKNOWN,0.1,OCR_TEXT
C:\Users\jay\Downloads\STFD_ICASSP2023\STFD_ICASSP2023\4_Insertion\tamper\84b5f0206c5860dc4e65fb9ff923eef4.png,UNKNOWN,0.25,OCR_TEXT
C:\Users\jay\Downloads\STFD_ICASSP2023\STFD_ICASSP2023\4_Insertion\tamper\84b6a2d361363fdf609f74455f019d5b.png,E_COMMERCE,0.6,CV_ECOMMERCE_COLOR+OCR_TEXT
C:\Users\jay\Downloads\STFD_ICASSP2023\STFD_ICASSP2023\4_Insertion\tamper\84d5f3b002a94ebaa34986ff2eb1c789.png,UNKNOWN,0.1,OCR_TEXT
C:\Users\jay\Downloads\STFD_ICASSP2023\STFD_ICASSP2023\4_Insertion\tamper\8556f08875e46c71be44cbd5140b136f.png,UNKNOWN,0.1,OCR_TEXT
C:\Users\jay\Downloads\STFD_ICASSP2023\STFD_ICASSP2023\4_Insertion\tamper\85694181056436902761969fa877ba84.png,UNKNOWN,0.25,OCR_TEXT
C:\Users\jay\Downloads\STFD_ICASSP2023\STFD_ICASSP2023\4_Insertion\tamper\8592006d2dd33f0ab3ec21aab3e41d79.png,UNKNOWN,0.1,OCR_TEXT
C:\Users\jay\Downloads\STFD_ICASSP2023\STFD_ICASSP2023\4_Insertion\tamper\85caa0ce91a8477364124770f483a4e0.png,UNKNOWN,0.1,OCR_TEXT
C:\Users\jay\Downloads\STFD_ICASSP2023\STFD_ICASSP2023\4_Insertion\tamper\860cd269842f9fba0fc6bb475b4ee6ad.png,UNKNOWN,0.1,OCR_TEXT
C:\Users\jay\Downloads\STFD_ICASSP2023\STFD_ICASSP2023\4_Insertion\tamper\8660858fc734ff8e1a64d1eeb8db1e0a.png,UNKNOWN,0.1,OCR_TEXT
C:\Users\jay\Downloads\STFD_ICASSP2023\STFD_ICASSP2023\4_Insertion\tamper\86a0362691b2e0c99550f38022237efb.png,UNKNOWN,0.35,CV_ECOMMERCE_COLOR+OCR_TEXT
C:\Users\jay\Downloads\STFD_ICASSP2023\STFD_ICASSP2023\4_Insertion\tamper\86a33f7463519e2fd9e33edb5431172e.png,UNKNOWN,0.1,OCR_TEXT
C:\Users\jay\Downloads\STFD_ICASSP2023\STFD_ICASSP2023\4_Insertion\tamper\86b20c937e00ae3eb8a448e15b669a3c.png,UNKNOWN,0.35,CV_ECOMMERCE_COLOR+CV_SETTINGS_GRID+OCR_TEXT
C:\Users\jay\Downloads\STFD_ICASSP2023\STFD_ICASSP2023\4_Insertion\tamper\86f0ef2d940ffff03d0c02d3ef37e2e4.png,UNKNOWN,0.25,OCR_TEXT
C:\Users\jay\Downloads\STFD_ICASSP2023\STFD_ICASSP2023\4_Insertion\tamper\8786162341439774f473ea0c1fbe495a.png,DOCUMENT,0.5,CV_MONOCHROME_DOC+OCR_TEXT
C:\Users\jay\Downloads\STFD_ICASSP2023\STFD_ICASSP2023\4_Insertion\tamper\87c5bbce06a32a13ad39dd6dbab23130.png,DOCUMENT,0.5,CV_MONOCHROME_DOC+OCR_TEXT
C:\Users\jay\Downloads\STFD_ICASSP2023\STFD_ICASSP2023\4_Insertion\tamper\87c92dd9ee81c5af96381c9fa623ea2d.png,UNKNOWN,0.25,OCR_TEXT
C:\Users\jay\Downloads\STFD_ICASSP2023\STFD_ICASSP2023\4_Insertion\tamper\88c8e01ade162b88a8eca19dcd2f9714.png,UNKNOWN,0.25,OCR_TEXT
C:\Users\jay\Downloads\STFD_ICASSP2023\STFD_ICASSP2023\4_Insertion\tamper\88f8ad4484295991a5d6cd5c88933cbb.png,UNKNOWN,0.25,OCR_TEXT
C:\Users\jay\Downloads\STFD_ICASSP2023\STFD_ICASSP2023\4_Insertion\tamper\894e2ddb8ddf48353c4b62c371c4519f.png,UNKNOWN,0.25,CV_SETTINGS_GRID+OCR_TEXT
C:\Users\jay\Downloads\STFD_ICASSP2023\STFD_ICASSP2023\4_Insertion\tamper\8975d5eea21b55ccd0edcf56cfa1ad78.png,UNKNOWN,0.1,OCR_TEXT
C:\Users\jay\Downloads\STFD_ICASSP2023\STFD_ICASSP2023\4_Insertion\tamper\89c52d1a2332181345a84f4534885496.png,UNKNOWN,0.25,CV_SETTINGS_GRID+OCR_TEXT
C:\Users\jay\Downloads\STFD_ICASSP2023\STFD_ICASSP2023\4_Insertion\tamper\8a0f038a0a4457522f1fa4de3b963c78.png,UNKNOWN,0.1,OCR_TEXT
C:\Users\jay\Downloads\STFD_ICASSP2023\STFD_ICASSP2023\4_Insertion\tamper\8a208b9ee4fa588237ba7e6cc81245da.png,MAP_TRANSPORT,0.35,OCR_TEXT
C:\Users\jay\Downloads\STFD_ICASSP2023\STFD_ICASSP2023\4_Insertion\tamper\8a5567e3dc2dfcfa2ac79a0de1c0b206.png,DOCUMENT,0.5,CV_MONOCHROME_DOC+OCR_TEXT
C:\Users\jay\Downloads\STFD_ICASSP2023\STFD_ICASSP2023\4_Insertion\tamper\8b5a87d7a6cce31ff10c2d27e9a7379d.png,DOCUMENT,0.5,CV_MONOCHROME_DOC+OCR_TEXT
C:\Users\jay\Downloads\STFD_ICASSP2023\STFD_ICASSP2023\4_Insertion\tamper\8c7e2d21e2e7b5761d53c78d878b8220.png,UNKNOWN,0.3,OCR_TEXT
C:\Users\jay\Downloads\STFD_ICASSP2023\STFD_ICASSP2023\4_Insertion\tamper\8c9cade7dbc77eb09a8c845c87228f96.png,DOCUMENT,0.5,CV_MONOCHROME_DOC+OCR_TEXT
C:\Users\jay\Downloads\STFD_ICASSP2023\STFD_ICASSP2023\4_Insertion\tamper\8cf56190df66e92d0deed435ca8fa552.png,UNKNOWN,0.1,OCR_TEXT
C:\Users\jay\Downloads\STFD_ICASSP2023\STFD_ICASSP2023\4_Insertion\tamper\8de6c15a0a13b90e9d6916543aec6f82.png,DOCUMENT,0.5,CV_MONOCHROME_DOC+OCR_TEXT
C:\Users\jay\Downloads\STFD_ICASSP2023\STFD_ICASSP2023\4_Insertion\tamper\8e3cd0c088acc2c7cd2b6c82f5a7db0b.png,UNKNOWN,0.1,OCR_TEXT
C:\Users\jay\Downloads\STFD_ICASSP2023\STFD_ICASSP2023\4_Insertion\tamper\8e88771d45e12fcd3d6904e16c3f8a1e.png,UNKNOWN,0.1,OCR_TEXT
C:\Users\jay\Downloads\STFD_ICASSP2023\STFD_ICASSP2023\4_Insertion\tamper\8eb921ece8ec7978c0aedd9af09dd172.png,UNKNOWN,0.1,OCR_TEXT
C:\Users\jay\Downloads\STFD_ICASSP2023\STFD_ICASSP2023\4_Insertion\tamper\8f61fc3a2ebe8b269de791b522c27ec8.png,UNKNOWN,0.25,OCR_TEXT
C:\Users\jay\Downloads\STFD_ICASSP2023\STFD_ICASSP2023\4_Insertion\tamper\903119de2cdcf7c6681db38331000a48.png,UNKNOWN,0.1,VISUAL_HEURISTIC
C:\Users\jay\Downloads\STFD_ICASSP2023\STFD_ICASSP2023\4_Insertion\tamper\90c85ee7c87c1d108b9c5db27bd942ee.png,UNKNOWN,0.1,OCR_TEXT
C:\Users\jay\Downloads\STFD_ICASSP2023\STFD_ICASSP2023\4_Insertion\tamper\9124e202e18b5adeec0260cfab653755.png,UNKNOWN,0.1,OCR_TEXT
C:\Users\jay\Downloads\STFD_ICASSP2023\STFD_ICASSP2023\4_Insertion\tamper\91d8777462afb030683a0ce93597f6f5.png,UNKNOWN,0.1,OCR_TEXT
C:\Users\jay\Downloads\STFD_ICASSP2023\STFD_ICASSP2023\4_Insertion\tamper\921d38200a646e47cd84771b8624e6f7.png,WEB_BROWSING,0.35,OCR_TEXT
C:\Users\jay\Downloads\STFD_ICASSP2023\STFD_ICASSP2023\4_Insertion\tamper\928d05e55d68e38a788c354fd248cdbc.png,UNKNOWN,0.1,OCR_TEXT
C:\Users\jay\Downloads\STFD_ICASSP2023\STFD_ICASSP2023\4_Insertion\tamper\92e2080271e9956266a256eb58aae991.png,DOCUMENT,0.5,CV_MONOCHROME_DOC+OCR_TEXT
C:\Users\jay\Downloads\STFD_ICASSP2023\STFD_ICASSP2023\4_Insertion\tamper\9347effe9038b7b15e9a157a3c01a24e.png,UNKNOWN,0.1,OCR_TEXT
C:\Users\jay\Downloads\STFD_ICASSP2023\STFD_ICASSP2023\4_Insertion\tamper\944966300aed83ea0bcb76cfbe60d47a.png,UNKNOWN,0.1,OCR_TEXT
C:\Users\jay\Downloads\STFD_ICASSP2023\STFD_ICASSP2023\4_Insertion\tamper\951c0231d400021afc9d4e4c4fa1ce65.png,WEB_BROWSING,0.95,CV_MONOCHROME_DOC+OCR_TEXT
C:\Users\jay\Downloads\STFD_ICASSP2023\STFD_ICASSP2023\4_Insertion\tamper\95a9518c275e234c71d2372f767f2c1f.png,UNKNOWN,0.1,OCR_TEXT
C:\Users\jay\Downloads\STFD_ICASSP2023\STFD_ICASSP2023\4_Insertion\tamper\95a9dfb319e2a50529d05e688f623de6.png,UNKNOWN,0.25,OCR_TEXT
C:\Users\jay\Downloads\STFD_ICASSP2023\STFD_ICASSP2023\4_Insertion\tamper\960f50fa7d0f84f6adc68ba1642d4fad.png,UNKNOWN,0.1,OCR_TEXT
C:\Users\jay\Downloads\STFD_ICASSP2023\STFD_ICASSP2023\4_Insertion\tamper\967c580d5cdd09562720f721022a77a1.png,UNKNOWN,0.1,OCR_TEXT
C:\Users\jay\Downloads\STFD_ICASSP2023\STFD_ICASSP2023\4_Insertion\tamper\971f8622246338948c41d2a24d55a6fb.png,UNKNOWN,0.1,OCR_TEXT
C:\Users\jay\Downloads\STFD_ICASSP2023\STFD_ICASSP2023\4_Insertion\tamper\97260dd58e75106653de57acc80d418b.png,UNKNOWN,0.25,CV_SETTINGS_GRID+OCR_TEXT
C:\Users\jay\Downloads\STFD_ICASSP2023\STFD_ICASSP2023\4_Insertion\tamper\97331c2e9670cb853fa85bfe9c180410.png,UNKNOWN,0.1,OCR_TEXT
C:\Users\jay\Downloads\STFD_ICASSP2023\STFD_ICASSP2023\4_Insertion\tamper\97b46dc52b8d71b07a844e26008d4378.png,E_COMMERCE,0.35,CV_ECOMMERCE_COLOR+OCR_TEXT
C:\Users\jay\Downloads\STFD_ICASSP2023\STFD_ICASSP2023\4_Insertion\tamper\982b8c7d4cfdfb6d2ab2a4ca35888037.png,E_COMMERCE,0.35,CV_ECOMMERCE_COLOR+OCR_TEXT
C:\Users\jay\Downloads\STFD_ICASSP2023\STFD_ICASSP2023\4_Insertion\tamper\98c449d696f012e669f025cbc4d25d68.png,UNKNOWN,0.25,OCR_TEXT
C:\Users\jay\Downloads\STFD_ICASSP2023\STFD_ICASSP2023\4_Insertion\tamper\98d4651c7ee3daaef0872b77ec3c4235.png,UNKNOWN,0.1,OCR_TEXT
C:\Users\jay\Downloads\STFD_ICASSP2023\STFD_ICASSP2023\4_Insertion\tamper\99205c2eb5c0b18c90d2f59334f0aa34.png,UNKNOWN,0.25,CV_SETTINGS_GRID+OCR_TEXT
C:\Users\jay\Downloads\STFD_ICASSP2023\STFD_ICASSP2023\4_Insertion\tamper\992a2649b2ab15fafd8ab36543815346.png,UNKNOWN,0.1,OCR_TEXT
C:\Users\jay\Downloads\STFD_ICASSP2023\STFD_ICASSP2023\4_Insertion\tamper\9961180b2923c247789b632d486a42ca.png,UNKNOWN,0.25,OCR_TEXT
C:\Users\jay\Downloads\STFD_ICASSP2023\STFD_ICASSP2023\4_Insertion\tamper\99b412f38e4cd2a1ab5d4da7ab286d5d.png,UNKNOWN,0.1,OCR_TEXT
C:\Users\jay\Downloads\STFD_ICASSP2023\STFD_ICASSP2023\4_Insertion\tamper\9a0a6db9a4e9ee4e09a92677250400c0.png,UNKNOWN,0.1,OCR_TEXT
C:\Users\jay\Downloads\STFD_ICASSP2023\STFD_ICASSP2023\4_Insertion\tamper\9a5a396365a2beb9c8bb28a616210413.png,UNKNOWN,0.1,OCR_TEXT
C:\Users\jay\Downloads\STFD_ICASSP2023\STFD_ICASSP2023\4_Insertion\tamper\9afa2732a69ecf1ee876349903530b47.png,UNKNOWN,0.1,OCR_TEXT
C:\Users\jay\Downloads\STFD_ICASSP2023\STFD_ICASSP2023\4_Insertion\tamper\9b99a85c0b9ca79fb28a5b929a13debb.png,DOCUMENT,0.5,CV_MONOCHROME_DOC+OCR_TEXT
C:\Users\jay\Downloads\STFD_ICASSP2023\STFD_ICASSP2023\4_Insertion\tamper\9c3bc62acee636bd6f83c95622e384c3.png,E_COMMERCE,0.35,CV_ECOMMERCE_COLOR+OCR_TEXT
C:\Users\jay\Downloads\STFD_ICASSP2023\STFD_ICASSP2023\4_Insertion\tamper\9ce87459bb38394ab101c09eaa09a92e.png,UNKNOWN,0.1,OCR_TEXT
C:\Users\jay\Downloads\STFD_ICASSP2023\STFD_ICASSP2023\4_Insertion\tamper\9cfbb2309dd32047a99728e7110a03c8.png,UNKNOWN,0.25,OCR_TEXT
C:\Users\jay\Downloads\STFD_ICASSP2023\STFD_ICASSP2023\4_Insertion\tamper\9d61bbe2576aa1b1e6267991fb346a6c.png,E_COMMERCE,0.35,CV_ECOMMERCE_COLOR+OCR_TEXT
C:\Users\jay\Downloads\STFD_ICASSP2023\STFD_ICASSP2023\4_Insertion\tamper\9d97f397e4f8a5fa481237eac84bea52.png,UNKNOWN,0.1,OCR_TEXT
C:\Users\jay\Downloads\STFD_ICASSP2023\STFD_ICASSP2023\4_Insertion\tamper\9e2629d1b9585c56d7e88093e0a9dbb1.png,MAP_TRANSPORT,0.35,OCR_TEXT
C:\Users\jay\Downloads\STFD_ICASSP2023\STFD_ICASSP2023\4_Insertion\tamper\9e2fd6d45d37a5c499cc7a4d5a8a552c.png,WEB_BROWSING,0.35,CV_SETTINGS_GRID+OCR_TEXT
C:\Users\jay\Downloads\STFD_ICASSP2023\STFD_ICASSP2023\4_Insertion\tamper\9e6bf730cda5fbb9be4faf6f1c0719f5.png,UNKNOWN,0.1,OCR_TEXT
C:\Users\jay\Downloads\STFD_ICASSP2023\STFD_ICASSP2023\4_Insertion\tamper\9e76127e20359df592b073cd183817c3.png,UNKNOWN,0.1,OCR_TEXT
C:\Users\jay\Downloads\STFD_ICASSP2023\STFD_ICASSP2023\4_Insertion\tamper\9f1edc55cf1988f16dc2f653cf5c7bfe.png,UNKNOWN,0.1,OCR_TEXT
C:\Users\jay\Downloads\STFD_ICASSP2023\STFD_ICASSP2023\4_Insertion\tamper\9fa1fb9e86e4fc5acfa0160eb4954436.png,UNKNOWN,0.1,OCR_TEXT
C:\Users\jay\Downloads\STFD_ICASSP2023\STFD_ICASSP2023\4_Insertion\tamper\9fbbda69bcb21d6c1b3c8e9e6f891793.png,E_COMMERCE,0.6,CV_ECOMMERCE_COLOR+OCR_TEXT
C:\Users\jay\Downloads\STFD_ICASSP2023\STFD_ICASSP2023\4_Insertion\tamper\a0140f6bcfa75e5c79384a2270951027.png,UNKNOWN,0.25,OCR_TEXT
C:\Users\jay\Downloads\STFD_ICASSP2023\STFD_ICASSP2023\4_Insertion\tamper\a05126b3f5e92cb46e1c248952cb80ce.png,UNKNOWN,0.1,OCR_TEXT
C:\Users\jay\Downloads\STFD_ICASSP2023\STFD_ICASSP2023\4_Insertion\tamper\a0bc071f046694c27d992a5ca74576bb.png,UNKNOWN,0.1,OCR_TEXT
C:\Users\jay\Downloads\STFD_ICASSP2023\STFD_ICASSP2023\4_Insertion\tamper\a0f839bfa394289bd0e09bc96f7e38a6.png,UNKNOWN,0.1,OCR_TEXT
C:\Users\jay\Downloads\STFD_ICASSP2023\STFD_ICASSP2023\4_Insertion\tamper\a14acecd2b652c374ae5464c50e35af0.png,UNKNOWN,0.1,OCR_TEXT
C:\Users\jay\Downloads\STFD_ICASSP2023\STFD_ICASSP2023\4_Insertion\tamper\a16ee7fe258e341674241faa1bfdc2dc.png,UNKNOWN,0.1,OCR_TEXT
C:\Users\jay\Downloads\STFD_ICASSP2023\STFD_ICASSP2023\4_Insertion\tamper\a1a93404be7830cdef8d7a4f4fd3c359.png,DOCUMENT,0.5,CV_MONOCHROME_DOC+OCR_TEXT
C:\Users\jay\Downloads\STFD_ICASSP2023\STFD_ICASSP2023\4_Insertion\tamper\a1b003de48e1bfe16ee13e2d80f1cee0.png,UNKNOWN,0.1,OCR_TEXT
C:\Users\jay\Downloads\STFD_ICASSP2023\STFD_ICASSP2023\4_Insertion\tamper\a28876adfc7cc3a6070eb175ccc81270.png,UNKNOWN,0.25,OCR_TEXT
C:\Users\jay\Downloads\STFD_ICASSP2023\STFD_ICASSP2023\4_Insertion\tamper\a2a086bc3f9b44b14b4b08b7c5edf88d.png,UNKNOWN,0.1,OCR_TEXT
C:\Users\jay\Downloads\STFD_ICASSP2023\STFD_ICASSP2023\4_Insertion\tamper\a2bdef644908003aebb8b002592fac18.png,UNKNOWN,0.1,OCR_TEXT
C:\Users\jay\Downloads\STFD_ICASSP2023\STFD_ICASSP2023\4_Insertion\tamper\a2c661fc75bc7f1ab700eee5006fc271.png,UNKNOWN,0.25,CV_SETTINGS_GRID+OCR_TEXT
C:\Users\jay\Downloads\STFD_ICASSP2023\STFD_ICASSP2023\4_Insertion\tamper\a3356b0008cebe44054c320ed5f6fb1f.png,E_COMMERCE,0.35,CV_ECOMMERCE_COLOR+OCR_TEXT
C:\Users\jay\Downloads\STFD_ICASSP2023\STFD_ICASSP2023\4_Insertion\tamper\a3691fbbb7023ea016603cb4972d8248.png,UNKNOWN,0.25,OCR_TEXT
C:\Users\jay\Downloads\STFD_ICASSP2023\STFD_ICASSP2023\4_Insertion\tamper\a4f886583e82de061403700d9d8f972b.png,UNKNOWN,0.35,CV_ECOMMERCE_COLOR+OCR_TEXT
C:\Users\jay\Downloads\STFD_ICASSP2023\STFD_ICASSP2023\4_Insertion\tamper\a527927e574626c5a95a50f2728df502.png,DOCUMENT,0.5,CV_MONOCHROME_DOC+OCR_TEXT
C:\Users\jay\Downloads\STFD_ICASSP2023\STFD_ICASSP2023\4_Insertion\tamper\a535de3d87818a5405606517dcaa36e4.png,UNKNOWN,0.1,OCR_TEXT
C:\Users\jay\Downloads\STFD_ICASSP2023\STFD_ICASSP2023\4_Insertion\tamper\a60f6d699ea825c3b1269fc8067029fc.png,E_COMMERCE,0.35,CV_ECOMMERCE_COLOR+OCR_TEXT
C:\Users\jay\Downloads\STFD_ICASSP2023\STFD_ICASSP2023\4_Insertion\tamper\a64562685ec60bd48bbd509f2a67e4f6.png,MAP_TRANSPORT,0.35,OCR_TEXT
C:\Users\jay\Downloads\STFD_ICASSP2023\STFD_ICASSP2023\4_Insertion\tamper\a64cdf17e94527899c6b9752f7b438f8.png,DOCUMENT,0.5,CV_MONOCHROME_DOC+OCR_TEXT
C:\Users\jay\Downloads\STFD_ICASSP2023\STFD_ICASSP2023\4_Insertion\tamper\a68ad2d9c586d654441ed224ec5327f2.png,UNKNOWN,0.25,CV_SETTINGS_GRID+OCR_TEXT
C:\Users\jay\Downloads\STFD_ICASSP2023\STFD_ICASSP2023\4_Insertion\tamper\a70839e472290ed430c86c3785651965.png,UNKNOWN,0.1,OCR_TEXT
C:\Users\jay\Downloads\STFD_ICASSP2023\STFD_ICASSP2023\4_Insertion\tamper\a724c658b8f73c1a3cfad725d242b46f.png,UNKNOWN,0.1,OCR_TEXT
C:\Users\jay\Downloads\STFD_ICASSP2023\STFD_ICASSP2023\4_Insertion\tamper\a7731b0e3d966a55a068d7e525905af9.png,DOCUMENT,0.5,CV_MONOCHROME_DOC+OCR_TEXT
C:\Users\jay\Downloads\STFD_ICASSP2023\STFD_ICASSP2023\4_Insertion\tamper\a8af33bdf8b18f55a346cf0868de36ac.png,UNKNOWN,0.1,OCR_TEXT
C:\Users\jay\Downloads\STFD_ICASSP2023\STFD_ICASSP2023\4_Insertion\tamper\a8c87284a29c71e2558d2e050965b216.png,UNKNOWN,0.25,OCR_TEXT
C:\Users\jay\Downloads\STFD_ICASSP2023\STFD_ICASSP2023\4_Insertion\tamper\a8fcc72f30bb5154e0bdade2fdb0e2ed.png,UNKNOWN,0.1,OCR_TEXT
C:\Users\jay\Downloads\STFD_ICASSP2023\STFD_ICASSP2023\4_Insertion\tamper\a9bce040284791091ead1469fd89f35e.png,UNKNOWN,0.1,OCR_TEXT
C:\Users\jay\Downloads\STFD_ICASSP2023\STFD_ICASSP2023\4_Insertion\tamper\a9dfcf0b2055587b7ed8cb35aab031b5.png,UNKNOWN,0.1,OCR_TEXT
C:\Users\jay\Downloads\STFD_ICASSP2023\STFD_ICASSP2023\4_Insertion\tamper\a9f1aa8bd615c511cc73332a51236c2e.png,UNKNOWN,0.25,OCR_TEXT
C:\Users\jay\Downloads\STFD_ICASSP2023\STFD_ICASSP2023\4_Insertion\tamper\aa50de47ddbbd76c4da2e67be294b178.png,UNKNOWN,0.1,OCR_TEXT
C:\Users\jay\Downloads\STFD_ICASSP2023\STFD_ICASSP2023\4_Insertion\tamper\aac38b07d21908f5cc7f74d909f3ca0e.png,UNKNOWN,0.1,OCR_TEXT
C:\Users\jay\Downloads\STFD_ICASSP2023\STFD_ICASSP2023\4_Insertion\tamper\aac7639929b2903da0d4f0ed62cb130f.png,UNKNOWN,0.1,OCR_TEXT
C:\Users\jay\Downloads\STFD_ICASSP2023\STFD_ICASSP2023\4_Insertion\tamper\abd56a23bb328fe84464cc4d2be23c36.png,DOCUMENT,0.5,CV_MONOCHROME_DOC+OCR_TEXT
C:\Users\jay\Downloads\STFD_ICASSP2023\STFD_ICASSP2023\4_Insertion\tamper\ad65d853e7fefcb63b28fe166d82018c.png,DOCUMENT,0.5,CV_MONOCHROME_DOC+OCR_TEXT
C:\Users\jay\Downloads\STFD_ICASSP2023\STFD_ICASSP2023\4_Insertion\tamper\ae0367242c990af6bb10483d40e24743.png,UNKNOWN,0.3,OCR_TEXT
C:\Users\jay\Downloads\STFD_ICASSP2023\STFD_ICASSP2023\4_Insertion\tamper\ae50b4224cc0ef8111c195b70883fcd5.png,UNKNOWN,0.1,OCR_TEXT
C:\Users\jay\Downloads\STFD_ICASSP2023\STFD_ICASSP2023\4_Insertion\tamper\ae95a78a6012c5fb7089277b4c05f6bf.png,UNKNOWN,0.1,OCR_TEXT
C:\Users\jay\Downloads\STFD_ICASSP2023\STFD_ICASSP2023\4_Insertion\tamper\af597bc058fca8a3190fb31d2fa6a494.png,E_COMMERCE,0.35,CV_ECOMMERCE_COLOR+OCR_TEXT
C:\Users\jay\Downloads\STFD_ICASSP2023\STFD_ICASSP2023\4_Insertion\tamper\af6896a7bd01d7f1873dd31df9d3c48b.png,UNKNOWN,0.25,CV_SETTINGS_GRID+OCR_TEXT
C:\Users\jay\Downloads\STFD_ICASSP2023\STFD_ICASSP2023\4_Insertion\tamper\afee3219de5ffbacd29a881c1cf0ff01.png,MAP_TRANSPORT,0.35,OCR_TEXT
C:\Users\jay\Downloads\STFD_ICASSP2023\STFD_ICASSP2023\4_Insertion\tamper\b0030132416c564f4cf9159bac19731b.png,UNKNOWN,0.1,OCR_TEXT
C:\Users\jay\Downloads\STFD_ICASSP2023\STFD_ICASSP2023\4_Insertion\tamper\b06efae7305940c35363ff3c5970ea06.png,UNKNOWN,0.1,OCR_TEXT
C:\Users\jay\Downloads\STFD_ICASSP2023\STFD_ICASSP2023\4_Insertion\tamper\b1522d224a5215b235fda8abca320cf5.png,DOCUMENT,0.5,CV_MONOCHROME_DOC+OCR_TEXT
C:\Users\jay\Downloads\STFD_ICASSP2023\STFD_ICASSP2023\4_Insertion\tamper\b1a0d5fe9cb1b988bdd2f2e128f2a018.png,MAP_TRANSPORT,0.35,OCR_TEXT
C:\Users\jay\Downloads\STFD_ICASSP2023\STFD_ICASSP2023\4_Insertion\tamper\b34ef45ed86b6491807f956fd726fe75.png,UNKNOWN,0.1,OCR_TEXT
C:\Users\jay\Downloads\STFD_ICASSP2023\STFD_ICASSP2023\4_Insertion\tamper\b355d714f000c1b201ea83c3084e9453.png,UNKNOWN,0.25,OCR_TEXT
C:\Users\jay\Downloads\STFD_ICASSP2023\STFD_ICASSP2023\4_Insertion\tamper\b3eb07845718c776855797298f4cb619.png,UNKNOWN,0.35,OCR_TEXT
C:\Users\jay\Downloads\STFD_ICASSP2023\STFD_ICASSP2023\4_Insertion\tamper\b456263b897d688222857cdf71ce3a37.png,UNKNOWN,0.1,OCR_TEXT
C:\Users\jay\Downloads\STFD_ICASSP2023\STFD_ICASSP2023\4_Insertion\tamper\b4752d2865b578c7b84e8f95e98c50f6.png,E_COMMERCE,0.35,CV_ECOMMERCE_COLOR+OCR_TEXT
C:\Users\jay\Downloads\STFD_ICASSP2023\STFD_ICASSP2023\4_Insertion\tamper\b4f1632aacb5f9c251e037c5ed83bc54.png,E_COMMERCE,0.5,OCR_TEXT
C:\Users\jay\Downloads\STFD_ICASSP2023\STFD_ICASSP2023\4_Insertion\tamper\b521833fd27f870db17acb9a4e7ccedb.png,UNKNOWN,0.1,OCR_TEXT
C:\Users\jay\Downloads\STFD_ICASSP2023\STFD_ICASSP2023\4_Insertion\tamper\b54cd942a6dd6a881506c2f88a4edb6b.png,UNKNOWN,0.1,OCR_TEXT
C:\Users\jay\Downloads\STFD_ICASSP2023\STFD_ICASSP2023\4_Insertion\tamper\b564f6e337d60bb5a50b70a9671334cd.png,DOCUMENT,0.5,CV_MONOCHROME_DOC+OCR_TEXT
C:\Users\jay\Downloads\STFD_ICASSP2023\STFD_ICASSP2023\4_Insertion\tamper\b56d496a7ecd93701dea36a3f2145482.png,UNKNOWN,0.1,VISUAL_HEURISTIC
C:\Users\jay\Downloads\STFD_ICASSP2023\STFD_ICASSP2023\4_Insertion\tamper\b6babcbd411f098bea90e4552b175087.png,UNKNOWN,0.1,OCR_TEXT
C:\Users\jay\Downloads\STFD_ICASSP2023\STFD_ICASSP2023\4_Insertion\tamper\b7020db431619bae81f60aaf61e6837f.png,UNKNOWN,0.1,OCR_TEXT
C:\Users\jay\Downloads\STFD_ICASSP2023\STFD_ICASSP2023\4_Insertion\tamper\b7727655d8b7afb5952374c604c1b5b6.png,UNKNOWN,0.1,OCR_TEXT
C:\Users\jay\Downloads\STFD_ICASSP2023\STFD_ICASSP2023\4_Insertion\tamper\b8713166a4f606238a87c52108c40849.png,UNKNOWN,0.1,OCR_TEXT
C:\Users\jay\Downloads\STFD_ICASSP2023\STFD_ICASSP2023\4_Insertion\tamper\b8da2d99b7f147913d293ffa069b4d52.png,UNKNOWN,0.25,OCR_TEXT
C:\Users\jay\Downloads\STFD_ICASSP2023\STFD_ICASSP2023\4_Insertion\tamper\b914590d9faa7ae5783fd03d6c052b3e.png,E_COMMERCE,0.35,CV_ECOMMERCE_COLOR+OCR_TEXT
C:\Users\jay\Downloads\STFD_ICASSP2023\STFD_ICASSP2023\4_Insertion\tamper\b9e25cfd9889269c1d60e10dda4539df.png,UNKNOWN,0.25,CV_SETTINGS_GRID+OCR_TEXT
C:\Users\jay\Downloads\STFD_ICASSP2023\STFD_ICASSP2023\4_Insertion\tamper\b9f40d9ff4e88b4d8740b88763c7047c.png,E_COMMERCE,0.35,CV_ECOMMERCE_COLOR+OCR_TEXT
C:\Users\jay\Downloads\STFD_ICASSP2023\STFD_ICASSP2023\4_Insertion\tamper\ba4e67c944cbc7596cec4619cbeb744d.png,E_COMMERCE,0.35,CV_ECOMMERCE_COLOR+OCR_TEXT
C:\Users\jay\Downloads\STFD_ICASSP2023\STFD_ICASSP2023\4_Insertion\tamper\ba5b5cb27bf8501353fdda66966917d9.png,UNKNOWN,0.25,OCR_TEXT
C:\Users\jay\Downloads\STFD_ICASSP2023\STFD_ICASSP2023\4_Insertion\tamper\ba80fdaa9a740c4f4d93173cd8390a2a.png,UNKNOWN,0.1,OCR_TEXT
C:\Users\jay\Downloads\STFD_ICASSP2023\STFD_ICASSP2023\4_Insertion\tamper\bad5f858b8b69c333e2ed09b3cc5ebba.png,UNKNOWN,0.1,OCR_TEXT
C:\Users\jay\Downloads\STFD_ICASSP2023\STFD_ICASSP2023\4_Insertion\tamper\bad794af79de3339abbe9271391cb91e.png,ONLINE_BANKING,0.35,OCR_TEXT
C:\Users\jay\Downloads\STFD_ICASSP2023\STFD_ICASSP2023\4_Insertion\tamper\bb3c6d301a50036185976b4f78aac18b.png,E_COMMERCE,0.35,CV_ECOMMERCE_COLOR
C:\Users\jay\Downloads\STFD_ICASSP2023\STFD_ICASSP2023\4_Insertion\tamper\bb53b0bed5a8b83962d06fd14d93c3fc.png,UNKNOWN,0.1,OCR_TEXT
C:\Users\jay\Downloads\STFD_ICASSP2023\STFD_ICASSP2023\4_Insertion\tamper\bbc4955af8741d456deb0f606e298fd6.png,UNKNOWN,0.1,OCR_TEXT
C:\Users\jay\Downloads\STFD_ICASSP2023\STFD_ICASSP2023\4_Insertion\tamper\bc99a27c32658ccb22cbc7fef6a392e3.png,UNKNOWN,0.3,OCR_TEXT
C:\Users\jay\Downloads\STFD_ICASSP2023\STFD_ICASSP2023\4_Insertion\tamper\bc9a8565f291f15a0dff3b78e210b248.png,UNKNOWN,0.1,OCR_TEXT
C:\Users\jay\Downloads\STFD_ICASSP2023\STFD_ICASSP2023\4_Insertion\tamper\bcfc431cc874d62c7104aaeebaaca46b.png,UNKNOWN,0.25,OCR_TEXT
C:\Users\jay\Downloads\STFD_ICASSP2023\STFD_ICASSP2023\4_Insertion\tamper\bd03d240732912ffaa6052bf2bd902e4.png,DOCUMENT,0.5,CV_MONOCHROME_DOC+OCR_TEXT
C:\Users\jay\Downloads\STFD_ICASSP2023\STFD_ICASSP2023\4_Insertion\tamper\bd0f3a8c2c994f51cc05f0cdeb67b8a7.png,UNKNOWN,0.1,OCR_TEXT
C:\Users\jay\Downloads\STFD_ICASSP2023\STFD_ICASSP2023\4_Insertion\tamper\bdaacbb4d371c27c48d2e81aa0573a58.png,MAP_TRANSPORT,0.35,OCR_TEXT
C:\Users\jay\Downloads\STFD_ICASSP2023\STFD_ICASSP2023\4_Insertion\tamper\bde3d4d15bd81f20b8ecef3117ec9359.png,UNKNOWN,0.1,OCR_TEXT
C:\Users\jay\Downloads\STFD_ICASSP2023\STFD_ICASSP2023\4_Insertion\tamper\bde40e3937bd5d21dd75fffe7d481b1c.png,UNKNOWN,0.1,OCR_TEXT
C:\Users\jay\Downloads\STFD_ICASSP2023\STFD_ICASSP2023\4_Insertion\tamper\be12806c65d2713da882f59b35708fea.png,UNKNOWN,0.1,OCR_TEXT
C:\Users\jay\Downloads\STFD_ICASSP2023\STFD_ICASSP2023\4_Insertion\tamper\bf0b8a73636c54ed5132fbee548af1b2.png,UNKNOWN,0.25,OCR_TEXT
C:\Users\jay\Downloads\STFD_ICASSP2023\STFD_ICASSP2023\4_Insertion\tamper\bf3964e1601421ff2be127b82cb6b7a2.png,E_COMMERCE,0.35,CV_ECOMMERCE_COLOR+OCR_TEXT
C:\Users\jay\Downloads\STFD_ICASSP2023\STFD_ICASSP2023\4_Insertion\tamper\bfbe6f2a4c850c2c3fa56bdf29d2b738.png,UNKNOWN,0.1,OCR_TEXT
C:\Users\jay\Downloads\STFD_ICASSP2023\STFD_ICASSP2023\4_Insertion\tamper\c035ad8eebce2bf4e53ed7e70a63a17f.png,UNKNOWN,0.1,OCR_TEXT
C:\Users\jay\Downloads\STFD_ICASSP2023\STFD_ICASSP2023\4_Insertion\tamper\c03a9e6be115e82220d175c666167092.png,UNKNOWN,0.1,OCR_TEXT
C:\Users\jay\Downloads\STFD_ICASSP2023\STFD_ICASSP2023\4_Insertion\tamper\c07491e24dbae04ce4b7e8703184ff4a.png,WEB_BROWSING,0.7,OCR_TEXT
C:\Users\jay\Downloads\STFD_ICASSP2023\STFD_ICASSP2023\4_Insertion\tamper\c08b2c7b8084c0ab900b58632f872eec.png,UNKNOWN,0.25,CV_SETTINGS_GRID+OCR_TEXT
C:\Users\jay\Downloads\STFD_ICASSP2023\STFD_ICASSP2023\4_Insertion\tamper\c10696083ca5876aa890e74532a5b78d.png,UNKNOWN,0.1,OCR_TEXT
C:\Users\jay\Downloads\STFD_ICASSP2023\STFD_ICASSP2023\4_Insertion\tamper\c16460bc760cb1195be3b8d57f32e0ad.png,UNKNOWN,0.1,OCR_TEXT
C:\Users\jay\Downloads\STFD_ICASSP2023\STFD_ICASSP2023\4_Insertion\tamper\c1ca4eea546d0355245ba32dd5328f1d.png,DOCUMENT,0.5,CV_MONOCHROME_DOC+OCR_TEXT
C:\Users\jay\Downloads\STFD_ICASSP2023\STFD_ICASSP2023\4_Insertion\tamper\c207987cd82c9701779701e6167e31de.png,E_COMMERCE,0.35,CV_ECOMMERCE_COLOR
C:\Users\jay\Downloads\STFD_ICASSP2023\STFD_ICASSP2023\4_Insertion\tamper\c2226a369a373d97f9d001067b94eb5c.png,UNKNOWN,0.25,OCR_TEXT
C:\Users\jay\Downloads\STFD_ICASSP2023\STFD_ICASSP2023\4_Insertion\tamper\c286feb618e1dd6d7e73e2ed330ae049.png,UNKNOWN,0.1,OCR_TEXT
C:\Users\jay\Downloads\STFD_ICASSP2023\STFD_ICASSP2023\4_Insertion\tamper\c2b853f18928c6ad0d553627846c37c9.png,UNKNOWN,0.1,OCR_TEXT
C:\Users\jay\Downloads\STFD_ICASSP2023\STFD_ICASSP2023\4_Insertion\tamper\c32e5a05a854c917dca90c42ba663070.png,UNKNOWN,0.1,OCR_TEXT
C:\Users\jay\Downloads\STFD_ICASSP2023\STFD_ICASSP2023\4_Insertion\tamper\c46f24035011f70e0a68491e1b8308e5.png,UNKNOWN,0.25,OCR_TEXT
C:\Users\jay\Downloads\STFD_ICASSP2023\STFD_ICASSP2023\4_Insertion\tamper\c4d763a28b9d70bc05c8448dc732fd81.png,UNKNOWN,0.1,OCR_TEXT
C:\Users\jay\Downloads\STFD_ICASSP2023\STFD_ICASSP2023\4_Insertion\tamper\c4f0bc56886a3668ac544d796f767516.png,UNKNOWN,0.1,OCR_TEXT
C:\Users\jay\Downloads\STFD_ICASSP2023\STFD_ICASSP2023\4_Insertion\tamper\c52198102ae85ff13cd91ad6f581897e.png,E_COMMERCE,0.35,CV_ECOMMERCE_COLOR+OCR_TEXT
C:\Users\jay\Downloads\STFD_ICASSP2023\STFD_ICASSP2023\4_Insertion\tamper\c571142807bcbc5d0f04eb10796b00ec.png,DOCUMENT,0.5,CV_MONOCHROME_DOC+OCR_TEXT
C:\Users\jay\Downloads\STFD_ICASSP2023\STFD_ICASSP2023\4_Insertion\tamper\c58022430125528fa59d5db5e9ffd620.png,UNKNOWN,0.35,CV_ECOMMERCE_COLOR+OCR_TEXT
C:\Users\jay\Downloads\STFD_ICASSP2023\STFD_ICASSP2023\4_Insertion\tamper\c5bd93fc86e338110914d6332c7be81d.png,E_COMMERCE,0.35,CV_ECOMMERCE_COLOR+OCR_TEXT
C:\Users\jay\Downloads\STFD_ICASSP2023\STFD_ICASSP2023\4_Insertion\tamper\c5e83c067d17b2bdcf244e6990f39fe3.png,UNKNOWN,0.1,OCR_TEXT
C:\Users\jay\Downloads\STFD_ICASSP2023\STFD_ICASSP2023\4_Insertion\tamper\c648ef6dc5296e2731bb9eb22c05981b.png,UNKNOWN,0.1,OCR_TEXT
C:\Users\jay\Downloads\STFD_ICASSP2023\STFD_ICASSP2023\4_Insertion\tamper\c656e7b5e35761b3ac7b298fa6b28401.png,WEB_BROWSING,0.95,OCR_TEXT
C:\Users\jay\Downloads\STFD_ICASSP2023\STFD_ICASSP2023\4_Insertion\tamper\c66653cc87a9f049ff6331c3aa53add3.png,UNKNOWN,0.1,OCR_TEXT
C:\Users\jay\Downloads\STFD_ICASSP2023\STFD_ICASSP2023\4_Insertion\tamper\c67d8963bd51a72b869dfa1f7f3aa0b8.png,UNKNOWN,0.1,VISUAL_HEURISTIC
C:\Users\jay\Downloads\STFD_ICASSP2023\STFD_ICASSP2023\4_Insertion\tamper\c687d5786255455f30c75bd6b0f4feed.png,UNKNOWN,0.25,CV_SETTINGS_GRID+OCR_TEXT
C:\Users\jay\Downloads\STFD_ICASSP2023\STFD_ICASSP2023\4_Insertion\tamper\c6c3b469b0af21d576af5673946eacb6.png,UNKNOWN,0.1,OCR_TEXT
C:\Users\jay\Downloads\STFD_ICASSP2023\STFD_ICASSP2023\4_Insertion\tamper\c706ea75267fc593ebbde1ba8b753a87.png,UNKNOWN,0.1,OCR_TEXT
C:\Users\jay\Downloads\STFD_ICASSP2023\STFD_ICASSP2023\4_Insertion\tamper\c7b3ba46b313e7d6b1fe68d298f9fdca.png,UNKNOWN,0.1,VISUAL_HEURISTIC
C:\Users\jay\Downloads\STFD_ICASSP2023\STFD_ICASSP2023\4_Insertion\tamper\c7e433aa95a5c7a7662822131e29783e.png,UNKNOWN,0.25,OCR_TEXT
C:\Users\jay\Downloads\STFD_ICASSP2023\STFD_ICASSP2023\4_Insertion\tamper\c86272373c10d63a6842c8fbe3ad0b5f.png,UNKNOWN,0.25,OCR_TEXT
C:\Users\jay\Downloads\STFD_ICASSP2023\STFD_ICASSP2023\4_Insertion\tamper\c87d17192a8256e3ee197adea5622b57.png,UNKNOWN,0.1,OCR_TEXT
C:\Users\jay\Downloads\STFD_ICASSP2023\STFD_ICASSP2023\4_Insertion\tamper\c931bef0a78f2cdb2e7fffa3ec993f83.png,UNKNOWN,0.1,OCR_TEXT
C:\Users\jay\Downloads\STFD_ICASSP2023\STFD_ICASSP2023\4_Insertion\tamper\c9ab2299e8100315df1968ba53ae23f5.png,E_COMMERCE,0.35,CV_ECOMMERCE_COLOR+OCR_TEXT
C:\Users\jay\Downloads\STFD_ICASSP2023\STFD_ICASSP2023\4_Insertion\tamper\c9e179aefe2ba4339f5a7146424c5641.png,UNKNOWN,0.1,OCR_TEXT
C:\Users\jay\Downloads\STFD_ICASSP2023\STFD_ICASSP2023\4_Insertion\tamper\c9fccd04b059ac6afc3d603ec195db15.png,E_COMMERCE,0.35,CV_ECOMMERCE_COLOR+OCR_TEXT
C:\Users\jay\Downloads\STFD_ICASSP2023\STFD_ICASSP2023\4_Insertion\tamper\caab2853b1e9b6a4ff9458517da80c81.png,DOCUMENT,0.5,CV_MONOCHROME_DOC+OCR_TEXT
C:\Users\jay\Downloads\STFD_ICASSP2023\STFD_ICASSP2023\4_Insertion\tamper\cac8b6b1097494cba8d3344a842d1daa.png,WEB_BROWSING,0.95,OCR_TEXT
C:\Users\jay\Downloads\STFD_ICASSP2023\STFD_ICASSP2023\4_Insertion\tamper\caefb1c262c1441be3a39464ddc8cdca.png,UNKNOWN,0.1,OCR_TEXT
C:\Users\jay\Downloads\STFD_ICASSP2023\STFD_ICASSP2023\4_Insertion\tamper\cb1681360d86cf111725176a2a447bf3.png,UNKNOWN,0.25,OCR_TEXT
C:\Users\jay\Downloads\STFD_ICASSP2023\STFD_ICASSP2023\4_Insertion\tamper\cb2eed38b1c1a2ddc2f7c45a732d0bc6.png,UNKNOWN,0.1,OCR_TEXT
C:\Users\jay\Downloads\STFD_ICASSP2023\STFD_ICASSP2023\4_Insertion\tamper\ccad228c1ab12e6903d31e70ad6613ea.png,UNKNOWN,0.25,OCR_TEXT
C:\Users\jay\Downloads\STFD_ICASSP2023\STFD_ICASSP2023\4_Insertion\tamper\cd72702472548bc351b4467dd99a2061.png,UNKNOWN,0.25,OCR_TEXT
C:\Users\jay\Downloads\STFD_ICASSP2023\STFD_ICASSP2023\4_Insertion\tamper\cd77b15ea46c526a1007cd1e5e7a46bd.png,UNKNOWN,0.1,OCR_TEXT
C:\Users\jay\Downloads\STFD_ICASSP2023\STFD_ICASSP2023\4_Insertion\tamper\cd8466ea6c73bd256036de731da5817c.png,E_COMMERCE,0.35,CV_ECOMMERCE_COLOR+OCR_TEXT
C:\Users\jay\Downloads\STFD_ICASSP2023\STFD_ICASSP2023\4_Insertion\tamper\ce20019a65fb97f1f2003704902769c6.png,UNKNOWN,0.1,OCR_TEXT
C:\Users\jay\Downloads\STFD_ICASSP2023\STFD_ICASSP2023\4_Insertion\tamper\cedd3690e19c3c3530967e0085e425ae.png,UNKNOWN,0.1,OCR_TEXT
C:\Users\jay\Downloads\STFD_ICASSP2023\STFD_ICASSP2023\4_Insertion\tamper\cf197a5e893922087132c9a66ef6c3ec.png,DOCUMENT,0.5,CV_MONOCHROME_DOC+OCR_TEXT
C:\Users\jay\Downloads\STFD_ICASSP2023\STFD_ICASSP2023\4_Insertion\tamper\cf59f6ce229356f4c79295ad6d777816.png,UNKNOWN,0.1,OCR_TEXT
C:\Users\jay\Downloads\STFD_ICASSP2023\STFD_ICASSP2023\4_Insertion\tamper\d0513b8c5492a5f9af29d33ab8400240.png,UNKNOWN,0.1,OCR_TEXT
C:\Users\jay\Downloads\STFD_ICASSP2023\STFD_ICASSP2023\4_Insertion\tamper\d0fbb602486f1bf9478cdba9cc3bcf4b.png,UNKNOWN,0.1,OCR_TEXT
C:\Users\jay\Downloads\STFD_ICASSP2023\STFD_ICASSP2023\4_Insertion\tamper\d193d07b39d7b91406a87e13bc1fdad3.png,E_COMMERCE,0.35,CV_ECOMMERCE_COLOR+OCR_TEXT
C:\Users\jay\Downloads\STFD_ICASSP2023\STFD_ICASSP2023\4_Insertion\tamper\d1d89c7367859a87dc4812e02af5527e.png,UNKNOWN,0.1,OCR_TEXT
C:\Users\jay\Downloads\STFD_ICASSP2023\STFD_ICASSP2023\4_Insertion\tamper\d2c5702650a2852178584e4a2c9d35b4.png,UNKNOWN,0.1,OCR_TEXT
C:\Users\jay\Downloads\STFD_ICASSP2023\STFD_ICASSP2023\4_Insertion\tamper\d2e8944c9fc6a7269000ae35f87da42b.png,UNKNOWN,0.1,OCR_TEXT
C:\Users\jay\Downloads\STFD_ICASSP2023\STFD_ICASSP2023\4_Insertion\tamper\d3b9aacb6e16dc50f606a2257f368c7f.png,E_COMMERCE,0.35,CV_ECOMMERCE_COLOR+OCR_TEXT
C:\Users\jay\Downloads\STFD_ICASSP2023\STFD_ICASSP2023\4_Insertion\tamper\d3e00a51fcdb45692d75d69f896cc36d.png,UNKNOWN,0.1,OCR_TEXT
C:\Users\jay\Downloads\STFD_ICASSP2023\STFD_ICASSP2023\4_Insertion\tamper\d4c06efe71be1fcddce7c3d682d1811a.png,UNKNOWN,0.25,OCR_TEXT
C:\Users\jay\Downloads\STFD_ICASSP2023\STFD_ICASSP2023\4_Insertion\tamper\d5a313be46498232718c987ed4ba494e.png,UNKNOWN,0.1,OCR_TEXT
C:\Users\jay\Downloads\STFD_ICASSP2023\STFD_ICASSP2023\4_Insertion\tamper\d5b180722153fc5aefa3ca550f4d7f7f.png,DOCUMENT,0.5,CV_MONOCHROME_DOC+OCR_TEXT
C:\Users\jay\Downloads\STFD_ICASSP2023\STFD_ICASSP2023\4_Insertion\tamper\d6644c966f8d6dc65a5fb82546817c60.png,UNKNOWN,0.35,CV_ECOMMERCE_COLOR+OCR_TEXT
C:\Users\jay\Downloads\STFD_ICASSP2023\STFD_ICASSP2023\4_Insertion\tamper\d684c11f7fa2e7a525ac55618e49fa3e.png,UNKNOWN,0.1,OCR_TEXT
C:\Users\jay\Downloads\STFD_ICASSP2023\STFD_ICASSP2023\4_Insertion\tamper\d688de3e3cf159770a858df6e656fa0a.png,UNKNOWN,0.1,OCR_TEXT
C:\Users\jay\Downloads\STFD_ICASSP2023\STFD_ICASSP2023\4_Insertion\tamper\d7647b824f8e9437fbad1c473c45502b.png,E_COMMERCE,0.35,CV_ECOMMERCE_COLOR+OCR_TEXT
C:\Users\jay\Downloads\STFD_ICASSP2023\STFD_ICASSP2023\4_Insertion\tamper\d7981856c1d6257948f27db72ea745e6.png,UNKNOWN,0.25,OCR_TEXT
C:\Users\jay\Downloads\STFD_ICASSP2023\STFD_ICASSP2023\4_Insertion\tamper\d90ead0f442a8493c7e10e903a8e3757.png,UNKNOWN,0.3,CV_SETTINGS_GRID+OCR_TEXT
C:\Users\jay\Downloads\STFD_ICASSP2023\STFD_ICASSP2023\4_Insertion\tamper\d9b88ef3c4640350abc4e42d535ea7d1.png,UNKNOWN,0.1,OCR_TEXT
C:\Users\jay\Downloads\STFD_ICASSP2023\STFD_ICASSP2023\4_Insertion\tamper\d9d1f40632fe99c00d60788b044d5e6d.png,E_COMMERCE,0.35,CV_ECOMMERCE_COLOR+CV_SETTINGS_GRID+OCR_TEXT
C:\Users\jay\Downloads\STFD_ICASSP2023\STFD_ICASSP2023\4_Insertion\tamper\da754e5a1109ef7647f84cfb0bd8f3b7.png,UNKNOWN,0.1,OCR_TEXT
C:\Users\jay\Downloads\STFD_ICASSP2023\STFD_ICASSP2023\4_Insertion\tamper\dad8715e4c16f7007e0dcfd1a0b73a3b.png,UNKNOWN,0.1,OCR_TEXT
C:\Users\jay\Downloads\STFD_ICASSP2023\STFD_ICASSP2023\4_Insertion\tamper\db0b88f03c6f18045bbcfe4d615ebf71.png,UNKNOWN,0.1,OCR_TEXT
C:\Users\jay\Downloads\STFD_ICASSP2023\STFD_ICASSP2023\4_Insertion\tamper\db0eea536304459cc7dd82429c27a157.png,DOCUMENT,0.5,CV_MONOCHROME_DOC+OCR_TEXT
C:\Users\jay\Downloads\STFD_ICASSP2023\STFD_ICASSP2023\4_Insertion\tamper\dbe48a540b36df0a1e018434287dc1c5.png,UNKNOWN,0.1,OCR_TEXT
C:\Users\jay\Downloads\STFD_ICASSP2023\STFD_ICASSP2023\4_Insertion\tamper\de6a9901258cf94fc71567fbf5efb103.png,UNKNOWN,0.1,OCR_TEXT
C:\Users\jay\Downloads\STFD_ICASSP2023\STFD_ICASSP2023\4_Insertion\tamper\de87c2eb1cdc87431509aba8bca3b1ee.png,UNKNOWN,0.25,CV_SETTINGS_GRID+OCR_TEXT
C:\Users\jay\Downloads\STFD_ICASSP2023\STFD_ICASSP2023\4_Insertion\tamper\deb161dcb46dca58c6c73fc53ecb862f.png,UNKNOWN,0.1,OCR_TEXT
C:\Users\jay\Downloads\STFD_ICASSP2023\STFD_ICASSP2023\4_Insertion\tamper\def3dee538aaf9d0a09856990eeaba86.png,E_COMMERCE,0.35,CV_ECOMMERCE_COLOR+OCR_TEXT
C:\Users\jay\Downloads\STFD_ICASSP2023\STFD_ICASSP2023\4_Insertion\tamper\df3966af664217bd1533dc4f4ea9b8de.png,UNKNOWN,0.1,OCR_TEXT
C:\Users\jay\Downloads\STFD_ICASSP2023\STFD_ICASSP2023\4_Insertion\tamper\df8fee10cae3b1110c1f753e1e8e55f9.png,E_COMMERCE,0.35,CV_ECOMMERCE_COLOR+OCR_TEXT
C:\Users\jay\Downloads\STFD_ICASSP2023\STFD_ICASSP2023\4_Insertion\tamper\dfe40e59ec5453287087a72972de32b6.png,DOCUMENT,0.5,CV_MONOCHROME_DOC+OCR_TEXT
C:\Users\jay\Downloads\STFD_ICASSP2023\STFD_ICASSP2023\4_Insertion\tamper\e024d92337f2bb6ca66309cab9811aaa.png,UNKNOWN,0.1,OCR_TEXT
C:\Users\jay\Downloads\STFD_ICASSP2023\STFD_ICASSP2023\4_Insertion\tamper\e03d87968894691143e6caf960868223.png,UNKNOWN,0.25,CV_SETTINGS_GRID+OCR_TEXT
C:\Users\jay\Downloads\STFD_ICASSP2023\STFD_ICASSP2023\4_Insertion\tamper\e063ac5da8c7bdcd08d2c9e69cbbd042.png,UNKNOWN,0.1,OCR_TEXT
C:\Users\jay\Downloads\STFD_ICASSP2023\STFD_ICASSP2023\4_Insertion\tamper\e1418c9830f82aa4de15d3504f4da148.png,MAP_TRANSPORT,0.35,OCR_TEXT
C:\Users\jay\Downloads\STFD_ICASSP2023\STFD_ICASSP2023\4_Insertion\tamper\e19381542347d0f0f658cdf9ee19a0d9.png,E_COMMERCE,0.35,CV_ECOMMERCE_COLOR+OCR_TEXT
C:\Users\jay\Downloads\STFD_ICASSP2023\STFD_ICASSP2023\4_Insertion\tamper\e1fa777152b564cfcbfa487594fdb264.png,E_COMMERCE,0.95,CV_MONOCHROME_DOC+OCR_TEXT
C:\Users\jay\Downloads\STFD_ICASSP2023\STFD_ICASSP2023\4_Insertion\tamper\e209b32a350c33ab2ff0777ff0df6999.png,E_COMMERCE,0.35,CV_ECOMMERCE_COLOR+OCR_TEXT
C:\Users\jay\Downloads\STFD_ICASSP2023\STFD_ICASSP2023\4_Insertion\tamper\e2390c6cb9b447778aeaacaa07c99cf1.png,UNKNOWN,0.1,OCR_TEXT
C:\Users\jay\Downloads\STFD_ICASSP2023\STFD_ICASSP2023\4_Insertion\tamper\e24269b44b96d99d15bcba27abb49228.png,UNKNOWN,0.1,OCR_TEXT
C:\Users\jay\Downloads\STFD_ICASSP2023\STFD_ICASSP2023\4_Insertion\tamper\e3e7c06946f72cd4bb634578dacc8a80.png,MAP_TRANSPORT,0.35,OCR_TEXT
C:\Users\jay\Downloads\STFD_ICASSP2023\STFD_ICASSP2023\4_Insertion\tamper\e41480067747c33b28bb2f4f80b303f0.png,UNKNOWN,0.1,OCR_TEXT
C:\Users\jay\Downloads\STFD_ICASSP2023\STFD_ICASSP2023\4_Insertion\tamper\e435b5ef12fb70b735e571973fc75582.png,UNKNOWN,0.1,OCR_TEXT
C:\Users\jay\Downloads\STFD_ICASSP2023\STFD_ICASSP2023\4_Insertion\tamper\e443980da112cbce0c6ec364f367ba14.png,UNKNOWN,0.1,OCR_TEXT
C:\Users\jay\Downloads\STFD_ICASSP2023\STFD_ICASSP2023\4_Insertion\tamper\e4810dea71aad81143adf67aa30c807e.png,E_COMMERCE,0.35,CV_ECOMMERCE_COLOR+OCR_TEXT
C:\Users\jay\Downloads\STFD_ICASSP2023\STFD_ICASSP2023\4_Insertion\tamper\e4c37828d9eb0b579c33986e6d70c47c.png,UNKNOWN,0.25,OCR_TEXT
C:\Users\jay\Downloads\STFD_ICASSP2023\STFD_ICASSP2023\4_Insertion\tamper\e55971f968dcfdbf16e79581740aa4de.png,UNKNOWN,0.1,OCR_TEXT
C:\Users\jay\Downloads\STFD_ICASSP2023\STFD_ICASSP2023\4_Insertion\tamper\e6edc3800bc8ef173c25af67f131368f.png,UNKNOWN,0.1,OCR_TEXT
C:\Users\jay\Downloads\STFD_ICASSP2023\STFD_ICASSP2023\4_Insertion\tamper\e71751ee33736263a6e204f30197b604.png,UNKNOWN,0.1,OCR_TEXT
C:\Users\jay\Downloads\STFD_ICASSP2023\STFD_ICASSP2023\4_Insertion\tamper\e84f6e371d599c907665ec9fb9abe150.png,UNKNOWN,0.1,OCR_TEXT
C:\Users\jay\Downloads\STFD_ICASSP2023\STFD_ICASSP2023\4_Insertion\tamper\e871a802328f0bbbf445fab592a319b1.png,UNKNOWN,0.25,OCR_TEXT
C:\Users\jay\Downloads\STFD_ICASSP2023\STFD_ICASSP2023\4_Insertion\tamper\e8c765cd2026bbda53da8d1b0aecbd1a.png,UNKNOWN,0.25,OCR_TEXT
C:\Users\jay\Downloads\STFD_ICASSP2023\STFD_ICASSP2023\4_Insertion\tamper\e8e5fd121f5ac9ec5ab06c469177f361.png,DOCUMENT,0.5,CV_MONOCHROME_DOC+OCR_TEXT
C:\Users\jay\Downloads\STFD_ICASSP2023\STFD_ICASSP2023\4_Insertion\tamper\e9130d329898035bd5ee593582610653.png,DOCUMENT,0.5,CV_MONOCHROME_DOC+OCR_TEXT
C:\Users\jay\Downloads\STFD_ICASSP2023\STFD_ICASSP2023\4_Insertion\tamper\e99f451168a3e313d84ac9c233e82b3e.png,E_COMMERCE,0.35,CV_ECOMMERCE_COLOR+OCR_TEXT
C:\Users\jay\Downloads\STFD_ICASSP2023\STFD_ICASSP2023\4_Insertion\tamper\e9e6b69b76554304b22394252067b75b.png,E_COMMERCE,0.35,CV_ECOMMERCE_COLOR+OCR_TEXT
C:\Users\jay\Downloads\STFD_ICASSP2023\STFD_ICASSP2023\4_Insertion\tamper\e9e816856cefed1bb6626b871e306442.png,UNKNOWN,0.25,OCR_TEXT
C:\Users\jay\Downloads\STFD_ICASSP2023\STFD_ICASSP2023\4_Insertion\tamper\e9ebe7dcaf179256c1fa34d3398a76ee.png,UNKNOWN,0.1,OCR_TEXT
C:\Users\jay\Downloads\STFD_ICASSP2023\STFD_ICASSP2023\4_Insertion\tamper\ea96de2f307498807636a79a8c6121fe.png,UNKNOWN,0.1,OCR_TEXT
C:\Users\jay\Downloads\STFD_ICASSP2023\STFD_ICASSP2023\4_Insertion\tamper\eb0f8e4f5bed9d928d4b93ba23c7b651.png,UNKNOWN,0.1,OCR_TEXT
C:\Users\jay\Downloads\STFD_ICASSP2023\STFD_ICASSP2023\4_Insertion\tamper\eb1476fb712a403aaa3f4b5f0c62d6ba.png,DOCUMENT,0.5,CV_MONOCHROME_DOC+OCR_TEXT
C:\Users\jay\Downloads\STFD_ICASSP2023\STFD_ICASSP2023\4_Insertion\tamper\eb69d77f8594a6b4cf6b895044675352.png,UNKNOWN,0.1,OCR_TEXT
C:\Users\jay\Downloads\STFD_ICASSP2023\STFD_ICASSP2023\4_Insertion\tamper\eb97e8a0ab5bab1691c9a7c1ef621ad2.png,UNKNOWN,0.1,OCR_TEXT
C:\Users\jay\Downloads\STFD_ICASSP2023\STFD_ICASSP2023\4_Insertion\tamper\ec8818bbabf2df8415e90a15c586ddb2.png,E_COMMERCE,0.35,CV_ECOMMERCE_COLOR+OCR_TEXT
C:\Users\jay\Downloads\STFD_ICASSP2023\STFD_ICASSP2023\4_Insertion\tamper\ed42d387bdb01c697bc1433f84085999.png,E_COMMERCE,0.35,CV_ECOMMERCE_COLOR+OCR_TEXT
C:\Users\jay\Downloads\STFD_ICASSP2023\STFD_ICASSP2023\4_Insertion\tamper\ed67965f57cb97d89d942c818adf7a35.png,UNKNOWN,0.1,OCR_TEXT
C:\Users\jay\Downloads\STFD_ICASSP2023\STFD_ICASSP2023\4_Insertion\tamper\ed6d8751197d19f6b297d1b8953e8c0d.png,UNKNOWN,0.25,OCR_TEXT
C:\Users\jay\Downloads\STFD_ICASSP2023\STFD_ICASSP2023\4_Insertion\tamper\edb6b14a95e5bf7fb85f84f6af43f267.png,UNKNOWN,0.1,OCR_TEXT
C:\Users\jay\Downloads\STFD_ICASSP2023\STFD_ICASSP2023\4_Insertion\tamper\ee1f3cdc7aa3d2d001623441d675463c.png,DOCUMENT,0.5,CV_MONOCHROME_DOC+OCR_TEXT
C:\Users\jay\Downloads\STFD_ICASSP2023\STFD_ICASSP2023\4_Insertion\tamper\ee223106652b6f10036ce0da246ce17e.png,UNKNOWN,0.1,OCR_TEXT
C:\Users\jay\Downloads\STFD_ICASSP2023\STFD_ICASSP2023\4_Insertion\tamper\ee984a6faa47b3094e311066bdc731d1.png,UNKNOWN,0.25,CV_SETTINGS_GRID+OCR_TEXT
C:\Users\jay\Downloads\STFD_ICASSP2023\STFD_ICASSP2023\4_Insertion\tamper\eeac74e012b00bbe5e0f8fe40ab4e54a.png,UNKNOWN,0.1,OCR_TEXT
C:\Users\jay\Downloads\STFD_ICASSP2023\STFD_ICASSP2023\4_Insertion\tamper\ef0ee4b59748a987c202a5338c5bc762.png,UNKNOWN,0.25,CV_SETTINGS_GRID+OCR_TEXT
C:\Users\jay\Downloads\STFD_ICASSP2023\STFD_ICASSP2023\4_Insertion\tamper\f00a0cb2f86086687cbfb69a1531e2f2.png,UNKNOWN,0.25,CV_SETTINGS_GRID+OCR_TEXT
C:\Users\jay\Downloads\STFD_ICASSP2023\STFD_ICASSP2023\4_Insertion\tamper\f031cd7b1abdb92cd49da9bf52b19e90.png,UNKNOWN,0.1,OCR_TEXT
C:\Users\jay\Downloads\STFD_ICASSP2023\STFD_ICASSP2023\4_Insertion\tamper\f0cced2854a94d67d48b9a20f6b6b1ac.png,E_COMMERCE,0.35,CV_ECOMMERCE_COLOR+OCR_TEXT
C:\Users\jay\Downloads\STFD_ICASSP2023\STFD_ICASSP2023\4_Insertion\tamper\f0f9d239df08c4cd4f4f4ec3966110a9.png,UNKNOWN,0.1,OCR_TEXT
C:\Users\jay\Downloads\STFD_ICASSP2023\STFD_ICASSP2023\4_Insertion\tamper\f10cf7d65088775b8ee2b127d12e7a47.png,UNKNOWN,0.1,OCR_TEXT
C:\Users\jay\Downloads\STFD_ICASSP2023\STFD_ICASSP2023\4_Insertion\tamper\f15750ac69a8fcacf22e84ef41f26db9.png,UNKNOWN,0.1,OCR_TEXT
C:\Users\jay\Downloads\STFD_ICASSP2023\STFD_ICASSP2023\4_Insertion\tamper\f172eb2c89bbba3dcc00e23eba0a17c0.png,UNKNOWN,0.1,OCR_TEXT
C:\Users\jay\Downloads\STFD_ICASSP2023\STFD_ICASSP2023\4_Insertion\tamper\f193541cd416407f0b0ce9ad21d5c2e4.png,UNKNOWN,0.25,CV_SETTINGS_GRID+OCR_TEXT
C:\Users\jay\Downloads\STFD_ICASSP2023\STFD_ICASSP2023\4_Insertion\tamper\f1e6907fa3056aae39311f23e6a8d754.png,UNKNOWN,0.25,OCR_TEXT
C:\Users\jay\Downloads\STFD_ICASSP2023\STFD_ICASSP2023\4_Insertion\tamper\f1fd1935c712a2a3917f4513d409bd33.png,UNKNOWN,0.1,OCR_TEXT
C:\Users\jay\Downloads\STFD_ICASSP2023\STFD_ICASSP2023\4_Insertion\tamper\f23e2bd6e438974f2f5dba7901fbdbf2.png,UNKNOWN,0.1,OCR_TEXT
C:\Users\jay\Downloads\STFD_ICASSP2023\STFD_ICASSP2023\4_Insertion\tamper\f2b8c6c8963cef86f87bf5ff0d5d821a.png,UNKNOWN,0.35,CV_ECOMMERCE_COLOR+OCR_TEXT
C:\Users\jay\Downloads\STFD_ICASSP2023\STFD_ICASSP2023\4_Insertion\tamper\f2e06303eda4c9ab1fdefa67e57a0394.png,DOCUMENT,0.5,CV_MONOCHROME_DOC+OCR_TEXT
C:\Users\jay\Downloads\STFD_ICASSP2023\STFD_ICASSP2023\4_Insertion\tamper\f2f085bd9683cb8feb1bfe4a2b9cdc51.png,DOCUMENT,0.5,CV_MONOCHROME_DOC+OCR_TEXT
C:\Users\jay\Downloads\STFD_ICASSP2023\STFD_ICASSP2023\4_Insertion\tamper\f33e3824172bafec3cfaf7b97dac6c80.png,UNKNOWN,0.25,CV_SETTINGS_GRID+OCR_TEXT
C:\Users\jay\Downloads\STFD_ICASSP2023\STFD_ICASSP2023\4_Insertion\tamper\f39651fdcea954bbacfbe72a852c5d1e.png,E_COMMERCE,0.35,CV_ECOMMERCE_COLOR+OCR_TEXT
C:\Users\jay\Downloads\STFD_ICASSP2023\STFD_ICASSP2023\4_Insertion\tamper\f425485ce18712b9f59fe57aa09db60e.png,UNKNOWN,0.1,OCR_TEXT
C:\Users\jay\Downloads\STFD_ICASSP2023\STFD_ICASSP2023\4_Insertion\tamper\f44cd00ff767a5f7e18c6a30b916c06a.png,UNKNOWN,0.25,OCR_TEXT
C:\Users\jay\Downloads\STFD_ICASSP2023\STFD_ICASSP2023\4_Insertion\tamper\f559297d33ede205b468dbeb59b70680.png,UNKNOWN,0.1,OCR_TEXT
C:\Users\jay\Downloads\STFD_ICASSP2023\STFD_ICASSP2023\4_Insertion\tamper\f5d81e711b4d011cd64555e67ae08aa2.png,UNKNOWN,0.1,OCR_TEXT
C:\Users\jay\Downloads\STFD_ICASSP2023\STFD_ICASSP2023\4_Insertion\tamper\f5e07cc30fd0a9a857491a20316291cf.png,UNKNOWN,0.1,OCR_TEXT
C:\Users\jay\Downloads\STFD_ICASSP2023\STFD_ICASSP2023\4_Insertion\tamper\f616d9bdd05f9a099b26f3965ef602d7.png,UNKNOWN,0.1,OCR_TEXT
C:\Users\jay\Downloads\STFD_ICASSP2023\STFD_ICASSP2023\4_Insertion\tamper\f641c2c063e40f3ccae9264b05eecc7d.png,UNKNOWN,0.25,OCR_TEXT
C:\Users\jay\Downloads\STFD_ICASSP2023\STFD_ICASSP2023\4_Insertion\tamper\f684feb2045d2d6596d981b721649861.png,E_COMMERCE,0.35,CV_ECOMMERCE_COLOR+OCR_TEXT
C:\Users\jay\Downloads\STFD_ICASSP2023\STFD_ICASSP2023\4_Insertion\tamper\f6bd068db2f990deacb4cc5f4fec1875.png,UNKNOWN,0.1,OCR_TEXT
C:\Users\jay\Downloads\STFD_ICASSP2023\STFD_ICASSP2023\4_Insertion\tamper\f7ded89e940e98839270908422adc01b.png,UNKNOWN,0.25,OCR_TEXT
C:\Users\jay\Downloads\STFD_ICASSP2023\STFD_ICASSP2023\4_Insertion\tamper\f80a19730d2671180fc658055805d043.png,UNKNOWN,0.25,OCR_TEXT
C:\Users\jay\Downloads\STFD_ICASSP2023\STFD_ICASSP2023\4_Insertion\tamper\f8125f668c6c74a2d96699ee798a2ed5.png,E_COMMERCE,0.35,CV_ECOMMERCE_COLOR+OCR_TEXT
C:\Users\jay\Downloads\STFD_ICASSP2023\STFD_ICASSP2023\4_Insertion\tamper\f846b79da4a4c0239460a5af7d1ea1a2.png,UNKNOWN,0.1,OCR_TEXT
C:\Users\jay\Downloads\STFD_ICASSP2023\STFD_ICASSP2023\4_Insertion\tamper\f850159f54db1ea21bdaf849f5af4e6e.png,UNKNOWN,0.1,VISUAL_HEURISTIC
C:\Users\jay\Downloads\STFD_ICASSP2023\STFD_ICASSP2023\4_Insertion\tamper\f86998868f53a306544b569ad014c828.png,UNKNOWN,0.1,OCR_TEXT
C:\Users\jay\Downloads\STFD_ICASSP2023\STFD_ICASSP2023\4_Insertion\tamper\f8baebe097debc7aae21e97b850fd0e1.png,UNKNOWN,0.1,OCR_TEXT
C:\Users\jay\Downloads\STFD_ICASSP2023\STFD_ICASSP2023\4_Insertion\tamper\f8ddd17e67c497719f3e8b0c48b59a3c.png,UNKNOWN,0.35,CV_ECOMMERCE_COLOR+OCR_TEXT
C:\Users\jay\Downloads\STFD_ICASSP2023\STFD_ICASSP2023\4_Insertion\tamper\f94afafecd06483710ca2c968d7d0a27.png,UNKNOWN,0.1,OCR_TEXT
C:\Users\jay\Downloads\STFD_ICASSP2023\STFD_ICASSP2023\4_Insertion\tamper\f9a1a65e1282c52d63d2f6ac2369b1ca.png,E_COMMERCE,0.35,CV_ECOMMERCE_COLOR+OCR_TEXT
C:\Users\jay\Downloads\STFD_ICASSP2023\STFD_ICASSP2023\4_Insertion\tamper\fa53eb420db8569199cc40817fa17a4d.png,UNKNOWN,0.1,OCR_TEXT
C:\Users\jay\Downloads\STFD_ICASSP2023\STFD_ICASSP2023\4_Insertion\tamper\faacf9de1c2c1f5765f8e82e25353eeb.png,DOCUMENT,0.5,CV_MONOCHROME_DOC+OCR_TEXT
C:\Users\jay\Downloads\STFD_ICASSP2023\STFD_ICASSP2023\4_Insertion\tamper\facaf6a9d70d0ecfad013f1e72da9d9d.png,DOCUMENT,0.5,CV_MONOCHROME_DOC+OCR_TEXT
C:\Users\jay\Downloads\STFD_ICASSP2023\STFD_ICASSP2023\4_Insertion\tamper\fae3419d204967faca26932e8a33ba21.png,UNKNOWN,0.1,OCR_TEXT
C:\Users\jay\Downloads\STFD_ICASSP2023\STFD_ICASSP2023\4_Insertion\tamper\fb589520d111fbdc4f2333574eb56666.png,UNKNOWN,0.1,OCR_TEXT
C:\Users\jay\Downloads\STFD_ICASSP2023\STFD_ICASSP2023\4_Insertion\tamper\fb94364ad12dae84902ae406983144a1.png,E_COMMERCE,0.35,CV_ECOMMERCE_COLOR+CV_SETTINGS_GRID+OCR_TEXT
C:\Users\jay\Downloads\STFD_ICASSP2023\STFD_ICASSP2023\4_Insertion\tamper\fbeb2279d1097731662c54455c171c36.png,UNKNOWN,0.1,OCR_TEXT
C:\Users\jay\Downloads\STFD_ICASSP2023\STFD_ICASSP2023\4_Insertion\tamper\fc760c8df9cc74c11de494109d4f73d1.png,UNKNOWN,0.1,OCR_TEXT
C:\Users\jay\Downloads\STFD_ICASSP2023\STFD_ICASSP2023\4_Insertion\tamper\fca0b5a96d944b473a1ffa08f4bec3f0.png,UNKNOWN,0.1,OCR_TEXT
C:\Users\jay\Downloads\STFD_ICASSP2023\STFD_ICASSP2023\4_Insertion\tamper\fce43dd894fe682a25999c959cdb1a04.png,UNKNOWN,0.25,OCR_TEXT
C:\Users\jay\Downloads\STFD_ICASSP2023\STFD_ICASSP2023\4_Insertion\tamper\fd11e17bb740f18243414564370285f8.png,DOCUMENT,0.5,CV_MONOCHROME_DOC+OCR_TEXT
C:\Users\jay\Downloads\STFD_ICASSP2023\STFD_ICASSP2023\4_Insertion\tamper\fd82b4d96f657e49f76424bbe0e835e5.png,UNKNOWN,0.25,OCR_TEXT
C:\Users\jay\Downloads\STFD_ICASSP2023\STFD_ICASSP2023\4_Insertion\tamper\fdd2b67a57e90b9c76c3bf4beb25c4a1.png,UNKNOWN,0.1,OCR_TEXT
C:\Users\jay\Downloads\STFD_ICASSP2023\STFD_ICASSP2023\4_Insertion\tamper\fde2042e26dec37d1cb17d7ec55966e9.png,UNKNOWN,0.1,OCR_TEXT
C:\Users\jay\Downloads\STFD_ICASSP2023\STFD_ICASSP2023\4_Insertion\tamper\fde4b273a98efc2ac4ade147d16ddb44.png,E_COMMERCE,0.35,CV_ECOMMERCE_COLOR+OCR_TEXT
C:\Users\jay\Downloads\STFD_ICASSP2023\STFD_ICASSP2023\4_Insertion\tamper\fdf4f36fad4578d8a9d3354469900b1d.png,E_COMMERCE,0.35,CV_ECOMMERCE_COLOR+CV_SETTINGS_GRID+OCR_TEXT
C:\Users\jay\Downloads\STFD_ICASSP2023\STFD_ICASSP2023\4_Insertion\tamper\fe85c1527cd534de74488f75039d3701.png,UNKNOWN,0.1,OCR_TEXT
C:\Users\jay\Downloads\STFD_ICASSP2023\STFD_ICASSP2023\4_Insertion\tamper\febb40b82fa21aa5ad79147e10c05faf.png,UNKNOWN,0.1,OCR_TEXT
C:\Users\jay\Downloads\STFD_ICASSP2023\STFD_ICASSP2023\4_Insertion\tamper\fef7659a07a083e5c08b06485a729921.png,UNKNOWN,0.35,CV_ECOMMERCE_COLOR+OCR_TEXT
C:\Users\jay\Downloads\STFD_ICASSP2023\STFD_ICASSP2023\4_Insertion\tamper\fefdeffcaf4b6dd115b566587c2b41a9.png,ONLINE_BANKING,0.35,OCR_TEXT
C:\Users\jay\Downloads\STFD_ICASSP2023\STFD_ICASSP2023\4_Insertion\tamper\ff28a076fea29ae72dcddfaaa1e80598.png,UNKNOWN,0.35,OCR_TEXT
C:\Users\jay\Downloads\STFD_ICASSP2023\STFD_ICASSP2023\4_Insertion\tamper\ffc8aeeb8cdca69c0b5a45b1cc127245.png,DOCUMENT,0.5,CV_MONOCHROME_DOC+OCR_TEXT
C:\Users\jay\Downloads\STFD_ICASSP2023\STFD_ICASSP2023\5_Replacement\tamper\003a5ba4f1f817af97a102776ced6ce9.png,UNKNOWN,0.1,OCR_TEXT
C:\Users\jay\Downloads\STFD_ICASSP2023\STFD_ICASSP2023\5_Replacement\tamper\0086660a792bf62730c1bb8cce734cda.png,UNKNOWN,0.1,OCR_TEXT
C:\Users\jay\Downloads\STFD_ICASSP2023\STFD_ICASSP2023\5_Replacement\tamper\00c8d9bf42cc3d7ff5bf522144441f9c.png,UNKNOWN,0.35,CV_ECOMMERCE_COLOR+OCR_TEXT
C:\Users\jay\Downloads\STFD_ICASSP2023\STFD_ICASSP2023\5_Replacement\tamper\00e5dc1de7f60146aad1e3c6fce92ac9.png,DOCUMENT,0.5,CV_MONOCHROME_DOC+OCR_TEXT
C:\Users\jay\Downloads\STFD_ICASSP2023\STFD_ICASSP2023\5_Replacement\tamper\00f36f420e9ed627af1070c80a16e67f.png,UNKNOWN,0.1,OCR_TEXT
C:\Users\jay\Downloads\STFD_ICASSP2023\STFD_ICASSP2023\5_Replacement\tamper\01158b45b6f85aaf7b916630fff301ba.png,E_COMMERCE,0.35,CV_ECOMMERCE_COLOR+OCR_TEXT
C:\Users\jay\Downloads\STFD_ICASSP2023\STFD_ICASSP2023\5_Replacement\tamper\012da1ee7cdf86562da37c8de858cab7.png,UNKNOWN,0.25,OCR_TEXT
C:\Users\jay\Downloads\STFD_ICASSP2023\STFD_ICASSP2023\5_Replacement\tamper\01c377665089e110481ea5f4231894e0.png,UNKNOWN,0.25,OCR_TEXT
C:\Users\jay\Downloads\STFD_ICASSP2023\STFD_ICASSP2023\5_Replacement\tamper\01f8d846db305c95b3ba1d7016cad44f.png,UNKNOWN,0.3,OCR_TEXT
C:\Users\jay\Downloads\STFD_ICASSP2023\STFD_ICASSP2023\5_Replacement\tamper\022359c30771ff296fdbb20d58833426.png,UNKNOWN,0.25,CV_SETTINGS_GRID+OCR_TEXT
C:\Users\jay\Downloads\STFD_ICASSP2023\STFD_ICASSP2023\5_Replacement\tamper\0254dc2b72c89aa14a3e6ecc168f108b.png,UNKNOWN,0.1,OCR_TEXT
C:\Users\jay\Downloads\STFD_ICASSP2023\STFD_ICASSP2023\5_Replacement\tamper\025a4222e0e69bf4cf660222ef75d117.png,MAP_TRANSPORT,0.35,OCR_TEXT
C:\Users\jay\Downloads\STFD_ICASSP2023\STFD_ICASSP2023\5_Replacement\tamper\02d75e90a1f072a7e4b76dd2a80b953f.png,UNKNOWN,0.1,OCR_TEXT
C:\Users\jay\Downloads\STFD_ICASSP2023\STFD_ICASSP2023\5_Replacement\tamper\032efe0f413827dd729d650e493ecf39.png,UNKNOWN,0.1,OCR_TEXT
C:\Users\jay\Downloads\STFD_ICASSP2023\STFD_ICASSP2023\5_Replacement\tamper\038acd37ab42f2c765f383d057a4449a.png,UNKNOWN,0.1,OCR_TEXT
C:\Users\jay\Downloads\STFD_ICASSP2023\STFD_ICASSP2023\5_Replacement\tamper\03aa2d628fefc79e122fb2689b24dc6e.png,UNKNOWN,0.1,OCR_TEXT
C:\Users\jay\Downloads\STFD_ICASSP2023\STFD_ICASSP2023\5_Replacement\tamper\040cd5e097c944b01e9100f64a8e08a9.png,E_COMMERCE,0.35,CV_ECOMMERCE_COLOR+OCR_TEXT
C:\Users\jay\Downloads\STFD_ICASSP2023\STFD_ICASSP2023\5_Replacement\tamper\043dca008c5bdbc60f836dee1b09255a.png,UNKNOWN,0.25,OCR_TEXT
C:\Users\jay\Downloads\STFD_ICASSP2023\STFD_ICASSP2023\5_Replacement\tamper\04a2eed5c4ce7028a4f4f5339c57708a.png,UNKNOWN,0.1,OCR_TEXT
C:\Users\jay\Downloads\STFD_ICASSP2023\STFD_ICASSP2023\5_Replacement\tamper\04bf0216cf212001c6e6acf1b2908b9e.png,UNKNOWN,0.1,OCR_TEXT
C:\Users\jay\Downloads\STFD_ICASSP2023\STFD_ICASSP2023\5_Replacement\tamper\04dc7c64939f0344abd32ac2093d2f33.png,UNKNOWN,0.1,OCR_TEXT
C:\Users\jay\Downloads\STFD_ICASSP2023\STFD_ICASSP2023\5_Replacement\tamper\0540354a04e76f790be8fb4a8c5e73a2.png,UNKNOWN,0.25,OCR_TEXT
C:\Users\jay\Downloads\STFD_ICASSP2023\STFD_ICASSP2023\5_Replacement\tamper\05742fdb9d7ac6597e910f8d97bd5373.png,UNKNOWN,0.25,OCR_TEXT
C:\Users\jay\Downloads\STFD_ICASSP2023\STFD_ICASSP2023\5_Replacement\tamper\05857be8a70b18534183eefbac58e0be.png,UNKNOWN,0.1,OCR_TEXT
C:\Users\jay\Downloads\STFD_ICASSP2023\STFD_ICASSP2023\5_Replacement\tamper\05f3f47e7affc584d53d7dfff5d55934.png,UNKNOWN,0.25,CV_SETTINGS_GRID+OCR_TEXT
C:\Users\jay\Downloads\STFD_ICASSP2023\STFD_ICASSP2023\5_Replacement\tamper\0611cc3dfc05b4dc9637d14e8734032b.png,UNKNOWN,0.1,OCR_TEXT
C:\Users\jay\Downloads\STFD_ICASSP2023\STFD_ICASSP2023\5_Replacement\tamper\0657eb42b836704777abf15bbd9473af.png,DOCUMENT,0.5,CV_MONOCHROME_DOC+OCR_TEXT
C:\Users\jay\Downloads\STFD_ICASSP2023\STFD_ICASSP2023\5_Replacement\tamper\067b2ec16b06591fa1fe10a8f9897759.png,UNKNOWN,0.25,OCR_TEXT
C:\Users\jay\Downloads\STFD_ICASSP2023\STFD_ICASSP2023\5_Replacement\tamper\06cd995641cfba86387f867bb54ec827.png,UNKNOWN,0.1,OCR_TEXT
C:\Users\jay\Downloads\STFD_ICASSP2023\STFD_ICASSP2023\5_Replacement\tamper\072cad342437730a03a363ffb624b0cf.png,UNKNOWN,0.1,OCR_TEXT
C:\Users\jay\Downloads\STFD_ICASSP2023\STFD_ICASSP2023\5_Replacement\tamper\0757785c6722c5a908a60feb5d78e57d.png,UNKNOWN,0.1,OCR_TEXT
C:\Users\jay\Downloads\STFD_ICASSP2023\STFD_ICASSP2023\5_Replacement\tamper\090ac60cd4b17b66ce1d4dce3a67a7c5.png,UNKNOWN,0.35,CV_ECOMMERCE_COLOR+OCR_TEXT
C:\Users\jay\Downloads\STFD_ICASSP2023\STFD_ICASSP2023\5_Replacement\tamper\094efea11d5b67b7541f8ebdbfde6083.png,UNKNOWN,0.25,OCR_TEXT
C:\Users\jay\Downloads\STFD_ICASSP2023\STFD_ICASSP2023\5_Replacement\tamper\094f2abfaf894631f50359104ba817e6.png,UNKNOWN,0.1,OCR_TEXT
C:\Users\jay\Downloads\STFD_ICASSP2023\STFD_ICASSP2023\5_Replacement\tamper\09793c415afe9bbc8785ca970d756ca6.png,UNKNOWN,0.1,OCR_TEXT
C:\Users\jay\Downloads\STFD_ICASSP2023\STFD_ICASSP2023\5_Replacement\tamper\09d5981ca079bfc0e78f4c3cd82be97f.png,UNKNOWN,0.25,OCR_TEXT
C:\Users\jay\Downloads\STFD_ICASSP2023\STFD_ICASSP2023\5_Replacement\tamper\0a5d64ed4e14bd2ef7810ce8e7af1820.png,UNKNOWN,0.25,OCR_TEXT
C:\Users\jay\Downloads\STFD_ICASSP2023\STFD_ICASSP2023\5_Replacement\tamper\0b24d2381574ad95eee0abcc9c934979.png,DOCUMENT,0.5,CV_MONOCHROME_DOC+OCR_TEXT
C:\Users\jay\Downloads\STFD_ICASSP2023\STFD_ICASSP2023\5_Replacement\tamper\0bd417c90e460bcddf63c4cdb71e5f4a.png,UNKNOWN,0.25,OCR_TEXT
C:\Users\jay\Downloads\STFD_ICASSP2023\STFD_ICASSP2023\5_Replacement\tamper\0bd819f1c91dac95f5577ca2c0cd3909.png,UNKNOWN,0.1,OCR_TEXT
C:\Users\jay\Downloads\STFD_ICASSP2023\STFD_ICASSP2023\5_Replacement\tamper\0c6ac0a8756defd4cc557a9f992becee.png,MAP_TRANSPORT,0.35,OCR_TEXT
C:\Users\jay\Downloads\STFD_ICASSP2023\STFD_ICASSP2023\5_Replacement\tamper\0c894148143bdacc48b3be35d2cb29c2.png,UNKNOWN,0.1,OCR_TEXT
C:\Users\jay\Downloads\STFD_ICASSP2023\STFD_ICASSP2023\5_Replacement\tamper\0c94cbea709dc37babd9f18749c9f9d8.png,MAP_TRANSPORT,0.35,OCR_TEXT
C:\Users\jay\Downloads\STFD_ICASSP2023\STFD_ICASSP2023\5_Replacement\tamper\0d46e3176f71f65a683949ced26e5cfa.png,DOCUMENT,0.5,CV_MONOCHROME_DOC+OCR_TEXT
C:\Users\jay\Downloads\STFD_ICASSP2023\STFD_ICASSP2023\5_Replacement\tamper\0d9f3cf0ec1eada5d8678c2a6d134476.png,UNKNOWN,0.3,OCR_TEXT
C:\Users\jay\Downloads\STFD_ICASSP2023\STFD_ICASSP2023\5_Replacement\tamper\0dcb95d05d9a58de5ab961327d77aee9.png,UNKNOWN,0.1,OCR_TEXT
C:\Users\jay\Downloads\STFD_ICASSP2023\STFD_ICASSP2023\5_Replacement\tamper\0e09560968081e9fdcb0017cea20d7d0.png,ONLINE_BANKING,0.35,OCR_TEXT
C:\Users\jay\Downloads\STFD_ICASSP2023\STFD_ICASSP2023\5_Replacement\tamper\0e3a4a4dd1f4a923e06ac66183be9c0d.png,UNKNOWN,0.1,OCR_TEXT
C:\Users\jay\Downloads\STFD_ICASSP2023\STFD_ICASSP2023\5_Replacement\tamper\0e4d3a9d7972fcbd4b1985f571275940.png,DOCUMENT,0.5,CV_MONOCHROME_DOC+OCR_TEXT
C:\Users\jay\Downloads\STFD_ICASSP2023\STFD_ICASSP2023\5_Replacement\tamper\0e6636a652a089eab7ea4684b7dd656d.png,UNKNOWN,0.1,OCR_TEXT
C:\Users\jay\Downloads\STFD_ICASSP2023\STFD_ICASSP2023\5_Replacement\tamper\0eb187620fe7b0b21ed6ff6ee69f6da0.png,UNKNOWN,0.1,OCR_TEXT
C:\Users\jay\Downloads\STFD_ICASSP2023\STFD_ICASSP2023\5_Replacement\tamper\0f739bdc2a6289099a10ebfd8ad5d95e.png,UNKNOWN,0.1,OCR_TEXT
C:\Users\jay\Downloads\STFD_ICASSP2023\STFD_ICASSP2023\5_Replacement\tamper\1050dfe933b6e454daae1a9085b16fb7.png,UNKNOWN,0.1,OCR_TEXT
C:\Users\jay\Downloads\STFD_ICASSP2023\STFD_ICASSP2023\5_Replacement\tamper\106595213ff0b8f3db04476d120478e9.png,E_COMMERCE,0.35,CV_ECOMMERCE_COLOR+CV_SETTINGS_GRID+OCR_TEXT
C:\Users\jay\Downloads\STFD_ICASSP2023\STFD_ICASSP2023\5_Replacement\tamper\107437234ec60ebc0224d561c012dd9a.png,DOCUMENT,0.5,CV_MONOCHROME_DOC+OCR_TEXT
C:\Users\jay\Downloads\STFD_ICASSP2023\STFD_ICASSP2023\5_Replacement\tamper\107cf9e9d3be616086d6b47f7e3c5077.png,UNKNOWN,0.1,OCR_TEXT
C:\Users\jay\Downloads\STFD_ICASSP2023\STFD_ICASSP2023\5_Replacement\tamper\109cf10be8a2c6e2e714084b6e7d8ac2.png,UNKNOWN,0.3,OCR_TEXT
C:\Users\jay\Downloads\STFD_ICASSP2023\STFD_ICASSP2023\5_Replacement\tamper\112058d63eab29e98906112e11c7ff53.png,DOCUMENT,0.5,CV_MONOCHROME_DOC+OCR_TEXT
C:\Users\jay\Downloads\STFD_ICASSP2023\STFD_ICASSP2023\5_Replacement\tamper\114bae1fe7f567d88b28b626003a5609.png,UNKNOWN,0.1,OCR_TEXT
C:\Users\jay\Downloads\STFD_ICASSP2023\STFD_ICASSP2023\5_Replacement\tamper\114def2ad2b3fe7dd002783e30e0f1f4.png,E_COMMERCE,0.95,CV_MONOCHROME_DOC+OCR_TEXT
C:\Users\jay\Downloads\STFD_ICASSP2023\STFD_ICASSP2023\5_Replacement\tamper\11a17c63ce80f34ae11f1989c6854517.png,UNKNOWN,0.1,OCR_TEXT
C:\Users\jay\Downloads\STFD_ICASSP2023\STFD_ICASSP2023\5_Replacement\tamper\127d35577b26596639f33e713a9a353c.png,UNKNOWN,0.25,CV_SETTINGS_GRID+OCR_TEXT
C:\Users\jay\Downloads\STFD_ICASSP2023\STFD_ICASSP2023\5_Replacement\tamper\12b4b3511b85556659c76dea6463b2b0.png,UNKNOWN,0.1,OCR_TEXT
C:\Users\jay\Downloads\STFD_ICASSP2023\STFD_ICASSP2023\5_Replacement\tamper\1399ce86504d51a7eb6eb5e0878f9e5d.png,UNKNOWN,0.25,OCR_TEXT
C:\Users\jay\Downloads\STFD_ICASSP2023\STFD_ICASSP2023\5_Replacement\tamper\13bf7d2e3905bdd56116343721157289.png,UNKNOWN,0.1,OCR_TEXT
C:\Users\jay\Downloads\STFD_ICASSP2023\STFD_ICASSP2023\5_Replacement\tamper\13fabad031f18de93ece06cb1ffa70ae.png,UNKNOWN,0.1,OCR_TEXT
C:\Users\jay\Downloads\STFD_ICASSP2023\STFD_ICASSP2023\5_Replacement\tamper\14269db5c4fc1e5767f0e1cc18b7a2b2.png,UNKNOWN,0.1,OCR_TEXT
C:\Users\jay\Downloads\STFD_ICASSP2023\STFD_ICASSP2023\5_Replacement\tamper\1538444d8908a7cc26ff0c227304f14c.png,UNKNOWN,0.1,OCR_TEXT
C:\Users\jay\Downloads\STFD_ICASSP2023\STFD_ICASSP2023\5_Replacement\tamper\15a96d530ecbfc5d84667a82d1a864b5.png,UNKNOWN,0.1,OCR_TEXT
C:\Users\jay\Downloads\STFD_ICASSP2023\STFD_ICASSP2023\5_Replacement\tamper\160cd2d92f28211a11ceb17c603d6126.png,E_COMMERCE,0.35,CV_ECOMMERCE_COLOR+OCR_TEXT
C:\Users\jay\Downloads\STFD_ICASSP2023\STFD_ICASSP2023\5_Replacement\tamper\161be1d0a0a5e028fa684beaf3ca495c.png,DOCUMENT,0.5,CV_MONOCHROME_DOC+OCR_TEXT
C:\Users\jay\Downloads\STFD_ICASSP2023\STFD_ICASSP2023\5_Replacement\tamper\17103635c21d54d40fe2887b0e1616bc.png,UNKNOWN,0.1,OCR_TEXT
C:\Users\jay\Downloads\STFD_ICASSP2023\STFD_ICASSP2023\5_Replacement\tamper\174e50faa51be00af16f90b713359975.png,UNKNOWN,0.25,OCR_TEXT
C:\Users\jay\Downloads\STFD_ICASSP2023\STFD_ICASSP2023\5_Replacement\tamper\175df897f1fe9a0797bf7988cb2b1ef6.png,DOCUMENT,0.5,CV_MONOCHROME_DOC+OCR_TEXT
C:\Users\jay\Downloads\STFD_ICASSP2023\STFD_ICASSP2023\5_Replacement\tamper\19846719138a62ddd9109ecc2d62cb20.png,UNKNOWN,0.1,OCR_TEXT
C:\Users\jay\Downloads\STFD_ICASSP2023\STFD_ICASSP2023\5_Replacement\tamper\19ea7270b9ac714fef60e1734f181e3e.png,E_COMMERCE,0.35,CV_ECOMMERCE_COLOR+OCR_TEXT
C:\Users\jay\Downloads\STFD_ICASSP2023\STFD_ICASSP2023\5_Replacement\tamper\1ade8d5dc59f3c78ed87a6c276fe8b99.png,UNKNOWN,0.1,OCR_TEXT
C:\Users\jay\Downloads\STFD_ICASSP2023\STFD_ICASSP2023\5_Replacement\tamper\1bb423db103d5ffb4e83eda7809b6bca.png,UNKNOWN,0.1,OCR_TEXT
C:\Users\jay\Downloads\STFD_ICASSP2023\STFD_ICASSP2023\5_Replacement\tamper\1c75f7ed469511f44c0a083abd5cbb11.png,E_COMMERCE,0.6,CV_ECOMMERCE_COLOR+OCR_TEXT
C:\Users\jay\Downloads\STFD_ICASSP2023\STFD_ICASSP2023\5_Replacement\tamper\1d4e61b89c680adcd99d5805509d101e.png,UNKNOWN,0.1,OCR_TEXT
C:\Users\jay\Downloads\STFD_ICASSP2023\STFD_ICASSP2023\5_Replacement\tamper\1d7b444730be83cb2f0c2aae0a78c315.png,UNKNOWN,0.25,OCR_TEXT
C:\Users\jay\Downloads\STFD_ICASSP2023\STFD_ICASSP2023\5_Replacement\tamper\1dc06220d0b457a9439f205aaaff6770.png,UNKNOWN,0.1,OCR_TEXT
C:\Users\jay\Downloads\STFD_ICASSP2023\STFD_ICASSP2023\5_Replacement\tamper\1ddd1785734b48ce71e0f7cde834d9f7.png,UNKNOWN,0.25,OCR_TEXT
C:\Users\jay\Downloads\STFD_ICASSP2023\STFD_ICASSP2023\5_Replacement\tamper\1e763b7e258a65f895aee6081ab3c5f2.png,E_COMMERCE,0.35,CV_ECOMMERCE_COLOR+OCR_TEXT
C:\Users\jay\Downloads\STFD_ICASSP2023\STFD_ICASSP2023\5_Replacement\tamper\1edf0e21e3debbc2036d86eb1c9f1fe6.png,UNKNOWN,0.1,OCR_TEXT
C:\Users\jay\Downloads\STFD_ICASSP2023\STFD_ICASSP2023\5_Replacement\tamper\1f01e64b8436911b1ef600ae888c3937.png,UNKNOWN,0.1,OCR_TEXT
C:\Users\jay\Downloads\STFD_ICASSP2023\STFD_ICASSP2023\5_Replacement\tamper\1f6033a6b5adfb16a74a5bca6ff2b7e5.png,UNKNOWN,0.1,OCR_TEXT
C:\Users\jay\Downloads\STFD_ICASSP2023\STFD_ICASSP2023\5_Replacement\tamper\20bb037b45c1dc0c0f5658db50444585.png,UNKNOWN,0.1,OCR_TEXT
C:\Users\jay\Downloads\STFD_ICASSP2023\STFD_ICASSP2023\5_Replacement\tamper\20eb2c7fb0df6b31e4c69b5acc2e81b9.png,UNKNOWN,0.1,OCR_TEXT
C:\Users\jay\Downloads\STFD_ICASSP2023\STFD_ICASSP2023\5_Replacement\tamper\2179d65cc356f7f2f605ad4065af4fbe.png,UNKNOWN,0.1,OCR_TEXT
C:\Users\jay\Downloads\STFD_ICASSP2023\STFD_ICASSP2023\5_Replacement\tamper\221f3840f99ebd2596755a36b9651863.png,E_COMMERCE,0.35,CV_ECOMMERCE_COLOR+OCR_TEXT
C:\Users\jay\Downloads\STFD_ICASSP2023\STFD_ICASSP2023\5_Replacement\tamper\22d26658765e8d2a1c04670dc3fa66cc.png,UNKNOWN,0.1,OCR_TEXT
C:\Users\jay\Downloads\STFD_ICASSP2023\STFD_ICASSP2023\5_Replacement\tamper\22ee863d23f195d59fe56fcac39766ec.png,DOCUMENT,0.5,CV_MONOCHROME_DOC+OCR_TEXT
C:\Users\jay\Downloads\STFD_ICASSP2023\STFD_ICASSP2023\5_Replacement\tamper\22f112d4539de3f7ec99d08c07828475.png,E_COMMERCE,0.35,CV_ECOMMERCE_COLOR+CV_SETTINGS_GRID+OCR_TEXT
C:\Users\jay\Downloads\STFD_ICASSP2023\STFD_ICASSP2023\5_Replacement\tamper\22f97b4be0f3442d2220235bc628bd57.png,UNKNOWN,0.1,OCR_TEXT
C:\Users\jay\Downloads\STFD_ICASSP2023\STFD_ICASSP2023\5_Replacement\tamper\244b82433dda1832ccdd467880894118.png,E_COMMERCE,0.35,CV_ECOMMERCE_COLOR+OCR_TEXT
C:\Users\jay\Downloads\STFD_ICASSP2023\STFD_ICASSP2023\5_Replacement\tamper\252398dc19b96dc7b83b474c03d2d8b6.png,UNKNOWN,0.1,OCR_TEXT
C:\Users\jay\Downloads\STFD_ICASSP2023\STFD_ICASSP2023\5_Replacement\tamper\25d910c0145a52390aa36a81b6b75487.png,UNKNOWN,0.1,OCR_TEXT
C:\Users\jay\Downloads\STFD_ICASSP2023\STFD_ICASSP2023\5_Replacement\tamper\260ed48e6e6b8a36e3a99eb8567f520f.png,UNKNOWN,0.1,OCR_TEXT
C:\Users\jay\Downloads\STFD_ICASSP2023\STFD_ICASSP2023\5_Replacement\tamper\26185f9453e76c83e4c109fdd5b50cd2.png,UNKNOWN,0.1,OCR_TEXT
C:\Users\jay\Downloads\STFD_ICASSP2023\STFD_ICASSP2023\5_Replacement\tamper\2662a2ad372dea4d028ab5568fab17ac.png,MAP_TRANSPORT,0.35,OCR_TEXT
C:\Users\jay\Downloads\STFD_ICASSP2023\STFD_ICASSP2023\5_Replacement\tamper\266720ef63b390dc585b4e7f60f3371f.png,UNKNOWN,0.25,OCR_TEXT
C:\Users\jay\Downloads\STFD_ICASSP2023\STFD_ICASSP2023\5_Replacement\tamper\26f0d9fccbd61fa2d80556f3fd520711.png,UNKNOWN,0.1,OCR_TEXT
C:\Users\jay\Downloads\STFD_ICASSP2023\STFD_ICASSP2023\5_Replacement\tamper\273961d709077c1a33020f1e8656d0ef.png,UNKNOWN,0.1,OCR_TEXT
C:\Users\jay\Downloads\STFD_ICASSP2023\STFD_ICASSP2023\5_Replacement\tamper\27febf30ac39a915c08a116d317935db.png,E_COMMERCE,0.35,CV_ECOMMERCE_COLOR+OCR_TEXT
C:\Users\jay\Downloads\STFD_ICASSP2023\STFD_ICASSP2023\5_Replacement\tamper\283f76946d47335d15eca9cef21cc85c.png,MAP_TRANSPORT,0.7,CV_MONOCHROME_DOC+OCR_TEXT
C:\Users\jay\Downloads\STFD_ICASSP2023\STFD_ICASSP2023\5_Replacement\tamper\2861804371d4c33f2946905ea923415d.png,E_COMMERCE,0.35,CV_ECOMMERCE_COLOR+OCR_TEXT
C:\Users\jay\Downloads\STFD_ICASSP2023\STFD_ICASSP2023\5_Replacement\tamper\28a98497cbec2a97681fad3b8b16da3d.png,UNKNOWN,0.25,CV_SETTINGS_GRID+OCR_TEXT
C:\Users\jay\Downloads\STFD_ICASSP2023\STFD_ICASSP2023\5_Replacement\tamper\298bcdb655d6d582a5fdcd271833ced4.png,UNKNOWN,0.1,OCR_TEXT
C:\Users\jay\Downloads\STFD_ICASSP2023\STFD_ICASSP2023\5_Replacement\tamper\299ef5c4af82e6c7ace05a4315ad30f3.png,UNKNOWN,0.1,OCR_TEXT
C:\Users\jay\Downloads\STFD_ICASSP2023\STFD_ICASSP2023\5_Replacement\tamper\2a7ad2b6f0c516153a97b9a6d860323c.png,DOCUMENT,0.5,CV_MONOCHROME_DOC+OCR_TEXT
C:\Users\jay\Downloads\STFD_ICASSP2023\STFD_ICASSP2023\5_Replacement\tamper\2b0f8516b524891a34c05f342959381c.png,UNKNOWN,0.25,CV_SETTINGS_GRID+OCR_TEXT
C:\Users\jay\Downloads\STFD_ICASSP2023\STFD_ICASSP2023\5_Replacement\tamper\2d10dd047ad64484234b4d3c3d1e0916.png,MAP_TRANSPORT,0.35,CV_SETTINGS_GRID+OCR_TEXT
C:\Users\jay\Downloads\STFD_ICASSP2023\STFD_ICASSP2023\5_Replacement\tamper\2e565d194fedac39a426fea793343ff3.png,DOCUMENT,0.5,CV_MONOCHROME_DOC+OCR_TEXT
C:\Users\jay\Downloads\STFD_ICASSP2023\STFD_ICASSP2023\5_Replacement\tamper\2e98bc73357a1fa11cc013f02d48e042.png,UNKNOWN,0.1,OCR_TEXT
C:\Users\jay\Downloads\STFD_ICASSP2023\STFD_ICASSP2023\5_Replacement\tamper\2edbb17a2df83ef3703163a16a5ea9a5.png,UNKNOWN,0.1,OCR_TEXT
C:\Users\jay\Downloads\STFD_ICASSP2023\STFD_ICASSP2023\5_Replacement\tamper\2ee60e655af8d6e7e022e4b1c41f558d.png,E_COMMERCE,0.35,CV_ECOMMERCE_COLOR+OCR_TEXT
C:\Users\jay\Downloads\STFD_ICASSP2023\STFD_ICASSP2023\5_Replacement\tamper\2f1484848d9d6f4149ccd805269f4fef.png,UNKNOWN,0.1,OCR_TEXT
C:\Users\jay\Downloads\STFD_ICASSP2023\STFD_ICASSP2023\5_Replacement\tamper\302a8dba3752dcd9dbfe7b11d3e56652.png,UNKNOWN,0.25,CV_SETTINGS_GRID+OCR_TEXT
C:\Users\jay\Downloads\STFD_ICASSP2023\STFD_ICASSP2023\5_Replacement\tamper\302efb82561dc391281a3b527a99db5d.png,UNKNOWN,0.1,OCR_TEXT
C:\Users\jay\Downloads\STFD_ICASSP2023\STFD_ICASSP2023\5_Replacement\tamper\3074e40e8605bcae551d231984ebcacb.png,UNKNOWN,0.1,OCR_TEXT
C:\Users\jay\Downloads\STFD_ICASSP2023\STFD_ICASSP2023\5_Replacement\tamper\30b901ab7df73d298ee4c04bc0ac73ea.png,DOCUMENT,0.5,CV_MONOCHROME_DOC+OCR_TEXT
C:\Users\jay\Downloads\STFD_ICASSP2023\STFD_ICASSP2023\5_Replacement\tamper\30c6045b2e094d8c96d16a2859947a65.png,UNKNOWN,0.1,OCR_TEXT
C:\Users\jay\Downloads\STFD_ICASSP2023\STFD_ICASSP2023\5_Replacement\tamper\31583df81b8abaf4d520867f7600f6eb.png,WEB_BROWSING,0.95,OCR_TEXT
C:\Users\jay\Downloads\STFD_ICASSP2023\STFD_ICASSP2023\5_Replacement\tamper\31e2202f4c6a810ed2b6ed3fbd45d520.png,UNKNOWN,0.1,OCR_TEXT
C:\Users\jay\Downloads\STFD_ICASSP2023\STFD_ICASSP2023\5_Replacement\tamper\322a5844758a769b3c37032167c736b7.png,UNKNOWN,0.3,OCR_TEXT
C:\Users\jay\Downloads\STFD_ICASSP2023\STFD_ICASSP2023\5_Replacement\tamper\330968d9749c2737e36cd5d89521dc43.png,E_COMMERCE,0.35,CV_ECOMMERCE_COLOR+OCR_TEXT
C:\Users\jay\Downloads\STFD_ICASSP2023\STFD_ICASSP2023\5_Replacement\tamper\3347e39afe7ec929d9f3d18fd2b70dd7.png,UNKNOWN,0.1,OCR_TEXT
C:\Users\jay\Downloads\STFD_ICASSP2023\STFD_ICASSP2023\5_Replacement\tamper\336cee258e4e1141a02e69ac77777de7.png,UNKNOWN,0.1,OCR_TEXT
C:\Users\jay\Downloads\STFD_ICASSP2023\STFD_ICASSP2023\5_Replacement\tamper\338b09a47f6cd16b2ce0aa8dec6e848f.png,UNKNOWN,0.1,OCR_TEXT
C:\Users\jay\Downloads\STFD_ICASSP2023\STFD_ICASSP2023\5_Replacement\tamper\33d05cc58c0f03ab0e1324925efd8307.png,UNKNOWN,0.1,OCR_TEXT
C:\Users\jay\Downloads\STFD_ICASSP2023\STFD_ICASSP2023\5_Replacement\tamper\33f0bf1388265110cb9d3aac9c86f266.png,E_COMMERCE,0.5,CV_SETTINGS_GRID+OCR_TEXT
C:\Users\jay\Downloads\STFD_ICASSP2023\STFD_ICASSP2023\5_Replacement\tamper\34c30d391c78eaa9b3ddd9ff46b1ca7f.png,UNKNOWN,0.25,CV_SETTINGS_GRID+OCR_TEXT
C:\Users\jay\Downloads\STFD_ICASSP2023\STFD_ICASSP2023\5_Replacement\tamper\34d6c5b8f6c1017b443eaad6a32fc868.png,UNKNOWN,0.1,OCR_TEXT
C:\Users\jay\Downloads\STFD_ICASSP2023\STFD_ICASSP2023\5_Replacement\tamper\35abc3b802b246cd6ce4d0b76e80c554.png,DOCUMENT,0.5,CV_MONOCHROME_DOC+OCR_TEXT
C:\Users\jay\Downloads\STFD_ICASSP2023\STFD_ICASSP2023\5_Replacement\tamper\36b6bffe73da70f03217ea3b38b3ed32.png,UNKNOWN,0.1,OCR_TEXT
C:\Users\jay\Downloads\STFD_ICASSP2023\STFD_ICASSP2023\5_Replacement\tamper\36f0d32c49a0dc93fad25a949b2af1e9.png,UNKNOWN,0.1,OCR_TEXT
C:\Users\jay\Downloads\STFD_ICASSP2023\STFD_ICASSP2023\5_Replacement\tamper\373590c016179a0fa08be0e60ebc3c80.png,UNKNOWN,0.1,OCR_TEXT
C:\Users\jay\Downloads\STFD_ICASSP2023\STFD_ICASSP2023\5_Replacement\tamper\37638829f26cac477071f8699ba2af7f.png,UNKNOWN,0.1,OCR_TEXT
C:\Users\jay\Downloads\STFD_ICASSP2023\STFD_ICASSP2023\5_Replacement\tamper\3797523a606d9f10321aa8395d34501b.png,UNKNOWN,0.1,OCR_TEXT
C:\Users\jay\Downloads\STFD_ICASSP2023\STFD_ICASSP2023\5_Replacement\tamper\380d6bfa80c8b359f8739f4820ce22cb.png,WEB_BROWSING,0.95,OCR_TEXT
C:\Users\jay\Downloads\STFD_ICASSP2023\STFD_ICASSP2023\5_Replacement\tamper\39524aea5166d77e162c0483dd84a319.png,UNKNOWN,0.1,OCR_TEXT
C:\Users\jay\Downloads\STFD_ICASSP2023\STFD_ICASSP2023\5_Replacement\tamper\39ed87e88326905cde6cf173e92edf4e.png,DOCUMENT,0.5,CV_MONOCHROME_DOC+OCR_TEXT
C:\Users\jay\Downloads\STFD_ICASSP2023\STFD_ICASSP2023\5_Replacement\tamper\39edafbc6ec384903bc2154354b69453.png,E_COMMERCE,0.35,CV_ECOMMERCE_COLOR
C:\Users\jay\Downloads\STFD_ICASSP2023\STFD_ICASSP2023\5_Replacement\tamper\3a1697a39157c794f673960e22c5f0ff.png,UNKNOWN,0.25,OCR_TEXT
C:\Users\jay\Downloads\STFD_ICASSP2023\STFD_ICASSP2023\5_Replacement\tamper\3a2fa8b49be34b1a40bef66cfe37da4d.png,UNKNOWN,0.1,OCR_TEXT
C:\Users\jay\Downloads\STFD_ICASSP2023\STFD_ICASSP2023\5_Replacement\tamper\3acb12fd9463c7ce7c908a26e7389aba.png,DOCUMENT,0.5,CV_MONOCHROME_DOC+OCR_TEXT
C:\Users\jay\Downloads\STFD_ICASSP2023\STFD_ICASSP2023\5_Replacement\tamper\3b2d8dde0594107f54dc402ccb5aaa8a.png,UNKNOWN,0.1,OCR_TEXT
C:\Users\jay\Downloads\STFD_ICASSP2023\STFD_ICASSP2023\5_Replacement\tamper\3bb6068a6d9f9e286960464cb323774c.png,MAP_TRANSPORT,0.35,OCR_TEXT
C:\Users\jay\Downloads\STFD_ICASSP2023\STFD_ICASSP2023\5_Replacement\tamper\3cd3defb740ecf056c78d0b6ff548b5b.png,UNKNOWN,0.1,OCR_TEXT
C:\Users\jay\Downloads\STFD_ICASSP2023\STFD_ICASSP2023\5_Replacement\tamper\3d9d1ef8fe06b94d5dba3711203a171d.png,UNKNOWN,0.1,OCR_TEXT
C:\Users\jay\Downloads\STFD_ICASSP2023\STFD_ICASSP2023\5_Replacement\tamper\3db0446ed747f0ff55a5ea36d296d93b.png,UNKNOWN,0.1,OCR_TEXT
C:\Users\jay\Downloads\STFD_ICASSP2023\STFD_ICASSP2023\5_Replacement\tamper\3de06b98962c9aca65a144000dd77504.png,WEB_BROWSING,0.35,OCR_TEXT
C:\Users\jay\Downloads\STFD_ICASSP2023\STFD_ICASSP2023\5_Replacement\tamper\3e1f27291a2de586c356718aa0016fe1.png,UNKNOWN,0.35,CV_ECOMMERCE_COLOR+OCR_TEXT
C:\Users\jay\Downloads\STFD_ICASSP2023\STFD_ICASSP2023\5_Replacement\tamper\3fd6e58eb626178af340e2c10f686e03.png,UNKNOWN,0.1,OCR_TEXT
C:\Users\jay\Downloads\STFD_ICASSP2023\STFD_ICASSP2023\5_Replacement\tamper\3fe03d38bd08a491194a4cc86ddf0dd2.png,UNKNOWN,0.25,OCR_TEXT
C:\Users\jay\Downloads\STFD_ICASSP2023\STFD_ICASSP2023\5_Replacement\tamper\413eb7460b93e876230320be6cef5d5f.png,UNKNOWN,0.1,OCR_TEXT
C:\Users\jay\Downloads\STFD_ICASSP2023\STFD_ICASSP2023\5_Replacement\tamper\41558e98d698936424edccce55d464cb.png,UNKNOWN,0.1,OCR_TEXT
C:\Users\jay\Downloads\STFD_ICASSP2023\STFD_ICASSP2023\5_Replacement\tamper\41d34672d89fdf1c1da28bce35c9a60c.png,UNKNOWN,0.1,OCR_TEXT
C:\Users\jay\Downloads\STFD_ICASSP2023\STFD_ICASSP2023\5_Replacement\tamper\41ea1e479d262c97a7e6488abd69167d.png,UNKNOWN,0.1,OCR_TEXT
C:\Users\jay\Downloads\STFD_ICASSP2023\STFD_ICASSP2023\5_Replacement\tamper\42285fbd0733c75c0b585f08d068d521.png,DOCUMENT,0.5,CV_MONOCHROME_DOC+OCR_TEXT
C:\Users\jay\Downloads\STFD_ICASSP2023\STFD_ICASSP2023\5_Replacement\tamper\423a9952a7ae3828b251009d5588d0e6.png,E_COMMERCE,0.35,CV_ECOMMERCE_COLOR+OCR_TEXT
C:\Users\jay\Downloads\STFD_ICASSP2023\STFD_ICASSP2023\5_Replacement\tamper\428a41d1272a165ee03720d52d4a26b3.png,E_COMMERCE,0.35,CV_ECOMMERCE_COLOR+OCR_TEXT
C:\Users\jay\Downloads\STFD_ICASSP2023\STFD_ICASSP2023\5_Replacement\tamper\436783f0444d07a5ee033e8aa174deeb.png,UNKNOWN,0.1,OCR_TEXT
C:\Users\jay\Downloads\STFD_ICASSP2023\STFD_ICASSP2023\5_Replacement\tamper\4433faedb81cb87f2f8e973bbd9c0ef6.png,UNKNOWN,0.1,OCR_TEXT
C:\Users\jay\Downloads\STFD_ICASSP2023\STFD_ICASSP2023\5_Replacement\tamper\448ac13a43c9470e5968e78d5fda5b02.png,E_COMMERCE,0.35,CV_ECOMMERCE_COLOR+OCR_TEXT
C:\Users\jay\Downloads\STFD_ICASSP2023\STFD_ICASSP2023\5_Replacement\tamper\448acbe7c5aa1a953a2ac039261d3794.png,UNKNOWN,0.1,OCR_TEXT
C:\Users\jay\Downloads\STFD_ICASSP2023\STFD_ICASSP2023\5_Replacement\tamper\45a7beeb505bc719bf3f4e27698d5629.png,UNKNOWN,0.35,CV_ECOMMERCE_COLOR+OCR_TEXT
C:\Users\jay\Downloads\STFD_ICASSP2023\STFD_ICASSP2023\5_Replacement\tamper\4616d0d1ed78844294eda81ecf1b1c84.png,UNKNOWN,0.1,OCR_TEXT
C:\Users\jay\Downloads\STFD_ICASSP2023\STFD_ICASSP2023\5_Replacement\tamper\466f0b417f161cdb1534fbbfce996cc7.png,UNKNOWN,0.25,OCR_TEXT
C:\Users\jay\Downloads\STFD_ICASSP2023\STFD_ICASSP2023\5_Replacement\tamper\468c7dbf9b88f18638b90d3588847b21.png,E_COMMERCE,0.35,CV_ECOMMERCE_COLOR+CV_SETTINGS_GRID+OCR_TEXT
C:\Users\jay\Downloads\STFD_ICASSP2023\STFD_ICASSP2023\5_Replacement\tamper\46abdda1ebbed7fdde1f6732a76887f9.png,UNKNOWN,0.1,OCR_TEXT
C:\Users\jay\Downloads\STFD_ICASSP2023\STFD_ICASSP2023\5_Replacement\tamper\472bb2364d26a3f4244c6b8a3e14bdb1.png,UNKNOWN,0.25,CV_SETTINGS_GRID+OCR_TEXT
C:\Users\jay\Downloads\STFD_ICASSP2023\STFD_ICASSP2023\5_Replacement\tamper\4794157c72b552fed5a8e6b6c4f1971c.png,UNKNOWN,0.1,OCR_TEXT
C:\Users\jay\Downloads\STFD_ICASSP2023\STFD_ICASSP2023\5_Replacement\tamper\47c9d3b1ddea1d0cd0d6b924884db69c.png,UNKNOWN,0.25,OCR_TEXT
C:\Users\jay\Downloads\STFD_ICASSP2023\STFD_ICASSP2023\5_Replacement\tamper\48733c79bb4a1b060612c7418e021818.png,UNKNOWN,0.25,OCR_TEXT
C:\Users\jay\Downloads\STFD_ICASSP2023\STFD_ICASSP2023\5_Replacement\tamper\489cd44515f4e99dffb3679b5f4ec717.png,UNKNOWN,0.25,OCR_TEXT
C:\Users\jay\Downloads\STFD_ICASSP2023\STFD_ICASSP2023\5_Replacement\tamper\48e110959ad100b8847d236ba0c8e449.png,UNKNOWN,0.1,OCR_TEXT
C:\Users\jay\Downloads\STFD_ICASSP2023\STFD_ICASSP2023\5_Replacement\tamper\48efaffe794b7a48d7eaf6f93bdc5430.png,UNKNOWN,0.1,OCR_TEXT
C:\Users\jay\Downloads\STFD_ICASSP2023\STFD_ICASSP2023\5_Replacement\tamper\492b909f0062e1ad487498a86fc93896.png,UNKNOWN,0.1,OCR_TEXT
C:\Users\jay\Downloads\STFD_ICASSP2023\STFD_ICASSP2023\5_Replacement\tamper\498f131f4061ed588d4a7a6e5298941b.png,UNKNOWN,0.1,OCR_TEXT
C:\Users\jay\Downloads\STFD_ICASSP2023\STFD_ICASSP2023\5_Replacement\tamper\49f8a914f18c0f39477bee5ba84e4379.png,UNKNOWN,0.1,OCR_TEXT
C:\Users\jay\Downloads\STFD_ICASSP2023\STFD_ICASSP2023\5_Replacement\tamper\4a5b2c170d40bab7fec53c307e51edfc.png,UNKNOWN,0.1,OCR_TEXT
C:\Users\jay\Downloads\STFD_ICASSP2023\STFD_ICASSP2023\5_Replacement\tamper\4ac683a85998d39a5ababa05e9a5299f.png,UNKNOWN,0.1,OCR_TEXT
C:\Users\jay\Downloads\STFD_ICASSP2023\STFD_ICASSP2023\5_Replacement\tamper\4ae1cef0389fe3c3656266effd99b776.png,UNKNOWN,0.1,OCR_TEXT
C:\Users\jay\Downloads\STFD_ICASSP2023\STFD_ICASSP2023\5_Replacement\tamper\4af44a7575f273b0d72f91471e49f8e3.png,MAP_TRANSPORT,0.35,OCR_TEXT
C:\Users\jay\Downloads\STFD_ICASSP2023\STFD_ICASSP2023\5_Replacement\tamper\4af4946d1f658231948b8d0a181e9bdd.png,UNKNOWN,0.1,OCR_TEXT
C:\Users\jay\Downloads\STFD_ICASSP2023\STFD_ICASSP2023\5_Replacement\tamper\4b46476bd4013dc3c0f7b973e265603d.png,UNKNOWN,0.1,OCR_TEXT
C:\Users\jay\Downloads\STFD_ICASSP2023\STFD_ICASSP2023\5_Replacement\tamper\4c2001a2cc67f695ff2dbeb52da6f750.png,UNKNOWN,0.1,OCR_TEXT
C:\Users\jay\Downloads\STFD_ICASSP2023\STFD_ICASSP2023\5_Replacement\tamper\4c77648a3cd2459d876c3341f2e98e36.png,DOCUMENT,0.5,CV_MONOCHROME_DOC+OCR_TEXT
C:\Users\jay\Downloads\STFD_ICASSP2023\STFD_ICASSP2023\5_Replacement\tamper\4d4af9af572060eaccee07e1e59ed4b4.png,E_COMMERCE,0.35,CV_ECOMMERCE_COLOR+OCR_TEXT
C:\Users\jay\Downloads\STFD_ICASSP2023\STFD_ICASSP2023\5_Replacement\tamper\4d533b31e9385cb77b5ce34b3dd7b0ea.png,UNKNOWN,0.1,OCR_TEXT
C:\Users\jay\Downloads\STFD_ICASSP2023\STFD_ICASSP2023\5_Replacement\tamper\4d94b1df7790a4bf4b34da95cbd086a8.png,UNKNOWN,0.1,OCR_TEXT
C:\Users\jay\Downloads\STFD_ICASSP2023\STFD_ICASSP2023\5_Replacement\tamper\4dd1ae630e07d0712a5eb4387016f5a3.png,UNKNOWN,0.1,OCR_TEXT
C:\Users\jay\Downloads\STFD_ICASSP2023\STFD_ICASSP2023\5_Replacement\tamper\4e025cbb292adbd3278b1a29431a685b.png,E_COMMERCE,0.35,CV_ECOMMERCE_COLOR+OCR_TEXT
C:\Users\jay\Downloads\STFD_ICASSP2023\STFD_ICASSP2023\5_Replacement\tamper\4e0bcd8dc84548029710c41df4d30458.png,UNKNOWN,0.1,OCR_TEXT
C:\Users\jay\Downloads\STFD_ICASSP2023\STFD_ICASSP2023\5_Replacement\tamper\4e544d2a00d29c00f1e5a000dbfaf3ce.png,UNKNOWN,0.25,CV_SETTINGS_GRID+OCR_TEXT
C:\Users\jay\Downloads\STFD_ICASSP2023\STFD_ICASSP2023\5_Replacement\tamper\4e9532c25fdb3dfced0b506b9be7e12e.png,UNKNOWN,0.1,OCR_TEXT
C:\Users\jay\Downloads\STFD_ICASSP2023\STFD_ICASSP2023\5_Replacement\tamper\4f834d2ee663e7dba72ccbbbdac42513.png,UNKNOWN,0.35,CV_ECOMMERCE_COLOR+OCR_TEXT
C:\Users\jay\Downloads\STFD_ICASSP2023\STFD_ICASSP2023\5_Replacement\tamper\4fcc36e45d0286868bf204aefe1e1a8f.png,UNKNOWN,0.25,CV_SETTINGS_GRID+OCR_TEXT
C:\Users\jay\Downloads\STFD_ICASSP2023\STFD_ICASSP2023\5_Replacement\tamper\506ee37ba3f40529761565a3d348cc97.png,UNKNOWN,0.25,CV_SETTINGS_GRID+OCR_TEXT
C:\Users\jay\Downloads\STFD_ICASSP2023\STFD_ICASSP2023\5_Replacement\tamper\51afacdbeb46b5450f9aac07f139e31a.png,E_COMMERCE,0.35,CV_ECOMMERCE_COLOR+OCR_TEXT
C:\Users\jay\Downloads\STFD_ICASSP2023\STFD_ICASSP2023\5_Replacement\tamper\51da752871aa14f7ff2fcf840411b52b.png,UNKNOWN,0.1,OCR_TEXT
C:\Users\jay\Downloads\STFD_ICASSP2023\STFD_ICASSP2023\5_Replacement\tamper\53363ed624a582b2eb98a6db80d4251d.png,UNKNOWN,0.1,OCR_TEXT
C:\Users\jay\Downloads\STFD_ICASSP2023\STFD_ICASSP2023\5_Replacement\tamper\534d8084d7ad49c89b0f33a564e6a3a7.png,UNKNOWN,0.1,OCR_TEXT
C:\Users\jay\Downloads\STFD_ICASSP2023\STFD_ICASSP2023\5_Replacement\tamper\54c3068c1efc454c31927d43f799c788.png,UNKNOWN,0.1,OCR_TEXT
C:\Users\jay\Downloads\STFD_ICASSP2023\STFD_ICASSP2023\5_Replacement\tamper\54d7e9659cd4fd6ca4fa3101fd247c9e.png,UNKNOWN,0.1,OCR_TEXT
C:\Users\jay\Downloads\STFD_ICASSP2023\STFD_ICASSP2023\5_Replacement\tamper\54d8e3bb741a64e3c53e444f2d98f6ae.png,DOCUMENT,0.5,CV_MONOCHROME_DOC+OCR_TEXT
C:\Users\jay\Downloads\STFD_ICASSP2023\STFD_ICASSP2023\5_Replacement\tamper\553adb5d3551ec27791f0599ef5dbf04.png,UNKNOWN,0.25,CV_SETTINGS_GRID+OCR_TEXT
C:\Users\jay\Downloads\STFD_ICASSP2023\STFD_ICASSP2023\5_Replacement\tamper\557c38e1cabaa375eb873aade3a4d733.png,UNKNOWN,0.25,OCR_TEXT
C:\Users\jay\Downloads\STFD_ICASSP2023\STFD_ICASSP2023\5_Replacement\tamper\55efc3ad133fa223cfe331906c00286e.png,E_COMMERCE,0.35,CV_ECOMMERCE_COLOR+OCR_TEXT
C:\Users\jay\Downloads\STFD_ICASSP2023\STFD_ICASSP2023\5_Replacement\tamper\5617ecefca4501283d4ab092918319c5.png,UNKNOWN,0.25,CV_SETTINGS_GRID+OCR_TEXT
C:\Users\jay\Downloads\STFD_ICASSP2023\STFD_ICASSP2023\5_Replacement\tamper\561a3b8036cc5b41548c78afac6f34eb.png,UNKNOWN,0.1,OCR_TEXT
C:\Users\jay\Downloads\STFD_ICASSP2023\STFD_ICASSP2023\5_Replacement\tamper\571b35555326852dacdce150bea2c734.png,UNKNOWN,0.25,CV_SETTINGS_GRID+OCR_TEXT
C:\Users\jay\Downloads\STFD_ICASSP2023\STFD_ICASSP2023\5_Replacement\tamper\584eab69143b4f1cc78abe80dd55eb48.png,DOCUMENT,0.5,CV_MONOCHROME_DOC+OCR_TEXT
C:\Users\jay\Downloads\STFD_ICASSP2023\STFD_ICASSP2023\5_Replacement\tamper\5883ba7bab8432a3c7a1a11de0cfd3a0.png,UNKNOWN,0.1,OCR_TEXT
C:\Users\jay\Downloads\STFD_ICASSP2023\STFD_ICASSP2023\5_Replacement\tamper\58cfbc7913de1051516d2dad54bf8094.png,UNKNOWN,0.25,OCR_TEXT
C:\Users\jay\Downloads\STFD_ICASSP2023\STFD_ICASSP2023\5_Replacement\tamper\593abaeccac6f432221a14f6744968f2.png,MAP_TRANSPORT,0.35,OCR_TEXT
C:\Users\jay\Downloads\STFD_ICASSP2023\STFD_ICASSP2023\5_Replacement\tamper\59b1bb8dc9dcf6bcd306ea69da7ba924.png,E_COMMERCE,0.35,CV_ECOMMERCE_COLOR+OCR_TEXT
C:\Users\jay\Downloads\STFD_ICASSP2023\STFD_ICASSP2023\5_Replacement\tamper\59ec8655aad4f7e92ab07d430b7c7015.png,UNKNOWN,0.1,OCR_TEXT
C:\Users\jay\Downloads\STFD_ICASSP2023\STFD_ICASSP2023\5_Replacement\tamper\5a6bcd44a1303e005b0720ad52efb8ce.png,UNKNOWN,0.1,OCR_TEXT
C:\Users\jay\Downloads\STFD_ICASSP2023\STFD_ICASSP2023\5_Replacement\tamper\5a8db505c00e3d57d5b217bded1755e2.png,UNKNOWN,0.25,OCR_TEXT
C:\Users\jay\Downloads\STFD_ICASSP2023\STFD_ICASSP2023\5_Replacement\tamper\5adc4d931977d127a4ed3222d0f9fb5c.png,UNKNOWN,0.25,OCR_TEXT
C:\Users\jay\Downloads\STFD_ICASSP2023\STFD_ICASSP2023\5_Replacement\tamper\5b2024af3e85458696b2b9e1f3f29891.png,UNKNOWN,0.1,OCR_TEXT
C:\Users\jay\Downloads\STFD_ICASSP2023\STFD_ICASSP2023\5_Replacement\tamper\5b2cf75fbbe22503877b57823b6fdcf8.png,UNKNOWN,0.1,OCR_TEXT
C:\Users\jay\Downloads\STFD_ICASSP2023\STFD_ICASSP2023\5_Replacement\tamper\5bc7cd9554b5b0dfaabcf1de730715d9.png,E_COMMERCE,0.35,CV_ECOMMERCE_COLOR
C:\Users\jay\Downloads\STFD_ICASSP2023\STFD_ICASSP2023\5_Replacement\tamper\5beda94fcb862ed78f8d8ee353a0f8e7.png,E_COMMERCE,0.35,CV_ECOMMERCE_COLOR+OCR_TEXT
C:\Users\jay\Downloads\STFD_ICASSP2023\STFD_ICASSP2023\5_Replacement\tamper\5d039f624fb5eea2ff00d21ee8f78d2c.png,UNKNOWN,0.1,OCR_TEXT
C:\Users\jay\Downloads\STFD_ICASSP2023\STFD_ICASSP2023\5_Replacement\tamper\5d0a1a6cf8d0a7b960ef971b1a261375.png,UNKNOWN,0.1,OCR_TEXT
C:\Users\jay\Downloads\STFD_ICASSP2023\STFD_ICASSP2023\5_Replacement\tamper\5e22cb87cff4a53db58c0e2ce138799d.png,UNKNOWN,0.1,OCR_TEXT
C:\Users\jay\Downloads\STFD_ICASSP2023\STFD_ICASSP2023\5_Replacement\tamper\5e65399c55884886e1c7fbe2c3d3afa2.png,UNKNOWN,0.1,OCR_TEXT
C:\Users\jay\Downloads\STFD_ICASSP2023\STFD_ICASSP2023\5_Replacement\tamper\5e8216d206d3222e2953d887b057b628.png,UNKNOWN,0.1,OCR_TEXT
C:\Users\jay\Downloads\STFD_ICASSP2023\STFD_ICASSP2023\5_Replacement\tamper\5e9f070a666df4236bd8c1001704db72.png,UNKNOWN,0.1,OCR_TEXT
C:\Users\jay\Downloads\STFD_ICASSP2023\STFD_ICASSP2023\5_Replacement\tamper\5fb0f1721e624eae3b6c2125b4e3d314.png,UNKNOWN,0.1,OCR_TEXT
C:\Users\jay\Downloads\STFD_ICASSP2023\STFD_ICASSP2023\5_Replacement\tamper\603075117e6b4f723110179565ba14da.png,UNKNOWN,0.1,OCR_TEXT
C:\Users\jay\Downloads\STFD_ICASSP2023\STFD_ICASSP2023\5_Replacement\tamper\6037ab4d1d9f7cc109573b87627df9f0.png,UNKNOWN,0.1,OCR_TEXT
C:\Users\jay\Downloads\STFD_ICASSP2023\STFD_ICASSP2023\5_Replacement\tamper\6058acf2dfc6a374add5cc8e438814dc.png,E_COMMERCE,0.35,CV_ECOMMERCE_COLOR+OCR_TEXT
C:\Users\jay\Downloads\STFD_ICASSP2023\STFD_ICASSP2023\5_Replacement\tamper\6079c0f90a789dac6784a429ec316ec6.png,UNKNOWN,0.1,OCR_TEXT
C:\Users\jay\Downloads\STFD_ICASSP2023\STFD_ICASSP2023\5_Replacement\tamper\60d980d4e09784ca05f9b371ff9c1f63.png,UNKNOWN,0.1,OCR_TEXT
C:\Users\jay\Downloads\STFD_ICASSP2023\STFD_ICASSP2023\5_Replacement\tamper\6144e75e590b03b67ec5f266c1b0cbed.png,UNKNOWN,0.35,CV_ECOMMERCE_COLOR+OCR_TEXT
C:\Users\jay\Downloads\STFD_ICASSP2023\STFD_ICASSP2023\5_Replacement\tamper\61786d273846e76c13b6735fed6d2efa.png,DOCUMENT,0.5,CV_MONOCHROME_DOC+OCR_TEXT
C:\Users\jay\Downloads\STFD_ICASSP2023\STFD_ICASSP2023\5_Replacement\tamper\6213c585e05b9aad9c29c06cc990e544.png,SYSTEM_INTERFACE,0.6,OCR_TEXT
C:\Users\jay\Downloads\STFD_ICASSP2023\STFD_ICASSP2023\5_Replacement\tamper\6220c04e2aa0a5a01beb7f99bf4d30ab.png,UNKNOWN,0.1,OCR_TEXT
C:\Users\jay\Downloads\STFD_ICASSP2023\STFD_ICASSP2023\5_Replacement\tamper\6236d5a8dff3c940fb257d87f596cbf2.png,DOCUMENT,0.5,CV_MONOCHROME_DOC+OCR_TEXT
C:\Users\jay\Downloads\STFD_ICASSP2023\STFD_ICASSP2023\5_Replacement\tamper\624d9777e9505fc169eb2810b5cfd1d1.png,DOCUMENT,0.5,CV_MONOCHROME_DOC+OCR_TEXT
C:\Users\jay\Downloads\STFD_ICASSP2023\STFD_ICASSP2023\5_Replacement\tamper\6342407619628afeaff8f125b5c60f0e.png,UNKNOWN,0.1,OCR_TEXT
C:\Users\jay\Downloads\STFD_ICASSP2023\STFD_ICASSP2023\5_Replacement\tamper\63539bec5c217b64f66d05422ea4b751.png,UNKNOWN,0.1,OCR_TEXT
C:\Users\jay\Downloads\STFD_ICASSP2023\STFD_ICASSP2023\5_Replacement\tamper\636bc8666857e06eaea714f238b42b67.png,UNKNOWN,0.1,OCR_TEXT
C:\Users\jay\Downloads\STFD_ICASSP2023\STFD_ICASSP2023\5_Replacement\tamper\63b979371a0823dadeb33e424bb48808.png,E_COMMERCE,0.35,CV_ECOMMERCE_COLOR+OCR_TEXT
C:\Users\jay\Downloads\STFD_ICASSP2023\STFD_ICASSP2023\5_Replacement\tamper\63f80179ef664e15746e3b55c9d1280e.png,UNKNOWN,0.25,CV_SETTINGS_GRID+OCR_TEXT
C:\Users\jay\Downloads\STFD_ICASSP2023\STFD_ICASSP2023\5_Replacement\tamper\64c4cbf2da2c556c62ed20b5aee480ab.png,UNKNOWN,0.25,OCR_TEXT
C:\Users\jay\Downloads\STFD_ICASSP2023\STFD_ICASSP2023\5_Replacement\tamper\64e34dd507fbcefbee9fbb1cedbf1084.png,UNKNOWN,0.25,OCR_TEXT
C:\Users\jay\Downloads\STFD_ICASSP2023\STFD_ICASSP2023\5_Replacement\tamper\64f9fa1ceacd0a3d1078047ce3a6d5db.png,E_COMMERCE,0.35,CV_ECOMMERCE_COLOR+OCR_TEXT
C:\Users\jay\Downloads\STFD_ICASSP2023\STFD_ICASSP2023\5_Replacement\tamper\653b55f63cf7fb943fe99bfebc54b7a0.png,UNKNOWN,0.1,OCR_TEXT
C:\Users\jay\Downloads\STFD_ICASSP2023\STFD_ICASSP2023\5_Replacement\tamper\65a9bb80002ae1bf5d296eae9eb335dc.png,UNKNOWN,0.1,OCR_TEXT
C:\Users\jay\Downloads\STFD_ICASSP2023\STFD_ICASSP2023\5_Replacement\tamper\6661dbbfea096ab0ac494b830a35404b.png,UNKNOWN,0.1,OCR_TEXT
C:\Users\jay\Downloads\STFD_ICASSP2023\STFD_ICASSP2023\5_Replacement\tamper\67299637e14f593d329853e29785bc62.png,UNKNOWN,0.25,OCR_TEXT
C:\Users\jay\Downloads\STFD_ICASSP2023\STFD_ICASSP2023\5_Replacement\tamper\67564ebd390cb22ba7906d63e5aba183.png,UNKNOWN,0.1,OCR_TEXT
C:\Users\jay\Downloads\STFD_ICASSP2023\STFD_ICASSP2023\5_Replacement\tamper\6806ccdba7e732fe0eeee9d8b1a24576.png,UNKNOWN,0.1,OCR_TEXT
C:\Users\jay\Downloads\STFD_ICASSP2023\STFD_ICASSP2023\5_Replacement\tamper\68fdd0b464ba5e51fa3bccb09055e5c7.png,UNKNOWN,0.1,OCR_TEXT
C:\Users\jay\Downloads\STFD_ICASSP2023\STFD_ICASSP2023\5_Replacement\tamper\691d44aeed72ba9ae16f70a7d81c3c00.png,UNKNOWN,0.1,OCR_TEXT
C:\Users\jay\Downloads\STFD_ICASSP2023\STFD_ICASSP2023\5_Replacement\tamper\69f59a112b5746c731c69044ff188986.png,UNKNOWN,0.1,OCR_TEXT
C:\Users\jay\Downloads\STFD_ICASSP2023\STFD_ICASSP2023\5_Replacement\tamper\6a2592eb066681a7077f4deb65c39557.png,UNKNOWN,0.25,CV_SETTINGS_GRID+OCR_TEXT
C:\Users\jay\Downloads\STFD_ICASSP2023\STFD_ICASSP2023\5_Replacement\tamper\6a3815996e3f7009678b84cf6a61d676.png,DOCUMENT,0.5,CV_MONOCHROME_DOC+OCR_TEXT
C:\Users\jay\Downloads\STFD_ICASSP2023\STFD_ICASSP2023\5_Replacement\tamper\6a4c1f553f4bbe8677b56d40c12e2c5c.png,UNKNOWN,0.1,OCR_TEXT
C:\Users\jay\Downloads\STFD_ICASSP2023\STFD_ICASSP2023\5_Replacement\tamper\6a52c6fea25d50179cdb31fb0eb57927.png,UNKNOWN,0.25,OCR_TEXT
C:\Users\jay\Downloads\STFD_ICASSP2023\STFD_ICASSP2023\5_Replacement\tamper\6b3e9b75651da17af47fdac507dc1dd9.png,E_COMMERCE,0.35,CV_ECOMMERCE_COLOR
C:\Users\jay\Downloads\STFD_ICASSP2023\STFD_ICASSP2023\5_Replacement\tamper\6b53c2096bd18cbe9e135bcfea5fda9e.png,UNKNOWN,0.1,OCR_TEXT
C:\Users\jay\Downloads\STFD_ICASSP2023\STFD_ICASSP2023\5_Replacement\tamper\6b6da2854b329ce9cbbb9a8815a2da5b.png,UNKNOWN,0.25,OCR_TEXT
C:\Users\jay\Downloads\STFD_ICASSP2023\STFD_ICASSP2023\5_Replacement\tamper\6c40fb437cd09f00ba016b680f3f8dc3.png,DOCUMENT,0.5,CV_MONOCHROME_DOC+OCR_TEXT
C:\Users\jay\Downloads\STFD_ICASSP2023\STFD_ICASSP2023\5_Replacement\tamper\6d2775160ff0edb0c2982fbf7aebb7f0.png,DOCUMENT,0.5,CV_MONOCHROME_DOC+OCR_TEXT
C:\Users\jay\Downloads\STFD_ICASSP2023\STFD_ICASSP2023\5_Replacement\tamper\6dbc5b8ce504ad9a74ba774d89999774.png,DOCUMENT,0.5,CV_MONOCHROME_DOC+OCR_TEXT
C:\Users\jay\Downloads\STFD_ICASSP2023\STFD_ICASSP2023\5_Replacement\tamper\6df90d90cc88ea07cf6ba6679822082a.png,E_COMMERCE,0.35,CV_ECOMMERCE_COLOR+OCR_TEXT
C:\Users\jay\Downloads\STFD_ICASSP2023\STFD_ICASSP2023\5_Replacement\tamper\6dfccef1abc41a87fba2dc184e9e1c3b.png,UNKNOWN,0.1,OCR_TEXT
C:\Users\jay\Downloads\STFD_ICASSP2023\STFD_ICASSP2023\5_Replacement\tamper\6e295e184d53e6abf6f99acb210bd237.png,UNKNOWN,0.1,OCR_TEXT
C:\Users\jay\Downloads\STFD_ICASSP2023\STFD_ICASSP2023\5_Replacement\tamper\6eb703b5994af6e0ab81dd0005956f17.png,E_COMMERCE,0.35,CV_ECOMMERCE_COLOR+OCR_TEXT
C:\Users\jay\Downloads\STFD_ICASSP2023\STFD_ICASSP2023\5_Replacement\tamper\6ee4d73a4b33eac11d465e7ac93f97f0.png,UNKNOWN,0.1,OCR_TEXT
C:\Users\jay\Downloads\STFD_ICASSP2023\STFD_ICASSP2023\5_Replacement\tamper\6f721408bdb6e8530fff2f6cc450157d.png,UNKNOWN,0.1,OCR_TEXT
C:\Users\jay\Downloads\STFD_ICASSP2023\STFD_ICASSP2023\5_Replacement\tamper\6f78da28250dd45e63d0baff13e7ef5e.png,UNKNOWN,0.1,OCR_TEXT
C:\Users\jay\Downloads\STFD_ICASSP2023\STFD_ICASSP2023\5_Replacement\tamper\70fe43d3af71f6519f505fb4b201138d.png,E_COMMERCE,0.35,CV_ECOMMERCE_COLOR+OCR_TEXT
C:\Users\jay\Downloads\STFD_ICASSP2023\STFD_ICASSP2023\5_Replacement\tamper\711a96e11de0fc9c291852a3da44c17e.png,UNKNOWN,0.25,OCR_TEXT
C:\Users\jay\Downloads\STFD_ICASSP2023\STFD_ICASSP2023\5_Replacement\tamper\713740a8de284e26ae7a8f47eac32498.png,UNKNOWN,0.1,OCR_TEXT
C:\Users\jay\Downloads\STFD_ICASSP2023\STFD_ICASSP2023\5_Replacement\tamper\71672c5a3183ec362d03ebe27bb275dd.png,UNKNOWN,0.1,OCR_TEXT
C:\Users\jay\Downloads\STFD_ICASSP2023\STFD_ICASSP2023\5_Replacement\tamper\725493ba4f6fe6eee2b26d220a40124f.png,UNKNOWN,0.25,CV_SETTINGS_GRID+OCR_TEXT
C:\Users\jay\Downloads\STFD_ICASSP2023\STFD_ICASSP2023\5_Replacement\tamper\725bfa86c94f449c4d5596dc4814ae78.png,UNKNOWN,0.25,OCR_TEXT
C:\Users\jay\Downloads\STFD_ICASSP2023\STFD_ICASSP2023\5_Replacement\tamper\72d5b012544946dbcaa654a137dfdd9e.png,UNKNOWN,0.1,OCR_TEXT
C:\Users\jay\Downloads\STFD_ICASSP2023\STFD_ICASSP2023\5_Replacement\tamper\730a29ce5b1e2b5c0b947db887a638a1.png,DOCUMENT,0.5,CV_MONOCHROME_DOC+OCR_TEXT
C:\Users\jay\Downloads\STFD_ICASSP2023\STFD_ICASSP2023\5_Replacement\tamper\7376b4e5dc10a835fad32f74a2b6f3a7.png,UNKNOWN,0.1,OCR_TEXT
C:\Users\jay\Downloads\STFD_ICASSP2023\STFD_ICASSP2023\5_Replacement\tamper\7414cf25a88d859a5eb1fb9414eea9d7.png,UNKNOWN,0.25,OCR_TEXT
C:\Users\jay\Downloads\STFD_ICASSP2023\STFD_ICASSP2023\5_Replacement\tamper\746e8eb89c7025c9263b0d60900c0fe5.png,UNKNOWN,0.1,OCR_TEXT
C:\Users\jay\Downloads\STFD_ICASSP2023\STFD_ICASSP2023\5_Replacement\tamper\74db310b0d096d9f86a03428cf4a5c97.png,UNKNOWN,0.1,OCR_TEXT
C:\Users\jay\Downloads\STFD_ICASSP2023\STFD_ICASSP2023\5_Replacement\tamper\74e4cdfdb3535c2854af311ddc8d8fe3.png,E_COMMERCE,0.35,CV_ECOMMERCE_COLOR+OCR_TEXT
C:\Users\jay\Downloads\STFD_ICASSP2023\STFD_ICASSP2023\5_Replacement\tamper\7547adc22962c0369e086d94273149e2.png,UNKNOWN,0.1,OCR_TEXT
C:\Users\jay\Downloads\STFD_ICASSP2023\STFD_ICASSP2023\5_Replacement\tamper\7582eb604f9d38e108e2dab1835d7195.png,UNKNOWN,0.1,OCR_TEXT
C:\Users\jay\Downloads\STFD_ICASSP2023\STFD_ICASSP2023\5_Replacement\tamper\75d603be90f0fe736a1cdae73b386337.png,UNKNOWN,0.1,OCR_TEXT
C:\Users\jay\Downloads\STFD_ICASSP2023\STFD_ICASSP2023\5_Replacement\tamper\76208726410802854cf6eabe9830595a.png,UNKNOWN,0.25,OCR_TEXT
C:\Users\jay\Downloads\STFD_ICASSP2023\STFD_ICASSP2023\5_Replacement\tamper\7641be87dd5316b429e71407a6926992.png,UNKNOWN,0.25,CV_SETTINGS_GRID+OCR_TEXT
C:\Users\jay\Downloads\STFD_ICASSP2023\STFD_ICASSP2023\5_Replacement\tamper\76755916d9afc69569e4dc44bc671352.png,E_COMMERCE,0.35,CV_ECOMMERCE_COLOR+OCR_TEXT
C:\Users\jay\Downloads\STFD_ICASSP2023\STFD_ICASSP2023\5_Replacement\tamper\76e359f1261fd5cd1e08dbf5fc3429a8.png,UNKNOWN,0.1,OCR_TEXT
C:\Users\jay\Downloads\STFD_ICASSP2023\STFD_ICASSP2023\5_Replacement\tamper\772358d9e0b92c5216a9b071f90530bc.png,UNKNOWN,0.25,OCR_TEXT
C:\Users\jay\Downloads\STFD_ICASSP2023\STFD_ICASSP2023\5_Replacement\tamper\772651e11ef9b5e5a9d41a9497cb8a83.png,UNKNOWN,0.3,OCR_TEXT
C:\Users\jay\Downloads\STFD_ICASSP2023\STFD_ICASSP2023\5_Replacement\tamper\77d9c7968e63c5180f424a0a4316e60e.png,UNKNOWN,0.1,OCR_TEXT
C:\Users\jay\Downloads\STFD_ICASSP2023\STFD_ICASSP2023\5_Replacement\tamper\78d26909292daf8dabefe2388917e0ce.png,UNKNOWN,0.1,OCR_TEXT
C:\Users\jay\Downloads\STFD_ICASSP2023\STFD_ICASSP2023\5_Replacement\tamper\791d787a709da2015ed5a9b0b2511dfc.png,UNKNOWN,0.1,OCR_TEXT
C:\Users\jay\Downloads\STFD_ICASSP2023\STFD_ICASSP2023\5_Replacement\tamper\79ae8fb2f464e82ea45592d78a56d604.png,UNKNOWN,0.25,OCR_TEXT
C:\Users\jay\Downloads\STFD_ICASSP2023\STFD_ICASSP2023\5_Replacement\tamper\7a7611fe87021e9892cdc4f93b09616f.png,UNKNOWN,0.1,OCR_TEXT
C:\Users\jay\Downloads\STFD_ICASSP2023\STFD_ICASSP2023\5_Replacement\tamper\7a797618a1e660a1d9a48c8db83b13b1.png,DOCUMENT,0.5,CV_MONOCHROME_DOC+OCR_TEXT
C:\Users\jay\Downloads\STFD_ICASSP2023\STFD_ICASSP2023\5_Replacement\tamper\7b09a15c4d5e68163ef0a864427245b5.png,UNKNOWN,0.1,OCR_TEXT
C:\Users\jay\Downloads\STFD_ICASSP2023\STFD_ICASSP2023\5_Replacement\tamper\7b0b9516c50894aface53a9451b28da5.png,UNKNOWN,0.25,CV_SETTINGS_GRID+OCR_TEXT
C:\Users\jay\Downloads\STFD_ICASSP2023\STFD_ICASSP2023\5_Replacement\tamper\7b64f550c54c4baf81da7d945142c8d6.png,DOCUMENT,0.5,CV_MONOCHROME_DOC+CV_SETTINGS_GRID+OCR_TEXT
C:\Users\jay\Downloads\STFD_ICASSP2023\STFD_ICASSP2023\5_Replacement\tamper\7bbfffcff6be01b358842e7ffc1fb719.png,UNKNOWN,0.1,OCR_TEXT
C:\Users\jay\Downloads\STFD_ICASSP2023\STFD_ICASSP2023\5_Replacement\tamper\7c9774ca28549afd6d7cc953ef9eee2f.png,UNKNOWN,0.1,OCR_TEXT
C:\Users\jay\Downloads\STFD_ICASSP2023\STFD_ICASSP2023\5_Replacement\tamper\7cefdecc981e08fab3f95c5393a26bd3.png,UNKNOWN,0.25,CV_SETTINGS_GRID+OCR_TEXT
C:\Users\jay\Downloads\STFD_ICASSP2023\STFD_ICASSP2023\5_Replacement\tamper\7cf93651ee16432b5a64eb5a72d1d852.png,MAP_TRANSPORT,0.35,OCR_TEXT
C:\Users\jay\Downloads\STFD_ICASSP2023\STFD_ICASSP2023\5_Replacement\tamper\7d8ddeda9fd851f05b39e02de69f4e21.png,UNKNOWN,0.1,OCR_TEXT
C:\Users\jay\Downloads\STFD_ICASSP2023\STFD_ICASSP2023\5_Replacement\tamper\7dc751e3b75c8db65cee167bec7cf17e.png,MAP_TRANSPORT,0.35,OCR_TEXT
C:\Users\jay\Downloads\STFD_ICASSP2023\STFD_ICASSP2023\5_Replacement\tamper\7e2b505c569f6ce0107b5598d1aa9b1d.png,UNKNOWN,0.1,OCR_TEXT
C:\Users\jay\Downloads\STFD_ICASSP2023\STFD_ICASSP2023\5_Replacement\tamper\7e65cd86df36aadefeb3b203ea4d269c.png,DOCUMENT,0.5,CV_MONOCHROME_DOC+OCR_TEXT
C:\Users\jay\Downloads\STFD_ICASSP2023\STFD_ICASSP2023\5_Replacement\tamper\7ee00ce662265de6f27183904733d677.png,UNKNOWN,0.1,OCR_TEXT
C:\Users\jay\Downloads\STFD_ICASSP2023\STFD_ICASSP2023\5_Replacement\tamper\7f67905c7daf8b26b66e2e87aea146d1.png,UNKNOWN,0.1,OCR_TEXT
C:\Users\jay\Downloads\STFD_ICASSP2023\STFD_ICASSP2023\5_Replacement\tamper\7fb4cf77b954eb9e1d80ce6bfef7be99.png,UNKNOWN,0.1,OCR_TEXT
C:\Users\jay\Downloads\STFD_ICASSP2023\STFD_ICASSP2023\5_Replacement\tamper\7fc46bbd7de918d2e8086108bf4c850f.png,UNKNOWN,0.1,OCR_TEXT
C:\Users\jay\Downloads\STFD_ICASSP2023\STFD_ICASSP2023\5_Replacement\tamper\810481c67809374ef824aadcd9b6bb01.png,UNKNOWN,0.1,OCR_TEXT
C:\Users\jay\Downloads\STFD_ICASSP2023\STFD_ICASSP2023\5_Replacement\tamper\8109d686aaa7d145c8967dcff210ccb6.png,UNKNOWN,0.1,OCR_TEXT
C:\Users\jay\Downloads\STFD_ICASSP2023\STFD_ICASSP2023\5_Replacement\tamper\824378e4f834139a88fdd7dea980a692.png,UNKNOWN,0.1,OCR_TEXT
C:\Users\jay\Downloads\STFD_ICASSP2023\STFD_ICASSP2023\5_Replacement\tamper\83a54bceb4e027de48d968e1e90c63be.png,UNKNOWN,0.1,OCR_TEXT
C:\Users\jay\Downloads\STFD_ICASSP2023\STFD_ICASSP2023\5_Replacement\tamper\83a89da67ff78f143d7e40741834d31a.png,UNKNOWN,0.25,CV_SETTINGS_GRID+OCR_TEXT
C:\Users\jay\Downloads\STFD_ICASSP2023\STFD_ICASSP2023\5_Replacement\tamper\83e365090d2e410816e9bb1e040f4400.png,UNKNOWN,0.1,OCR_TEXT
C:\Users\jay\Downloads\STFD_ICASSP2023\STFD_ICASSP2023\5_Replacement\tamper\8412da9ca65212973874b0912e095f17.png,UNKNOWN,0.1,OCR_TEXT
C:\Users\jay\Downloads\STFD_ICASSP2023\STFD_ICASSP2023\5_Replacement\tamper\84337fc8123725486e312b3c04f366b6.png,UNKNOWN,0.3,OCR_TEXT
C:\Users\jay\Downloads\STFD_ICASSP2023\STFD_ICASSP2023\5_Replacement\tamper\84347584d6907277a4af6794a75b386b.png,UNKNOWN,0.35,CV_ECOMMERCE_COLOR+OCR_TEXT
C:\Users\jay\Downloads\STFD_ICASSP2023\STFD_ICASSP2023\5_Replacement\tamper\84bda7e755ae31959bf71d2927839ae9.png,UNKNOWN,0.35,OCR_TEXT
C:\Users\jay\Downloads\STFD_ICASSP2023\STFD_ICASSP2023\5_Replacement\tamper\850ce7266cdd2632258e9f3b6acfd3a0.png,UNKNOWN,0.1,OCR_TEXT
C:\Users\jay\Downloads\STFD_ICASSP2023\STFD_ICASSP2023\5_Replacement\tamper\8547a7444907cae145c9ab2293c3893d.png,UNKNOWN,0.1,OCR_TEXT
C:\Users\jay\Downloads\STFD_ICASSP2023\STFD_ICASSP2023\5_Replacement\tamper\855acb0a33432315c3b978e6d45922a5.png,DOCUMENT,0.5,CV_MONOCHROME_DOC+OCR_TEXT
C:\Users\jay\Downloads\STFD_ICASSP2023\STFD_ICASSP2023\5_Replacement\tamper\85ba09d47182b23b26b051e0441b7759.png,DOCUMENT,0.5,CV_MONOCHROME_DOC+OCR_TEXT
C:\Users\jay\Downloads\STFD_ICASSP2023\STFD_ICASSP2023\5_Replacement\tamper\860d3b7e3c905550716aa8230650ac0f.png,DOCUMENT,0.5,CV_MONOCHROME_DOC+OCR_TEXT
C:\Users\jay\Downloads\STFD_ICASSP2023\STFD_ICASSP2023\5_Replacement\tamper\866c377945ac629fdc66d3352b09c831.png,UNKNOWN,0.1,OCR_TEXT
C:\Users\jay\Downloads\STFD_ICASSP2023\STFD_ICASSP2023\5_Replacement\tamper\86f24ca5f37f8e8b81a1000383cda16a.png,UNKNOWN,0.1,OCR_TEXT
C:\Users\jay\Downloads\STFD_ICASSP2023\STFD_ICASSP2023\5_Replacement\tamper\870ce8893cfec6490cd223e2f16e773f.png,UNKNOWN,0.1,OCR_TEXT
C:\Users\jay\Downloads\STFD_ICASSP2023\STFD_ICASSP2023\5_Replacement\tamper\8723f06db2026d2d0f7adc33f13f51f6.png,UNKNOWN,0.1,OCR_TEXT
C:\Users\jay\Downloads\STFD_ICASSP2023\STFD_ICASSP2023\5_Replacement\tamper\87297551a97a23449ba30857813840d8.png,UNKNOWN,0.1,OCR_TEXT
C:\Users\jay\Downloads\STFD_ICASSP2023\STFD_ICASSP2023\5_Replacement\tamper\877ce85c7e74fcef7fe40abffae6ea48.png,UNKNOWN,0.1,OCR_TEXT
C:\Users\jay\Downloads\STFD_ICASSP2023\STFD_ICASSP2023\5_Replacement\tamper\878b797e47ab3913101a141514383462.png,UNKNOWN,0.25,OCR_TEXT
C:\Users\jay\Downloads\STFD_ICASSP2023\STFD_ICASSP2023\5_Replacement\tamper\878d4aa704ed1d524101bb995d67728f.png,UNKNOWN,0.1,OCR_TEXT
C:\Users\jay\Downloads\STFD_ICASSP2023\STFD_ICASSP2023\5_Replacement\tamper\87fc968c016f3455ed9368b170aec24c.png,UNKNOWN,0.3,OCR_TEXT
C:\Users\jay\Downloads\STFD_ICASSP2023\STFD_ICASSP2023\5_Replacement\tamper\88fd96e2742f6831eb0dc99a47955e70.png,UNKNOWN,0.1,OCR_TEXT
C:\Users\jay\Downloads\STFD_ICASSP2023\STFD_ICASSP2023\5_Replacement\tamper\89061a9f31392f6e31935399edce4aa8.png,E_COMMERCE,0.35,CV_ECOMMERCE_COLOR+CV_SETTINGS_GRID+OCR_TEXT
C:\Users\jay\Downloads\STFD_ICASSP2023\STFD_ICASSP2023\5_Replacement\tamper\89406a926968f1c7b335e65ce18c18ee.png,E_COMMERCE,0.35,CV_ECOMMERCE_COLOR+CV_SETTINGS_GRID+OCR_TEXT
C:\Users\jay\Downloads\STFD_ICASSP2023\STFD_ICASSP2023\5_Replacement\tamper\89a4670622b48b070dce3a3237c0ab8c.png,UNKNOWN,0.1,OCR_TEXT
C:\Users\jay\Downloads\STFD_ICASSP2023\STFD_ICASSP2023\5_Replacement\tamper\89bde12a591b591f7e622a4e33fe7189.png,UNKNOWN,0.1,OCR_TEXT
C:\Users\jay\Downloads\STFD_ICASSP2023\STFD_ICASSP2023\5_Replacement\tamper\8a18e8dcb2b7f1a6868bbbe38a24819c.png,UNKNOWN,0.1,OCR_TEXT
C:\Users\jay\Downloads\STFD_ICASSP2023\STFD_ICASSP2023\5_Replacement\tamper\8b02a67b391f8385eb7e22c0476b1844.png,UNKNOWN,0.1,OCR_TEXT
C:\Users\jay\Downloads\STFD_ICASSP2023\STFD_ICASSP2023\5_Replacement\tamper\8b032f33dec235122ccd03309d2996d1.png,UNKNOWN,0.1,OCR_TEXT
C:\Users\jay\Downloads\STFD_ICASSP2023\STFD_ICASSP2023\5_Replacement\tamper\8c9a5487cfeb49366e2c041b95e073fd.png,MAP_TRANSPORT,0.35,OCR_TEXT
C:\Users\jay\Downloads\STFD_ICASSP2023\STFD_ICASSP2023\5_Replacement\tamper\8c9d60119d8ec469b31fad8cb9353835.png,E_COMMERCE,0.35,CV_ECOMMERCE_COLOR+OCR_TEXT
C:\Users\jay\Downloads\STFD_ICASSP2023\STFD_ICASSP2023\5_Replacement\tamper\8ca1790be9028ab568fd8fec2178382f.png,UNKNOWN,0.1,VISUAL_HEURISTIC
C:\Users\jay\Downloads\STFD_ICASSP2023\STFD_ICASSP2023\5_Replacement\tamper\8cbadfde933e7c3b795235f7edd3e5a7.png,DOCUMENT,0.8,CV_MONOCHROME_DOC+OCR_TEXT
C:\Users\jay\Downloads\STFD_ICASSP2023\STFD_ICASSP2023\5_Replacement\tamper\8ce6ee9f9b3cdf1794b134ddc9ae1676.png,UNKNOWN,0.1,OCR_TEXT
C:\Users\jay\Downloads\STFD_ICASSP2023\STFD_ICASSP2023\5_Replacement\tamper\8d6a63d7d298a756b4e068efbda6e4bb.png,DOCUMENT,0.5,CV_MONOCHROME_DOC+OCR_TEXT
C:\Users\jay\Downloads\STFD_ICASSP2023\STFD_ICASSP2023\5_Replacement\tamper\8f8769976aeebb169290523026c09b1e.png,DOCUMENT,0.5,CV_MONOCHROME_DOC+OCR_TEXT
C:\Users\jay\Downloads\STFD_ICASSP2023\STFD_ICASSP2023\5_Replacement\tamper\9092bd1a82e922c23cc5a84d19a2dce0.png,UNKNOWN,0.1,OCR_TEXT
C:\Users\jay\Downloads\STFD_ICASSP2023\STFD_ICASSP2023\5_Replacement\tamper\90af1ebf913aff52b37787bfc28216a6.png,E_COMMERCE,0.35,CV_ECOMMERCE_COLOR+OCR_TEXT
C:\Users\jay\Downloads\STFD_ICASSP2023\STFD_ICASSP2023\5_Replacement\tamper\90f5487f8cdfc0da252592ebde472b28.png,UNKNOWN,0.1,VISUAL_HEURISTIC
C:\Users\jay\Downloads\STFD_ICASSP2023\STFD_ICASSP2023\5_Replacement\tamper\9113622759c77596c24e92c9013abd67.png,UNKNOWN,0.1,OCR_TEXT
C:\Users\jay\Downloads\STFD_ICASSP2023\STFD_ICASSP2023\5_Replacement\tamper\91163e5d94fdacd370ac5d313d653172.png,UNKNOWN,0.25,CV_SETTINGS_GRID+OCR_TEXT
C:\Users\jay\Downloads\STFD_ICASSP2023\STFD_ICASSP2023\5_Replacement\tamper\91ee77c1def4e64a3293d22a6770fa0c.png,UNKNOWN,0.1,OCR_TEXT
C:\Users\jay\Downloads\STFD_ICASSP2023\STFD_ICASSP2023\5_Replacement\tamper\9239cc39cab17c7438b19714cc10ec38.png,UNKNOWN,0.1,OCR_TEXT
C:\Users\jay\Downloads\STFD_ICASSP2023\STFD_ICASSP2023\5_Replacement\tamper\924b4a953afa7d28603ec3369e737f9c.png,E_COMMERCE,0.35,CV_ECOMMERCE_COLOR+OCR_TEXT
C:\Users\jay\Downloads\STFD_ICASSP2023\STFD_ICASSP2023\5_Replacement\tamper\926530ba19e045d25fe55c64edcaf319.png,UNKNOWN,0.25,OCR_TEXT
C:\Users\jay\Downloads\STFD_ICASSP2023\STFD_ICASSP2023\5_Replacement\tamper\928085ed35108c6b9f45326eb7468dae.png,E_COMMERCE,0.35,CV_ECOMMERCE_COLOR+OCR_TEXT
C:\Users\jay\Downloads\STFD_ICASSP2023\STFD_ICASSP2023\5_Replacement\tamper\931a7092330634555bcb2c182cf40431.png,UNKNOWN,0.25,OCR_TEXT
C:\Users\jay\Downloads\STFD_ICASSP2023\STFD_ICASSP2023\5_Replacement\tamper\9407d330dd476d82a7ae48473999332e.png,UNKNOWN,0.25,CV_SETTINGS_GRID+OCR_TEXT
C:\Users\jay\Downloads\STFD_ICASSP2023\STFD_ICASSP2023\5_Replacement\tamper\94a6ff1feed8a016ff254b78e722a05b.png,UNKNOWN,0.1,OCR_TEXT
C:\Users\jay\Downloads\STFD_ICASSP2023\STFD_ICASSP2023\5_Replacement\tamper\94eeb2aec5f2230a21ac226b417c6c48.png,UNKNOWN,0.1,OCR_TEXT
C:\Users\jay\Downloads\STFD_ICASSP2023\STFD_ICASSP2023\5_Replacement\tamper\954834e62d64a4d9e4b29002a364df58.png,UNKNOWN,0.1,OCR_TEXT
C:\Users\jay\Downloads\STFD_ICASSP2023\STFD_ICASSP2023\5_Replacement\tamper\95b87075f51e6b0f0ab4abba0e2c1573.png,UNKNOWN,0.1,OCR_TEXT
C:\Users\jay\Downloads\STFD_ICASSP2023\STFD_ICASSP2023\5_Replacement\tamper\960cc760d6ad315fc8c7964e56327c30.png,E_COMMERCE,0.6,CV_ECOMMERCE_COLOR+OCR_TEXT
C:\Users\jay\Downloads\STFD_ICASSP2023\STFD_ICASSP2023\5_Replacement\tamper\9622c4e3a2e68eca9d25fe01bcf50a04.png,DOCUMENT,0.5,CV_MONOCHROME_DOC+OCR_TEXT
C:\Users\jay\Downloads\STFD_ICASSP2023\STFD_ICASSP2023\5_Replacement\tamper\9624b3b249ce9f01373777f286d1b328.png,E_COMMERCE,0.35,CV_ECOMMERCE_COLOR+OCR_TEXT
C:\Users\jay\Downloads\STFD_ICASSP2023\STFD_ICASSP2023\5_Replacement\tamper\964342a0a9f4f4bb4bac6d7db8818001.png,E_COMMERCE,0.5,CV_SETTINGS_GRID+OCR_TEXT
C:\Users\jay\Downloads\STFD_ICASSP2023\STFD_ICASSP2023\5_Replacement\tamper\967b3179a2a3acdaacfbbb0942676a39.png,UNKNOWN,0.1,OCR_TEXT
C:\Users\jay\Downloads\STFD_ICASSP2023\STFD_ICASSP2023\5_Replacement\tamper\969a342248baf4c08eeebef6540438b4.png,UNKNOWN,0.1,OCR_TEXT
C:\Users\jay\Downloads\STFD_ICASSP2023\STFD_ICASSP2023\5_Replacement\tamper\98060a35027f7e694ee7df12c5c3f2df.png,UNKNOWN,0.1,OCR_TEXT
C:\Users\jay\Downloads\STFD_ICASSP2023\STFD_ICASSP2023\5_Replacement\tamper\987f92dc0540967b589aac35b66194a9.png,UNKNOWN,0.1,OCR_TEXT
C:\Users\jay\Downloads\STFD_ICASSP2023\STFD_ICASSP2023\5_Replacement\tamper\98b0720c8311beb739720a7bee911e7a.png,UNKNOWN,0.1,OCR_TEXT
C:\Users\jay\Downloads\STFD_ICASSP2023\STFD_ICASSP2023\5_Replacement\tamper\98bbad310aacad957ecec3ebef1dae59.png,UNKNOWN,0.1,OCR_TEXT
C:\Users\jay\Downloads\STFD_ICASSP2023\STFD_ICASSP2023\5_Replacement\tamper\99a4c3e44e86e7923d62fb236ce5b1db.png,DOCUMENT,0.5,CV_MONOCHROME_DOC+OCR_TEXT
C:\Users\jay\Downloads\STFD_ICASSP2023\STFD_ICASSP2023\5_Replacement\tamper\9a2e272a9b4069daf7cdcf848e3a16ec.png,UNKNOWN,0.25,CV_SETTINGS_GRID+OCR_TEXT
C:\Users\jay\Downloads\STFD_ICASSP2023\STFD_ICASSP2023\5_Replacement\tamper\9ac067d3e5117ac0582073a648689308.png,UNKNOWN,0.1,VISUAL_HEURISTIC
C:\Users\jay\Downloads\STFD_ICASSP2023\STFD_ICASSP2023\5_Replacement\tamper\9b0cc3a9ddcf926e53777cf8f66928b3.png,UNKNOWN,0.1,OCR_TEXT
C:\Users\jay\Downloads\STFD_ICASSP2023\STFD_ICASSP2023\5_Replacement\tamper\9b3813b3eb23197769eeb855b87ff4c7.png,DOCUMENT,0.5,CV_MONOCHROME_DOC+OCR_TEXT
C:\Users\jay\Downloads\STFD_ICASSP2023\STFD_ICASSP2023\5_Replacement\tamper\9c4809dd6eaff54684026f8a8765938f.png,DOCUMENT,0.5,CV_MONOCHROME_DOC+OCR_TEXT
C:\Users\jay\Downloads\STFD_ICASSP2023\STFD_ICASSP2023\5_Replacement\tamper\9c655825599a87c24eb92e4ebedd38aa.png,UNKNOWN,0.1,OCR_TEXT
C:\Users\jay\Downloads\STFD_ICASSP2023\STFD_ICASSP2023\5_Replacement\tamper\9cbc5de19684613f3f903da46301bf56.png,DOCUMENT,0.5,CV_MONOCHROME_DOC+OCR_TEXT
C:\Users\jay\Downloads\STFD_ICASSP2023\STFD_ICASSP2023\5_Replacement\tamper\9d063674ea8a352bbedbfe9c54700aa5.png,UNKNOWN,0.35,CV_ECOMMERCE_COLOR+OCR_TEXT
C:\Users\jay\Downloads\STFD_ICASSP2023\STFD_ICASSP2023\5_Replacement\tamper\9d8b95f77d3631ba37616c7590746f76.png,DOCUMENT,0.5,CV_MONOCHROME_DOC+OCR_TEXT
C:\Users\jay\Downloads\STFD_ICASSP2023\STFD_ICASSP2023\5_Replacement\tamper\9ec9828342a257e0aef4c283899946c2.png,UNKNOWN,0.1,OCR_TEXT
C:\Users\jay\Downloads\STFD_ICASSP2023\STFD_ICASSP2023\5_Replacement\tamper\9f018736ef710339a636fd9ac222e07c.png,UNKNOWN,0.1,OCR_TEXT
C:\Users\jay\Downloads\STFD_ICASSP2023\STFD_ICASSP2023\5_Replacement\tamper\9f2b969b17ea7d8e56504a06a6e04803.png,UNKNOWN,0.25,OCR_TEXT
C:\Users\jay\Downloads\STFD_ICASSP2023\STFD_ICASSP2023\5_Replacement\tamper\9f626cc118fb8097fc492b6d313fc4b2.png,MAP_TRANSPORT,0.35,OCR_TEXT
C:\Users\jay\Downloads\STFD_ICASSP2023\STFD_ICASSP2023\5_Replacement\tamper\9f90b88b488c69478ce7080cd020fc26.png,UNKNOWN,0.1,OCR_TEXT
C:\Users\jay\Downloads\STFD_ICASSP2023\STFD_ICASSP2023\5_Replacement\tamper\9fc8bc86c735d2cc892108fa0ab636da.png,UNKNOWN,0.1,OCR_TEXT
C:\Users\jay\Downloads\STFD_ICASSP2023\STFD_ICASSP2023\5_Replacement\tamper\a0f61f66a5ebe69526b79f6f2b6879ed.png,UNKNOWN,0.1,OCR_TEXT
C:\Users\jay\Downloads\STFD_ICASSP2023\STFD_ICASSP2023\5_Replacement\tamper\a0fafe85001d410cd8a0b08cdce0ad69.png,UNKNOWN,0.1,OCR_TEXT
C:\Users\jay\Downloads\STFD_ICASSP2023\STFD_ICASSP2023\5_Replacement\tamper\a108e2a986bfb5ce9281d391e33bfb93.png,UNKNOWN,0.1,OCR_TEXT
C:\Users\jay\Downloads\STFD_ICASSP2023\STFD_ICASSP2023\5_Replacement\tamper\a11ceb5a1719e1e85eb4bb7b78ac495c.png,UNKNOWN,0.25,OCR_TEXT
C:\Users\jay\Downloads\STFD_ICASSP2023\STFD_ICASSP2023\5_Replacement\tamper\a12c8fc42d13f41e6ca668f92377fbf5.png,MAP_TRANSPORT,0.35,OCR_TEXT
C:\Users\jay\Downloads\STFD_ICASSP2023\STFD_ICASSP2023\5_Replacement\tamper\a301de8edeb1b31b6601190226ad0ba3.png,UNKNOWN,0.1,OCR_TEXT
C:\Users\jay\Downloads\STFD_ICASSP2023\STFD_ICASSP2023\5_Replacement\tamper\a3a2ba479b765a99c6c96ac3095ac5c3.png,UNKNOWN,0.25,CV_SETTINGS_GRID+OCR_TEXT
C:\Users\jay\Downloads\STFD_ICASSP2023\STFD_ICASSP2023\5_Replacement\tamper\a3b133f72bc82b1d78bb0755dfd25928.png,UNKNOWN,0.1,OCR_TEXT
C:\Users\jay\Downloads\STFD_ICASSP2023\STFD_ICASSP2023\5_Replacement\tamper\a3bffe765b2d64ddb78021feda6ffd54.png,DOCUMENT,0.5,CV_MONOCHROME_DOC+CV_SETTINGS_GRID+OCR_TEXT
C:\Users\jay\Downloads\STFD_ICASSP2023\STFD_ICASSP2023\5_Replacement\tamper\a585dcc6f1809f6d1b525a74def10b2e.png,UNKNOWN,0.1,OCR_TEXT
C:\Users\jay\Downloads\STFD_ICASSP2023\STFD_ICASSP2023\5_Replacement\tamper\a660f13063e75581afb9919b6709eefe.png,UNKNOWN,0.1,OCR_TEXT
C:\Users\jay\Downloads\STFD_ICASSP2023\STFD_ICASSP2023\5_Replacement\tamper\a6c207cf90b58dd4e5008fa51987c04c.png,E_COMMERCE,0.35,CV_ECOMMERCE_COLOR
C:\Users\jay\Downloads\STFD_ICASSP2023\STFD_ICASSP2023\5_Replacement\tamper\a78ffa19bf46b5d5dfb063c64f64dd24.png,DOCUMENT,0.5,CV_MONOCHROME_DOC+OCR_TEXT
C:\Users\jay\Downloads\STFD_ICASSP2023\STFD_ICASSP2023\5_Replacement\tamper\a7d7263979ac4c12f22dea92310eafbe.png,E_COMMERCE,0.35,CV_ECOMMERCE_COLOR+CV_SETTINGS_GRID+OCR_TEXT
C:\Users\jay\Downloads\STFD_ICASSP2023\STFD_ICASSP2023\5_Replacement\tamper\a8f239d1baa06d61b95a423e27b4cf6c.png,UNKNOWN,0.1,OCR_TEXT
C:\Users\jay\Downloads\STFD_ICASSP2023\STFD_ICASSP2023\5_Replacement\tamper\a92c079be97f2ba2310fcdd79e710ad4.png,UNKNOWN,0.1,OCR_TEXT
C:\Users\jay\Downloads\STFD_ICASSP2023\STFD_ICASSP2023\5_Replacement\tamper\a997a5962b982440648f202e9b2cb064.png,UNKNOWN,0.25,OCR_TEXT
C:\Users\jay\Downloads\STFD_ICASSP2023\STFD_ICASSP2023\5_Replacement\tamper\a9b5031cd1d277dc67139cf222c50931.png,DOCUMENT,0.5,CV_MONOCHROME_DOC+OCR_TEXT
C:\Users\jay\Downloads\STFD_ICASSP2023\STFD_ICASSP2023\5_Replacement\tamper\a9bcd4d4c958d51dd25d1480b1d16000.png,UNKNOWN,0.1,OCR_TEXT
C:\Users\jay\Downloads\STFD_ICASSP2023\STFD_ICASSP2023\5_Replacement\tamper\a9cbf579d6337670d6f944f7a399bc90.png,UNKNOWN,0.1,OCR_TEXT
C:\Users\jay\Downloads\STFD_ICASSP2023\STFD_ICASSP2023\5_Replacement\tamper\aa218ce2612b7491967535294f6a1a64.png,UNKNOWN,0.3,OCR_TEXT
C:\Users\jay\Downloads\STFD_ICASSP2023\STFD_ICASSP2023\5_Replacement\tamper\aa298ef3f1435fc9c27044d81dad51ae.png,UNKNOWN,0.1,OCR_TEXT
C:\Users\jay\Downloads\STFD_ICASSP2023\STFD_ICASSP2023\5_Replacement\tamper\aa5f58013c8babed8458c7c61cdd87ec.png,E_COMMERCE,0.35,CV_ECOMMERCE_COLOR+OCR_TEXT
C:\Users\jay\Downloads\STFD_ICASSP2023\STFD_ICASSP2023\5_Replacement\tamper\aa9aff590cb9075a1dee1329d1352519.png,UNKNOWN,0.25,OCR_TEXT
C:\Users\jay\Downloads\STFD_ICASSP2023\STFD_ICASSP2023\5_Replacement\tamper\aaaaa825422e722f791a34464a785215.png,UNKNOWN,0.1,OCR_TEXT
C:\Users\jay\Downloads\STFD_ICASSP2023\STFD_ICASSP2023\5_Replacement\tamper\aae1a14d3c90e72f07af81e9258e7a98.png,UNKNOWN,0.1,OCR_TEXT
C:\Users\jay\Downloads\STFD_ICASSP2023\STFD_ICASSP2023\5_Replacement\tamper\ab4996bf9a5452cc943d8ce5341166f0.png,UNKNOWN,0.1,OCR_TEXT
C:\Users\jay\Downloads\STFD_ICASSP2023\STFD_ICASSP2023\5_Replacement\tamper\acb77f9989ac784a0dc9dc7cfe06fcab.png,UNKNOWN,0.35,CV_ECOMMERCE_COLOR+OCR_TEXT
C:\Users\jay\Downloads\STFD_ICASSP2023\STFD_ICASSP2023\5_Replacement\tamper\ad1603be83660c93c041ee11219bed8e.png,UNKNOWN,0.1,OCR_TEXT
C:\Users\jay\Downloads\STFD_ICASSP2023\STFD_ICASSP2023\5_Replacement\tamper\ad2b11795282bb8fdd133c7d5c7ba59b.png,UNKNOWN,0.1,OCR_TEXT
C:\Users\jay\Downloads\STFD_ICASSP2023\STFD_ICASSP2023\5_Replacement\tamper\ae060b88d4dd06482646df51e59e4977.png,UNKNOWN,0.1,OCR_TEXT
C:\Users\jay\Downloads\STFD_ICASSP2023\STFD_ICASSP2023\5_Replacement\tamper\ae1f5bc83fdd580b27ca1c67542e6a47.png,UNKNOWN,0.1,OCR_TEXT
C:\Users\jay\Downloads\STFD_ICASSP2023\STFD_ICASSP2023\5_Replacement\tamper\ae8a9b13690ca068ece089ffebd88977.png,UNKNOWN,0.25,OCR_TEXT
C:\Users\jay\Downloads\STFD_ICASSP2023\STFD_ICASSP2023\5_Replacement\tamper\aed618e179779a0fe71da60e7a207695.png,UNKNOWN,0.1,OCR_TEXT
C:\Users\jay\Downloads\STFD_ICASSP2023\STFD_ICASSP2023\5_Replacement\tamper\af510669da0ab4a2c49402eed0771163.png,UNKNOWN,0.1,OCR_TEXT
C:\Users\jay\Downloads\STFD_ICASSP2023\STFD_ICASSP2023\5_Replacement\tamper\af6039ee20905d2813dbfe16b96d0f0d.png,UNKNOWN,0.1,OCR_TEXT
C:\Users\jay\Downloads\STFD_ICASSP2023\STFD_ICASSP2023\5_Replacement\tamper\af7552889eca0c883b8dc542f4b8d7f3.png,E_COMMERCE,0.35,CV_ECOMMERCE_COLOR+OCR_TEXT
C:\Users\jay\Downloads\STFD_ICASSP2023\STFD_ICASSP2023\5_Replacement\tamper\afaf6e666c0624be9e2caf0ccf3d61f3.png,DOCUMENT,0.5,CV_MONOCHROME_DOC+OCR_TEXT
C:\Users\jay\Downloads\STFD_ICASSP2023\STFD_ICASSP2023\5_Replacement\tamper\afb16be97cdfcacf0e9b11d62ae72de3.png,UNKNOWN,0.1,OCR_TEXT
C:\Users\jay\Downloads\STFD_ICASSP2023\STFD_ICASSP2023\5_Replacement\tamper\b0872b3c1f1e2659e4bd283a278beac6.png,MAP_TRANSPORT,0.35,OCR_TEXT
C:\Users\jay\Downloads\STFD_ICASSP2023\STFD_ICASSP2023\5_Replacement\tamper\b0d9bccc45ef49f6da688348f894fa39.png,UNKNOWN,0.1,OCR_TEXT
C:\Users\jay\Downloads\STFD_ICASSP2023\STFD_ICASSP2023\5_Replacement\tamper\b0dba03973389461cdcac737854a5065.png,UNKNOWN,0.1,OCR_TEXT
C:\Users\jay\Downloads\STFD_ICASSP2023\STFD_ICASSP2023\5_Replacement\tamper\b17a32250824cc63e08e6359b23051e4.png,MAP_TRANSPORT,0.35,OCR_TEXT
C:\Users\jay\Downloads\STFD_ICASSP2023\STFD_ICASSP2023\5_Replacement\tamper\b340a8bcc2d82c5042da0331a85da06c.png,UNKNOWN,0.1,OCR_TEXT
C:\Users\jay\Downloads\STFD_ICASSP2023\STFD_ICASSP2023\5_Replacement\tamper\b3983a71c479bad516b3a87e339eb731.png,UNKNOWN,0.25,OCR_TEXT
C:\Users\jay\Downloads\STFD_ICASSP2023\STFD_ICASSP2023\5_Replacement\tamper\b3d57ceaf695ba20621a526e2c28b7ec.png,UNKNOWN,0.1,OCR_TEXT
C:\Users\jay\Downloads\STFD_ICASSP2023\STFD_ICASSP2023\5_Replacement\tamper\b3e0e49852316c83e634a6797dc899f2.png,UNKNOWN,0.1,OCR_TEXT
C:\Users\jay\Downloads\STFD_ICASSP2023\STFD_ICASSP2023\5_Replacement\tamper\b3e4957e3f5d6f2ce663a0f89ef861f3.png,UNKNOWN,0.1,OCR_TEXT
C:\Users\jay\Downloads\STFD_ICASSP2023\STFD_ICASSP2023\5_Replacement\tamper\b4244028721cb17e24a4209d516f0d14.png,UNKNOWN,0.1,OCR_TEXT
C:\Users\jay\Downloads\STFD_ICASSP2023\STFD_ICASSP2023\5_Replacement\tamper\b452934bfc995690cf7c9512cc823170.png,UNKNOWN,0.1,OCR_TEXT
C:\Users\jay\Downloads\STFD_ICASSP2023\STFD_ICASSP2023\5_Replacement\tamper\b486ea6faa14d49d2db2126f068b0beb.png,MAP_TRANSPORT,0.35,OCR_TEXT
C:\Users\jay\Downloads\STFD_ICASSP2023\STFD_ICASSP2023\5_Replacement\tamper\b52bd2cea64358ee9cb7baee1e4e7016.png,UNKNOWN,0.1,OCR_TEXT
C:\Users\jay\Downloads\STFD_ICASSP2023\STFD_ICASSP2023\5_Replacement\tamper\b57798698d3a21147e62bcefa713a3f7.png,UNKNOWN,0.25,OCR_TEXT
C:\Users\jay\Downloads\STFD_ICASSP2023\STFD_ICASSP2023\5_Replacement\tamper\b652d59da55c772a493036b4183291a0.png,WEB_BROWSING,0.7,OCR_TEXT
C:\Users\jay\Downloads\STFD_ICASSP2023\STFD_ICASSP2023\5_Replacement\tamper\b699a3cd95d29682d7b09d604820de42.png,E_COMMERCE,0.35,CV_ECOMMERCE_COLOR+OCR_TEXT
C:\Users\jay\Downloads\STFD_ICASSP2023\STFD_ICASSP2023\5_Replacement\tamper\b6cc566803cc11b12dc1895d6abbfed6.png,UNKNOWN,0.35,CV_ECOMMERCE_COLOR+OCR_TEXT
C:\Users\jay\Downloads\STFD_ICASSP2023\STFD_ICASSP2023\5_Replacement\tamper\b7191ce5e1697824021f3e3ab3890f8c.png,UNKNOWN,0.25,OCR_TEXT
C:\Users\jay\Downloads\STFD_ICASSP2023\STFD_ICASSP2023\5_Replacement\tamper\b7245a45c039ee7d8a90849308ee1b49.png,UNKNOWN,0.3,OCR_TEXT
C:\Users\jay\Downloads\STFD_ICASSP2023\STFD_ICASSP2023\5_Replacement\tamper\b7e0c7ef556374621ac6f3a8daad456b.png,UNKNOWN,0.1,OCR_TEXT
C:\Users\jay\Downloads\STFD_ICASSP2023\STFD_ICASSP2023\5_Replacement\tamper\b864753ac5f1fa4b901fcbf91f6b4d79.png,UNKNOWN,0.25,CV_SETTINGS_GRID+OCR_TEXT
C:\Users\jay\Downloads\STFD_ICASSP2023\STFD_ICASSP2023\5_Replacement\tamper\b86a7b870abbfec200003c3da7805131.png,UNKNOWN,0.1,OCR_TEXT
C:\Users\jay\Downloads\STFD_ICASSP2023\STFD_ICASSP2023\5_Replacement\tamper\b923d5bb0d5d50e99089e652f7bcd2e1.png,E_COMMERCE,0.35,CV_ECOMMERCE_COLOR+OCR_TEXT
C:\Users\jay\Downloads\STFD_ICASSP2023\STFD_ICASSP2023\5_Replacement\tamper\b92a3c6cb68b61c73ffcf7f2afa9551e.png,UNKNOWN,0.1,OCR_TEXT
C:\Users\jay\Downloads\STFD_ICASSP2023\STFD_ICASSP2023\5_Replacement\tamper\b953414563f5865dfcfb941475469d13.png,UNKNOWN,0.25,OCR_TEXT
C:\Users\jay\Downloads\STFD_ICASSP2023\STFD_ICASSP2023\5_Replacement\tamper\ba7f00ca31a91067da0b2469669b0fea.png,E_COMMERCE,0.35,CV_ECOMMERCE_COLOR+OCR_TEXT
C:\Users\jay\Downloads\STFD_ICASSP2023\STFD_ICASSP2023\5_Replacement\tamper\baa84f33e7085b48a1c6afe80ff600de.png,UNKNOWN,0.25,OCR_TEXT
C:\Users\jay\Downloads\STFD_ICASSP2023\STFD_ICASSP2023\5_Replacement\tamper\baba752cdc7a0c874dfd53e2d04d1d8c.png,UNKNOWN,0.1,OCR_TEXT
C:\Users\jay\Downloads\STFD_ICASSP2023\STFD_ICASSP2023\5_Replacement\tamper\bb3027b416a14729d8219b56d75cf7d7.png,DOCUMENT,0.5,CV_MONOCHROME_DOC+OCR_TEXT
C:\Users\jay\Downloads\STFD_ICASSP2023\STFD_ICASSP2023\5_Replacement\tamper\bb454e6da22871f6acfa395ee1957d28.png,UNKNOWN,0.1,OCR_TEXT
C:\Users\jay\Downloads\STFD_ICASSP2023\STFD_ICASSP2023\5_Replacement\tamper\bbcf595130a0d58a07aea30ce2397231.png,UNKNOWN,0.1,OCR_TEXT
C:\Users\jay\Downloads\STFD_ICASSP2023\STFD_ICASSP2023\5_Replacement\tamper\bcd569009ab204640e81a0ed129d66b8.png,UNKNOWN,0.1,OCR_TEXT
C:\Users\jay\Downloads\STFD_ICASSP2023\STFD_ICASSP2023\5_Replacement\tamper\bd0d0c89e440988e00aae7a7f1422f28.png,UNKNOWN,0.1,OCR_TEXT
C:\Users\jay\Downloads\STFD_ICASSP2023\STFD_ICASSP2023\5_Replacement\tamper\bd7a3383e6fb0376422722bb36a7f5d2.png,E_COMMERCE,0.35,CV_ECOMMERCE_COLOR+OCR_TEXT
C:\Users\jay\Downloads\STFD_ICASSP2023\STFD_ICASSP2023\5_Replacement\tamper\bddb9dcbfb1443831a8c0449d750fdf8.png,E_COMMERCE,0.35,CV_ECOMMERCE_COLOR+OCR_TEXT
C:\Users\jay\Downloads\STFD_ICASSP2023\STFD_ICASSP2023\5_Replacement\tamper\be2630b565c96f91e49271ee0219f35d.png,UNKNOWN,0.1,VISUAL_HEURISTIC
C:\Users\jay\Downloads\STFD_ICASSP2023\STFD_ICASSP2023\5_Replacement\tamper\be8eef1042f136ab02baee5c4207a8a0.png,UNKNOWN,0.1,OCR_TEXT
C:\Users\jay\Downloads\STFD_ICASSP2023\STFD_ICASSP2023\5_Replacement\tamper\beb945426491cacd337251b180067c12.png,DOCUMENT,0.5,CV_MONOCHROME_DOC+OCR_TEXT
C:\Users\jay\Downloads\STFD_ICASSP2023\STFD_ICASSP2023\5_Replacement\tamper\bed2db3ae92d3ecc39a2f6452c2678e2.png,UNKNOWN,0.1,OCR_TEXT
C:\Users\jay\Downloads\STFD_ICASSP2023\STFD_ICASSP2023\5_Replacement\tamper\c0130908affa4e62a3273cca40438505.png,E_COMMERCE,0.35,CV_ECOMMERCE_COLOR+OCR_TEXT
C:\Users\jay\Downloads\STFD_ICASSP2023\STFD_ICASSP2023\5_Replacement\tamper\c0b1bcd0a1bdf39effe9ee3fe346fdf5.png,E_COMMERCE,0.6,CV_ECOMMERCE_COLOR+OCR_TEXT
C:\Users\jay\Downloads\STFD_ICASSP2023\STFD_ICASSP2023\5_Replacement\tamper\c0dbaa05c49be6432f732c03d4347087.png,UNKNOWN,0.25,CV_SETTINGS_GRID+OCR_TEXT
C:\Users\jay\Downloads\STFD_ICASSP2023\STFD_ICASSP2023\5_Replacement\tamper\c0de151a743ebfae842398c57c43ed55.png,UNKNOWN,0.25,OCR_TEXT
C:\Users\jay\Downloads\STFD_ICASSP2023\STFD_ICASSP2023\5_Replacement\tamper\c0fec6306277453336853318e83c2bd5.png,UNKNOWN,0.1,OCR_TEXT
C:\Users\jay\Downloads\STFD_ICASSP2023\STFD_ICASSP2023\5_Replacement\tamper\c11e86a0d9ffab5022ca865cd5bc7542.png,UNKNOWN,0.1,OCR_TEXT
C:\Users\jay\Downloads\STFD_ICASSP2023\STFD_ICASSP2023\5_Replacement\tamper\c167dbbc7ef5f3f4610de852010c49c6.png,MAP_TRANSPORT,0.35,OCR_TEXT
C:\Users\jay\Downloads\STFD_ICASSP2023\STFD_ICASSP2023\5_Replacement\tamper\c19972b1cc33bf23e7529f2b2248a397.png,DOCUMENT,0.5,CV_MONOCHROME_DOC+OCR_TEXT
C:\Users\jay\Downloads\STFD_ICASSP2023\STFD_ICASSP2023\5_Replacement\tamper\c1fefaf01475feaed512eb93a5a973d6.png,UNKNOWN,0.1,OCR_TEXT
C:\Users\jay\Downloads\STFD_ICASSP2023\STFD_ICASSP2023\5_Replacement\tamper\c2b56c2d67fd267eb7e7705a6d36a1c0.png,UNKNOWN,0.1,OCR_TEXT
C:\Users\jay\Downloads\STFD_ICASSP2023\STFD_ICASSP2023\5_Replacement\tamper\c32755de915c06a915d4d2b0020f6a4b.png,UNKNOWN,0.1,OCR_TEXT
C:\Users\jay\Downloads\STFD_ICASSP2023\STFD_ICASSP2023\5_Replacement\tamper\c3b924bf195f973e8854f4113591f3e2.png,DOCUMENT,0.5,CV_MONOCHROME_DOC+OCR_TEXT
C:\Users\jay\Downloads\STFD_ICASSP2023\STFD_ICASSP2023\5_Replacement\tamper\c5b56638068f68edf6892bab727d37a7.png,UNKNOWN,0.25,CV_SETTINGS_GRID+OCR_TEXT
C:\Users\jay\Downloads\STFD_ICASSP2023\STFD_ICASSP2023\5_Replacement\tamper\c632d8f888e61c46fd98fae8661e1d5c.png,UNKNOWN,0.1,OCR_TEXT
C:\Users\jay\Downloads\STFD_ICASSP2023\STFD_ICASSP2023\5_Replacement\tamper\c635212c278cd5239676de187c26945e.png,E_COMMERCE,0.35,CV_ECOMMERCE_COLOR+OCR_TEXT
C:\Users\jay\Downloads\STFD_ICASSP2023\STFD_ICASSP2023\5_Replacement\tamper\c64f5b757981c4118e0242a986d119b6.png,UNKNOWN,0.25,CV_SETTINGS_GRID+OCR_TEXT
C:\Users\jay\Downloads\STFD_ICASSP2023\STFD_ICASSP2023\5_Replacement\tamper\c67b4a7803508b35c080b283dc3883f4.png,UNKNOWN,0.1,OCR_TEXT
C:\Users\jay\Downloads\STFD_ICASSP2023\STFD_ICASSP2023\5_Replacement\tamper\c69defe40c9df0f8c2c9eae8cf607d59.png,UNKNOWN,0.1,OCR_TEXT
C:\Users\jay\Downloads\STFD_ICASSP2023\STFD_ICASSP2023\5_Replacement\tamper\c77558da3e99ad5d5a23aa03973b702e.png,UNKNOWN,0.1,OCR_TEXT
C:\Users\jay\Downloads\STFD_ICASSP2023\STFD_ICASSP2023\5_Replacement\tamper\c7cb05972cd4fa3922d99a7f514e8f37.png,UNKNOWN,0.1,OCR_TEXT
C:\Users\jay\Downloads\STFD_ICASSP2023\STFD_ICASSP2023\5_Replacement\tamper\c88eb3299b07fb55c871f551a5b614f9.png,UNKNOWN,0.1,OCR_TEXT
C:\Users\jay\Downloads\STFD_ICASSP2023\STFD_ICASSP2023\5_Replacement\tamper\c92f120b1361126e01d01341a5fa69af.png,UNKNOWN,0.1,OCR_TEXT
C:\Users\jay\Downloads\STFD_ICASSP2023\STFD_ICASSP2023\5_Replacement\tamper\c9dfda5c8d8967058ae3c00933b63fca.png,E_COMMERCE,0.35,CV_ECOMMERCE_COLOR+OCR_TEXT
C:\Users\jay\Downloads\STFD_ICASSP2023\STFD_ICASSP2023\5_Replacement\tamper\ca23df0d65d35864de75ec6d6ee60679.png,UNKNOWN,0.1,OCR_TEXT
C:\Users\jay\Downloads\STFD_ICASSP2023\STFD_ICASSP2023\5_Replacement\tamper\ca639434b4d4db287372683f70d700dd.png,UNKNOWN,0.1,OCR_TEXT
C:\Users\jay\Downloads\STFD_ICASSP2023\STFD_ICASSP2023\5_Replacement\tamper\ca649cc66280a56bf9a95b73a9f873c2.png,UNKNOWN,0.1,OCR_TEXT
C:\Users\jay\Downloads\STFD_ICASSP2023\STFD_ICASSP2023\5_Replacement\tamper\ca98728bbe1944a518f683f772446cbb.png,UNKNOWN,0.25,OCR_TEXT
C:\Users\jay\Downloads\STFD_ICASSP2023\STFD_ICASSP2023\5_Replacement\tamper\caa29850497e389bac6bd9dc1c6c957e.png,UNKNOWN,0.1,OCR_TEXT
C:\Users\jay\Downloads\STFD_ICASSP2023\STFD_ICASSP2023\5_Replacement\tamper\cad964136e95cc149c6595af48eba278.png,UNKNOWN,0.25,OCR_TEXT
C:\Users\jay\Downloads\STFD_ICASSP2023\STFD_ICASSP2023\5_Replacement\tamper\cb27095289fcc7e0456a764612c9e573.png,DOCUMENT,0.5,CV_MONOCHROME_DOC+OCR_TEXT
C:\Users\jay\Downloads\STFD_ICASSP2023\STFD_ICASSP2023\5_Replacement\tamper\cbc9f715faccde3b56aa7b4444de65e7.png,DOCUMENT,0.5,CV_MONOCHROME_DOC+OCR_TEXT
C:\Users\jay\Downloads\STFD_ICASSP2023\STFD_ICASSP2023\5_Replacement\tamper\cbe09452d75706c9aa36e437c7864c12.png,WEB_BROWSING,0.95,OCR_TEXT
C:\Users\jay\Downloads\STFD_ICASSP2023\STFD_ICASSP2023\5_Replacement\tamper\cc53c7adb7846be4e1e00ce10f1f35d5.png,UNKNOWN,0.1,OCR_TEXT
C:\Users\jay\Downloads\STFD_ICASSP2023\STFD_ICASSP2023\5_Replacement\tamper\ccbc77d663384310626889ce57567983.png,UNKNOWN,0.1,OCR_TEXT
C:\Users\jay\Downloads\STFD_ICASSP2023\STFD_ICASSP2023\5_Replacement\tamper\cdb5b6372cfc327d8aa76bc7d8cd42c2.png,UNKNOWN,0.25,OCR_TEXT
C:\Users\jay\Downloads\STFD_ICASSP2023\STFD_ICASSP2023\5_Replacement\tamper\cdee45660f1ebb75528610e241f65751.png,UNKNOWN,0.1,OCR_TEXT
C:\Users\jay\Downloads\STFD_ICASSP2023\STFD_ICASSP2023\5_Replacement\tamper\ce539303a83a320aae68a08333af209a.png,UNKNOWN,0.1,OCR_TEXT
C:\Users\jay\Downloads\STFD_ICASSP2023\STFD_ICASSP2023\5_Replacement\tamper\ce768c8644bc198c1f01e9f53e947e54.png,UNKNOWN,0.1,OCR_TEXT
C:\Users\jay\Downloads\STFD_ICASSP2023\STFD_ICASSP2023\5_Replacement\tamper\cea4a0fcc0ffc8ec399bcb36ee4e8919.png,DOCUMENT,0.5,CV_MONOCHROME_DOC+OCR_TEXT
C:\Users\jay\Downloads\STFD_ICASSP2023\STFD_ICASSP2023\5_Replacement\tamper\ceb2a9a15a3672e85814d66610402903.png,UNKNOWN,0.1,OCR_TEXT
C:\Users\jay\Downloads\STFD_ICASSP2023\STFD_ICASSP2023\5_Replacement\tamper\cf1f7c6c77fd40f97df8e1007f0a52d3.png,UNKNOWN,0.25,OCR_TEXT
C:\Users\jay\Downloads\STFD_ICASSP2023\STFD_ICASSP2023\5_Replacement\tamper\cf34670dc9ad0d1d29dd1765729abe89.png,UNKNOWN,0.1,OCR_TEXT
C:\Users\jay\Downloads\STFD_ICASSP2023\STFD_ICASSP2023\5_Replacement\tamper\cfecc3ab77eb95eee85def5decda9611.png,UNKNOWN,0.25,OCR_TEXT
C:\Users\jay\Downloads\STFD_ICASSP2023\STFD_ICASSP2023\5_Replacement\tamper\d00209e23ff37710fe5da9e32e531532.png,UNKNOWN,0.3,OCR_TEXT
C:\Users\jay\Downloads\STFD_ICASSP2023\STFD_ICASSP2023\5_Replacement\tamper\d0992367aff2cf0cc5ae8bee8b852252.png,UNKNOWN,0.1,OCR_TEXT
C:\Users\jay\Downloads\STFD_ICASSP2023\STFD_ICASSP2023\5_Replacement\tamper\d0b3ab64c3e77d0bedc13fe282966413.png,DOCUMENT,0.5,CV_MONOCHROME_DOC+OCR_TEXT
C:\Users\jay\Downloads\STFD_ICASSP2023\STFD_ICASSP2023\5_Replacement\tamper\d0d925fadd55ff8e5216c4da08432a2a.png,UNKNOWN,0.1,OCR_TEXT
C:\Users\jay\Downloads\STFD_ICASSP2023\STFD_ICASSP2023\5_Replacement\tamper\d3e8f4a5f73322aa8a7ad117b4c4e59c.png,UNKNOWN,0.35,CV_ECOMMERCE_COLOR+OCR_TEXT
C:\Users\jay\Downloads\STFD_ICASSP2023\STFD_ICASSP2023\5_Replacement\tamper\d3ef326bcaf2480a124223e23bd8c253.png,UNKNOWN,0.35,CV_ECOMMERCE_COLOR+OCR_TEXT
C:\Users\jay\Downloads\STFD_ICASSP2023\STFD_ICASSP2023\5_Replacement\tamper\d43acbfa5800a2fa4fd12b7a1b3a211a.png,UNKNOWN,0.1,OCR_TEXT
C:\Users\jay\Downloads\STFD_ICASSP2023\STFD_ICASSP2023\5_Replacement\tamper\d4af7af0bb7f37eedfdd9c4f07f93892.png,E_COMMERCE,0.35,CV_ECOMMERCE_COLOR+OCR_TEXT
C:\Users\jay\Downloads\STFD_ICASSP2023\STFD_ICASSP2023\5_Replacement\tamper\d4bf0620a3fa853283699123413f5c71.png,UNKNOWN,0.25,OCR_TEXT
C:\Users\jay\Downloads\STFD_ICASSP2023\STFD_ICASSP2023\5_Replacement\tamper\d505c2fc876101ceae8f1c1ed39e3c21.png,DOCUMENT,0.5,CV_MONOCHROME_DOC+OCR_TEXT
C:\Users\jay\Downloads\STFD_ICASSP2023\STFD_ICASSP2023\5_Replacement\tamper\d5255736c768db27b232cd4958e51fd5.png,UNKNOWN,0.25,OCR_TEXT
C:\Users\jay\Downloads\STFD_ICASSP2023\STFD_ICASSP2023\5_Replacement\tamper\d54911805bd81619e2727bd92f645061.png,E_COMMERCE,0.35,CV_ECOMMERCE_COLOR+OCR_TEXT
C:\Users\jay\Downloads\STFD_ICASSP2023\STFD_ICASSP2023\5_Replacement\tamper\d5d18d9968541d4209ef43904c3eaa20.png,UNKNOWN,0.1,OCR_TEXT
C:\Users\jay\Downloads\STFD_ICASSP2023\STFD_ICASSP2023\5_Replacement\tamper\d61b4f6620615db59fedab650e8c4906.png,UNKNOWN,0.25,OCR_TEXT
C:\Users\jay\Downloads\STFD_ICASSP2023\STFD_ICASSP2023\5_Replacement\tamper\d63ad333ada512426662509a66ad1a3e.png,UNKNOWN,0.1,OCR_TEXT
C:\Users\jay\Downloads\STFD_ICASSP2023\STFD_ICASSP2023\5_Replacement\tamper\d643c2beb55bd369af9aee958ebb5565.png,UNKNOWN,0.25,CV_SETTINGS_GRID+OCR_TEXT
C:\Users\jay\Downloads\STFD_ICASSP2023\STFD_ICASSP2023\5_Replacement\tamper\d674a807953e73484ae71b7ad583d2e8.png,UNKNOWN,0.25,OCR_TEXT
C:\Users\jay\Downloads\STFD_ICASSP2023\STFD_ICASSP2023\5_Replacement\tamper\d6b2ff4abda636ba001f0891376dce36.png,DOCUMENT,0.5,CV_MONOCHROME_DOC+OCR_TEXT
C:\Users\jay\Downloads\STFD_ICASSP2023\STFD_ICASSP2023\5_Replacement\tamper\d71d26e95078c1dd87cfb82628f69997.png,E_COMMERCE,0.35,CV_ECOMMERCE_COLOR+OCR_TEXT
C:\Users\jay\Downloads\STFD_ICASSP2023\STFD_ICASSP2023\5_Replacement\tamper\d7653e8ed9f17f0958cad0cabb7bf8f5.png,UNKNOWN,0.25,CV_SETTINGS_GRID+OCR_TEXT
C:\Users\jay\Downloads\STFD_ICASSP2023\STFD_ICASSP2023\5_Replacement\tamper\d83efe0ed55563d0beae8e7bbd4bb702.png,DOCUMENT,0.5,CV_MONOCHROME_DOC+OCR_TEXT
C:\Users\jay\Downloads\STFD_ICASSP2023\STFD_ICASSP2023\5_Replacement\tamper\d8549d7e0c68aec6130bf37311716a9b.png,UNKNOWN,0.1,OCR_TEXT
C:\Users\jay\Downloads\STFD_ICASSP2023\STFD_ICASSP2023\5_Replacement\tamper\d99fee8597356616d0779ac72304d136.png,E_COMMERCE,0.35,CV_ECOMMERCE_COLOR+OCR_TEXT
C:\Users\jay\Downloads\STFD_ICASSP2023\STFD_ICASSP2023\5_Replacement\tamper\d9fc3dc1ef9a3fa57527c4f004195158.png,UNKNOWN,0.1,OCR_TEXT
C:\Users\jay\Downloads\STFD_ICASSP2023\STFD_ICASSP2023\5_Replacement\tamper\da355aeec3f0eeb23fceeda5b6689675.png,UNKNOWN,0.1,OCR_TEXT
C:\Users\jay\Downloads\STFD_ICASSP2023\STFD_ICASSP2023\5_Replacement\tamper\da7593ef781bd06fde9b9050f278357b.png,UNKNOWN,0.1,OCR_TEXT
C:\Users\jay\Downloads\STFD_ICASSP2023\STFD_ICASSP2023\5_Replacement\tamper\da8f9b6d6a72984475bf45bc6282f089.png,UNKNOWN,0.1,OCR_TEXT
C:\Users\jay\Downloads\STFD_ICASSP2023\STFD_ICASSP2023\5_Replacement\tamper\db676a79534dc58f940d7bdf97ff38b0.png,UNKNOWN,0.1,OCR_TEXT
C:\Users\jay\Downloads\STFD_ICASSP2023\STFD_ICASSP2023\5_Replacement\tamper\db750b2dce3ba06abc8ac22869d265a5.png,UNKNOWN,0.25,OCR_TEXT
C:\Users\jay\Downloads\STFD_ICASSP2023\STFD_ICASSP2023\5_Replacement\tamper\dbbded4f6551fb4cb006c7f548b986d2.png,E_COMMERCE,0.35,CV_ECOMMERCE_COLOR+OCR_TEXT
C:\Users\jay\Downloads\STFD_ICASSP2023\STFD_ICASSP2023\5_Replacement\tamper\dbfba49093c6f1a67ed4aabc01a94e6a.png,UNKNOWN,0.1,OCR_TEXT
C:\Users\jay\Downloads\STFD_ICASSP2023\STFD_ICASSP2023\5_Replacement\tamper\dd03d1fc22039575953149d38eb7d8a7.png,UNKNOWN,0.1,OCR_TEXT
C:\Users\jay\Downloads\STFD_ICASSP2023\STFD_ICASSP2023\5_Replacement\tamper\dd915f30bac90aba0229c08d8c5ebed8.png,WEB_BROWSING,0.95,CV_MONOCHROME_DOC+OCR_TEXT
C:\Users\jay\Downloads\STFD_ICASSP2023\STFD_ICASSP2023\5_Replacement\tamper\de84046bc6b8923c0b9cc6e5beefc745.png,UNKNOWN,0.1,OCR_TEXT
C:\Users\jay\Downloads\STFD_ICASSP2023\STFD_ICASSP2023\5_Replacement\tamper\dec7e1895ba61655a259b91c40c6bd4b.png,UNKNOWN,0.1,OCR_TEXT
C:\Users\jay\Downloads\STFD_ICASSP2023\STFD_ICASSP2023\5_Replacement\tamper\df67b936439d4c42d10b47809980cd1e.png,UNKNOWN,0.1,OCR_TEXT
C:\Users\jay\Downloads\STFD_ICASSP2023\STFD_ICASSP2023\5_Replacement\tamper\df88962fc5d7f6382da9c93b515ca47e.png,UNKNOWN,0.1,OCR_TEXT
C:\Users\jay\Downloads\STFD_ICASSP2023\STFD_ICASSP2023\5_Replacement\tamper\e158a0cf3915accd18d11cc8d8a8fc4a.png,UNKNOWN,0.1,OCR_TEXT
C:\Users\jay\Downloads\STFD_ICASSP2023\STFD_ICASSP2023\5_Replacement\tamper\e31ff0547c0046ae238f16cad163e10a.png,E_COMMERCE,0.35,CV_ECOMMERCE_COLOR+CV_SETTINGS_GRID+OCR_TEXT
C:\Users\jay\Downloads\STFD_ICASSP2023\STFD_ICASSP2023\5_Replacement\tamper\e320d337dd545cacfd538bd03b2457a4.png,UNKNOWN,0.1,OCR_TEXT
C:\Users\jay\Downloads\STFD_ICASSP2023\STFD_ICASSP2023\5_Replacement\tamper\e396f89bc6a669b3c338649b5801ee57.png,UNKNOWN,0.3,OCR_TEXT
C:\Users\jay\Downloads\STFD_ICASSP2023\STFD_ICASSP2023\5_Replacement\tamper\e4597b525bff166c72265553934c3b20.png,UNKNOWN,0.1,OCR_TEXT
C:\Users\jay\Downloads\STFD_ICASSP2023\STFD_ICASSP2023\5_Replacement\tamper\e52fe1511204a2cd49e38b866402f931.png,UNKNOWN,0.25,CV_SETTINGS_GRID+OCR_TEXT
C:\Users\jay\Downloads\STFD_ICASSP2023\STFD_ICASSP2023\5_Replacement\tamper\e5965d617b68be40e195b3bc9bdd5dba.png,UNKNOWN,0.25,OCR_TEXT
C:\Users\jay\Downloads\STFD_ICASSP2023\STFD_ICASSP2023\5_Replacement\tamper\e5c4f94deab291ada0f4b23e1a8390aa.png,UNKNOWN,0.1,OCR_TEXT
C:\Users\jay\Downloads\STFD_ICASSP2023\STFD_ICASSP2023\5_Replacement\tamper\e60618a03bc02abc691c61e1a6dac5ef.png,UNKNOWN,0.1,OCR_TEXT
C:\Users\jay\Downloads\STFD_ICASSP2023\STFD_ICASSP2023\5_Replacement\tamper\e704c5a1dccd0bf25ffb70d2e5b10bbd.png,UNKNOWN,0.1,OCR_TEXT
C:\Users\jay\Downloads\STFD_ICASSP2023\STFD_ICASSP2023\5_Replacement\tamper\e70c46f97c7a2c208b7e10ac9ac22975.png,UNKNOWN,0.1,OCR_TEXT
C:\Users\jay\Downloads\STFD_ICASSP2023\STFD_ICASSP2023\5_Replacement\tamper\e81dbbde837a9abc5cda0523c667ce35.png,E_COMMERCE,0.35,CV_ECOMMERCE_COLOR+OCR_TEXT
C:\Users\jay\Downloads\STFD_ICASSP2023\STFD_ICASSP2023\5_Replacement\tamper\e8255a71836a1dab3b0a24bbf996a237.png,UNKNOWN,0.1,OCR_TEXT
C:\Users\jay\Downloads\STFD_ICASSP2023\STFD_ICASSP2023\5_Replacement\tamper\e893507defad9b0f590931743861f425.png,UNKNOWN,0.25,OCR_TEXT
C:\Users\jay\Downloads\STFD_ICASSP2023\STFD_ICASSP2023\5_Replacement\tamper\e92ab5bb4bf758f5159d55021eb9127c.png,UNKNOWN,0.25,OCR_TEXT
C:\Users\jay\Downloads\STFD_ICASSP2023\STFD_ICASSP2023\5_Replacement\tamper\ea0b1ed25cacf75143541948c238a593.png,UNKNOWN,0.1,OCR_TEXT
C:\Users\jay\Downloads\STFD_ICASSP2023\STFD_ICASSP2023\5_Replacement\tamper\ea485547ee1d469189022825b94a9e8d.png,UNKNOWN,0.35,CV_ECOMMERCE_COLOR+OCR_TEXT
C:\Users\jay\Downloads\STFD_ICASSP2023\STFD_ICASSP2023\5_Replacement\tamper\eaf594bef8b685d4ee093da38acbae36.png,DOCUMENT,0.5,CV_MONOCHROME_DOC+OCR_TEXT
C:\Users\jay\Downloads\STFD_ICASSP2023\STFD_ICASSP2023\5_Replacement\tamper\eb7e658ac9a213a34bc063f214596b0c.png,DOCUMENT,0.5,CV_MONOCHROME_DOC+OCR_TEXT
C:\Users\jay\Downloads\STFD_ICASSP2023\STFD_ICASSP2023\5_Replacement\tamper\ebfd40d8fc74ae2d2712422d02189ff4.png,E_COMMERCE,0.35,CV_ECOMMERCE_COLOR+OCR_TEXT
C:\Users\jay\Downloads\STFD_ICASSP2023\STFD_ICASSP2023\5_Replacement\tamper\ec4ea6e9e86fcfa9283e54b013c44d6d.png,E_COMMERCE,0.35,CV_ECOMMERCE_COLOR+OCR_TEXT
C:\Users\jay\Downloads\STFD_ICASSP2023\STFD_ICASSP2023\5_Replacement\tamper\ec79116d208cce9182eaefe97a6bd10a.png,UNKNOWN,0.1,OCR_TEXT
C:\Users\jay\Downloads\STFD_ICASSP2023\STFD_ICASSP2023\5_Replacement\tamper\ec9a96b153468f54a11d4fda98cd3cab.png,UNKNOWN,0.1,OCR_TEXT
C:\Users\jay\Downloads\STFD_ICASSP2023\STFD_ICASSP2023\5_Replacement\tamper\ecb29b04a90aff6346aff0f4e6eded08.png,WEB_BROWSING,0.7,CV_MONOCHROME_DOC+OCR_TEXT
C:\Users\jay\Downloads\STFD_ICASSP2023\STFD_ICASSP2023\5_Replacement\tamper\ee749b9ec4e1e6429283357d71573fe4.png,E_COMMERCE,0.35,CV_ECOMMERCE_COLOR+OCR_TEXT
C:\Users\jay\Downloads\STFD_ICASSP2023\STFD_ICASSP2023\5_Replacement\tamper\eec1a64559642e8f3c85710474e0ac47.png,DOCUMENT,0.5,CV_MONOCHROME_DOC+OCR_TEXT
C:\Users\jay\Downloads\STFD_ICASSP2023\STFD_ICASSP2023\5_Replacement\tamper\eee094814470069a0998d5b9d56a6888.png,UNKNOWN,0.1,OCR_TEXT
C:\Users\jay\Downloads\STFD_ICASSP2023\STFD_ICASSP2023\5_Replacement\tamper\eef3e96e1192d1b16602b80ab48dec70.png,UNKNOWN,0.1,OCR_TEXT
C:\Users\jay\Downloads\STFD_ICASSP2023\STFD_ICASSP2023\5_Replacement\tamper\ef7032737d167d0be83ec369c5011903.png,DOCUMENT,0.5,CV_MONOCHROME_DOC+OCR_TEXT
C:\Users\jay\Downloads\STFD_ICASSP2023\STFD_ICASSP2023\5_Replacement\tamper\efa728996e72900b4f4e262fa99990d4.png,UNKNOWN,0.1,OCR_TEXT
C:\Users\jay\Downloads\STFD_ICASSP2023\STFD_ICASSP2023\5_Replacement\tamper\f08922f07ab0bfdb333be4a7ea5105ef.png,UNKNOWN,0.1,OCR_TEXT
C:\Users\jay\Downloads\STFD_ICASSP2023\STFD_ICASSP2023\5_Replacement\tamper\f0a4be546e2b4bfc7858718f6f47797b.png,DOCUMENT,0.5,CV_MONOCHROME_DOC+OCR_TEXT
C:\Users\jay\Downloads\STFD_ICASSP2023\STFD_ICASSP2023\5_Replacement\tamper\f0af52df304eab982dadd6c72c258653.png,UNKNOWN,0.25,OCR_TEXT
C:\Users\jay\Downloads\STFD_ICASSP2023\STFD_ICASSP2023\5_Replacement\tamper\f0bf0c23d135a015746549c8e72822d4.png,UNKNOWN,0.1,OCR_TEXT
C:\Users\jay\Downloads\STFD_ICASSP2023\STFD_ICASSP2023\5_Replacement\tamper\f185ed5f39a801a758cebe34ad0029e4.png,UNKNOWN,0.1,OCR_TEXT
C:\Users\jay\Downloads\STFD_ICASSP2023\STFD_ICASSP2023\5_Replacement\tamper\f1d14e2cb78c22aa51c20fc16fcaf2ef.png,UNKNOWN,0.25,OCR_TEXT
C:\Users\jay\Downloads\STFD_ICASSP2023\STFD_ICASSP2023\5_Replacement\tamper\f1d744e9cc0486d85726f57425a678a0.png,DOCUMENT,0.5,CV_MONOCHROME_DOC+OCR_TEXT
C:\Users\jay\Downloads\STFD_ICASSP2023\STFD_ICASSP2023\5_Replacement\tamper\f2de6b27778712b2a5a2ef479eb97c92.png,UNKNOWN,0.25,OCR_TEXT
C:\Users\jay\Downloads\STFD_ICASSP2023\STFD_ICASSP2023\5_Replacement\tamper\f31d9ae86e70ad0b1553f4d747887ced.png,UNKNOWN,0.25,OCR_TEXT
C:\Users\jay\Downloads\STFD_ICASSP2023\STFD_ICASSP2023\5_Replacement\tamper\f3200471d39dc8ab348f54259d56bc7e.png,UNKNOWN,0.25,CV_SETTINGS_GRID+OCR_TEXT
C:\Users\jay\Downloads\STFD_ICASSP2023\STFD_ICASSP2023\5_Replacement\tamper\f33cbcc64cfeb5edce9320a6f4232439.png,UNKNOWN,0.1,OCR_TEXT
C:\Users\jay\Downloads\STFD_ICASSP2023\STFD_ICASSP2023\5_Replacement\tamper\f3e6521365c31481848702e782df84eb.png,UNKNOWN,0.1,OCR_TEXT
C:\Users\jay\Downloads\STFD_ICASSP2023\STFD_ICASSP2023\5_Replacement\tamper\f457e530660dfbb7f9f42f12078837d2.png,UNKNOWN,0.1,OCR_TEXT
C:\Users\jay\Downloads\STFD_ICASSP2023\STFD_ICASSP2023\5_Replacement\tamper\f4f4c83dedd7d589f222981a0c8f6c41.png,UNKNOWN,0.1,OCR_TEXT
C:\Users\jay\Downloads\STFD_ICASSP2023\STFD_ICASSP2023\5_Replacement\tamper\f512f07283c8773884078085a13fc3a8.png,UNKNOWN,0.25,OCR_TEXT
C:\Users\jay\Downloads\STFD_ICASSP2023\STFD_ICASSP2023\5_Replacement\tamper\f552ee2734995b31534c129cdc2aed52.png,DOCUMENT,0.5,CV_MONOCHROME_DOC+OCR_TEXT
C:\Users\jay\Downloads\STFD_ICASSP2023\STFD_ICASSP2023\5_Replacement\tamper\f6b4c2039f81220693a62fbd6b1bcb75.png,UNKNOWN,0.1,OCR_TEXT
C:\Users\jay\Downloads\STFD_ICASSP2023\STFD_ICASSP2023\5_Replacement\tamper\f6b586acfb937b5429829c7c5003d3fa.png,DOCUMENT,0.5,CV_MONOCHROME_DOC+OCR_TEXT
C:\Users\jay\Downloads\STFD_ICASSP2023\STFD_ICASSP2023\5_Replacement\tamper\f6fc066fc990a9aaa9e6c145546a7117.png,UNKNOWN,0.1,OCR_TEXT
C:\Users\jay\Downloads\STFD_ICASSP2023\STFD_ICASSP2023\5_Replacement\tamper\f835c7097728aaf0a78b57b3e101e8db.png,WEB_BROWSING,0.35,OCR_TEXT
C:\Users\jay\Downloads\STFD_ICASSP2023\STFD_ICASSP2023\5_Replacement\tamper\f8d9dbbd09b318acfc60c1101b43536e.png,UNKNOWN,0.1,OCR_TEXT
C:\Users\jay\Downloads\STFD_ICASSP2023\STFD_ICASSP2023\5_Replacement\tamper\f901161b651b54467117bd5c619fd405.png,UNKNOWN,0.25,CV_SETTINGS_GRID+OCR_TEXT
C:\Users\jay\Downloads\STFD_ICASSP2023\STFD_ICASSP2023\5_Replacement\tamper\f93d538e746d7d44f024fd8419681930.png,E_COMMERCE,0.35,CV_ECOMMERCE_COLOR+OCR_TEXT
C:\Users\jay\Downloads\STFD_ICASSP2023\STFD_ICASSP2023\5_Replacement\tamper\f9ac37badc5cb384567c0c06cab432e0.png,UNKNOWN,0.1,OCR_TEXT
C:\Users\jay\Downloads\STFD_ICASSP2023\STFD_ICASSP2023\5_Replacement\tamper\f9fd575334f80b8131742358f81b8691.png,UNKNOWN,0.1,OCR_TEXT
C:\Users\jay\Downloads\STFD_ICASSP2023\STFD_ICASSP2023\5_Replacement\tamper\fa800d88b2ec8aa09a1144dc7d297619.png,DOCUMENT,0.5,CV_MONOCHROME_DOC+OCR_TEXT
C:\Users\jay\Downloads\STFD_ICASSP2023\STFD_ICASSP2023\5_Replacement\tamper\fabd143aba79c0bc969a036bc15401e4.png,UNKNOWN,0.1,OCR_TEXT
C:\Users\jay\Downloads\STFD_ICASSP2023\STFD_ICASSP2023\5_Replacement\tamper\faed41edaa3829f9247ae24c505dc289.png,E_COMMERCE,0.35,CV_ECOMMERCE_COLOR+OCR_TEXT
C:\Users\jay\Downloads\STFD_ICASSP2023\STFD_ICASSP2023\5_Replacement\tamper\faf31729be117a8165099739a3321f7a.png,UNKNOWN,0.1,OCR_TEXT
C:\Users\jay\Downloads\STFD_ICASSP2023\STFD_ICASSP2023\5_Replacement\tamper\fafb1bcffb7f13b78e2792ccb383ca44.png,UNKNOWN,0.1,OCR_TEXT
C:\Users\jay\Downloads\STFD_ICASSP2023\STFD_ICASSP2023\5_Replacement\tamper\fb2574238525063f8660b8f6733dee9f.png,UNKNOWN,0.1,OCR_TEXT
C:\Users\jay\Downloads\STFD_ICASSP2023\STFD_ICASSP2023\5_Replacement\tamper\fb3e635f39e4884321910c7c05b8bff5.png,E_COMMERCE,0.35,CV_ECOMMERCE_COLOR+OCR_TEXT
C:\Users\jay\Downloads\STFD_ICASSP2023\STFD_ICASSP2023\5_Replacement\tamper\fc06f989ffb784667200016977265145.png,UNKNOWN,0.1,OCR_TEXT
C:\Users\jay\Downloads\STFD_ICASSP2023\STFD_ICASSP2023\5_Replacement\tamper\fc6a414c09ae81dcb816e25b5cb2f995.png,UNKNOWN,0.25,OCR_TEXT
C:\Users\jay\Downloads\STFD_ICASSP2023\STFD_ICASSP2023\5_Replacement\tamper\fd8c08868d63c8cb2fae2fc944ffdaed.png,DOCUMENT,0.5,CV_MONOCHROME_DOC+OCR_TEXT
C:\Users\jay\Downloads\STFD_ICASSP2023\STFD_ICASSP2023\5_Replacement\tamper\fff4187a73a62199b2978c7c4ff05f99.png,UNKNOWN,0.1,OCR_TEXT
