patch_id,candidate_id,sample_id,group_id,split,source,x1,y1,x2,y2,w,h,score,max_gt_iou,patch_label,binary_label,is_hard_negative,parent_document_label,crop_path
P8_0000001_X00016469612_OCR_POS,C00000026_X00016469612,X00016469612,group_0033,train,OCR,319,373,342,388,23,15,110.0,0.4826,FORGED_REGION,1,0,EDITED,C:\Users\jay\New folder (2)\Trustrace\data\document_patches\P8_0000001_X00016469612_OCR_POS.png
P8_0000002_X00016469612_MORPHOLOGY_POS,C00000105_X00016469612,X00016469612,group_0033,train,MORPHOLOGY,172,397,208,414,36,17,196.4003,0.2733,FORGED_REGION,1,0,EDITED,C:\Users\jay\New folder (2)\Trustrace\data\document_patches\P8_0000002_X00016469612_MORPHOLOGY_POS.png
P8_0000003_X51005230616_OCR_POS,C00001929_X51005230616,X51005230616,group_0046,train,OCR,31,884,45,907,14,23,105.0,0.2582,FORGED_REGION,1,0,EDITED,C:\Users\jay\New folder (2)\Trustrace\data\document_patches\P8_0000003_X51005230616_OCR_POS.png
P8_0000004_X51005230616_OCR_POS,C00002031_X51005230616,X51005230616,group_0046,train,OCR,462,890,524,914,62,24,125.0,0.3649,FORGED_REGION,1,0,EDITED,C:\Users\jay\New folder (2)\Trustrace\data\document_patches\P8_0000004_X51005230616_OCR_POS.png
P8_0000005_X51005230616_MORPHOLOGY_POS,C00002084_X51005230616,X51005230616,group_0046,train,MORPHOLOGY,458,890,499,919,41,29,239.8267,0.6909,FORGED_REGION,1,0,EDITED,C:\Users\jay\New folder (2)\Trustrace\data\document_patches\P8_0000005_X51005230616_MORPHOLOGY_POS.png
P8_0000006_X51005230617_OCR_POS,C00002268_X51005230617,X51005230617,group_0047,train,OCR,457,1046,469,1069,12,23,105.0,0.2875,FORGED_REGION,1,0,EDITED,C:\Users\jay\New folder (2)\Trustrace\data\document_patches\P8_0000006_X51005230617_OCR_POS.png
P8_0000007_X51005230617_OCR_POS,C00002271_X51005230617,X51005230617,group_0047,train,OCR,457,1046,525,1069,68,23,99.0,0.2507,FORGED_REGION,1,0,EDITED,C:\Users\jay\New folder (2)\Trustrace\data\document_patches\P8_0000007_X51005230617_OCR_POS.png
P8_0000008_X51005230617_OCR_POS,C00002273_X51005230617,X51005230617,group_0047,train,OCR,473,818,525,841,52,23,120.0,0.2515,FORGED_REGION,1,0,EDITED,C:\Users\jay\New folder (2)\Trustrace\data\document_patches\P8_0000008_X51005230617_OCR_POS.png
P8_0000009_X51005361946_OCR_POS,C00008064_X51005361946,X51005361946,group_0073,train,OCR,1280,958,1303,978,23,20,110.0,0.3955,FORGED_REGION,1,0,EDITED,C:\Users\jay\New folder (2)\Trustrace\data\document_patches\P8_0000009_X51005361946_OCR_POS.png
P8_0000010_X51005361946_OCR_POS,C00008073_X51005361946,X51005361946,group_0073,train,OCR,1254,1097,1305,1118,51,21,120.0,0.3525,FORGED_REGION,1,0,EDITED,C:\Users\jay\New folder (2)\Trustrace\data\document_patches\P8_0000010_X51005361946_OCR_POS.png
P8_0000011_X51005361946_OCR_POS,C00008076_X51005361946,X51005361946,group_0073,train,OCR,1103,1098,1169,1119,66,21,96.0,0.5566,FORGED_REGION,1,0,EDITED,C:\Users\jay\New folder (2)\Trustrace\data\document_patches\P8_0000011_X51005361946_OCR_POS.png
P8_0000012_X51005441401_OCR_POS,C00010920_X51005441401,X51005441401,group_0087,train,OCR,432,764,454,784,22,20,110.0,0.4478,FORGED_REGION,1,0,EDITED,C:\Users\jay\New folder (2)\Trustrace\data\document_patches\P8_0000012_X51005441401_OCR_POS.png
P8_0000013_X51005442327_OCR_POS,C00011775_X51005442327,X51005442327,group_0092,train,OCR,430,363,442,373,12,10,110.0,0.4321,FORGED_REGION,1,0,EDITED,C:\Users\jay\New folder (2)\Trustrace\data\document_patches\P8_0000013_X51005442327_OCR_POS.png
P8_0000014_X51005442327_OCR_POS,C00011779_X51005442327,X51005442327,group_0092,train,OCR,358,400,373,411,15,11,115.0,0.4925,FORGED_REGION,1,0,EDITED,C:\Users\jay\New folder (2)\Trustrace\data\document_patches\P8_0000014_X51005442327_OCR_POS.png
P8_0000015_X51005447851_OCR_POS,C00017802_X51005447851,X51005447851,group_0121,train,OCR,347,1025,383,1054,36,29,110.0,0.4359,FORGED_REGION,1,0,EDITED,C:\Users\jay\New folder (2)\Trustrace\data\document_patches\P8_0000015_X51005447851_OCR_POS.png
P8_0000016_X51005447851_OCR_POS,C00017811_X51005447851,X51005447851,group_0121,train,OCR,512,1024,544,1055,32,31,110.0,0.5016,FORGED_REGION,1,0,EDITED,C:\Users\jay\New folder (2)\Trustrace\data\document_patches\P8_0000016_X51005447851_OCR_POS.png
P8_0000017_X51005447851_OCR_POS,C00017830_X51005447851,X51005447851,group_0121,train,OCR,673,1026,707,1055,34,29,110.0,0.4528,FORGED_REGION,1,0,EDITED,C:\Users\jay\New folder (2)\Trustrace\data\document_patches\P8_0000017_X51005447851_OCR_POS.png
P8_0000018_X51005447851_OCR_POS,C00017835_X51005447851,X51005447851,group_0121,train,OCR,760,1178,797,1212,37,34,110.0,0.4533,FORGED_REGION,1,0,EDITED,C:\Users\jay\New folder (2)\Trustrace\data\document_patches\P8_0000018_X51005447851_OCR_POS.png
P8_0000019_X51005447851_OCR_POS,C00017849_X51005447851,X51005447851,group_0121,train,OCR,568,1492,600,1521,32,29,110.0,0.536,FORGED_REGION,1,0,EDITED,C:\Users\jay\New folder (2)\Trustrace\data\document_patches\P8_0000019_X51005447851_OCR_POS.png
P8_0000020_X51005447853_OCR_POS,C00018090_X51005447853,X51005447853,group_0123,train,OCR,703,779,788,813,85,34,125.0,0.2657,FORGED_REGION,1,0,EDITED,C:\Users\jay\New folder (2)\Trustrace\data\document_patches\P8_0000020_X51005447853_OCR_POS.png
P8_0000021_X51005568855_OCR_POS,C00019974_X51005568855,X51005568855,group_0130,train,OCR,771,2698,807,2730,36,32,110.0,0.575,FORGED_REGION,1,0,EDITED,C:\Users\jay\New folder (2)\Trustrace\data\document_patches\P8_0000021_X51005568855_OCR_POS.png
P8_0000022_X51005568881_OCR_POS,C00020562_X51005568881,X51005568881,group_0017,train,OCR,91,883,108,912,17,29,105.0,0.5267,FORGED_REGION,1,0,EDITED,C:\Users\jay\New folder (2)\Trustrace\data\document_patches\P8_0000022_X51005568881_OCR_POS.png
P8_0000023_X51005568881_OCR_POS,C00020569_X51005568881,X51005568881,group_0017,train,OCR,249,975,266,1002,17,27,105.0,0.7451,FORGED_REGION,1,0,EDITED,C:\Users\jay\New folder (2)\Trustrace\data\document_patches\P8_0000023_X51005568881_OCR_POS.png
P8_0000024_X51005568881_MORPHOLOGY_POS,C00020639_X51005568881,X51005568881,group_0017,train,MORPHOLOGY,246,972,271,1007,25,35,179.5051,0.704,FORGED_REGION,1,0,EDITED,C:\Users\jay\New folder (2)\Trustrace\data\document_patches\P8_0000024_X51005568881_MORPHOLOGY_POS.png
P8_0000025_X51005568885_OCR_POS,C00020882_X51005568885,X51005568885,group_0134,train,OCR,694,1324,797,1366,103,42,120.0,0.2769,FORGED_REGION,1,0,EDITED,C:\Users\jay\New folder (2)\Trustrace\data\document_patches\P8_0000025_X51005568885_OCR_POS.png
P8_0000026_X51005605285_OCR_POS,C00024521_X51005605285,X51005605285,group_0153,train,OCR,102,453,131,479,29,26,110.0,0.407,FORGED_REGION,1,0,EDITED,C:\Users\jay\New folder (2)\Trustrace\data\document_patches\P8_0000026_X51005605285_OCR_POS.png
P8_0000027_X51005605285_OCR_POS,C00024549_X51005605285,X51005605285,group_0153,train,OCR,559,579,624,606,65,27,125.0,0.6423,FORGED_REGION,1,0,EDITED,C:\Users\jay\New folder (2)\Trustrace\data\document_patches\P8_0000027_X51005605285_OCR_POS.png
P8_0000028_X51005605285_OCR_POS,C00024550_X51005605285,X51005605285,group_0153,train,OCR,559,619,624,646,65,27,125.0,0.6321,FORGED_REGION,1,0,EDITED,C:\Users\jay\New folder (2)\Trustrace\data\document_patches\P8_0000028_X51005605285_OCR_POS.png
P8_0000029_X51005605285_OCR_POS,C00024551_X51005605285,X51005605285,group_0153,train,OCR,558,656,623,683,65,27,125.0,0.5451,FORGED_REGION,1,0,EDITED,C:\Users\jay\New folder (2)\Trustrace\data\document_patches\P8_0000029_X51005605285_OCR_POS.png
P8_0000030_X51005605285_OCR_POS,C00024553_X51005605285,X51005605285,group_0153,train,OCR,552,733,622,760,70,27,125.0,0.5553,FORGED_REGION,1,0,EDITED,C:\Users\jay\New folder (2)\Trustrace\data\document_patches\P8_0000030_X51005605285_OCR_POS.png
P8_0000031_X51005605285_OCR_POS,C00024567_X51005605285,X51005605285,group_0153,train,OCR,357,848,420,876,63,28,125.0,0.6112,FORGED_REGION,1,0,EDITED,C:\Users\jay\New folder (2)\Trustrace\data\document_patches\P8_0000031_X51005605285_OCR_POS.png
P8_0000032_X51005605285_OCR_POS,C00024568_X51005605285,X51005605285,group_0153,train,OCR,357,888,421,916,64,28,125.0,0.5973,FORGED_REGION,1,0,EDITED,C:\Users\jay\New folder (2)\Trustrace\data\document_patches\P8_0000032_X51005605285_OCR_POS.png
P8_0000033_X51005605285_OCR_POS,C00024570_X51005605285,X51005605285,group_0153,train,OCR,565,851,621,879,56,28,120.0,0.4433,FORGED_REGION,1,0,EDITED,C:\Users\jay\New folder (2)\Trustrace\data\document_patches\P8_0000033_X51005605285_OCR_POS.png
P8_0000034_X51005605285_OCR_POS,C00024571_X51005605285,X51005605285,group_0153,train,OCR,565,892,620,918,55,26,120.0,0.442,FORGED_REGION,1,0,EDITED,C:\Users\jay\New folder (2)\Trustrace\data\document_patches\P8_0000034_X51005605285_OCR_POS.png
P8_0000035_X51005605295_OCR_POS,C00025037_X51005605295,X51005605295,group_0156,train,OCR,414,531,455,554,41,23,120.0,0.6208,FORGED_REGION,1,0,EDITED,C:\Users\jay\New folder (2)\Trustrace\data\document_patches\P8_0000035_X51005605295_OCR_POS.png
P8_0000036_X51005605295_OCR_POS,C00025039_X51005605295,X51005605295,group_0156,train,OCR,414,531,487,554,73,23,96.0,0.5272,FORGED_REGION,1,0,EDITED,C:\Users\jay\New folder (2)\Trustrace\data\document_patches\P8_0000036_X51005605295_OCR_POS.png
P8_0000037_X51005605295_OCR_POS,C00025040_X51005605295,X51005605295,group_0156,train,OCR,417,724,458,747,41,23,120.0,0.5484,FORGED_REGION,1,0,EDITED,C:\Users\jay\New folder (2)\Trustrace\data\document_patches\P8_0000037_X51005605295_OCR_POS.png
P8_0000038_X51005663293_OCR_POS,C00027597_X51005663293,X51005663293,group_0170,train,OCR,307,1738,415,1796,108,58,115.0,0.3812,FORGED_REGION,1,0,EDITED,C:\Users\jay\New folder (2)\Trustrace\data\document_patches\P8_0000038_X51005663293_OCR_POS.png
P8_0000039_X51005676535_OCR_POS,C00030771_X51005676535,X51005676535,group_0188,train,OCR,276,523,343,550,67,27,115.0,0.3375,FORGED_REGION,1,0,EDITED,C:\Users\jay\New folder (2)\Trustrace\data\document_patches\P8_0000039_X51005676535_OCR_POS.png
P8_0000040_X51005676540_OCR_POS,C00031729_X51005676540,X51005676540,group_0193,train,OCR,374,1028,384,1055,10,27,105.0,0.3214,FORGED_REGION,1,0,EDITED,C:\Users\jay\New folder (2)\Trustrace\data\document_patches\P8_0000040_X51005676540_OCR_POS.png
P8_0000041_X51005676540_OCR_POS,C00031775_X51005676540,X51005676540,group_0193,train,OCR,362,1233,379,1259,17,26,105.0,0.4483,FORGED_REGION,1,0,EDITED,C:\Users\jay\New folder (2)\Trustrace\data\document_patches\P8_0000041_X51005676540_OCR_POS.png
P8_0000042_X51005677333_OCR_POS,C00034263_X51005677333,X51005677333,group_0208,train,OCR,71,343,835,386,764,43,108.0,0.2517,FORGED_REGION,1,0,EDITED,C:\Users\jay\New folder (2)\Trustrace\data\document_patches\P8_0000042_X51005677333_OCR_POS.png
P8_0000043_X51005677339_OCR_POS,C00035191_X51005677339,X51005677339,group_0211,train,OCR,706,1082,742,1108,36,26,110.0,0.3979,FORGED_REGION,1,0,EDITED,C:\Users\jay\New folder (2)\Trustrace\data\document_patches\P8_0000043_X51005677339_OCR_POS.png
P8_0000044_X51005677339_OCR_POS,C00035192_X51005677339,X51005677339,group_0211,train,OCR,705,1162,743,1188,38,26,110.0,0.3861,FORGED_REGION,1,0,EDITED,C:\Users\jay\New folder (2)\Trustrace\data\document_patches\P8_0000044_X51005677339_OCR_POS.png
P8_0000045_X51005677339_MORPHOLOGY_POS,C00035251_X51005677339,X51005677339,group_0211,train,MORPHOLOGY,705,1402,742,1430,37,28,183.1216,0.5639,FORGED_REGION,1,0,EDITED,C:\Users\jay\New folder (2)\Trustrace\data\document_patches\P8_0000045_X51005677339_MORPHOLOGY_POS.png
P8_0000046_X51005711402_OCR_POS,C00037666_X51005711402,X51005711402,group_0223,train,OCR,655,1291,742,1325,87,34,125.0,0.322,FORGED_REGION,1,0,EDITED,C:\Users\jay\New folder (2)\Trustrace\data\document_patches\P8_0000046_X51005711402_OCR_POS.png
P8_0000047_X51005711402_OCR_POS,C00037722_X51005711402,X51005711402,group_0223,train,OCR,604,995,672,1029,68,34,120.0,0.5558,FORGED_REGION,1,0,EDITED,C:\Users\jay\New folder (2)\Trustrace\data\document_patches\P8_0000047_X51005711402_OCR_POS.png
P8_0000048_X51005711402_OCR_POS,C00037724_X51005711402,X51005711402,group_0223,train,OCR,577,1413,630,1454,53,41,110.0,0.5572,FORGED_REGION,1,0,EDITED,C:\Users\jay\New folder (2)\Trustrace\data\document_patches\P8_0000048_X51005711402_OCR_POS.png
P8_0000049_X51005711402_OCR_POS,C00037726_X51005711402,X51005711402,group_0223,train,OCR,577,1413,740,1454,163,41,96.0,0.3028,FORGED_REGION,1,0,EDITED,C:\Users\jay\New folder (2)\Trustrace\data\document_patches\P8_0000049_X51005711402_OCR_POS.png
P8_0000050_X51005711402_MORPHOLOGY_POS,C00037762_X51005711402,X51005711402,group_0223,train,MORPHOLOGY,603,1005,658,1031,55,26,199.8287,0.3438,FORGED_REGION,1,0,EDITED,C:\Users\jay\New folder (2)\Trustrace\data\document_patches\P8_0000050_X51005711402_MORPHOLOGY_POS.png
P8_0000051_X51005711454_OCR_POS,C00039791_X51005711454,X51005711454,group_0237,train,OCR,253,747,289,772,36,25,110.0,0.471,FORGED_REGION,1,0,EDITED,C:\Users\jay\New folder (2)\Trustrace\data\document_patches\P8_0000051_X51005711454_OCR_POS.png
P8_0000052_X51005719823_OCR_POS,C00042112_X51005719823,X51005719823,group_0251,train,OCR,627,1424,694,1456,67,32,110.0,0.3814,FORGED_REGION,1,0,EDITED,C:\Users\jay\New folder (2)\Trustrace\data\document_patches\P8_0000052_X51005719823_OCR_POS.png
P8_0000053_X51005722699_OCR_POS,C00046678_X51005722699,X51005722699,group_0278,train,OCR,242,760,344,794,102,34,125.0,0.6917,FORGED_REGION,1,0,EDITED,C:\Users\jay\New folder (2)\Trustrace\data\document_patches\P8_0000053_X51005722699_OCR_POS.png
P8_0000054_X51005722699_OCR_POS,C00046679_X51005722699,X51005722699,group_0278,train,OCR,43,757,344,794,301,37,96.0,0.3207,FORGED_REGION,1,0,EDITED,C:\Users\jay\New folder (2)\Trustrace\data\document_patches\P8_0000054_X51005722699_OCR_POS.png
P8_0000055_X51005722699_OCR_POS,C00046723_X51005722699,X51005722699,group_0278,train,OCR,703,1162,805,1196,102,34,125.0,0.7286,FORGED_REGION,1,0,EDITED,C:\Users\jay\New folder (2)\Trustrace\data\document_patches\P8_0000055_X51005722699_OCR_POS.png
P8_0000056_X51005722699_OCR_POS,C00046724_X51005722699,X51005722699,group_0278,train,OCR,684,1216,807,1250,123,34,130.0,0.6367,FORGED_REGION,1,0,EDITED,C:\Users\jay\New folder (2)\Trustrace\data\document_patches\P8_0000056_X51005722699_OCR_POS.png
P8_0000057_X51005745183_MORPHOLOGY_POS,C00049982_X51005745183,X51005745183,group_0295,train,MORPHOLOGY,141,606,304,627,163,21,157.9278,0.3067,FORGED_REGION,1,0,EDITED,C:\Users\jay\New folder (2)\Trustrace\data\document_patches\P8_0000057_X51005745183_MORPHOLOGY_POS.png
P8_0000058_X51005757349_MORPHOLOGY_POS,C00056587_X51005757349,X51005757349,group_0334,train,MORPHOLOGY,541,1134,557,1161,16,27,252.4236,0.9375,FORGED_REGION,1,0,EDITED,C:\Users\jay\New folder (2)\Trustrace\data\document_patches\P8_0000058_X51005757349_MORPHOLOGY_POS.png
P8_0000059_X51005757349_MORPHOLOGY_POS,C00056598_X51005757349,X51005757349,group_0334,train,MORPHOLOGY,540,1096,558,1127,18,31,250.8262,0.484,FORGED_REGION,1,0,EDITED,C:\Users\jay\New folder (2)\Trustrace\data\document_patches\P8_0000059_X51005757349_MORPHOLOGY_POS.png
P8_0000060_X51005806702_OCR_POS,C00059649_X51005806702,X51005806702,group_0351,train,OCR,256,855,269,879,13,24,105.0,0.3074,FORGED_REGION,1,0,EDITED,C:\Users\jay\New folder (2)\Trustrace\data\document_patches\P8_0000060_X51005806702_OCR_POS.png
P8_0000061_X51005806702_MORPHOLOGY_POS,C00059706_X51005806702,X51005806702,group_0351,train,MORPHOLOGY,586,1083,610,1103,24,20,232.2667,0.458,FORGED_REGION,1,0,EDITED,C:\Users\jay\New folder (2)\Trustrace\data\document_patches\P8_0000061_X51005806702_MORPHOLOGY_POS.png
P8_0000062_X51006008086_OCR_POS,C00061902_X51006008086,X51006008086,group_0364,train,OCR,579,1016,621,1044,42,28,115.0,0.395,FORGED_REGION,1,0,EDITED,C:\Users\jay\New folder (2)\Trustrace\data\document_patches\P8_0000062_X51006008086_OCR_POS.png
P8_0000063_X51006008206_OCR_POS,C00063837_X51006008206,X51006008206,group_0372,train,OCR,272,486,297,511,25,25,110.0,0.2614,FORGED_REGION,1,0,EDITED,C:\Users\jay\New folder (2)\Trustrace\data\document_patches\P8_0000063_X51006008206_OCR_POS.png
P8_0000064_X51006008206_MORPHOLOGY_POS,C00063931_X51006008206,X51006008206,group_0372,train,MORPHOLOGY,286,483,299,495,13,12,250.5385,0.3191,FORGED_REGION,1,0,EDITED,C:\Users\jay\New folder (2)\Trustrace\data\document_patches\P8_0000064_X51006008206_MORPHOLOGY_POS.png
P8_0000065_X51006311764_OCR_POS,C00064525_X51006311764,X51006311764,group_0376,train,OCR,498,635,535,660,37,25,115.0,0.4044,FORGED_REGION,1,0,EDITED,C:\Users\jay\New folder (2)\Trustrace\data\document_patches\P8_0000065_X51006311764_OCR_POS.png
P8_0000066_X51006311764_OCR_POS,C00064540_X51006311764,X51006311764,group_0376,train,OCR,373,896,399,922,26,26,110.0,0.398,FORGED_REGION,1,0,EDITED,C:\Users\jay\New folder (2)\Trustrace\data\document_patches\P8_0000066_X51006311764_OCR_POS.png
P8_0000067_X51006311764_OCR_POS,C00064542_X51006311764,X51006311764,group_0376,train,OCR,444,895,513,921,69,26,125.0,0.3632,FORGED_REGION,1,0,EDITED,C:\Users\jay\New folder (2)\Trustrace\data\document_patches\P8_0000067_X51006311764_OCR_POS.png
P8_0000068_X51006311764_OCR_POS,C00064543_X51006311764,X51006311764,group_0376,train,OCR,556,895,605,920,49,25,120.0,0.4926,FORGED_REGION,1,0,EDITED,C:\Users\jay\New folder (2)\Trustrace\data\document_patches\P8_0000068_X51006311764_OCR_POS.png
P8_0000069_X51006311764_OCR_POS,C00064544_X51006311764,X51006311764,group_0376,train,OCR,613,894,640,919,27,25,110.0,0.5102,FORGED_REGION,1,0,EDITED,C:\Users\jay\New folder (2)\Trustrace\data\document_patches\P8_0000069_X51006311764_OCR_POS.png
P8_0000070_X51006311764_OCR_POS,C00064561_X51006311764,X51006311764,group_0376,train,OCR,614,968,640,993,26,25,110.0,0.3759,FORGED_REGION,1,0,EDITED,C:\Users\jay\New folder (2)\Trustrace\data\document_patches\P8_0000070_X51006311764_OCR_POS.png
P8_0000071_X51006311764_OCR_POS,C00064562_X51006311764,X51006311764,group_0376,train,OCR,556,1005,606,1030,50,25,120.0,0.5247,FORGED_REGION,1,0,EDITED,C:\Users\jay\New folder (2)\Trustrace\data\document_patches\P8_0000071_X51006311764_OCR_POS.png
P8_0000072_X51006311764_OCR_POS,C00064563_X51006311764,X51006311764,group_0376,train,OCR,613,1004,641,1030,28,26,110.0,0.5474,FORGED_REGION,1,0,EDITED,C:\Users\jay\New folder (2)\Trustrace\data\document_patches\P8_0000072_X51006311764_OCR_POS.png
P8_0000073_X51006311764_OCR_POS,C00064564_X51006311764,X51006311764,group_0376,train,OCR,556,1004,641,1030,85,26,96.0,0.3213,FORGED_REGION,1,0,EDITED,C:\Users\jay\New folder (2)\Trustrace\data\document_patches\P8_0000073_X51006311764_OCR_POS.png
P8_0000074_X51006311764_OCR_POS,C00064565_X51006311764,X51006311764,group_0376,train,OCR,557,1080,606,1105,49,25,120.0,0.5124,FORGED_REGION,1,0,EDITED,C:\Users\jay\New folder (2)\Trustrace\data\document_patches\P8_0000074_X51006311764_OCR_POS.png
P8_0000075_X51006311764_OCR_POS,C00064566_X51006311764,X51006311764,group_0376,train,OCR,614,1080,642,1104,28,24,110.0,0.4918,FORGED_REGION,1,0,EDITED,C:\Users\jay\New folder (2)\Trustrace\data\document_patches\P8_0000075_X51006311764_OCR_POS.png
P8_0000076_X51006311764_OCR_POS,C00064567_X51006311764,X51006311764,group_0376,train,OCR,557,1080,642,1105,85,25,96.0,0.3089,FORGED_REGION,1,0,EDITED,C:\Users\jay\New folder (2)\Trustrace\data\document_patches\P8_0000076_X51006311764_OCR_POS.png
P8_0000077_X51006311764_OCR_POS,C00064568_X51006311764,X51006311764,group_0376,train,OCR,558,1154,607,1179,49,25,120.0,0.447,FORGED_REGION,1,0,EDITED,C:\Users\jay\New folder (2)\Trustrace\data\document_patches\P8_0000077_X51006311764_OCR_POS.png
P8_0000078_X51006311764_OCR_POS,C00064569_X51006311764,X51006311764,group_0376,train,OCR,615,1154,642,1179,27,25,110.0,0.5319,FORGED_REGION,1,0,EDITED,C:\Users\jay\New folder (2)\Trustrace\data\document_patches\P8_0000078_X51006311764_OCR_POS.png
P8_0000079_X51006311764_OCR_POS,C00064570_X51006311764,X51006311764,group_0376,train,OCR,558,1154,642,1179,84,25,96.0,0.2903,FORGED_REGION,1,0,EDITED,C:\Users\jay\New folder (2)\Trustrace\data\document_patches\P8_0000079_X51006311764_OCR_POS.png
P8_0000080_X51006311764_OCR_POS,C00064594_X51006311764,X51006311764,group_0376,train,OCR,421,1570,457,1596,36,26,115.0,0.3045,FORGED_REGION,1,0,EDITED,C:\Users\jay\New folder (2)\Trustrace\data\document_patches\P8_0000080_X51006311764_OCR_POS.png
P8_0000081_X51006311764_OCR_POS,C00064595_X51006311764,X51006311764,group_0376,train,OCR,465,1568,533,1595,68,27,125.0,0.4085,FORGED_REGION,1,0,EDITED,C:\Users\jay\New folder (2)\Trustrace\data\document_patches\P8_0000081_X51006311764_OCR_POS.png
P8_0000082_X51006311764_OCR_POS,C00064600_X51006311764,X51006311764,group_0376,train,OCR,574,1491,646,1517,72,26,125.0,0.3526,FORGED_REGION,1,0,EDITED,C:\Users\jay\New folder (2)\Trustrace\data\document_patches\P8_0000082_X51006311764_OCR_POS.png
P8_0000083_X51006311764_MORPHOLOGY_POS,C00064609_X51006311764,X51006311764,group_0376,train,MORPHOLOGY,164,1499,190,1530,26,31,250.0968,0.4726,FORGED_REGION,1,0,EDITED,C:\Users\jay\New folder (2)\Trustrace\data\document_patches\P8_0000083_X51006311764_MORPHOLOGY_POS.png
P8_0000084_X51006311764_MORPHOLOGY_POS,C00064620_X51006311764,X51006311764,group_0376,train,MORPHOLOGY,557,1150,645,1184,88,34,246.8974,0.3044,FORGED_REGION,1,0,EDITED,C:\Users\jay\New folder (2)\Trustrace\data\document_patches\P8_0000084_X51006311764_MORPHOLOGY_POS.png
P8_0000085_X51006311764_MORPHOLOGY_POS,C00064625_X51006311764,X51006311764,group_0376,train,MORPHOLOGY,555,894,646,925,91,31,245.8596,0.292,FORGED_REGION,1,0,EDITED,C:\Users\jay\New folder (2)\Trustrace\data\document_patches\P8_0000085_X51006311764_MORPHOLOGY_POS.png
P8_0000086_X51006311764_MORPHOLOGY_POS,C00064629_X51006311764,X51006311764,group_0376,train,MORPHOLOGY,477,1563,536,1597,59,34,245.3829,0.4771,FORGED_REGION,1,0,EDITED,C:\Users\jay\New folder (2)\Trustrace\data\document_patches\P8_0000086_X51006311764_MORPHOLOGY_POS.png
P8_0000087_X51006311764_MORPHOLOGY_POS,C00064632_X51006311764,X51006311764,group_0376,train,MORPHOLOGY,611,964,647,996,36,32,244.1979,0.3722,FORGED_REGION,1,0,EDITED,C:\Users\jay\New folder (2)\Trustrace\data\document_patches\P8_0000087_X51006311764_MORPHOLOGY_POS.png
P8_0000088_X51006329183_OCR_POS,C00066841_X51006329183,X51006329183,group_0387,train,OCR,385,968,398,991,13,23,105.0,0.5537,FORGED_REGION,1,0,EDITED,C:\Users\jay\New folder (2)\Trustrace\data\document_patches\P8_0000088_X51006329183_OCR_POS.png
P8_0000089_X51006329183_OCR_POS,C00066843_X51006329183,X51006329183,group_0387,train,OCR,385,968,446,991,61,23,96.0,0.2519,FORGED_REGION,1,0,EDITED,C:\Users\jay\New folder (2)\Trustrace\data\document_patches\P8_0000089_X51006329183_OCR_POS.png
P8_0000090_X51006329183_OCR_POS,C00066875_X51006329183,X51006329183,group_0387,train,OCR,513,970,547,992,34,22,115.0,0.4931,FORGED_REGION,1,0,EDITED,C:\Users\jay\New folder (2)\Trustrace\data\document_patches\P8_0000090_X51006329183_OCR_POS.png
P8_0000091_X51006329183_OCR_POS,C00066877_X51006329183,X51006329183,group_0387,train,OCR,513,970,584,992,71,22,96.0,0.2638,FORGED_REGION,1,0,EDITED,C:\Users\jay\New folder (2)\Trustrace\data\document_patches\P8_0000091_X51006329183_OCR_POS.png
P8_0000092_X51006329183_MORPHOLOGY_POS,C00066959_X51006329183,X51006329183,group_0387,train,MORPHOLOGY,631,1280,662,1306,31,26,158.4628,0.4421,FORGED_REGION,1,0,EDITED,C:\Users\jay\New folder (2)\Trustrace\data\document_patches\P8_0000092_X51006329183_MORPHOLOGY_POS.png
P8_0000093_X51006329183_MORPHOLOGY_POS,C00066964_X51006329183,X51006329183,group_0387,train,MORPHOLOGY,385,968,401,994,16,26,150.6995,0.7194,FORGED_REGION,1,0,EDITED,C:\Users\jay\New folder (2)\Trustrace\data\document_patches\P8_0000093_X51006329183_MORPHOLOGY_POS.png
P8_0000094_X51006349085_OCR_POS,C00070467_X51006349085,X51006349085,group_0406,train,OCR,479,1330,552,1352,73,22,125.0,0.5665,FORGED_REGION,1,0,EDITED,C:\Users\jay\New folder (2)\Trustrace\data\document_patches\P8_0000094_X51006349085_OCR_POS.png
P8_0000095_X51006349085_OCR_POS,C00070468_X51006349085,X51006349085,group_0406,train,OCR,653,1330,711,1355,58,25,120.0,0.5675,FORGED_REGION,1,0,EDITED,C:\Users\jay\New folder (2)\Trustrace\data\document_patches\P8_0000095_X51006349085_OCR_POS.png
P8_0000096_X51006349085_MORPHOLOGY_POS,C00070502_X51006349085,X51006349085,group_0406,train,MORPHOLOGY,631,1207,691,1234,60,27,243.6796,0.2778,FORGED_REGION,1,0,EDITED,C:\Users\jay\New folder (2)\Trustrace\data\document_patches\P8_0000096_X51006349085_MORPHOLOGY_POS.png
P8_0000097_X51006349085_MORPHOLOGY_POS,C00070513_X51006349085,X51006349085,group_0406,train,MORPHOLOGY,474,1327,556,1358,82,31,238.3265,0.8761,FORGED_REGION,1,0,EDITED,C:\Users\jay\New folder (2)\Trustrace\data\document_patches\P8_0000097_X51006349085_MORPHOLOGY_POS.png
P8_0000098_X51006349085_MORPHOLOGY_POS,C00070520_X51006349085,X51006349085,group_0406,train,MORPHOLOGY,651,1327,717,1361,66,34,235.828,0.8783,FORGED_REGION,1,0,EDITED,C:\Users\jay\New folder (2)\Trustrace\data\document_patches\P8_0000098_X51006349085_MORPHOLOGY_POS.png
P8_0000099_X51006392299_OCR_POS,C00075467_X51006392299,X51006392299,group_0444,train,OCR,541,774,631,798,90,24,130.0,0.7759,FORGED_REGION,1,0,EDITED,C:\Users\jay\New folder (2)\Trustrace\data\document_patches\P8_0000099_X51006392299_OCR_POS.png
P8_0000100_X51006392299_OCR_POS,C00075468_X51006392299,X51006392299,group_0444,train,OCR,574,817,631,841,57,24,120.0,0.76,FORGED_REGION,1,0,EDITED,C:\Users\jay\New folder (2)\Trustrace\data\document_patches\P8_0000100_X51006392299_OCR_POS.png
P8_0000101_X51006392299_OCR_POS,C00075477_X51006392299,X51006392299,group_0444,train,OCR,399,1061,489,1085,90,24,130.0,0.7423,FORGED_REGION,1,0,EDITED,C:\Users\jay\New folder (2)\Trustrace\data\document_patches\P8_0000101_X51006392299_OCR_POS.png
P8_0000102_X51006392299_OCR_POS,C00075481_X51006392299,X51006392299,group_0444,train,OCR,576,1060,633,1084,57,24,120.0,0.6895,FORGED_REGION,1,0,EDITED,C:\Users\jay\New folder (2)\Trustrace\data\document_patches\P8_0000102_X51006392299_OCR_POS.png
P8_0000103_X51006392299_MORPHOLOGY_POS,C00075522_X51006392299,X51006392299,group_0444,train,MORPHOLOGY,571,813,636,846,65,33,236.8611,0.8392,FORGED_REGION,1,0,EDITED,C:\Users\jay\New folder (2)\Trustrace\data\document_patches\P8_0000103_X51006392299_MORPHOLOGY_POS.png
P8_0000104_X51006392299_MORPHOLOGY_POS,C00075526_X51006392299,X51006392299,group_0444,train,MORPHOLOGY,542,770,636,802,94,32,234.865,0.854,FORGED_REGION,1,0,EDITED,C:\Users\jay\New folder (2)\Trustrace\data\document_patches\P8_0000104_X51006392299_MORPHOLOGY_POS.png
P8_0000105_X51006392299_MORPHOLOGY_POS,C00075530_X51006392299,X51006392299,group_0444,train,MORPHOLOGY,400,1057,494,1089,94,32,233.1423,0.8919,FORGED_REGION,1,0,EDITED,C:\Users\jay\New folder (2)\Trustrace\data\document_patches\P8_0000105_X51006392299_MORPHOLOGY_POS.png
P8_0000106_X51006392299_MORPHOLOGY_POS,C00075538_X51006392299,X51006392299,group_0444,train,MORPHOLOGY,576,1058,636,1086,60,28,200.4637,0.8468,FORGED_REGION,1,0,EDITED,C:\Users\jay\New folder (2)\Trustrace\data\document_patches\P8_0000106_X51006392299_MORPHOLOGY_POS.png
P8_0000107_X51006414394_OCR_POS,C00077180_X51006414394,X51006414394,group_0455,train,OCR,3167,1984,3301,2031,134,47,125.0,0.2634,FORGED_REGION,1,0,EDITED,C:\Users\jay\New folder (2)\Trustrace\data\document_patches\P8_0000107_X51006414394_OCR_POS.png
P8_0000108_X51006414433_OCR_POS,C00077884_X51006414433,X51006414433,group_0458,train,OCR,2269,1935,2323,1983,54,48,110.0,0.6294,FORGED_REGION,1,0,EDITED,C:\Users\jay\New folder (2)\Trustrace\data\document_patches\P8_0000108_X51006414433_OCR_POS.png
P8_0000109_X51006414433_OCR_POS,C00077889_X51006414433,X51006414433,group_0458,train,OCR,1938,2106,2006,2160,68,54,115.0,0.7022,FORGED_REGION,1,0,EDITED,C:\Users\jay\New folder (2)\Trustrace\data\document_patches\P8_0000109_X51006414433_OCR_POS.png
P8_0000110_X51006414702_OCR_POS,C00082032_X51006414702,X51006414702,group_0473,train,OCR,2702,4298,2948,4361,246,63,130.0,0.5509,FORGED_REGION,1,0,EDITED,C:\Users\jay\New folder (2)\Trustrace\data\document_patches\P8_0000110_X51006414702_OCR_POS.png
P8_0000111_X51006414702_OCR_POS,C00082033_X51006414702,X51006414702,group_0473,train,OCR,2697,4393,2945,4458,248,65,130.0,0.5539,FORGED_REGION,1,0,EDITED,C:\Users\jay\New folder (2)\Trustrace\data\document_patches\P8_0000111_X51006414702_OCR_POS.png
P8_0000112_X51006414715_OCR_POS,C00083502_X51006414715,X51006414715,group_0480,train,OCR,2659,2969,2789,3030,130,61,120.0,0.2696,FORGED_REGION,1,0,EDITED,C:\Users\jay\New folder (2)\Trustrace\data\document_patches\P8_0000112_X51006414715_OCR_POS.png
P8_0000113_X51006414715_OCR_POS,C00083508_X51006414715,X51006414715,group_0480,train,OCR,2764,3057,2876,3117,112,60,110.0,0.2545,FORGED_REGION,1,0,EDITED,C:\Users\jay\New folder (2)\Trustrace\data\document_patches\P8_0000113_X51006414715_OCR_POS.png
P8_0000114_X51006554841_OCR_POS,C00087572_X51006554841,X51006554841,group_0505,train,OCR,485,799,564,822,79,23,130.0,0.6214,FORGED_REGION,1,0,EDITED,C:\Users\jay\New folder (2)\Trustrace\data\document_patches\P8_0000114_X51006554841_OCR_POS.png
P8_0000115_X51006554841_MORPHOLOGY_POS,C00087606_X51006554841,X51006554841,group_0505,train,MORPHOLOGY,481,967,556,995,75,28,170.9452,0.7368,FORGED_REGION,1,0,EDITED,C:\Users\jay\New folder (2)\Trustrace\data\document_patches\P8_0000115_X51006554841_MORPHOLOGY_POS.png
P8_0000116_X51006556726_OCR_POS,C00092778_X51006556726,X51006556726,group_0531,train,OCR,429,885,512,916,83,31,135.0,0.3067,FORGED_REGION,1,0,EDITED,C:\Users\jay\New folder (2)\Trustrace\data\document_patches\P8_0000116_X51006556726_OCR_POS.png
P8_0000117_X51006556728_OCR_POS,C00092920_X51006556728,X51006556728,group_0532,train,OCR,429,306,508,322,79,16,140.0,0.4282,FORGED_REGION,1,0,EDITED,C:\Users\jay\New folder (2)\Trustrace\data\document_patches\P8_0000117_X51006556728_OCR_POS.png
P8_0000118_X51006556728_OCR_POS,C00092921_X51006556728,X51006556728,group_0532,train,OCR,320,306,508,322,188,16,99.0,0.4752,FORGED_REGION,1,0,EDITED,C:\Users\jay\New folder (2)\Trustrace\data\document_patches\P8_0000118_X51006556728_OCR_POS.png
P8_0000119_X51006556728_OCR_POS,C00092948_X51006556728,X51006556728,group_0532,train,OCR,299,465,406,483,107,18,150.0,0.6313,FORGED_REGION,1,0,EDITED,C:\Users\jay\New folder (2)\Trustrace\data\document_patches\P8_0000119_X51006556728_OCR_POS.png
P8_0000120_X51006556728_OCR_POS,C00092950_X51006556728,X51006556728,group_0532,train,OCR,254,465,486,484,232,19,99.0,0.4042,FORGED_REGION,1,0,EDITED,C:\Users\jay\New folder (2)\Trustrace\data\document_patches\P8_0000120_X51006556728_OCR_POS.png
P8_0000121_X51006556851_OCR_POS,C00098929_X51006556851,X51006556851,group_0559,train,OCR,461,823,508,854,47,31,120.0,0.295,FORGED_REGION,1,0,EDITED,C:\Users\jay\New folder (2)\Trustrace\data\document_patches\P8_0000121_X51006556851_OCR_POS.png
P8_0000122_X51006556851_OCR_POS,C00098931_X51006556851,X51006556851,group_0559,train,OCR,449,923,507,953,58,30,125.0,0.324,FORGED_REGION,1,0,EDITED,C:\Users\jay\New folder (2)\Trustrace\data\document_patches\P8_0000122_X51006556851_OCR_POS.png
P8_0000123_X51006556851_MORPHOLOGY_POS,C00099017_X51006556851,X51006556851,group_0559,train,MORPHOLOGY,486,828,499,845,13,17,231.1448,0.2965,FORGED_REGION,1,0,EDITED,C:\Users\jay\New folder (2)\Trustrace\data\document_patches\P8_0000123_X51006556851_MORPHOLOGY_POS.png
P8_0000124_X51006556851_MORPHOLOGY_POS,C00099029_X51006556851,X51006556851,group_0559,train,MORPHOLOGY,440,784,473,798,33,14,228.3203,0.3089,FORGED_REGION,1,0,EDITED,C:\Users\jay\New folder (2)\Trustrace\data\document_patches\P8_0000124_X51006556851_MORPHOLOGY_POS.png
P8_0000125_X51006556851_MORPHOLOGY_POS,C00099032_X51006556851,X51006556851,group_0559,train,MORPHOLOGY,511,653,547,669,36,16,226.9948,0.2661,FORGED_REGION,1,0,EDITED,C:\Users\jay\New folder (2)\Trustrace\data\document_patches\P8_0000125_X51006556851_MORPHOLOGY_POS.png
P8_0000126_X51006556865_MORPHOLOGY_POS,C00099598_X51006556865,X51006556865,group_0562,train,MORPHOLOGY,452,995,463,1016,11,21,206.1299,0.4853,FORGED_REGION,1,0,EDITED,C:\Users\jay\New folder (2)\Trustrace\data\document_patches\P8_0000126_X51006556865_MORPHOLOGY_POS.png
P8_0000127_X51006557169_OCR_POS,C00101092_X51006557169,X51006557169,group_0569,train,OCR,239,793,399,831,160,38,96.0,0.3926,FORGED_REGION,1,0,EDITED,C:\Users\jay\New folder (2)\Trustrace\data\document_patches\P8_0000127_X51006557169_OCR_POS.png
P8_0000128_X51006557195_MORPHOLOGY_POS,C00103717_X51006557195,X51006557195,group_0580,train,MORPHOLOGY,272,491,347,514,75,23,241.1281,0.2658,FORGED_REGION,1,0,EDITED,C:\Users\jay\New folder (2)\Trustrace\data\document_patches\P8_0000128_X51006557195_MORPHOLOGY_POS.png
P8_0000129_X51006619697_OCR_POS,C00109028_X51006619697,X51006619697,group_0614,train,OCR,689,1800,756,1833,67,33,120.0,0.2567,FORGED_REGION,1,0,EDITED,C:\Users\jay\New folder (2)\Trustrace\data\document_patches\P8_0000129_X51006619697_OCR_POS.png
P8_0000130_X51006619709_OCR_POS,C00109433_X51006619709,X51006619709,group_0619,train,OCR,209,337,380,357,171,20,140.0,0.4219,FORGED_REGION,1,0,EDITED,C:\Users\jay\New folder (2)\Trustrace\data\document_patches\P8_0000130_X51006619709_OCR_POS.png
P8_0000131_X51006619709_OCR_POS,C00109437_X51006619709,X51006619709,group_0619,train,OCR,139,324,701,365,562,41,105.0,0.3406,FORGED_REGION,1,0,EDITED,C:\Users\jay\New folder (2)\Trustrace\data\document_patches\P8_0000131_X51006619709_OCR_POS.png
P8_0000132_X51006619766_OCR_POS,C00110469_X51006619766,X51006619766,group_0625,train,OCR,476,1490,489,1522,13,32,105.0,0.7197,FORGED_REGION,1,0,EDITED,C:\Users\jay\New folder (2)\Trustrace\data\document_patches\P8_0000132_X51006619766_OCR_POS.png
P8_0000133_X51006619766_OCR_POS,C00110497_X51006619766,X51006619766,group_0625,train,OCR,768,2048,785,2080,17,32,105.0,0.818,FORGED_REGION,1,0,EDITED,C:\Users\jay\New folder (2)\Trustrace\data\document_patches\P8_0000133_X51006619766_OCR_POS.png
P8_0000134_X51006619766_MORPHOLOGY_POS,C00110551_X51006619766,X51006619766,group_0625,train,MORPHOLOGY,479,1184,493,1201,14,17,160.7311,0.3434,FORGED_REGION,1,0,EDITED,C:\Users\jay\New folder (2)\Trustrace\data\document_patches\P8_0000134_X51006619766_MORPHOLOGY_POS.png
P8_0000135_X51006619777_OCR_POS,C00110752_X51006619777,X51006619777,group_0627,train,OCR,501,342,668,374,167,32,150.0,0.4796,FORGED_REGION,1,0,EDITED,C:\Users\jay\New folder (2)\Trustrace\data\document_patches\P8_0000135_X51006619777_OCR_POS.png
P8_0000136_X51006619854_OCR_POS,C00111712_X51006619854,X51006619854,group_0636,train,OCR,700,1138,770,1170,70,32,120.0,0.3158,FORGED_REGION,1,0,EDITED,C:\Users\jay\New folder (2)\Trustrace\data\document_patches\P8_0000136_X51006619854_OCR_POS.png
P8_0000137_X51006619854_MORPHOLOGY_POS,C00111730_X51006619854,X51006619854,group_0636,train,MORPHOLOGY,699,1135,773,1175,74,40,178.9155,0.3137,FORGED_REGION,1,0,EDITED,C:\Users\jay\New folder (2)\Trustrace\data\document_patches\P8_0000137_X51006619854_MORPHOLOGY_POS.png
P8_0000138_X51006620181_MORPHOLOGY_POS,C00112587_X51006620181,X51006620181,group_0643,train,MORPHOLOGY,302,1227,315,1240,13,13,200.2722,0.2727,FORGED_REGION,1,0,EDITED,C:\Users\jay\New folder (2)\Trustrace\data\document_patches\P8_0000138_X51006620181_MORPHOLOGY_POS.png
P8_0000139_X51006620182_OCR_POS,C00112699_X51006620182,X51006620182,group_0644,train,OCR,253,1442,340,1472,87,30,120.0,0.7474,FORGED_REGION,1,0,EDITED,C:\Users\jay\New folder (2)\Trustrace\data\document_patches\P8_0000139_X51006620182_OCR_POS.png
P8_0000140_X51006620182_OCR_POS,C00112701_X51006620182,X51006620182,group_0644,train,OCR,141,1441,451,1473,310,32,99.0,0.3011,FORGED_REGION,1,0,EDITED,C:\Users\jay\New folder (2)\Trustrace\data\document_patches\P8_0000140_X51006620182_OCR_POS.png
P8_0000141_X51006620182_OCR_POS,C00112702_X51006620182,X51006620182,group_0644,train,OCR,147,1544,233,1574,86,30,120.0,0.7088,FORGED_REGION,1,0,EDITED,C:\Users\jay\New folder (2)\Trustrace\data\document_patches\P8_0000141_X51006620182_OCR_POS.png
P8_0000142_X51006620182_OCR_POS,C00112703_X51006620182,X51006620182,group_0644,train,OCR,257,1543,388,1574,131,31,130.0,0.7944,FORGED_REGION,1,0,EDITED,C:\Users\jay\New folder (2)\Trustrace\data\document_patches\P8_0000142_X51006620182_OCR_POS.png
P8_0000143_X51006620182_OCR_POS,C00112704_X51006620182,X51006620182,group_0644,train,OCR,147,1543,388,1574,241,31,96.0,0.5095,FORGED_REGION,1,0,EDITED,C:\Users\jay\New folder (2)\Trustrace\data\document_patches\P8_0000143_X51006620182_OCR_POS.png
P8_0000144_X51006620182_OCR_POS,C00112717_X51006620182,X51006620182,group_0644,train,OCR,275,1744,520,1775,245,31,150.0,0.4782,FORGED_REGION,1,0,EDITED,C:\Users\jay\New folder (2)\Trustrace\data\document_patches\P8_0000144_X51006620182_OCR_POS.png
P8_0000145_X51006620182_OCR_POS,C00112718_X51006620182,X51006620182,group_0644,train,OCR,141,1744,520,1776,379,32,96.0,0.3293,FORGED_REGION,1,0,EDITED,C:\Users\jay\New folder (2)\Trustrace\data\document_patches\P8_0000145_X51006620182_OCR_POS.png
P8_0000146_X51006647932_OCR_POS,C00114187_X51006647932,X51006647932,group_0653,train,OCR,458,577,552,601,94,24,135.0,0.4747,FORGED_REGION,1,0,EDITED,C:\Users\jay\New folder (2)\Trustrace\data\document_patches\P8_0000146_X51006647932_OCR_POS.png
P8_0000147_X51006647932_OCR_POS,C00114189_X51006647932,X51006647932,group_0653,train,OCR,458,577,589,601,131,24,96.0,0.6616,FORGED_REGION,1,0,EDITED,C:\Users\jay\New folder (2)\Trustrace\data\document_patches\P8_0000147_X51006647932_OCR_POS.png
P8_0000148_X51006647932_OCR_POS,C00114194_X51006647932,X51006647932,group_0653,train,OCR,467,932,588,960,121,28,150.0,0.7252,FORGED_REGION,1,0,EDITED,C:\Users\jay\New folder (2)\Trustrace\data\document_patches\P8_0000148_X51006647932_OCR_POS.png
P8_0000149_X51006913018_OCR_POS,C00119366_X51006913018,X51006913018,group_0685,train,OCR,2943,2419,3147,2489,204,70,130.0,0.5818,FORGED_REGION,1,0,EDITED,C:\Users\jay\New folder (2)\Trustrace\data\document_patches\P8_0000149_X51006913018_OCR_POS.png
P8_0000150_X51006913018_OCR_POS,C00119367_X51006913018,X51006913018,group_0685,train,OCR,2940,2518,3042,2590,102,72,115.0,0.2973,FORGED_REGION,1,0,EDITED,C:\Users\jay\New folder (2)\Trustrace\data\document_patches\P8_0000150_X51006913018_OCR_POS.png
P8_0000151_X51006913018_OCR_POS,C00119368_X51006913018,X51006913018,group_0685,train,OCR,2940,2715,3041,2787,101,72,115.0,0.3362,FORGED_REGION,1,0,EDITED,C:\Users\jay\New folder (2)\Trustrace\data\document_patches\P8_0000151_X51006913018_OCR_POS.png
P8_0000152_X51006913018_OCR_POS,C00119369_X51006913018,X51006913018,group_0685,train,OCR,3057,2716,3147,2787,90,71,115.0,0.2955,FORGED_REGION,1,0,EDITED,C:\Users\jay\New folder (2)\Trustrace\data\document_patches\P8_0000152_X51006913018_OCR_POS.png
P8_0000153_X51006913018_OCR_POS,C00119370_X51006913018,X51006913018,group_0685,train,OCR,2940,2715,3147,2787,207,72,96.0,0.6891,FORGED_REGION,1,0,EDITED,C:\Users\jay\New folder (2)\Trustrace\data\document_patches\P8_0000153_X51006913018_OCR_POS.png
P8_0000154_X51007103668_OCR_POS,C00123883_X51007103668,X51007103668,group_0706,train,OCR,166,606,194,631,28,25,110.0,0.39,FORGED_REGION,1,0,EDITED,C:\Users\jay\New folder (2)\Trustrace\data\document_patches\P8_0000154_X51007103668_OCR_POS.png
P8_0000155_X51007103668_OCR_POS,C00123954_X51007103668,X51007103668,group_0706,train,OCR,116,1074,161,1099,45,25,120.0,0.3067,FORGED_REGION,1,0,EDITED,C:\Users\jay\New folder (2)\Trustrace\data\document_patches\P8_0000155_X51007103668_OCR_POS.png
P8_0000156_X51007103668_OCR_POS,C00123990_X51007103668,X51007103668,group_0706,train,OCR,221,1274,233,1299,12,25,105.0,0.7213,FORGED_REGION,1,0,EDITED,C:\Users\jay\New folder (2)\Trustrace\data\document_patches\P8_0000156_X51007103668_OCR_POS.png
P8_0000157_X51007103688_OCR_POS,C00124527_X51007103688,X51007103688,group_0710,train,OCR,677,357,702,385,25,28,110.0,0.4086,FORGED_REGION,1,0,EDITED,C:\Users\jay\New folder (2)\Trustrace\data\document_patches\P8_0000157_X51007103688_OCR_POS.png
P8_0000158_X51007231331_OCR_POS,C00127141_X51007231331,X51007231331,group_0722,train,OCR,1930,2726,1956,2770,26,44,105.0,0.3034,FORGED_REGION,1,0,EDITED,C:\Users\jay\New folder (2)\Trustrace\data\document_patches\P8_0000158_X51007231331_OCR_POS.png
P8_0000159_X51007231331_OCR_POS,C00127148_X51007231331,X51007231331,group_0722,train,OCR,2733,2716,2911,2776,178,60,130.0,0.565,FORGED_REGION,1,0,EDITED,C:\Users\jay\New folder (2)\Trustrace\data\document_patches\P8_0000159_X51007231331_OCR_POS.png
P8_0000160_X51007231331_OCR_POS,C00127167_X51007231331,X51007231331,group_0722,train,OCR,2742,3074,2909,3133,167,59,130.0,0.5655,FORGED_REGION,1,0,EDITED,C:\Users\jay\New folder (2)\Trustrace\data\document_patches\P8_0000160_X51007231331_OCR_POS.png
P8_0000161_X51007231331_OCR_POS,C00127170_X51007231331,X51007231331,group_0722,train,OCR,2776,3160,2911,3219,135,59,125.0,0.7161,FORGED_REGION,1,0,EDITED,C:\Users\jay\New folder (2)\Trustrace\data\document_patches\P8_0000161_X51007231331_OCR_POS.png
P8_0000162_X51007231331_OCR_POS,C00127171_X51007231331,X51007231331,group_0722,train,OCR,2461,3160,2911,3219,450,59,96.0,0.3151,FORGED_REGION,1,0,EDITED,C:\Users\jay\New folder (2)\Trustrace\data\document_patches\P8_0000162_X51007231331_OCR_POS.png
P8_0000163_X51007231331_OCR_POS,C00127174_X51007231331,X51007231331,group_0722,train,OCR,2745,3240,2915,3299,170,59,130.0,0.6951,FORGED_REGION,1,0,EDITED,C:\Users\jay\New folder (2)\Trustrace\data\document_patches\P8_0000163_X51007231331_OCR_POS.png
P8_0000164_X51007231331_OCR_POS,C00127175_X51007231331,X51007231331,group_0722,train,OCR,2465,3240,2915,3299,450,59,99.0,0.3394,FORGED_REGION,1,0,EDITED,C:\Users\jay\New folder (2)\Trustrace\data\document_patches\P8_0000164_X51007231331_OCR_POS.png
P8_0000165_X51007231331_OCR_POS,C00127177_X51007231331,X51007231331,group_0722,train,OCR,2310,3838,2480,3897,170,59,130.0,0.6444,FORGED_REGION,1,0,EDITED,C:\Users\jay\New folder (2)\Trustrace\data\document_patches\P8_0000165_X51007231331_OCR_POS.png
P8_0000166_X51007231331_OCR_POS,C00127179_X51007231331,X51007231331,group_0722,train,OCR,2761,3453,2931,3512,170,59,130.0,0.7095,FORGED_REGION,1,0,EDITED,C:\Users\jay\New folder (2)\Trustrace\data\document_patches\P8_0000166_X51007231331_OCR_POS.png
P8_0000167_X51007231331_OCR_POS,C00127182_X51007231331,X51007231331,group_0722,train,OCR,2822,3839,2913,3876,91,37,120.0,0.3846,FORGED_REGION,1,0,EDITED,C:\Users\jay\New folder (2)\Trustrace\data\document_patches\P8_0000167_X51007231331_OCR_POS.png
P8_0000168_X51007231338_OCR_POS,C00127466_X51007231338,X51007231338,group_0032,train,OCR,2197,2159,2341,2237,144,78,115.0,0.2667,FORGED_REGION,1,0,EDITED,C:\Users\jay\New folder (2)\Trustrace\data\document_patches\P8_0000168_X51007231338_OCR_POS.png
P8_0000169_X51007231365_OCR_POS,C00128663_X51007231365,X51007231365,group_0728,train,OCR,1848,2623,1919,2676,71,53,110.0,0.4226,FORGED_REGION,1,0,EDITED,C:\Users\jay\New folder (2)\Trustrace\data\document_patches\P8_0000169_X51007231365_OCR_POS.png
P8_0000170_X51007231365_OCR_POS,C00128722_X51007231365,X51007231365,group_0728,train,OCR,2076,4738,2147,4791,71,53,110.0,0.3262,FORGED_REGION,1,0,EDITED,C:\Users\jay\New folder (2)\Trustrace\data\document_patches\P8_0000170_X51007231365_OCR_POS.png
P8_0000171_X51007339117_OCR_POS,C00133087_X51007339117,X51007339117,group_0001,train,OCR,485,712,529,730,44,18,120.0,0.7857,FORGED_REGION,1,0,EDITED,C:\Users\jay\New folder (2)\Trustrace\data\document_patches\P8_0000171_X51007339117_OCR_POS.png
P8_0000172_X51007339117_OCR_POS,C00133089_X51007339117,X51007339117,group_0001,train,OCR,477,784,533,801,56,17,125.0,0.7816,FORGED_REGION,1,0,EDITED,C:\Users\jay\New folder (2)\Trustrace\data\document_patches\P8_0000172_X51007339117_OCR_POS.png
P8_0000173_X51007339117_OCR_POS,C00133090_X51007339117,X51007339117,group_0001,train,OCR,478,826,534,843,56,17,125.0,0.8214,FORGED_REGION,1,0,EDITED,C:\Users\jay\New folder (2)\Trustrace\data\document_patches\P8_0000173_X51007339117_OCR_POS.png
P8_0000174_X51007339117_OCR_POS,C00133091_X51007339117,X51007339117,group_0001,train,OCR,476,883,532,900,56,17,125.0,0.7677,FORGED_REGION,1,0,EDITED,C:\Users\jay\New folder (2)\Trustrace\data\document_patches\P8_0000174_X51007339117_OCR_POS.png
P8_0000175_X51007339117_OCR_POS,C00133092_X51007339117,X51007339117,group_0001,train,OCR,488,916,532,934,44,18,120.0,0.8199,FORGED_REGION,1,0,EDITED,C:\Users\jay\New folder (2)\Trustrace\data\document_patches\P8_0000175_X51007339117_OCR_POS.png
P8_0000176_X51007339133_OCR_POS,C00135369_X51007339133,X51007339133,group_0001,train,OCR,216,268,278,286,62,18,125.0,0.5305,FORGED_REGION,1,0,EDITED,C:\Users\jay\New folder (2)\Trustrace\data\document_patches\P8_0000176_X51007339133_OCR_POS.png
P8_0000177_X51007339133_OCR_POS,C00135433_X51007339133,X51007339133,group_0001,train,OCR,484,565,527,582,43,17,120.0,0.2512,FORGED_REGION,1,0,EDITED,C:\Users\jay\New folder (2)\Trustrace\data\document_patches\P8_0000177_X51007339133_OCR_POS.png
P8_0000178_X51007339150_OCR_POS,C00136586_X51007339150,X51007339150,group_0001,train,OCR,37,351,100,367,63,16,120.0,0.7754,FORGED_REGION,1,0,EDITED,C:\Users\jay\New folder (2)\Trustrace\data\document_patches\P8_0000178_X51007339150_OCR_POS.png
P8_0000179_X51007339150_OCR_POS,C00136587_X51007339150,X51007339150,group_0001,train,OCR,106,351,178,367,72,16,125.0,0.7921,FORGED_REGION,1,0,EDITED,C:\Users\jay\New folder (2)\Trustrace\data\document_patches\P8_0000179_X51007339150_OCR_POS.png
P8_0000180_X51007339150_MORPHOLOGY_POS,C00136720_X51007339150,X51007339150,group_0001,train,MORPHOLOGY,73,350,105,369,32,19,251.6201,0.359,FORGED_REGION,1,0,EDITED,C:\Users\jay\New folder (2)\Trustrace\data\document_patches\P8_0000180_X51007339150_MORPHOLOGY_POS.png
P8_0000181_X51007339151_OCR_POS,C00136842_X51007339151,X51007339151,group_0001,train,OCR,455,772,523,789,68,17,130.0,0.2974,FORGED_REGION,1,0,EDITED,C:\Users\jay\New folder (2)\Trustrace\data\document_patches\P8_0000181_X51007339151_OCR_POS.png
P8_0000182_X51007339151_MORPHOLOGY_POS,C00136940_X51007339151,X51007339151,group_0001,train,MORPHOLOGY,456,773,525,791,69,18,157.9066,0.3013,FORGED_REGION,1,0,EDITED,C:\Users\jay\New folder (2)\Trustrace\data\document_patches\P8_0000182_X51007339151_MORPHOLOGY_POS.png
P8_0000183_X51007339158_OCR_POS,C00137556_X51007339158,X51007339158,group_0759,train,OCR,123,208,228,225,105,17,140.0,0.4885,FORGED_REGION,1,0,EDITED,C:\Users\jay\New folder (2)\Trustrace\data\document_patches\P8_0000183_X51007339158_OCR_POS.png
P8_0000184_X51007339158_OCR_POS,C00137558_X51007339158,X51007339158,group_0759,train,OCR,123,208,288,225,165,17,96.0,0.7677,FORGED_REGION,1,0,EDITED,C:\Users\jay\New folder (2)\Trustrace\data\document_patches\P8_0000184_X51007339158_OCR_POS.png
P8_0000185_X51007339166_OCR_POS,C00139301_X51007339166,X51007339166,group_0765,train,OCR,61,526,98,543,37,17,115.0,0.6949,FORGED_REGION,1,0,EDITED,C:\Users\jay\New folder (2)\Trustrace\data\document_patches\P8_0000185_X51007339166_OCR_POS.png
P8_0000186_X51007339166_OCR_POS,C00139351_X51007339166,X51007339166,group_0765,train,OCR,487,712,532,729,45,17,96.0,0.3046,FORGED_REGION,1,0,EDITED,C:\Users\jay\New folder (2)\Trustrace\data\document_patches\P8_0000186_X51007339166_OCR_POS.png
P8_0000187_X51007339643_OCR_POS,C00139851_X51007339643,X51007339643,group_0769,train,OCR,418,380,517,401,99,21,140.0,0.3639,FORGED_REGION,1,0,EDITED,C:\Users\jay\New folder (2)\Trustrace\data\document_patches\P8_0000187_X51007339643_OCR_POS.png
P8_0000188_X51007433809_OCR_POS,C00141323_X51007433809,X51007433809,group_0781,train,OCR,545,1854,588,1886,43,32,110.0,0.5688,FORGED_REGION,1,0,EDITED,C:\Users\jay\New folder (2)\Trustrace\data\document_patches\P8_0000188_X51007433809_OCR_POS.png
P8_0000189_X51007433809_OCR_POS,C00141324_X51007433809,X51007433809,group_0781,train,OCR,464,1854,588,1887,124,33,96.0,0.3215,FORGED_REGION,1,0,EDITED,C:\Users\jay\New folder (2)\Trustrace\data\document_patches\P8_0000189_X51007433809_OCR_POS.png
P8_0000190_X51007433809_OCR_POS,C00141325_X51007433809,X51007433809,group_0781,train,OCR,385,2030,428,2062,43,32,110.0,0.6275,FORGED_REGION,1,0,EDITED,C:\Users\jay\New folder (2)\Trustrace\data\document_patches\P8_0000190_X51007433809_OCR_POS.png
P8_0000191_X51007433809_MORPHOLOGY_POS,C00141365_X51007433809,X51007433809,group_0781,train,MORPHOLOGY,381,2026,433,2068,52,42,238.0856,0.9147,FORGED_REGION,1,0,EDITED,C:\Users\jay\New folder (2)\Trustrace\data\document_patches\P8_0000191_X51007433809_MORPHOLOGY_POS.png
P8_0000192_X51007846353_OCR_POS,C00146182_X51007846353,X51007846353,group_0809,train,OCR,2734,2862,2873,2920,139,58,120.0,0.2795,FORGED_REGION,1,0,EDITED,C:\Users\jay\New folder (2)\Trustrace\data\document_patches\P8_0000192_X51007846353_OCR_POS.png
P8_0000193_X51007846353_OCR_POS,C00146190_X51007846353,X51007846353,group_0809,train,OCR,2135,3258,2273,3317,138,59,120.0,0.2793,FORGED_REGION,1,0,EDITED,C:\Users\jay\New folder (2)\Trustrace\data\document_patches\P8_0000193_X51007846353_OCR_POS.png
P8_0000194_X51007846353_OCR_POS,C00146193_X51007846353,X51007846353,group_0809,train,OCR,1939,3258,1970,3314,31,56,105.0,0.4556,FORGED_REGION,1,0,EDITED,C:\Users\jay\New folder (2)\Trustrace\data\document_patches\P8_0000194_X51007846353_OCR_POS.png
P8_0000195_X51007846353_OCR_POS,C00146214_X51007846353,X51007846353,group_0809,train,OCR,2757,3482,2848,3538,91,56,115.0,0.3328,FORGED_REGION,1,0,EDITED,C:\Users\jay\New folder (2)\Trustrace\data\document_patches\P8_0000195_X51007846353_OCR_POS.png
P8_0000196_X51007846353_OCR_POS,C00146215_X51007846353,X51007846353,group_0809,train,OCR,2864,3482,2942,3539,78,57,110.0,0.5976,FORGED_REGION,1,0,EDITED,C:\Users\jay\New folder (2)\Trustrace\data\document_patches\P8_0000196_X51007846353_OCR_POS.png
P8_0000197_X51007846353_OCR_POS,C00146216_X51007846353,X51007846353,group_0809,train,OCR,2757,3482,2942,3539,185,57,96.0,0.3014,FORGED_REGION,1,0,EDITED,C:\Users\jay\New folder (2)\Trustrace\data\document_patches\P8_0000197_X51007846353_OCR_POS.png
P8_0000198_X51007846353_OCR_POS,C00146217_X51007846353,X51007846353,group_0809,train,OCR,2796,3580,2935,3637,139,57,120.0,0.4241,FORGED_REGION,1,0,EDITED,C:\Users\jay\New folder (2)\Trustrace\data\document_patches\P8_0000198_X51007846353_OCR_POS.png
P8_0000199_X51007846353_OCR_POS,C00146219_X51007846353,X51007846353,group_0809,train,OCR,2712,3805,2933,3874,221,69,125.0,0.7424,FORGED_REGION,1,0,EDITED,C:\Users\jay\New folder (2)\Trustrace\data\document_patches\P8_0000199_X51007846353_OCR_POS.png
P8_0000200_X51007846353_OCR_POS,C00146220_X51007846353,X51007846353,group_0809,train,OCR,2708,3952,2929,4021,221,69,125.0,0.6684,FORGED_REGION,1,0,EDITED,C:\Users\jay\New folder (2)\Trustrace\data\document_patches\P8_0000200_X51007846353_OCR_POS.png
P8_0000201_X51007846353_OCR_POS,C00146221_X51007846353,X51007846353,group_0809,train,OCR,2788,4315,2927,4373,139,58,120.0,0.5315,FORGED_REGION,1,0,EDITED,C:\Users\jay\New folder (2)\Trustrace\data\document_patches\P8_0000201_X51007846353_OCR_POS.png
P8_0000202_X51007846353_OCR_POS,C00146233_X51007846353,X51007846353,group_0809,train,OCR,2377,4310,2516,4368,139,58,120.0,0.474,FORGED_REGION,1,0,EDITED,C:\Users\jay\New folder (2)\Trustrace\data\document_patches\P8_0000202_X51007846353_OCR_POS.png
P8_0000203_X51008030565_OCR_POS,C00150970_X51008030565,X51008030565,group_0831,train,OCR,482,1232,544,1260,62,28,115.0,0.3926,FORGED_REGION,1,0,EDITED,C:\Users\jay\New folder (2)\Trustrace\data\document_patches\P8_0000203_X51008030565_OCR_POS.png
P8_0000204_X51008030565_OCR_POS,C00150972_X51008030565,X51008030565,group_0831,train,OCR,579,1233,635,1259,56,26,110.0,0.4727,FORGED_REGION,1,0,EDITED,C:\Users\jay\New folder (2)\Trustrace\data\document_patches\P8_0000204_X51008030565_OCR_POS.png
P8_0000205_X51008030565_MORPHOLOGY_POS,C00150989_X51008030565,X51008030565,group_0831,train,MORPHOLOGY,575,1233,640,1265,65,32,191.262,0.3527,FORGED_REGION,1,0,EDITED,C:\Users\jay\New folder (2)\Trustrace\data\document_patches\P8_0000205_X51008030565_MORPHOLOGY_POS.png
P8_0000206_X51008030565_MORPHOLOGY_POS,C00151001_X51008030565,X51008030565,group_0831,train,MORPHOLOGY,481,1234,545,1265,64,31,180.7954,0.3113,FORGED_REGION,1,0,EDITED,C:\Users\jay\New folder (2)\Trustrace\data\document_patches\P8_0000206_X51008030565_MORPHOLOGY_POS.png
P8_0000207_X51008099071_OCR_POS,C00154640_X51008099071,X51008099071,group_0854,train,OCR,195,822,288,852,93,30,125.0,0.7014,FORGED_REGION,1,0,EDITED,C:\Users\jay\New folder (2)\Trustrace\data\document_patches\P8_0000207_X51008099071_OCR_POS.png
P8_0000208_X51008099071_OCR_POS,C00154674_X51008099071,X51008099071,group_0854,train,OCR,746,1127,839,1157,93,30,125.0,0.6686,FORGED_REGION,1,0,EDITED,C:\Users\jay\New folder (2)\Trustrace\data\document_patches\P8_0000208_X51008099071_OCR_POS.png
P8_0000209_X51008114283_OCR_POS,C00157794_X51008114283,X51008114283,group_0874,train,OCR,227,1557,259,1589,32,32,110.0,0.5953,FORGED_REGION,1,0,EDITED,C:\Users\jay\New folder (2)\Trustrace\data\document_patches\P8_0000209_X51008114283_OCR_POS.png
P8_0000210_X51008123447_OCR_POS,C00158543_X51008123447,X51008123447,group_0008,train,OCR,282,531,339,552,57,21,125.0,0.3805,FORGED_REGION,1,0,EDITED,C:\Users\jay\New folder (2)\Trustrace\data\document_patches\P8_0000210_X51008123447_OCR_POS.png
P8_0000211_X51008123447_OCR_POS,C00158545_X51008123447,X51008123447,group_0008,train,OCR,282,531,360,553,78,22,96.0,0.2967,FORGED_REGION,1,0,EDITED,C:\Users\jay\New folder (2)\Trustrace\data\document_patches\P8_0000211_X51008123447_OCR_POS.png
P8_0000212_X51008123447_MORPHOLOGY_POS,C00158603_X51008123447,X51008123447,group_0008,train,MORPHOLOGY,382,597,429,628,47,31,206.4653,0.3867,FORGED_REGION,1,0,EDITED,C:\Users\jay\New folder (2)\Trustrace\data\document_patches\P8_0000212_X51008123447_MORPHOLOGY_POS.png
P8_0000213_X51008123451_OCR_POS,C00158837_X51008123451,X51008123451,group_0879,train,OCR,62,645,285,669,223,24,102.0,0.2944,FORGED_REGION,1,0,EDITED,C:\Users\jay\New folder (2)\Trustrace\data\document_patches\P8_0000213_X51008123451_OCR_POS.png
P8_0000214_X51008164998_MORPHOLOGY_POS,C00164865_X51008164998,X51008164998,group_0909,train,MORPHOLOGY,153,997,166,1010,13,13,183.497,0.4047,FORGED_REGION,1,0,EDITED,C:\Users\jay\New folder (2)\Trustrace\data\document_patches\P8_0000214_X51008164998_MORPHOLOGY_POS.png
P8_0000215_X51009447842_OCR_POS,C00165509_X51009447842,X51009447842,group_0013,train,OCR,727,1112,858,1145,131,33,125.0,0.2998,FORGED_REGION,1,0,EDITED,C:\Users\jay\New folder (2)\Trustrace\data\document_patches\P8_0000215_X51009447842_OCR_POS.png
P8_0000216_X51009447842_OCR_POS,C00165511_X51009447842,X51009447842,group_0013,train,OCR,779,1359,858,1392,79,33,115.0,0.4165,FORGED_REGION,1,0,EDITED,C:\Users\jay\New folder (2)\Trustrace\data\document_patches\P8_0000216_X51009447842_OCR_POS.png
P8_0000217_X51009447842_MORPHOLOGY_POS,C00165560_X51009447842,X51009447842,group_0013,train,MORPHOLOGY,820,1360,863,1394,43,34,209.6997,0.6939,FORGED_REGION,1,0,EDITED,C:\Users\jay\New folder (2)\Trustrace\data\document_patches\P8_0000217_X51009447842_MORPHOLOGY_POS.png
P8_0000218_X51005361908_MORPHOLOGY_NEG,C00007650_X51005361908,X51005361908,group_0070,train,MORPHOLOGY,338,338,351,351,13,13,253.7574,0.0,AUTHENTIC_REGION,0,1,REAL,C:\Users\jay\New folder (2)\Trustrace\data\document_patches\P8_0000218_X51005361908_MORPHOLOGY_NEG.png
P8_0000219_X51005361908_MORPHOLOGY_NEG,C00007651_X51005361908,X51005361908,group_0070,train,MORPHOLOGY,346,1875,359,1888,13,13,253.7337,0.0,AUTHENTIC_REGION,0,1,REAL,C:\Users\jay\New folder (2)\Trustrace\data\document_patches\P8_0000219_X51005361908_MORPHOLOGY_NEG.png
P8_0000220_X51005361895_MORPHOLOGY_NEG,C00006512_X51005361895,X51005361895,group_0064,train,MORPHOLOGY,110,1430,125,1457,15,27,253.6395,0.0,AUTHENTIC_REGION,0,1,REAL,C:\Users\jay\New folder (2)\Trustrace\data\document_patches\P8_0000220_X51005361895_MORPHOLOGY_NEG.png
P8_0000221_X51005361895_MORPHOLOGY_NEG,C00006513_X51005361895,X51005361895,group_0064,train,MORPHOLOGY,109,1108,122,1121,13,13,253.5858,0.0,AUTHENTIC_REGION,0,1,REAL,C:\Users\jay\New folder (2)\Trustrace\data\document_patches\P8_0000221_X51005361895_MORPHOLOGY_NEG.png
P8_0000222_X51005361908_MORPHOLOGY_NEG,C00007652_X51005361908,X51005361908,group_0070,train,MORPHOLOGY,422,283,435,296,13,13,253.5325,0.0,AUTHENTIC_REGION,0,1,REAL,C:\Users\jay\New folder (2)\Trustrace\data\document_patches\P8_0000222_X51005361908_MORPHOLOGY_NEG.png
P8_0000223_X51005361908_MORPHOLOGY_NEG,C00007653_X51005361908,X51005361908,group_0070,train,MORPHOLOGY,362,97,375,110,13,13,253.4379,0.0,AUTHENTIC_REGION,0,1,REAL,C:\Users\jay\New folder (2)\Trustrace\data\document_patches\P8_0000223_X51005361908_MORPHOLOGY_NEG.png
P8_0000224_X51005361908_MORPHOLOGY_NEG,C00007654_X51005361908,X51005361908,group_0070,train,MORPHOLOGY,1573,2203,1586,2216,13,13,253.3669,0.0,AUTHENTIC_REGION,0,1,REAL,C:\Users\jay\New folder (2)\Trustrace\data\document_patches\P8_0000224_X51005361908_MORPHOLOGY_NEG.png
P8_0000225_X51005361908_MORPHOLOGY_NEG,C00007655_X51005361908,X51005361908,group_0070,train,MORPHOLOGY,922,47,935,60,13,13,253.3314,0.0,AUTHENTIC_REGION,0,1,REAL,C:\Users\jay\New folder (2)\Trustrace\data\document_patches\P8_0000225_X51005361908_MORPHOLOGY_NEG.png
P8_0000226_X51005361895_MORPHOLOGY_NEG,C00006514_X51005361895,X51005361895,group_0064,train,MORPHOLOGY,105,867,139,891,34,24,253.2904,0.0,AUTHENTIC_REGION,0,1,REAL,C:\Users\jay\New folder (2)\Trustrace\data\document_patches\P8_0000226_X51005361895_MORPHOLOGY_NEG.png
P8_0000227_X51006388089_MORPHOLOGY_NEG,C00073807_X51006388089,X51006388089,group_0433,train,MORPHOLOGY,38,96,51,110,13,14,253.2857,0.0,AUTHENTIC_REGION,0,1,REAL,C:\Users\jay\New folder (2)\Trustrace\data\document_patches\P8_0000227_X51006388089_MORPHOLOGY_NEG.png
P8_0000228_X51007103643_MORPHOLOGY_NEG,C00123661_X51007103643,X51007103643,group_0704,train,MORPHOLOGY,157,524,170,537,13,13,253.2722,0.0,AUTHENTIC_REGION,0,1,REAL,C:\Users\jay\New folder (2)\Trustrace\data\document_patches\P8_0000228_X51007103643_MORPHOLOGY_NEG.png
P8_0000229_X51007103675_MORPHOLOGY_NEG,C00124171_X51007103675,X51007103675,group_0707,train,MORPHOLOGY,371,281,387,300,16,19,253.2664,0.0,AUTHENTIC_REGION,0,1,REAL,C:\Users\jay\New folder (2)\Trustrace\data\document_patches\P8_0000229_X51007103675_MORPHOLOGY_NEG.png
P8_0000230_X51006388082_MORPHOLOGY_NEG,C00073694_X51006388082,X51006388082,group_0432,train,MORPHOLOGY,420,1033,433,1046,13,13,253.2604,0.0,AUTHENTIC_REGION,0,1,REAL,C:\Users\jay\New folder (2)\Trustrace\data\document_patches\P8_0000230_X51006388082_MORPHOLOGY_NEG.png
P8_0000231_X51005361908_MORPHOLOGY_NEG,C00007656_X51005361908,X51005361908,group_0070,train,MORPHOLOGY,1590,2082,1603,2095,13,13,253.1775,0.0,AUTHENTIC_REGION,0,1,REAL,C:\Users\jay\New folder (2)\Trustrace\data\document_patches\P8_0000231_X51005361908_MORPHOLOGY_NEG.png
P8_0000232_X51005361908_MORPHOLOGY_NEG,C00007657_X51005361908,X51005361908,group_0070,train,MORPHOLOGY,298,1780,311,1793,13,13,253.1657,0.0,AUTHENTIC_REGION,0,1,REAL,C:\Users\jay\New folder (2)\Trustrace\data\document_patches\P8_0000232_X51005361908_MORPHOLOGY_NEG.png
P8_0000233_X51006388065_MORPHOLOGY_NEG,C00073205_X51006388065,X51006388065,group_0427,train,MORPHOLOGY,79,1088,92,1101,13,13,253.1124,0.0,AUTHENTIC_REGION,0,1,REAL,C:\Users\jay\New folder (2)\Trustrace\data\document_patches\P8_0000233_X51006388065_MORPHOLOGY_NEG.png
P8_0000234_X51005361908_MORPHOLOGY_NEG,C00007658_X51005361908,X51005361908,group_0070,train,MORPHOLOGY,298,1426,321,1461,23,35,253.1056,0.0,AUTHENTIC_REGION,0,1,REAL,C:\Users\jay\New folder (2)\Trustrace\data\document_patches\P8_0000234_X51005361908_MORPHOLOGY_NEG.png
P8_0000235_X51006388082_MORPHOLOGY_NEG,C00073695_X51006388082,X51006388082,group_0432,train,MORPHOLOGY,86,1064,103,1087,17,23,253.0844,0.0,AUTHENTIC_REGION,0,1,REAL,C:\Users\jay\New folder (2)\Trustrace\data\document_patches\P8_0000235_X51006388082_MORPHOLOGY_NEG.png
P8_0000236_X00016469670_MORPHOLOGY_NEG,C00000857_X00016469670,X00016469670,group_0039,train,MORPHOLOGY,167,755,180,768,13,13,253.0473,0.0,AUTHENTIC_REGION,0,1,REAL,C:\Users\jay\New folder (2)\Trustrace\data\document_patches\P8_0000236_X00016469670_MORPHOLOGY_NEG.png
P8_0000237_X51005361908_MORPHOLOGY_NEG,C00007659_X51005361908,X51005361908,group_0070,train,MORPHOLOGY,328,395,341,408,13,13,253.0355,0.0,AUTHENTIC_REGION,0,1,REAL,C:\Users\jay\New folder (2)\Trustrace\data\document_patches\P8_0000237_X51005361908_MORPHOLOGY_NEG.png
P8_0000238_X51005361908_MORPHOLOGY_NEG,C00007660_X51005361908,X51005361908,group_0070,train,MORPHOLOGY,478,180,491,193,13,13,253.0296,0.0,AUTHENTIC_REGION,0,1,REAL,C:\Users\jay\New folder (2)\Trustrace\data\document_patches\P8_0000238_X51005361908_MORPHOLOGY_NEG.png
P8_0000239_X51005361908_MORPHOLOGY_NEG,C00007661_X51005361908,X51005361908,group_0070,train,MORPHOLOGY,363,409,376,422,13,13,253.0118,0.0,AUTHENTIC_REGION,0,1,REAL,C:\Users\jay\New folder (2)\Trustrace\data\document_patches\P8_0000239_X51005361908_MORPHOLOGY_NEG.png
P8_0000240_X51005361908_MORPHOLOGY_NEG,C00007662_X51005361908,X51005361908,group_0070,train,MORPHOLOGY,282,616,295,629,13,13,253.0,0.0,AUTHENTIC_REGION,0,1,REAL,C:\Users\jay\New folder (2)\Trustrace\data\document_patches\P8_0000240_X51005361908_MORPHOLOGY_NEG.png
P8_0000241_X51007103675_MORPHOLOGY_NEG,C00124172_X51007103675,X51007103675,group_0707,train,MORPHOLOGY,664,887,677,900,13,13,253.0,0.0,AUTHENTIC_REGION,0,1,REAL,C:\Users\jay\New folder (2)\Trustrace\data\document_patches\P8_0000241_X51007103675_MORPHOLOGY_NEG.png
P8_0000242_X51005361908_MORPHOLOGY_NEG,C00007663_X51005361908,X51005361908,group_0070,train,MORPHOLOGY,441,1014,454,1027,13,13,252.9645,0.0,AUTHENTIC_REGION,0,1,REAL,C:\Users\jay\New folder (2)\Trustrace\data\document_patches\P8_0000242_X51005361908_MORPHOLOGY_NEG.png
P8_0000243_X51006387737_MORPHOLOGY_NEG,C00071226_X51006387737,X51006387737,group_0412,train,MORPHOLOGY,545,1354,558,1373,13,19,252.9231,0.0,AUTHENTIC_REGION,0,1,REAL,C:\Users\jay\New folder (2)\Trustrace\data\document_patches\P8_0000243_X51006387737_MORPHOLOGY_NEG.png
P8_0000244_X51006327960_MORPHOLOGY_NEG,C00065397_X51006327960,X51006327960,group_0382,train,MORPHOLOGY,270,957,286,966,16,9,252.9167,0.0,AUTHENTIC_REGION,0,1,REAL,C:\Users\jay\New folder (2)\Trustrace\data\document_patches\P8_0000244_X51006327960_MORPHOLOGY_NEG.png
P8_0000245_X51005715455_MORPHOLOGY_NEG,C00041498_X51005715455,X51005715455,group_0247,train,MORPHOLOGY,55,832,79,841,24,9,252.9028,0.0,AUTHENTIC_REGION,0,1,REAL,C:\Users\jay\New folder (2)\Trustrace\data\document_patches\P8_0000245_X51005715455_MORPHOLOGY_NEG.png
P8_0000246_X51005745188_MORPHOLOGY_NEG,C00050281_X51005745188,X51005745188,group_0297,train,MORPHOLOGY,57,1209,71,1219,14,10,252.9,0.0,AUTHENTIC_REGION,0,1,REAL,C:\Users\jay\New folder (2)\Trustrace\data\document_patches\P8_0000246_X51005745188_MORPHOLOGY_NEG.png
P8_0000247_X51005361908_MORPHOLOGY_NEG,C00007664_X51005361908,X51005361908,group_0070,train,MORPHOLOGY,555,0,568,8,13,8,252.8942,0.0,AUTHENTIC_REGION,0,1,REAL,C:\Users\jay\New folder (2)\Trustrace\data\document_patches\P8_0000247_X51005361908_MORPHOLOGY_NEG.png
P8_0000248_X51005361908_MORPHOLOGY_NEG,C00007665_X51005361908,X51005361908,group_0070,train,MORPHOLOGY,272,330,285,343,13,13,252.8935,0.0,AUTHENTIC_REGION,0,1,REAL,C:\Users\jay\New folder (2)\Trustrace\data\document_patches\P8_0000248_X51005361908_MORPHOLOGY_NEG.png
P8_0000249_X51005361908_MORPHOLOGY_NEG,C00007666_X51005361908,X51005361908,group_0070,train,MORPHOLOGY,338,490,352,506,14,16,252.8884,0.0,AUTHENTIC_REGION,0,1,REAL,C:\Users\jay\New folder (2)\Trustrace\data\document_patches\P8_0000249_X51005361908_MORPHOLOGY_NEG.png
P8_0000250_X51005361908_MORPHOLOGY_NEG,C00007667_X51005361908,X51005361908,group_0070,train,MORPHOLOGY,1538,2225,1551,2238,13,13,252.8876,0.0,AUTHENTIC_REGION,0,1,REAL,C:\Users\jay\New folder (2)\Trustrace\data\document_patches\P8_0000250_X51005361908_MORPHOLOGY_NEG.png
P8_0000251_X51005715010_MORPHOLOGY_NEG,C00041268_X51005715010,X51005715010,group_0245,train,MORPHOLOGY,71,202,85,225,14,23,252.8851,0.0,AUTHENTIC_REGION,0,1,REAL,C:\Users\jay\New folder (2)\Trustrace\data\document_patches\P8_0000251_X51005715010_MORPHOLOGY_NEG.png
P8_0000252_X51008122920_MORPHOLOGY_NEG,C00158311_X51008122920,X51008122920,group_0877,train,MORPHOLOGY,106,288,120,318,14,30,252.8786,0.0,AUTHENTIC_REGION,0,1,REAL,C:\Users\jay\New folder (2)\Trustrace\data\document_patches\P8_0000252_X51008122920_MORPHOLOGY_NEG.png
P8_0000253_X51005605284_MORPHOLOGY_NEG,C00024427_X51005605284,X51005605284,group_0152,train,MORPHOLOGY,114,1141,125,1149,11,8,252.875,0.0,AUTHENTIC_REGION,0,1,REAL,C:\Users\jay\New folder (2)\Trustrace\data\document_patches\P8_0000253_X51005605284_MORPHOLOGY_NEG.png
P8_0000254_X51005365187_MORPHOLOGY_NEG,C00008667_X51005365187,X51005365187,group_0076,train,MORPHOLOGY,575,1189,588,1207,13,18,252.8718,0.0,AUTHENTIC_REGION,0,1,REAL,C:\Users\jay\New folder (2)\Trustrace\data\document_patches\P8_0000254_X51005365187_MORPHOLOGY_NEG.png
P8_0000255_X51006334139_MORPHOLOGY_NEG,C00068020_X51006334139,X51006334139,group_0391,train,MORPHOLOGY,53,313,67,329,14,16,252.8705,0.0,AUTHENTIC_REGION,0,1,REAL,C:\Users\jay\New folder (2)\Trustrace\data\document_patches\P8_0000255_X51006334139_MORPHOLOGY_NEG.png
P8_0000256_X51005301661_MORPHOLOGY_NEG,C00004696_X51005301661,X51005301661,group_0011,train,MORPHOLOGY,414,1260,436,1277,22,17,252.8663,0.0,AUTHENTIC_REGION,0,1,REAL,C:\Users\jay\New folder (2)\Trustrace\data\document_patches\P8_0000256_X51005301661_MORPHOLOGY_NEG.png
P8_0000257_X51005303661_MORPHOLOGY_NEG,C00005484_X51005303661,X51005303661,group_0011,train,MORPHOLOGY,414,1260,436,1277,22,17,252.8663,0.0,AUTHENTIC_REGION,0,1,REAL,C:\Users\jay\New folder (2)\Trustrace\data\document_patches\P8_0000257_X51005303661_MORPHOLOGY_NEG.png
P8_0000258_X51006388065_MORPHOLOGY_NEG,C00073206_X51006388065,X51006388065,group_0427,train,MORPHOLOGY,40,311,54,327,14,16,252.8661,0.0,AUTHENTIC_REGION,0,1,REAL,C:\Users\jay\New folder (2)\Trustrace\data\document_patches\P8_0000258_X51006388065_MORPHOLOGY_NEG.png
P8_0000259_X51006349086_MORPHOLOGY_NEG,C00070619_X51006349086,X51006349086,group_0407,train,MORPHOLOGY,405,668,418,683,13,15,252.8615,0.0,AUTHENTIC_REGION,0,1,REAL,C:\Users\jay\New folder (2)\Trustrace\data\document_patches\P8_0000259_X51006349086_MORPHOLOGY_NEG.png
P8_0000260_X51006388089_MORPHOLOGY_NEG,C00073808_X51006388089,X51006388089,group_0433,train,MORPHOLOGY,169,1067,184,1080,15,13,252.8615,0.0,AUTHENTIC_REGION,0,1,REAL,C:\Users\jay\New folder (2)\Trustrace\data\document_patches\P8_0000260_X51006388089_MORPHOLOGY_NEG.png
P8_0000261_X51005741929_MORPHOLOGY_NEG,C00049375_X51005741929,X51005741929,group_0291,train,MORPHOLOGY,60,718,74,734,14,16,252.8571,0.0,AUTHENTIC_REGION,0,1,REAL,C:\Users\jay\New folder (2)\Trustrace\data\document_patches\P8_0000261_X51005741929_MORPHOLOGY_NEG.png
P8_0000262_X51006329402_MORPHOLOGY_NEG,C00067470_X51006329402,X51006329402,group_0388,train,MORPHOLOGY,543,628,557,643,14,15,252.8571,0.0,AUTHENTIC_REGION,0,1,REAL,C:\Users\jay\New folder (2)\Trustrace\data\document_patches\P8_0000262_X51006329402_MORPHOLOGY_NEG.png
P8_0000263_X51006334741_MORPHOLOGY_NEG,C00068405_X51006334741,X51006334741,group_0393,train,MORPHOLOGY,470,1041,483,1055,13,14,252.8571,0.0,AUTHENTIC_REGION,0,1,REAL,C:\Users\jay\New folder (2)\Trustrace\data\document_patches\P8_0000263_X51006334741_MORPHOLOGY_NEG.png
P8_0000264_X51006334766_MORPHOLOGY_NEG,C00068722_X51006334766,X51006334766,group_0395,train,MORPHOLOGY,580,727,593,741,13,14,252.8571,0.0,AUTHENTIC_REGION,0,1,REAL,C:\Users\jay\New folder (2)\Trustrace\data\document_patches\P8_0000264_X51006334766_MORPHOLOGY_NEG.png
P8_0000265_X51005361883_MORPHOLOGY_NEG,C00006357_X51005361883,X51005361883,group_0063,train,MORPHOLOGY,709,1819,722,1832,13,13,252.8521,0.0,AUTHENTIC_REGION,0,1,REAL,C:\Users\jay\New folder (2)\Trustrace\data\document_patches\P8_0000265_X51005361883_MORPHOLOGY_NEG.png
P8_0000266_X51005442322_MORPHOLOGY_NEG,C00011720_X51005442322,X51005442322,group_0091,train,MORPHOLOGY,369,154,382,167,13,13,252.8521,0.0,AUTHENTIC_REGION,0,1,REAL,C:\Users\jay\New folder (2)\Trustrace\data\document_patches\P8_0000266_X51005442322_MORPHOLOGY_NEG.png
P8_0000267_X51005757290_MORPHOLOGY_NEG,C00055103_X51005757290,X51005757290,group_0325,train,MORPHOLOGY,41,736,54,749,13,13,252.8521,0.0,AUTHENTIC_REGION,0,1,REAL,C:\Users\jay\New folder (2)\Trustrace\data\document_patches\P8_0000267_X51005757290_MORPHOLOGY_NEG.png
P8_0000268_X51006387812_MORPHOLOGY_NEG,C00071498_X51006387812,X51006387812,group_0414,train,MORPHOLOGY,514,1581,527,1594,13,13,252.8521,0.0,AUTHENTIC_REGION,0,1,REAL,C:\Users\jay\New folder (2)\Trustrace\data\document_patches\P8_0000268_X51006387812_MORPHOLOGY_NEG.png
P8_0000269_X51006401723_MORPHOLOGY_NEG,C00076003_X51006401723,X51006401723,group_0028,train,MORPHOLOGY,244,179,257,192,13,13,252.8521,0.0,AUTHENTIC_REGION,0,1,REAL,C:\Users\jay\New folder (2)\Trustrace\data\document_patches\P8_0000269_X51006401723_MORPHOLOGY_NEG.png
P8_0000270_X51007135037_MORPHOLOGY_NEG,C00125303_X51007135037,X51007135037,group_0028,train,MORPHOLOGY,244,179,257,192,13,13,252.8521,0.0,AUTHENTIC_REGION,0,1,REAL,C:\Users\jay\New folder (2)\Trustrace\data\document_patches\P8_0000270_X51007135037_MORPHOLOGY_NEG.png
P8_0000271_X51006387931_MORPHOLOGY_NEG,C00072088_X51006387931,X51006387931,group_0418,train,MORPHOLOGY,401,779,414,792,13,13,252.8462,0.0,AUTHENTIC_REGION,0,1,REAL,C:\Users\jay\New folder (2)\Trustrace\data\document_patches\P8_0000271_X51006387931_MORPHOLOGY_NEG.png
P8_0000272_X51005745188_MORPHOLOGY_NEG,C00050282_X51005745188,X51005745188,group_0297,train,MORPHOLOGY,369,905,386,965,17,60,252.8451,0.0,AUTHENTIC_REGION,0,1,REAL,C:\Users\jay\New folder (2)\Trustrace\data\document_patches\P8_0000272_X51005745188_MORPHOLOGY_NEG.png
P8_0000273_X51007339162_MORPHOLOGY_NEG,C00138528_X51007339162,X51007339162,group_0001,train,MORPHOLOGY,55,1342,72,1360,17,18,252.8431,0.0,AUTHENTIC_REGION,0,1,REAL,C:\Users\jay\New folder (2)\Trustrace\data\document_patches\P8_0000273_X51007339162_MORPHOLOGY_NEG.png
P8_0000274_X00016469672_MORPHOLOGY_NEG,C00001233_X00016469672,X00016469672,group_0041,train,MORPHOLOGY,28,257,41,270,13,13,252.8402,0.0,AUTHENTIC_REGION,0,1,REAL,C:\Users\jay\New folder (2)\Trustrace\data\document_patches\P8_0000274_X00016469672_MORPHOLOGY_NEG.png
P8_0000275_X51005715455_MORPHOLOGY_NEG,C00041499_X51005715455,X51005715455,group_0247,train,MORPHOLOGY,106,270,124,289,18,19,252.8392,0.0,AUTHENTIC_REGION,0,1,REAL,C:\Users\jay\New folder (2)\Trustrace\data\document_patches\P8_0000275_X51005715455_MORPHOLOGY_NEG.png
P8_0000276_X51005757294_MORPHOLOGY_NEG,C00055399_X51005757294,X51005757294,group_0327,train,MORPHOLOGY,292,303,305,314,13,11,252.8392,0.0,AUTHENTIC_REGION,0,1,REAL,C:\Users\jay\New folder (2)\Trustrace\data\document_patches\P8_0000276_X51005757294_MORPHOLOGY_NEG.png
P8_0000277_X00016469672_MORPHOLOGY_NEG,C00001234_X00016469672,X00016469672,group_0041,train,MORPHOLOGY,389,106,424,131,35,25,252.8354,0.0,AUTHENTIC_REGION,0,1,REAL,C:\Users\jay\New folder (2)\Trustrace\data\document_patches\P8_0000277_X00016469672_MORPHOLOGY_NEG.png
P8_0000278_X51008123446_MORPHOLOGY_NEG,C00158448_X51008123446,X51008123446,group_0008,train,MORPHOLOGY,60,149,76,171,16,22,252.8352,0.0,AUTHENTIC_REGION,0,1,REAL,C:\Users\jay\New folder (2)\Trustrace\data\document_patches\P8_0000278_X51008123446_MORPHOLOGY_NEG.png
P8_0000279_X51005757294_MORPHOLOGY_NEG,C00055400_X51005757294,X51005757294,group_0327,train,MORPHOLOGY,160,254,183,279,23,25,252.8313,0.0,AUTHENTIC_REGION,0,1,REAL,C:\Users\jay\New folder (2)\Trustrace\data\document_patches\P8_0000279_X51005757294_MORPHOLOGY_NEG.png
P8_0000280_X51006387812_MORPHOLOGY_NEG,C00071499_X51006387812,X51006387812,group_0414,train,MORPHOLOGY,440,1305,453,1319,13,14,252.8297,0.0,AUTHENTIC_REGION,0,1,REAL,C:\Users\jay\New folder (2)\Trustrace\data\document_patches\P8_0000280_X51006387812_MORPHOLOGY_NEG.png
P8_0000281_X51005806696_MORPHOLOGY_NEG,C00059366_X51005806696,X51005806696,group_0349,train,MORPHOLOGY,86,660,99,673,13,13,252.8284,0.0,AUTHENTIC_REGION,0,1,REAL,C:\Users\jay\New folder (2)\Trustrace\data\document_patches\P8_0000281_X51005806696_MORPHOLOGY_NEG.png
P8_0000282_X51005806718_MORPHOLOGY_NEG,C00060210_X51005806718,X51005806718,group_0354,train,MORPHOLOGY,131,1185,144,1198,13,13,252.8284,0.0,AUTHENTIC_REGION,0,1,REAL,C:\Users\jay\New folder (2)\Trustrace\data\document_patches\P8_0000282_X51005806718_MORPHOLOGY_NEG.png
P8_0000283_X51005745188_MORPHOLOGY_NEG,C00050283_X51005745188,X51005745188,group_0297,train,MORPHOLOGY,289,792,338,801,49,9,252.8254,0.0,AUTHENTIC_REGION,0,1,REAL,C:\Users\jay\New folder (2)\Trustrace\data\document_patches\P8_0000283_X51005745188_MORPHOLOGY_NEG.png
P8_0000284_X51006388082_MORPHOLOGY_NEG,C00073696_X51006388082,X51006388082,group_0432,train,MORPHOLOGY,477,752,491,765,14,13,252.8242,0.0,AUTHENTIC_REGION,0,1,REAL,C:\Users\jay\New folder (2)\Trustrace\data\document_patches\P8_0000284_X51006388082_MORPHOLOGY_NEG.png
P8_0000285_X51005361895_MORPHOLOGY_NEG,C00006515_X51005361895,X51005361895,group_0064,train,MORPHOLOGY,109,1366,125,1393,16,27,252.8241,0.0,AUTHENTIC_REGION,0,1,REAL,C:\Users\jay\New folder (2)\Trustrace\data\document_patches\P8_0000285_X51005361895_MORPHOLOGY_NEG.png
P8_0000286_X51005663273_MORPHOLOGY_NEG,C00026418_X51005663273,X51005663273,group_0163,train,MORPHOLOGY,607,227,630,239,23,12,252.8225,0.0,AUTHENTIC_REGION,0,1,REAL,C:\Users\jay\New folder (2)\Trustrace\data\document_patches\P8_0000286_X51005663273_MORPHOLOGY_NEG.png
P8_0000287_X51006008081_MORPHOLOGY_NEG,C00061402_X51006008081,X51006008081,group_0361,train,MORPHOLOGY,293,173,306,182,13,9,252.8205,0.0,AUTHENTIC_REGION,0,1,REAL,C:\Users\jay\New folder (2)\Trustrace\data\document_patches\P8_0000287_X51006008081_MORPHOLOGY_NEG.png
P8_0000288_X51005663273_MORPHOLOGY_NEG,C00026419_X51005663273,X51005663273,group_0163,train,MORPHOLOGY,560,225,573,239,13,14,252.8187,0.0,AUTHENTIC_REGION,0,1,REAL,C:\Users\jay\New folder (2)\Trustrace\data\document_patches\P8_0000288_X51005663273_MORPHOLOGY_NEG.png
P8_0000289_X51006334770_MORPHOLOGY_NEG,C00068902_X51006334770,X51006334770,group_0396,train,MORPHOLOGY,71,543,90,579,19,36,252.8173,0.0,AUTHENTIC_REGION,0,1,REAL,C:\Users\jay\New folder (2)\Trustrace\data\document_patches\P8_0000289_X51006334770_MORPHOLOGY_NEG.png
P8_0000290_X51005361908_MORPHOLOGY_NEG,C00007668_X51005361908,X51005361908,group_0070,train,MORPHOLOGY,1540,1418,1553,1431,13,13,252.8166,0.0,AUTHENTIC_REGION,0,1,REAL,C:\Users\jay\New folder (2)\Trustrace\data\document_patches\P8_0000290_X51005361908_MORPHOLOGY_NEG.png
P8_0000291_X51007103675_MORPHOLOGY_NEG,C00124173_X51007103675,X51007103675,group_0707,train,MORPHOLOGY,650,684,664,704,14,20,252.8143,0.0,AUTHENTIC_REGION,0,1,REAL,C:\Users\jay\New folder (2)\Trustrace\data\document_patches\P8_0000291_X51007103675_MORPHOLOGY_NEG.png
P8_0000292_X51005361908_MORPHOLOGY_NEG,C00007669_X51005361908,X51005361908,group_0070,train,MORPHOLOGY,562,803,575,816,13,13,252.8107,0.0,AUTHENTIC_REGION,0,1,REAL,C:\Users\jay\New folder (2)\Trustrace\data\document_patches\P8_0000292_X51005361908_MORPHOLOGY_NEG.png
P8_0000293_X51005301667_MORPHOLOGY_NEG,C00005225_X51005301667,X51005301667,group_0058,train,MORPHOLOGY,704,1286,722,1314,18,28,252.8095,0.0,AUTHENTIC_REGION,0,1,REAL,C:\Users\jay\New folder (2)\Trustrace\data\document_patches\P8_0000293_X51005301667_MORPHOLOGY_NEG.png
P8_0000294_X51006401940_MORPHOLOGY_NEG,C00076578_X51006401940,X51006401940,group_0451,train,MORPHOLOGY,573,1047,586,1060,13,13,252.8047,0.0,AUTHENTIC_REGION,0,1,REAL,C:\Users\jay\New folder (2)\Trustrace\data\document_patches\P8_0000294_X51006401940_MORPHOLOGY_NEG.png
P8_0000295_X51005745188_MORPHOLOGY_NEG,C00050284_X51005745188,X51005745188,group_0297,train,MORPHOLOGY,57,792,71,801,14,9,252.8016,0.0,AUTHENTIC_REGION,0,1,REAL,C:\Users\jay\New folder (2)\Trustrace\data\document_patches\P8_0000295_X51005745188_MORPHOLOGY_NEG.png
P8_0000296_X51005705784_MORPHOLOGY_NEG,C00037114_X51005705784,X51005705784,group_0219,train,MORPHOLOGY,102,838,112,852,10,14,252.7929,0.0,AUTHENTIC_REGION,0,1,REAL,C:\Users\jay\New folder (2)\Trustrace\data\document_patches\P8_0000296_X51005705784_MORPHOLOGY_NEG.png
P8_0000297_X51007103691_MORPHOLOGY_NEG,C00124790_X51007103691,X51007103691,group_0711,train,MORPHOLOGY,201,410,218,435,17,25,252.7929,0.0,AUTHENTIC_REGION,0,1,REAL,C:\Users\jay\New folder (2)\Trustrace\data\document_patches\P8_0000297_X51007103691_MORPHOLOGY_NEG.png
P8_0000298_X51005301667_MORPHOLOGY_NEG,C00005226_X51005301667,X51005301667,group_0058,train,MORPHOLOGY,203,1872,227,1893,24,21,252.7897,0.0,AUTHENTIC_REGION,0,1,REAL,C:\Users\jay\New folder (2)\Trustrace\data\document_patches\P8_0000298_X51005301667_MORPHOLOGY_NEG.png
P8_0000299_X51005705784_MORPHOLOGY_NEG,C00037115_X51005705784,X51005705784,group_0219,train,MORPHOLOGY,688,1734,698,1749,10,15,252.7867,0.0,AUTHENTIC_REGION,0,1,REAL,C:\Users\jay\New folder (2)\Trustrace\data\document_patches\P8_0000299_X51005705784_MORPHOLOGY_NEG.png
P8_0000300_X51006334742_MORPHOLOGY_NEG,C00068561_X51006334742,X51006334742,group_0394,train,MORPHOLOGY,35,1163,50,1188,15,25,252.7867,0.0,AUTHENTIC_REGION,0,1,REAL,C:\Users\jay\New folder (2)\Trustrace\data\document_patches\P8_0000300_X51006334742_MORPHOLOGY_NEG.png
P8_0000301_X51005715451_MORPHOLOGY_NEG,C00041414_X51005715451,X51005715451,group_0246,train,MORPHOLOGY,450,863,460,872,10,9,252.7778,0.0,AUTHENTIC_REGION,0,1,REAL,C:\Users\jay\New folder (2)\Trustrace\data\document_patches\P8_0000301_X51005715451_MORPHOLOGY_NEG.png
P8_0000302_X51006335552_MORPHOLOGY_NEG,C00069800_X51006335552,X51006335552,group_0402,train,MORPHOLOGY,61,1786,72,1795,11,9,252.7778,0.0,AUTHENTIC_REGION,0,1,REAL,C:\Users\jay\New folder (2)\Trustrace\data\document_patches\P8_0000302_X51006335552_MORPHOLOGY_NEG.png
P8_0000303_X51007103681_MORPHOLOGY_NEG,C00124315_X51007103681,X51007103681,group_0708,train,MORPHOLOGY,530,587,544,603,14,16,252.7768,0.0,AUTHENTIC_REGION,0,1,REAL,C:\Users\jay\New folder (2)\Trustrace\data\document_patches\P8_0000303_X51007103681_MORPHOLOGY_NEG.png
P8_0000304_X51007103691_MORPHOLOGY_NEG,C00124791_X51007103691,X51007103691,group_0711,train,MORPHOLOGY,86,972,102,1003,16,31,252.7722,0.0,AUTHENTIC_REGION,0,1,REAL,C:\Users\jay\New folder (2)\Trustrace\data\document_patches\P8_0000304_X51007103691_MORPHOLOGY_NEG.png
P8_0000305_X51006387953_MORPHOLOGY_NEG,C00072508_X51006387953,X51006387953,group_0422,train,MORPHOLOGY,69,290,82,303,13,13,252.7692,0.0,AUTHENTIC_REGION,0,1,REAL,C:\Users\jay\New folder (2)\Trustrace\data\document_patches\P8_0000305_X51006387953_MORPHOLOGY_NEG.png
P8_0000306_X51005715007_MORPHOLOGY_NEG,C00041124_X51005715007,X51005715007,group_0244,train,MORPHOLOGY,61,804,81,835,20,31,252.7597,0.0,AUTHENTIC_REGION,0,1,REAL,C:\Users\jay\New folder (2)\Trustrace\data\document_patches\P8_0000306_X51005715007_MORPHOLOGY_NEG.png
P8_0000307_X51005806679_MORPHOLOGY_NEG,C00058622_X51005806679,X51005806679,group_0345,train,MORPHOLOGY,147,1549,163,1574,16,25,252.7575,0.0,AUTHENTIC_REGION,0,1,REAL,C:\Users\jay\New folder (2)\Trustrace\data\document_patches\P8_0000307_X51005806679_MORPHOLOGY_NEG.png
P8_0000308_X51005361908_MORPHOLOGY_NEG,C00007670_X51005361908,X51005361908,group_0070,train,MORPHOLOGY,546,961,568,975,22,14,252.7565,0.0,AUTHENTIC_REGION,0,1,REAL,C:\Users\jay\New folder (2)\Trustrace\data\document_patches\P8_0000308_X51005361908_MORPHOLOGY_NEG.png
P8_0000309_X51005757323_MORPHOLOGY_NEG,C00055935_X51005757323,X51005757323,group_0330,train,MORPHOLOGY,90,333,108,360,18,27,252.7551,0.0,AUTHENTIC_REGION,0,1,REAL,C:\Users\jay\New folder (2)\Trustrace\data\document_patches\P8_0000309_X51005757323_MORPHOLOGY_NEG.png
P8_0000310_X51006334742_MORPHOLOGY_NEG,C00068562_X51006334742,X51006334742,group_0394,train,MORPHOLOGY,557,975,576,1008,19,33,252.7448,0.0,AUTHENTIC_REGION,0,1,REAL,C:\Users\jay\New folder (2)\Trustrace\data\document_patches\P8_0000310_X51006334742_MORPHOLOGY_NEG.png
P8_0000311_X51005361907_MORPHOLOGY_NEG,C00007491_X51005361907,X51005361907,group_0069,train,MORPHOLOGY,871,1873,887,1900,16,27,252.7407,0.0,AUTHENTIC_REGION,0,1,REAL,C:\Users\jay\New folder (2)\Trustrace\data\document_patches\P8_0000311_X51005361907_MORPHOLOGY_NEG.png
P8_0000312_X51005268275_MORPHOLOGY_NEG,C00003708_X51005268275,X51005268275,group_0010,train,MORPHOLOGY,724,1515,746,1529,22,14,252.737,0.0,AUTHENTIC_REGION,0,1,REAL,C:\Users\jay\New folder (2)\Trustrace\data\document_patches\P8_0000312_X51005268275_MORPHOLOGY_NEG.png
P8_0000313_X51005301666_MORPHOLOGY_NEG,C00004976_X51005301666,X51005301666,group_0010,train,MORPHOLOGY,724,1515,746,1529,22,14,252.737,0.0,AUTHENTIC_REGION,0,1,REAL,C:\Users\jay\New folder (2)\Trustrace\data\document_patches\P8_0000313_X51005301666_MORPHOLOGY_NEG.png
P8_0000314_X51005365187_MORPHOLOGY_NEG,C00008668_X51005365187,X51005365187,group_0076,train,MORPHOLOGY,561,1261,576,1281,15,20,252.7333,0.0,AUTHENTIC_REGION,0,1,REAL,C:\Users\jay\New folder (2)\Trustrace\data\document_patches\P8_0000314_X51005365187_MORPHOLOGY_NEG.png
P8_0000315_X51005806679_MORPHOLOGY_NEG,C00058623_X51005806679,X51005806679,group_0345,train,MORPHOLOGY,336,2164,359,2178,23,14,252.7298,0.0,AUTHENTIC_REGION,0,1,REAL,C:\Users\jay\New folder (2)\Trustrace\data\document_patches\P8_0000315_X51005806679_MORPHOLOGY_NEG.png
P8_0000316_X51005806718_MORPHOLOGY_NEG,C00060211_X51005806718,X51005806718,group_0354,train,MORPHOLOGY,89,53,107,88,18,35,252.727,0.0,AUTHENTIC_REGION,0,1,REAL,C:\Users\jay\New folder (2)\Trustrace\data\document_patches\P8_0000316_X51005806718_MORPHOLOGY_NEG.png
P8_0000317_X51005361908_MORPHOLOGY_NEG,C00007671_X51005361908,X51005361908,group_0070,train,MORPHOLOGY,420,731,433,744,13,13,252.7219,0.0,AUTHENTIC_REGION,0,1,REAL,C:\Users\jay\New folder (2)\Trustrace\data\document_patches\P8_0000317_X51005361908_MORPHOLOGY_NEG.png
P8_0000318_X51005757290_MORPHOLOGY_NEG,C00055104_X51005757290,X51005757290,group_0325,train,MORPHOLOGY,17,1233,30,1248,13,15,252.7179,0.0,AUTHENTIC_REGION,0,1,REAL,C:\Users\jay\New folder (2)\Trustrace\data\document_patches\P8_0000318_X51005757290_MORPHOLOGY_NEG.png
P8_0000319_X51005757290_MORPHOLOGY_NEG,C00055105_X51005757290,X51005757290,group_0325,train,MORPHOLOGY,263,518,276,531,13,13,252.716,0.0,AUTHENTIC_REGION,0,1,REAL,C:\Users\jay\New folder (2)\Trustrace\data\document_patches\P8_0000319_X51005757290_MORPHOLOGY_NEG.png
P8_0000320_X51006008095_MORPHOLOGY_NEG,C00063326_X51006008095,X51006008095,group_0023,train,MORPHOLOGY,264,214,278,227,14,13,252.7143,0.0,AUTHENTIC_REGION,0,1,REAL,C:\Users\jay\New folder (2)\Trustrace\data\document_patches\P8_0000320_X51006008095_MORPHOLOGY_NEG.png
P8_0000321_X00016469672_MORPHOLOGY_NEG,C00001235_X00016469672,X00016469672,group_0041,train,MORPHOLOGY,155,368,174,382,19,14,252.7068,0.0,AUTHENTIC_REGION,0,1,REAL,C:\Users\jay\New folder (2)\Trustrace\data\document_patches\P8_0000321_X00016469672_MORPHOLOGY_NEG.png
P8_0000322_X51006387737_MORPHOLOGY_NEG,C00071227_X51006387737,X51006387737,group_0412,train,MORPHOLOGY,604,714,648,722,44,8,252.6989,0.0,AUTHENTIC_REGION,0,1,REAL,C:\Users\jay\New folder (2)\Trustrace\data\document_patches\P8_0000322_X51006387737_MORPHOLOGY_NEG.png
P8_0000323_X51005361908_MORPHOLOGY_NEG,C00007672_X51005361908,X51005361908,group_0070,train,MORPHOLOGY,571,13,584,26,13,13,252.6982,0.0,AUTHENTIC_REGION,0,1,REAL,C:\Users\jay\New folder (2)\Trustrace\data\document_patches\P8_0000323_X51005361908_MORPHOLOGY_NEG.png
P8_0000324_X51005361908_MORPHOLOGY_NEG,C00007673_X51005361908,X51005361908,group_0070,train,MORPHOLOGY,1012,129,1025,142,13,13,252.6982,0.0,AUTHENTIC_REGION,0,1,REAL,C:\Users\jay\New folder (2)\Trustrace\data\document_patches\P8_0000324_X51005361908_MORPHOLOGY_NEG.png
P8_0000325_X51006008197_MORPHOLOGY_NEG,C00063774_X51006008197,X51006008197,group_0371,train,MORPHOLOGY,55,413,76,429,21,16,252.6964,0.0,AUTHENTIC_REGION,0,1,REAL,C:\Users\jay\New folder (2)\Trustrace\data\document_patches\P8_0000325_X51006008197_MORPHOLOGY_NEG.png
P8_0000326_X51005301667_MORPHOLOGY_NEG,C00005227_X51005301667,X51005301667,group_0058,train,MORPHOLOGY,417,2066,428,2080,11,14,252.6948,0.0,AUTHENTIC_REGION,0,1,REAL,C:\Users\jay\New folder (2)\Trustrace\data\document_patches\P8_0000326_X51005301667_MORPHOLOGY_NEG.png
P8_0000327_X00016469672_MORPHOLOGY_NEG,C00001236_X00016469672,X00016469672,group_0041,train,MORPHOLOGY,165,180,178,193,13,13,252.6923,0.0,AUTHENTIC_REGION,0,1,REAL,C:\Users\jay\New folder (2)\Trustrace\data\document_patches\P8_0000327_X00016469672_MORPHOLOGY_NEG.png
P8_0000328_X51005705760_MORPHOLOGY_NEG,C00036905_X51005705760,X51005705760,group_0218,train,MORPHOLOGY,318,2193,331,2207,13,14,252.6923,0.0,AUTHENTIC_REGION,0,1,REAL,C:\Users\jay\New folder (2)\Trustrace\data\document_patches\P8_0000328_X51005705760_MORPHOLOGY_NEG.png
P8_0000329_X51006329402_MORPHOLOGY_NEG,C00067471_X51006329402,X51006329402,group_0388,train,MORPHOLOGY,460,746,512,771,52,25,252.6915,0.0,AUTHENTIC_REGION,0,1,REAL,C:\Users\jay\New folder (2)\Trustrace\data\document_patches\P8_0000329_X51006329402_MORPHOLOGY_NEG.png
P8_0000330_X51005806720_MORPHOLOGY_NEG,C00060535_X51005806720,X51005806720,group_0356,train,MORPHOLOGY,554,712,575,741,21,29,252.6897,0.0,AUTHENTIC_REGION,0,1,REAL,C:\Users\jay\New folder (2)\Trustrace\data\document_patches\P8_0000330_X51005806720_MORPHOLOGY_NEG.png
P8_0000331_X51005806679_MORPHOLOGY_NEG,C00058624_X51005806679,X51005806679,group_0345,train,MORPHOLOGY,149,1439,163,1450,14,11,252.6883,0.0,AUTHENTIC_REGION,0,1,REAL,C:\Users\jay\New folder (2)\Trustrace\data\document_patches\P8_0000331_X51005806679_MORPHOLOGY_NEG.png
P8_0000332_X51006401940_MORPHOLOGY_NEG,C00076579_X51006401940,X51006401940,group_0451,train,MORPHOLOGY,429,732,448,748,19,16,252.6875,0.0,AUTHENTIC_REGION,0,1,REAL,C:\Users\jay\New folder (2)\Trustrace\data\document_patches\P8_0000332_X51006401940_MORPHOLOGY_NEG.png
P8_0000333_X51007103675_MORPHOLOGY_NEG,C00124174_X51007103675,X51007103675,group_0707,train,MORPHOLOGY,189,440,202,453,13,13,252.6864,0.0,AUTHENTIC_REGION,0,1,REAL,C:\Users\jay\New folder (2)\Trustrace\data\document_patches\P8_0000333_X51007103675_MORPHOLOGY_NEG.png
P8_0000334_X51006329402_MORPHOLOGY_NEG,C00067472_X51006329402,X51006329402,group_0388,train,MORPHOLOGY,184,236,260,244,76,8,252.6859,0.0,AUTHENTIC_REGION,0,1,REAL,C:\Users\jay\New folder (2)\Trustrace\data\document_patches\P8_0000334_X51006329402_MORPHOLOGY_NEG.png
P8_0000335_X51005719873_MORPHOLOGY_NEG,C00043291_X51005719873,X51005719873,group_0257,train,MORPHOLOGY,344,1706,358,1721,14,15,252.681,0.0,AUTHENTIC_REGION,0,1,REAL,C:\Users\jay\New folder (2)\Trustrace\data\document_patches\P8_0000335_X51005719873_MORPHOLOGY_NEG.png
P8_0000336_X51006008081_MORPHOLOGY_NEG,C00061403_X51006008081,X51006008081,group_0361,train,MORPHOLOGY,341,872,355,889,14,17,252.6807,0.0,AUTHENTIC_REGION,0,1,REAL,C:\Users\jay\New folder (2)\Trustrace\data\document_patches\P8_0000336_X51006008081_MORPHOLOGY_NEG.png
P8_0000337_X51005361908_MORPHOLOGY_NEG,C00007674_X51005361908,X51005361908,group_0070,train,MORPHOLOGY,370,148,383,161,13,13,252.6805,0.0,AUTHENTIC_REGION,0,1,REAL,C:\Users\jay\New folder (2)\Trustrace\data\document_patches\P8_0000337_X51005361908_MORPHOLOGY_NEG.png
P8_0000338_X51005442322_MORPHOLOGY_NEG,C00011721_X51005442322,X51005442322,group_0091,train,MORPHOLOGY,333,176,358,199,25,23,252.6783,0.0,AUTHENTIC_REGION,0,1,REAL,C:\Users\jay\New folder (2)\Trustrace\data\document_patches\P8_0000338_X51005442322_MORPHOLOGY_NEG.png
P8_0000339_X51005806718_MORPHOLOGY_NEG,C00060212_X51005806718,X51005806718,group_0354,train,MORPHOLOGY,650,960,663,970,13,10,252.6615,0.0,AUTHENTIC_REGION,0,1,REAL,C:\Users\jay\New folder (2)\Trustrace\data\document_patches\P8_0000339_X51005806718_MORPHOLOGY_NEG.png
P8_0000340_X51005806679_MORPHOLOGY_NEG,C00058625_X51005806679,X51005806679,group_0345,train,MORPHOLOGY,229,2166,242,2179,13,13,252.6568,0.0,AUTHENTIC_REGION,0,1,REAL,C:\Users\jay\New folder (2)\Trustrace\data\document_patches\P8_0000340_X51005806679_MORPHOLOGY_NEG.png
P8_0000341_X51005757282_MORPHOLOGY_NEG,C00054802_X51005757282,X51005757282,group_0323,train,MORPHOLOGY,630,940,643,952,13,12,252.6538,0.0,AUTHENTIC_REGION,0,1,REAL,C:\Users\jay\New folder (2)\Trustrace\data\document_patches\P8_0000341_X51005757282_MORPHOLOGY_NEG.png
P8_0000342_X51005806718_MORPHOLOGY_NEG,C00060213_X51005806718,X51005806718,group_0354,train,MORPHOLOGY,145,1247,158,1260,13,13,252.645,0.0,AUTHENTIC_REGION,0,1,REAL,C:\Users\jay\New folder (2)\Trustrace\data\document_patches\P8_0000342_X51005806718_MORPHOLOGY_NEG.png
P8_0000343_X51006502529_MORPHOLOGY_NEG,C00086592_X51006502529,X51006502529,group_0498,train,MORPHOLOGY,50,133,67,168,17,35,252.6437,0.0,AUTHENTIC_REGION,0,1,REAL,C:\Users\jay\New folder (2)\Trustrace\data\document_patches\P8_0000343_X51006502529_MORPHOLOGY_NEG.png
P8_0000344_X51005361912_MORPHOLOGY_NEG,C00007820_X51005361912,X51005361912,group_0071,train,MORPHOLOGY,607,560,622,574,15,14,252.6429,0.0,AUTHENTIC_REGION,0,1,REAL,C:\Users\jay\New folder (2)\Trustrace\data\document_patches\P8_0000344_X51005361912_MORPHOLOGY_NEG.png
P8_0000345_X51006387951_MORPHOLOGY_NEG,C00072413_X51006387951,X51006387951,group_0421,train,MORPHOLOGY,401,716,416,744,15,28,252.6429,0.0,AUTHENTIC_REGION,0,1,REAL,C:\Users\jay\New folder (2)\Trustrace\data\document_patches\P8_0000345_X51006387951_MORPHOLOGY_NEG.png
P8_0000346_X51007339162_MORPHOLOGY_NEG,C00138529_X51007339162,X51007339162,group_0001,train,MORPHOLOGY,428,934,441,947,13,13,252.6391,0.0,AUTHENTIC_REGION,0,1,REAL,C:\Users\jay\New folder (2)\Trustrace\data\document_patches\P8_0000346_X51007339162_MORPHOLOGY_NEG.png
P8_0000347_X51005705760_MORPHOLOGY_NEG,C00036906_X51005705760,X51005705760,group_0218,train,MORPHOLOGY,225,2538,238,2549,13,11,252.6364,0.0,AUTHENTIC_REGION,0,1,REAL,C:\Users\jay\New folder (2)\Trustrace\data\document_patches\P8_0000347_X51005705760_MORPHOLOGY_NEG.png
P8_0000348_X51005301661_MORPHOLOGY_NEG,C00004697_X51005301661,X51005301661,group_0011,train,MORPHOLOGY,494,1567,510,1581,16,14,252.6339,0.0,AUTHENTIC_REGION,0,1,REAL,C:\Users\jay\New folder (2)\Trustrace\data\document_patches\P8_0000348_X51005301661_MORPHOLOGY_NEG.png
P8_0000349_X51005303661_MORPHOLOGY_NEG,C00005485_X51005303661,X51005303661,group_0011,train,MORPHOLOGY,494,1567,510,1581,16,14,252.6339,0.0,AUTHENTIC_REGION,0,1,REAL,C:\Users\jay\New folder (2)\Trustrace\data\document_patches\P8_0000349_X51005303661_MORPHOLOGY_NEG.png
P8_0000350_X51005301661_MORPHOLOGY_NEG,C00004698_X51005301661,X51005301661,group_0011,train,MORPHOLOGY,573,913,601,936,28,23,252.6258,0.0,AUTHENTIC_REGION,0,1,REAL,C:\Users\jay\New folder (2)\Trustrace\data\document_patches\P8_0000350_X51005301661_MORPHOLOGY_NEG.png
P8_0000351_X51005303661_MORPHOLOGY_NEG,C00005486_X51005303661,X51005303661,group_0011,train,MORPHOLOGY,573,913,601,936,28,23,252.6258,0.0,AUTHENTIC_REGION,0,1,REAL,C:\Users\jay\New folder (2)\Trustrace\data\document_patches\P8_0000351_X51005303661_MORPHOLOGY_NEG.png
P8_0000352_X51007339120_MORPHOLOGY_NEG,C00133784_X51007339120,X51007339120,group_0001,train,MORPHOLOGY,53,1384,73,1405,20,21,252.6143,0.0,AUTHENTIC_REGION,0,1,REAL,C:\Users\jay\New folder (2)\Trustrace\data\document_patches\P8_0000352_X51007339120_MORPHOLOGY_NEG.png
P8_0000353_X51006502534_MORPHOLOGY_NEG,C00087060_X51006502534,X51006502534,group_0501,train,MORPHOLOGY,54,122,70,154,16,32,252.5918,0.0,AUTHENTIC_REGION,0,1,REAL,C:\Users\jay\New folder (2)\Trustrace\data\document_patches\P8_0000353_X51006502534_MORPHOLOGY_NEG.png
P8_0000354_X51006388089_MORPHOLOGY_NEG,C00073809_X51006388089,X51006388089,group_0433,train,MORPHOLOGY,307,593,320,606,13,13,252.5917,0.0,AUTHENTIC_REGION,0,1,REAL,C:\Users\jay\New folder (2)\Trustrace\data\document_patches\P8_0000354_X51006388089_MORPHOLOGY_NEG.png
P8_0000355_X51005806718_MORPHOLOGY_NEG,C00060214_X51005806718,X51005806718,group_0354,train,MORPHOLOGY,420,1461,433,1474,13,13,252.5858,0.0,AUTHENTIC_REGION,0,1,REAL,C:\Users\jay\New folder (2)\Trustrace\data\document_patches\P8_0000355_X51005806718_MORPHOLOGY_NEG.png
P8_0000356_X51005361908_MORPHOLOGY_NEG,C00007675_X51005361908,X51005361908,group_0070,train,MORPHOLOGY,521,186,534,199,13,13,252.5799,0.0,AUTHENTIC_REGION,0,1,REAL,C:\Users\jay\New folder (2)\Trustrace\data\document_patches\P8_0000356_X51005361908_MORPHOLOGY_NEG.png
P8_0000357_X51005301667_MORPHOLOGY_NEG,C00005228_X51005301667,X51005301667,group_0058,train,MORPHOLOGY,620,1720,631,1736,11,16,252.5795,0.0,AUTHENTIC_REGION,0,1,REAL,C:\Users\jay\New folder (2)\Trustrace\data\document_patches\P8_0000357_X51005301667_MORPHOLOGY_NEG.png
P8_0000358_X51005705784_MORPHOLOGY_NEG,C00037116_X51005705784,X51005705784,group_0219,train,MORPHOLOGY,101,866,115,888,14,22,252.5747,0.0,AUTHENTIC_REGION,0,1,REAL,C:\Users\jay\New folder (2)\Trustrace\data\document_patches\P8_0000358_X51005705784_MORPHOLOGY_NEG.png
P8_0000359_X51005361908_MORPHOLOGY_NEG,C00007676_X51005361908,X51005361908,group_0070,train,MORPHOLOGY,529,107,542,120,13,13,252.574,0.0,AUTHENTIC_REGION,0,1,REAL,C:\Users\jay\New folder (2)\Trustrace\data\document_patches\P8_0000359_X51005361908_MORPHOLOGY_NEG.png
P8_0000360_X51006334766_MORPHOLOGY_NEG,C00068723_X51006334766,X51006334766,group_0395,train,MORPHOLOGY,197,1194,210,1202,13,8,252.5673,0.0,AUTHENTIC_REGION,0,1,REAL,C:\Users\jay\New folder (2)\Trustrace\data\document_patches\P8_0000360_X51006334766_MORPHOLOGY_NEG.png
P8_0000361_X51005757346_MORPHOLOGY_NEG,C00056444_X51005757346,X51005757346,group_0333,train,MORPHOLOGY,284,836,297,855,13,19,252.5668,0.0,AUTHENTIC_REGION,0,1,REAL,C:\Users\jay\New folder (2)\Trustrace\data\document_patches\P8_0000361_X51005757346_MORPHOLOGY_NEG.png
P8_0000362_X51006387660_MORPHOLOGY_NEG,C00071095_X51006387660,X51006387660,group_0411,train,MORPHOLOGY,385,1347,400,1361,15,14,252.5667,0.0,AUTHENTIC_REGION,0,1,REAL,C:\Users\jay\New folder (2)\Trustrace\data\document_patches\P8_0000362_X51006387660_MORPHOLOGY_NEG.png
P8_0000363_X51007103687_MORPHOLOGY_NEG,C00124464_X51007103687,X51007103687,group_0709,train,MORPHOLOGY,648,739,666,771,18,32,252.5608,0.0,AUTHENTIC_REGION,0,1,REAL,C:\Users\jay\New folder (2)\Trustrace\data\document_patches\P8_0000363_X51007103687_MORPHOLOGY_NEG.png
P8_0000364_X51005301661_MORPHOLOGY_NEG,C00004699_X51005301661,X51005301661,group_0011,train,MORPHOLOGY,188,1682,201,1697,13,15,252.5538,0.0,AUTHENTIC_REGION,0,1,REAL,C:\Users\jay\New folder (2)\Trustrace\data\document_patches\P8_0000364_X51005301661_MORPHOLOGY_NEG.png
P8_0000365_X51005303661_MORPHOLOGY_NEG,C00005487_X51005303661,X51005303661,group_0011,train,MORPHOLOGY,188,1682,201,1697,13,15,252.5538,0.0,AUTHENTIC_REGION,0,1,REAL,C:\Users\jay\New folder (2)\Trustrace\data\document_patches\P8_0000365_X51005303661_MORPHOLOGY_NEG.png
P8_0000366_X51005301661_MORPHOLOGY_NEG,C00004700_X51005301661,X51005301661,group_0011,train,MORPHOLOGY,416,1592,429,1605,13,13,252.5503,0.0,AUTHENTIC_REGION,0,1,REAL,C:\Users\jay\New folder (2)\Trustrace\data\document_patches\P8_0000366_X51005301661_MORPHOLOGY_NEG.png
P8_0000367_X51005303661_MORPHOLOGY_NEG,C00005488_X51005303661,X51005303661,group_0011,train,MORPHOLOGY,416,1592,429,1605,13,13,252.5503,0.0,AUTHENTIC_REGION,0,1,REAL,C:\Users\jay\New folder (2)\Trustrace\data\document_patches\P8_0000367_X51005303661_MORPHOLOGY_NEG.png
P8_0000368_X51005675095_MORPHOLOGY_NEG,C00029759_X51005675095,X51005675095,group_0182,train,MORPHOLOGY,455,406,468,419,13,13,252.5503,0.0,AUTHENTIC_REGION,0,1,REAL,C:\Users\jay\New folder (2)\Trustrace\data\document_patches\P8_0000368_X51005675095_MORPHOLOGY_NEG.png
P8_0000369_X51005806718_MORPHOLOGY_NEG,C00060215_X51005806718,X51005806718,group_0354,train,MORPHOLOGY,120,1134,133,1147,13,13,252.5503,0.0,AUTHENTIC_REGION,0,1,REAL,C:\Users\jay\New folder (2)\Trustrace\data\document_patches\P8_0000369_X51005806718_MORPHOLOGY_NEG.png
P8_0000370_X51006008082_MORPHOLOGY_NEG,C00061631_X51006008082,X51006008082,group_0362,train,MORPHOLOGY,218,1286,231,1299,13,13,252.5503,0.0,AUTHENTIC_REGION,0,1,REAL,C:\Users\jay\New folder (2)\Trustrace\data\document_patches\P8_0000370_X51006008082_MORPHOLOGY_NEG.png
P8_0000371_X51005361912_MORPHOLOGY_NEG,C00007821_X51005361912,X51005361912,group_0071,train,MORPHOLOGY,523,537,537,545,14,8,252.5446,0.0,AUTHENTIC_REGION,0,1,REAL,C:\Users\jay\New folder (2)\Trustrace\data\document_patches\P8_0000371_X51005361912_MORPHOLOGY_NEG.png
P8_0000372_X51006008083_MORPHOLOGY_NEG,C00061812_X51006008083,X51006008083,group_0363,train,MORPHOLOGY,667,155,677,169,10,14,252.5429,0.0,AUTHENTIC_REGION,0,1,REAL,C:\Users\jay\New folder (2)\Trustrace\data\document_patches\P8_0000372_X51006008083_MORPHOLOGY_NEG.png
P8_0000373_X51006329402_MORPHOLOGY_NEG,C00067473_X51006329402,X51006329402,group_0388,train,MORPHOLOGY,44,1028,77,1061,33,33,252.5427,0.0,AUTHENTIC_REGION,0,1,REAL,C:\Users\jay\New folder (2)\Trustrace\data\document_patches\P8_0000373_X51006329402_MORPHOLOGY_NEG.png
P8_0000374_X51005675095_MORPHOLOGY_NEG,C00029760_X51005675095,X51005675095,group_0182,train,MORPHOLOGY,312,222,325,235,13,13,252.5385,0.0,AUTHENTIC_REGION,0,1,REAL,C:\Users\jay\New folder (2)\Trustrace\data\document_patches\P8_0000374_X51005675095_MORPHOLOGY_NEG.png
P8_0000375_X51006387953_MORPHOLOGY_NEG,C00072509_X51006387953,X51006387953,group_0422,train,MORPHOLOGY,403,710,416,732,13,22,252.5385,0.0,AUTHENTIC_REGION,0,1,REAL,C:\Users\jay\New folder (2)\Trustrace\data\document_patches\P8_0000375_X51006387953_MORPHOLOGY_NEG.png
P8_0000376_X51005705759_MORPHOLOGY_NEG,C00036625_X51005705759,X51005705759,group_0217,train,MORPHOLOGY,319,2317,332,2330,13,13,252.5325,0.0,AUTHENTIC_REGION,0,1,REAL,C:\Users\jay\New folder (2)\Trustrace\data\document_patches\P8_0000376_X51005705759_MORPHOLOGY_NEG.png
P8_0000377_X51005705759_MORPHOLOGY_NEG,C00036626_X51005705759,X51005705759,group_0217,train,MORPHOLOGY,353,2404,366,2417,13,13,252.5325,0.0,AUTHENTIC_REGION,0,1,REAL,C:\Users\jay\New folder (2)\Trustrace\data\document_patches\P8_0000377_X51005705759_MORPHOLOGY_NEG.png
P8_0000378_X51007103578_MORPHOLOGY_NEG,C00122663_X51007103578,X51007103578,group_0698,train,MORPHOLOGY,492,174,505,187,13,13,252.5325,0.0,AUTHENTIC_REGION,0,1,REAL,C:\Users\jay\New folder (2)\Trustrace\data\document_patches\P8_0000378_X51007103578_MORPHOLOGY_NEG.png
P8_0000379_X51006329402_MORPHOLOGY_NEG,C00067474_X51006329402,X51006329402,group_0388,train,MORPHOLOGY,49,1269,63,1283,14,14,252.5306,0.0,AUTHENTIC_REGION,0,1,REAL,C:\Users\jay\New folder (2)\Trustrace\data\document_patches\P8_0000379_X51006329402_MORPHOLOGY_NEG.png
P8_0000380_X51005675095_MORPHOLOGY_NEG,C00029761_X51005675095,X51005675095,group_0182,train,MORPHOLOGY,326,202,339,215,13,13,252.5266,0.0,AUTHENTIC_REGION,0,1,REAL,C:\Users\jay\New folder (2)\Trustrace\data\document_patches\P8_0000380_X51005675095_MORPHOLOGY_NEG.png
P8_0000381_X51005675095_MORPHOLOGY_NEG,C00029762_X51005675095,X51005675095,group_0182,train,MORPHOLOGY,623,1029,635,1042,12,13,252.5256,0.0,AUTHENTIC_REGION,0,1,REAL,C:\Users\jay\New folder (2)\Trustrace\data\document_patches\P8_0000381_X51005675095_MORPHOLOGY_NEG.png
P8_0000382_X51005268275_MORPHOLOGY_NEG,C00003709_X51005268275,X51005268275,group_0010,train,MORPHOLOGY,114,1953,139,1975,25,22,252.5236,0.0,AUTHENTIC_REGION,0,1,REAL,C:\Users\jay\New folder (2)\Trustrace\data\document_patches\P8_0000382_X51005268275_MORPHOLOGY_NEG.png
P8_0000383_X51005301666_MORPHOLOGY_NEG,C00004977_X51005301666,X51005301666,group_0010,train,MORPHOLOGY,114,1953,139,1975,25,22,252.5236,0.0,AUTHENTIC_REGION,0,1,REAL,C:\Users\jay\New folder (2)\Trustrace\data\document_patches\P8_0000383_X51005301666_MORPHOLOGY_NEG.png
P8_0000384_X51005301667_MORPHOLOGY_NEG,C00005229_X51005301667,X51005301667,group_0058,train,MORPHOLOGY,284,1875,297,1888,13,13,252.5207,0.0,AUTHENTIC_REGION,0,1,REAL,C:\Users\jay\New folder (2)\Trustrace\data\document_patches\P8_0000384_X51005301667_MORPHOLOGY_NEG.png
P8_0000385_X51006008082_MORPHOLOGY_NEG,C00061632_X51006008082,X51006008082,group_0362,train,MORPHOLOGY,211,1382,229,1395,18,13,252.5171,0.0,AUTHENTIC_REGION,0,1,REAL,C:\Users\jay\New folder (2)\Trustrace\data\document_patches\P8_0000385_X51006008082_MORPHOLOGY_NEG.png
P8_0000386_X51006008197_MORPHOLOGY_NEG,C00063775_X51006008197,X51006008197,group_0371,train,MORPHOLOGY,171,653,184,680,13,27,252.51,0.0,AUTHENTIC_REGION,0,1,REAL,C:\Users\jay\New folder (2)\Trustrace\data\document_patches\P8_0000386_X51006008197_MORPHOLOGY_NEG.png
P8_0000387_X51006350750_MORPHOLOGY_NEG,C00070857_X51006350750,X51006350750,group_0409,train,MORPHOLOGY,44,790,57,810,13,20,252.5077,0.0,AUTHENTIC_REGION,0,1,REAL,C:\Users\jay\New folder (2)\Trustrace\data\document_patches\P8_0000387_X51006350750_MORPHOLOGY_NEG.png
P8_0000388_X51005806679_MORPHOLOGY_NEG,C00058626_X51005806679,X51005806679,group_0345,train,MORPHOLOGY,149,1200,163,1210,14,10,252.5071,0.0,AUTHENTIC_REGION,0,1,REAL,C:\Users\jay\New folder (2)\Trustrace\data\document_patches\P8_0000388_X51005806679_MORPHOLOGY_NEG.png
P8_0000389_X51005675095_MORPHOLOGY_NEG,C00029763_X51005675095,X51005675095,group_0182,train,MORPHOLOGY,614,958,627,972,13,14,252.5055,0.0,AUTHENTIC_REGION,0,1,REAL,C:\Users\jay\New folder (2)\Trustrace\data\document_patches\P8_0000389_X51005675095_MORPHOLOGY_NEG.png
P8_0000390_X51005301661_MORPHOLOGY_NEG,C00004701_X51005301661,X51005301661,group_0011,train,MORPHOLOGY,716,854,736,877,20,23,252.5043,0.0,AUTHENTIC_REGION,0,1,REAL,C:\Users\jay\New folder (2)\Trustrace\data\document_patches\P8_0000390_X51005301661_MORPHOLOGY_NEG.png
P8_0000391_X51005303661_MORPHOLOGY_NEG,C00005489_X51005303661,X51005303661,group_0011,train,MORPHOLOGY,716,854,736,877,20,23,252.5043,0.0,AUTHENTIC_REGION,0,1,REAL,C:\Users\jay\New folder (2)\Trustrace\data\document_patches\P8_0000391_X51005303661_MORPHOLOGY_NEG.png
P8_0000392_X51005757290_MORPHOLOGY_NEG,C00055106_X51005757290,X51005757290,group_0325,train,MORPHOLOGY,574,354,590,374,16,20,252.5031,0.0,AUTHENTIC_REGION,0,1,REAL,C:\Users\jay\New folder (2)\Trustrace\data\document_patches\P8_0000392_X51005757290_MORPHOLOGY_NEG.png
P8_0000393_X51005806679_MORPHOLOGY_NEG,C00058627_X51005806679,X51005806679,group_0345,train,MORPHOLOGY,148,1394,163,1418,15,24,252.5,0.0,AUTHENTIC_REGION,0,1,REAL,C:\Users\jay\New folder (2)\Trustrace\data\document_patches\P8_0000393_X51005806679_MORPHOLOGY_NEG.png
P8_0000394_X51007103643_MORPHOLOGY_NEG,C00123662_X51007103643,X51007103643,group_0704,train,MORPHOLOGY,445,643,458,656,13,13,252.497,0.0,AUTHENTIC_REGION,0,1,REAL,C:\Users\jay\New folder (2)\Trustrace\data\document_patches\P8_0000394_X51007103643_MORPHOLOGY_NEG.png
P8_0000395_X51005806716_MORPHOLOGY_NEG,C00060029_X51005806716,X51005806716,group_0353,train,MORPHOLOGY,120,121,145,149,25,28,252.4914,0.0,AUTHENTIC_REGION,0,1,REAL,C:\Users\jay\New folder (2)\Trustrace\data\document_patches\P8_0000395_X51005806716_MORPHOLOGY_NEG.png
P8_0000396_X51005705760_MORPHOLOGY_NEG,C00036907_X51005705760,X51005705760,group_0218,train,MORPHOLOGY,201,2493,214,2506,13,13,252.4852,0.0,AUTHENTIC_REGION,0,1,REAL,C:\Users\jay\New folder (2)\Trustrace\data\document_patches\P8_0000396_X51005705760_MORPHOLOGY_NEG.png
P8_0000397_X51006350737_MORPHOLOGY_NEG,C00070798_X51006350737,X51006350737,group_0408,train,MORPHOLOGY,103,267,118,297,15,30,252.4844,0.0,AUTHENTIC_REGION,0,1,REAL,C:\Users\jay\New folder (2)\Trustrace\data\document_patches\P8_0000397_X51006350737_MORPHOLOGY_NEG.png
P8_0000398_X51005301661_MORPHOLOGY_NEG,C00004702_X51005301661,X51005301661,group_0011,train,MORPHOLOGY,422,1674,446,1694,24,20,252.4833,0.0,AUTHENTIC_REGION,0,1,REAL,C:\Users\jay\New folder (2)\Trustrace\data\document_patches\P8_0000398_X51005301661_MORPHOLOGY_NEG.png
P8_0000399_X51005303661_MORPHOLOGY_NEG,C00005490_X51005303661,X51005303661,group_0011,train,MORPHOLOGY,422,1674,446,1694,24,20,252.4833,0.0,AUTHENTIC_REGION,0,1,REAL,C:\Users\jay\New folder (2)\Trustrace\data\document_patches\P8_0000399_X51005303661_MORPHOLOGY_NEG.png
P8_0000400_X51005705760_MORPHOLOGY_NEG,C00036908_X51005705760,X51005705760,group_0218,train,MORPHOLOGY,407,2248,420,2261,13,13,252.4793,0.0,AUTHENTIC_REGION,0,1,REAL,C:\Users\jay\New folder (2)\Trustrace\data\document_patches\P8_0000400_X51005705760_MORPHOLOGY_NEG.png
P8_0000401_X51005806698_MORPHOLOGY_NEG,C00059538_X51005806698,X51005806698,group_0350,train,MORPHOLOGY,503,176,513,189,10,13,252.4769,0.0,AUTHENTIC_REGION,0,1,REAL,C:\Users\jay\New folder (2)\Trustrace\data\document_patches\P8_0000401_X51005806698_MORPHOLOGY_NEG.png
P8_0000402_X51007339159_MORPHOLOGY_NEG,C00137894_X51007339159,X51007339159,group_0001,train,MORPHOLOGY,75,1130,85,1142,10,12,252.475,0.0,AUTHENTIC_REGION,0,1,REAL,C:\Users\jay\New folder (2)\Trustrace\data\document_patches\P8_0000402_X51007339159_MORPHOLOGY_NEG.png
P8_0000403_X51005268275_MORPHOLOGY_NEG,C00003710_X51005268275,X51005268275,group_0010,train,MORPHOLOGY,129,1997,145,2011,16,14,252.4643,0.0,AUTHENTIC_REGION,0,1,REAL,C:\Users\jay\New folder (2)\Trustrace\data\document_patches\P8_0000403_X51005268275_MORPHOLOGY_NEG.png
P8_0000404_X51005301666_MORPHOLOGY_NEG,C00004978_X51005301666,X51005301666,group_0010,train,MORPHOLOGY,129,1997,145,2011,16,14,252.4643,0.0,AUTHENTIC_REGION,0,1,REAL,C:\Users\jay\New folder (2)\Trustrace\data\document_patches\P8_0000404_X51005301666_MORPHOLOGY_NEG.png
P8_0000405_X51005361908_MORPHOLOGY_NEG,C00007677_X51005361908,X51005361908,group_0070,train,MORPHOLOGY,931,4,953,36,22,32,252.4602,0.0,AUTHENTIC_REGION,0,1,REAL,C:\Users\jay\New folder (2)\Trustrace\data\document_patches\P8_0000405_X51005361908_MORPHOLOGY_NEG.png
P8_0000406_X51007103610_MORPHOLOGY_NEG,C00123103_X51007103610,X51007103610,group_0701,train,MORPHOLOGY,547,588,563,612,16,24,252.4531,0.0,AUTHENTIC_REGION,0,1,REAL,C:\Users\jay\New folder (2)\Trustrace\data\document_patches\P8_0000406_X51007103610_MORPHOLOGY_NEG.png
P8_0000407_X51005705760_MORPHOLOGY_NEG,C00036909_X51005705760,X51005705760,group_0218,train,MORPHOLOGY,214,1222,232,1254,18,32,252.4514,0.0,AUTHENTIC_REGION,0,1,REAL,C:\Users\jay\New folder (2)\Trustrace\data\document_patches\P8_0000407_X51005705760_MORPHOLOGY_NEG.png
P8_0000408_X51005705760_MORPHOLOGY_NEG,C00036910_X51005705760,X51005705760,group_0218,train,MORPHOLOGY,213,1319,226,1332,13,13,252.4497,0.0,AUTHENTIC_REGION,0,1,REAL,C:\Users\jay\New folder (2)\Trustrace\data\document_patches\P8_0000408_X51005705760_MORPHOLOGY_NEG.png
P8_0000409_X51007103578_MORPHOLOGY_NEG,C00122664_X51007103578,X51007103578,group_0698,train,MORPHOLOGY,463,322,476,335,13,13,252.4438,0.0,AUTHENTIC_REGION,0,1,REAL,C:\Users\jay\New folder (2)\Trustrace\data\document_patches\P8_0000409_X51007103578_MORPHOLOGY_NEG.png
P8_0000410_X51005301667_MORPHOLOGY_NEG,C00005230_X51005301667,X51005301667,group_0058,train,MORPHOLOGY,156,2048,171,2062,15,14,252.4429,0.0,AUTHENTIC_REGION,0,1,REAL,C:\Users\jay\New folder (2)\Trustrace\data\document_patches\P8_0000410_X51005301667_MORPHOLOGY_NEG.png
P8_0000411_X51005757323_MORPHOLOGY_NEG,C00055936_X51005757323,X51005757323,group_0330,train,MORPHOLOGY,96,380,114,397,18,17,252.4412,0.0,AUTHENTIC_REGION,0,1,REAL,C:\Users\jay\New folder (2)\Trustrace\data\document_patches\P8_0000411_X51005757323_MORPHOLOGY_NEG.png
P8_0000412_X51007103675_MORPHOLOGY_NEG,C00124175_X51007103675,X51007103675,group_0707,train,MORPHOLOGY,570,751,585,764,15,13,252.441,0.0,AUTHENTIC_REGION,0,1,REAL,C:\Users\jay\New folder (2)\Trustrace\data\document_patches\P8_0000412_X51007103675_MORPHOLOGY_NEG.png
P8_0000413_X51005705760_MORPHOLOGY_NEG,C00036911_X51005705760,X51005705760,group_0218,train,MORPHOLOGY,668,544,682,567,14,23,252.4379,0.0,AUTHENTIC_REGION,0,1,REAL,C:\Users\jay\New folder (2)\Trustrace\data\document_patches\P8_0000413_X51005705760_MORPHOLOGY_NEG.png
P8_0000414_X51005757282_MORPHOLOGY_NEG,C00054803_X51005757282,X51005757282,group_0323,train,MORPHOLOGY,642,506,655,517,13,11,252.4336,0.0,AUTHENTIC_REGION,0,1,REAL,C:\Users\jay\New folder (2)\Trustrace\data\document_patches\P8_0000414_X51005757282_MORPHOLOGY_NEG.png
P8_0000415_X51005301661_MORPHOLOGY_NEG,C00004703_X51005301661,X51005301661,group_0011,train,MORPHOLOGY,80,404,95,434,15,30,252.4289,0.0,AUTHENTIC_REGION,0,1,REAL,C:\Users\jay\New folder (2)\Trustrace\data\document_patches\P8_0000415_X51005301661_MORPHOLOGY_NEG.png
P8_0000416_X51005303661_MORPHOLOGY_NEG,C00005491_X51005303661,X51005303661,group_0011,train,MORPHOLOGY,80,404,95,434,15,30,252.4289,0.0,AUTHENTIC_REGION,0,1,REAL,C:\Users\jay\New folder (2)\Trustrace\data\document_patches\P8_0000416_X51005303661_MORPHOLOGY_NEG.png
P8_0000417_X51006502533_MORPHOLOGY_NEG,C00086907_X51006502533,X51006502533,group_0500,train,MORPHOLOGY,552,1363,597,1371,45,8,252.4222,0.0,AUTHENTIC_REGION,0,1,REAL,C:\Users\jay\New folder (2)\Trustrace\data\document_patches\P8_0000417_X51006502533_MORPHOLOGY_NEG.png
P8_0000418_X00016469670_MORPHOLOGY_NEG,C00000858_X00016469670,X00016469670,group_0039,train,MORPHOLOGY,240,298,253,311,13,13,252.4201,0.0,AUTHENTIC_REGION,0,1,REAL,C:\Users\jay\New folder (2)\Trustrace\data\document_patches\P8_0000418_X00016469670_MORPHOLOGY_NEG.png
P8_0000419_X51005361908_MORPHOLOGY_NEG,C00007678_X51005361908,X51005361908,group_0070,train,MORPHOLOGY,322,1854,345,1868,23,14,252.4193,0.0,AUTHENTIC_REGION,0,1,REAL,C:\Users\jay\New folder (2)\Trustrace\data\document_patches\P8_0000419_X51005361908_MORPHOLOGY_NEG.png
P8_0000420_X51005705760_MORPHOLOGY_NEG,C00036912_X51005705760,X51005705760,group_0218,train,MORPHOLOGY,422,433,433,448,11,15,252.4182,0.0,AUTHENTIC_REGION,0,1,REAL,C:\Users\jay\New folder (2)\Trustrace\data\document_patches\P8_0000420_X51005705760_MORPHOLOGY_NEG.png
P8_0000421_X51005705760_MORPHOLOGY_NEG,C00036913_X51005705760,X51005705760,group_0218,train,MORPHOLOGY,217,2234,230,2247,13,13,252.4142,0.0,AUTHENTIC_REGION,0,1,REAL,C:\Users\jay\New folder (2)\Trustrace\data\document_patches\P8_0000421_X51005705760_MORPHOLOGY_NEG.png
P8_0000422_X51005705784_MORPHOLOGY_NEG,C00037117_X51005705784,X51005705784,group_0219,train,MORPHOLOGY,104,1028,136,1053,32,25,252.4125,0.0,AUTHENTIC_REGION,0,1,REAL,C:\Users\jay\New folder (2)\Trustrace\data\document_patches\P8_0000422_X51005705784_MORPHOLOGY_NEG.png
P8_0000423_X51005705760_MORPHOLOGY_NEG,C00036914_X51005705760,X51005705760,group_0218,train,MORPHOLOGY,518,2352,531,2365,13,13,252.4083,0.0,AUTHENTIC_REGION,0,1,REAL,C:\Users\jay\New folder (2)\Trustrace\data\document_patches\P8_0000423_X51005705760_MORPHOLOGY_NEG.png
P8_0000424_X51005301661_MORPHOLOGY_NEG,C00004704_X51005301661,X51005301661,group_0011,train,MORPHOLOGY,329,1622,377,1647,48,25,252.405,0.0,AUTHENTIC_REGION,0,1,REAL,C:\Users\jay\New folder (2)\Trustrace\data\document_patches\P8_0000424_X51005301661_MORPHOLOGY_NEG.png
P8_0000425_X51005303661_MORPHOLOGY_NEG,C00005492_X51005303661,X51005303661,group_0011,train,MORPHOLOGY,329,1622,377,1647,48,25,252.405,0.0,AUTHENTIC_REGION,0,1,REAL,C:\Users\jay\New folder (2)\Trustrace\data\document_patches\P8_0000425_X51005303661_MORPHOLOGY_NEG.png
P8_0000426_X51005705759_MORPHOLOGY_NEG,C00036627_X51005705759,X51005705759,group_0217,train,MORPHOLOGY,582,2557,595,2570,13,13,252.4024,0.0,AUTHENTIC_REGION,0,1,REAL,C:\Users\jay\New folder (2)\Trustrace\data\document_patches\P8_0000426_X51005705759_MORPHOLOGY_NEG.png
P8_0000427_X51006008057_MORPHOLOGY_NEG,C00060897_X51006008057,X51006008057,group_0358,train,MORPHOLOGY,274,1354,287,1367,13,13,252.4024,0.0,AUTHENTIC_REGION,0,1,REAL,C:\Users\jay\New folder (2)\Trustrace\data\document_patches\P8_0000427_X51006008057_MORPHOLOGY_NEG.png
P8_0000428_X51005806679_MORPHOLOGY_NEG,C00058628_X51005806679,X51005806679,group_0345,train,MORPHOLOGY,148,1154,163,1180,15,26,252.3974,0.0,AUTHENTIC_REGION,0,1,REAL,C:\Users\jay\New folder (2)\Trustrace\data\document_patches\P8_0000428_X51005806679_MORPHOLOGY_NEG.png
P8_0000429_X51005268275_MORPHOLOGY_NEG,C00003711_X51005268275,X51005268275,group_0010,train,MORPHOLOGY,148,1765,168,1792,20,27,252.3963,0.0,AUTHENTIC_REGION,0,1,REAL,C:\Users\jay\New folder (2)\Trustrace\data\document_patches\P8_0000429_X51005268275_MORPHOLOGY_NEG.png
P8_0000430_X51005301666_MORPHOLOGY_NEG,C00004979_X51005301666,X51005301666,group_0010,train,MORPHOLOGY,148,1765,168,1792,20,27,252.3963,0.0,AUTHENTIC_REGION,0,1,REAL,C:\Users\jay\New folder (2)\Trustrace\data\document_patches\P8_0000430_X51005301666_MORPHOLOGY_NEG.png
P8_0000431_X51008123604_MORPHOLOGY_NEG,C00159678_X51008123604,X51008123604,group_0883,train,MORPHOLOGY,165,163,187,179,22,16,252.3892,0.0,AUTHENTIC_REGION,0,1,REAL,C:\Users\jay\New folder (2)\Trustrace\data\document_patches\P8_0000431_X51008123604_MORPHOLOGY_NEG.png
P8_0000432_X51005757346_MORPHOLOGY_NEG,C00056445_X51005757346,X51005757346,group_0333,train,MORPHOLOGY,138,442,153,457,15,15,252.3822,0.0,AUTHENTIC_REGION,0,1,REAL,C:\Users\jay\New folder (2)\Trustrace\data\document_patches\P8_0000432_X51005757346_MORPHOLOGY_NEG.png
P8_0000433_X51005268275_MORPHOLOGY_NEG,C00003712_X51005268275,X51005268275,group_0010,train,MORPHOLOGY,299,1490,310,1509,11,19,252.378,0.0,AUTHENTIC_REGION,0,1,REAL,C:\Users\jay\New folder (2)\Trustrace\data\document_patches\P8_0000433_X51005268275_MORPHOLOGY_NEG.png
P8_0000434_X51005301666_MORPHOLOGY_NEG,C00004980_X51005301666,X51005301666,group_0010,train,MORPHOLOGY,299,1490,310,1509,11,19,252.378,0.0,AUTHENTIC_REGION,0,1,REAL,C:\Users\jay\New folder (2)\Trustrace\data\document_patches\P8_0000434_X51005301666_MORPHOLOGY_NEG.png
P8_0000435_X51006392313_MORPHOLOGY_NEG,C00075649_X51006392313,X51006392313,group_0445,train,MORPHOLOGY,475,1720,492,1733,17,13,252.3756,0.0,AUTHENTIC_REGION,0,1,REAL,C:\Users\jay\New folder (2)\Trustrace\data\document_patches\P8_0000435_X51006392313_MORPHOLOGY_NEG.png
P8_0000436_X51005757290_MORPHOLOGY_NEG,C00055107_X51005757290,X51005757290,group_0325,train,MORPHOLOGY,61,1059,77,1084,16,25,252.3725,0.0,AUTHENTIC_REGION,0,1,REAL,C:\Users\jay\New folder (2)\Trustrace\data\document_patches\P8_0000436_X51005757290_MORPHOLOGY_NEG.png
P8_0000437_X51006387931_MORPHOLOGY_NEG,C00072089_X51006387931,X51006387931,group_0418,train,MORPHOLOGY,399,713,422,743,23,30,252.3725,0.0,AUTHENTIC_REGION,0,1,REAL,C:\Users\jay\New folder (2)\Trustrace\data\document_patches\P8_0000437_X51006387931_MORPHOLOGY_NEG.png
P8_0000438_X51007339120_MORPHOLOGY_NEG,C00133785_X51007339120,X51007339120,group_0001,train,MORPHOLOGY,56,1389,67,1401,11,12,252.3712,0.0,AUTHENTIC_REGION,0,1,REAL,C:\Users\jay\New folder (2)\Trustrace\data\document_patches\P8_0000438_X51007339120_MORPHOLOGY_NEG.png
P8_0000439_X51006334699_MORPHOLOGY_NEG,C00068205_X51006334699,X51006334699,group_0392,train,MORPHOLOGY,151,854,172,881,21,27,252.3668,0.0,AUTHENTIC_REGION,0,1,REAL,C:\Users\jay\New folder (2)\Trustrace\data\document_patches\P8_0000439_X51006334699_MORPHOLOGY_NEG.png
P8_0000440_X51006388066_MORPHOLOGY_NEG,C00073278_X51006388066,X51006388066,group_0428,train,MORPHOLOGY,21,119,31,130,10,11,252.3636,0.0,AUTHENTIC_REGION,0,1,REAL,C:\Users\jay\New folder (2)\Trustrace\data\document_patches\P8_0000440_X51006388066_MORPHOLOGY_NEG.png
P8_0000441_X51005806718_MORPHOLOGY_NEG,C00060216_X51005806718,X51005806718,group_0354,train,MORPHOLOGY,98,149,116,174,18,25,252.3622,0.0,AUTHENTIC_REGION,0,1,REAL,C:\Users\jay\New folder (2)\Trustrace\data\document_patches\P8_0000441_X51005806718_MORPHOLOGY_NEG.png
P8_0000442_X51005361908_MORPHOLOGY_NEG,C00007679_X51005361908,X51005361908,group_0070,train,MORPHOLOGY,347,214,360,227,13,13,252.3609,0.0,AUTHENTIC_REGION,0,1,REAL,C:\Users\jay\New folder (2)\Trustrace\data\document_patches\P8_0000442_X51005361908_MORPHOLOGY_NEG.png
P8_0000443_X51005663273_MORPHOLOGY_NEG,C00026420_X51005663273,X51005663273,group_0163,train,MORPHOLOGY,214,851,228,865,14,14,252.3571,0.0,AUTHENTIC_REGION,0,1,REAL,C:\Users\jay\New folder (2)\Trustrace\data\document_patches\P8_0000443_X51005663273_MORPHOLOGY_NEG.png
P8_0000444_X51005715007_MORPHOLOGY_NEG,C00041125_X51005715007,X51005715007,group_0244,train,MORPHOLOGY,325,864,386,873,61,9,252.357,0.0,AUTHENTIC_REGION,0,1,REAL,C:\Users\jay\New folder (2)\Trustrace\data\document_patches\P8_0000444_X51005715007_MORPHOLOGY_NEG.png
P8_0000445_X51007103610_MORPHOLOGY_NEG,C00123104_X51007103610,X51007103610,group_0701,train,MORPHOLOGY,200,1007,235,1037,35,30,252.3533,0.0,AUTHENTIC_REGION,0,1,REAL,C:\Users\jay\New folder (2)\Trustrace\data\document_patches\P8_0000445_X51007103610_MORPHOLOGY_NEG.png
P8_0000446_X51005301661_MORPHOLOGY_NEG,C00004705_X51005301661,X51005301661,group_0011,train,MORPHOLOGY,612,1746,625,1759,13,13,252.3491,0.0,AUTHENTIC_REGION,0,1,REAL,C:\Users\jay\New folder (2)\Trustrace\data\document_patches\P8_0000446_X51005301661_MORPHOLOGY_NEG.png
P8_0000447_X51005303661_MORPHOLOGY_NEG,C00005493_X51005303661,X51005303661,group_0011,train,MORPHOLOGY,612,1746,625,1759,13,13,252.3491,0.0,AUTHENTIC_REGION,0,1,REAL,C:\Users\jay\New folder (2)\Trustrace\data\document_patches\P8_0000447_X51005303661_MORPHOLOGY_NEG.png
P8_0000448_X51005361908_MORPHOLOGY_NEG,C00007680_X51005361908,X51005361908,group_0070,train,MORPHOLOGY,387,2170,400,2183,13,13,252.3491,0.0,AUTHENTIC_REGION,0,1,REAL,C:\Users\jay\New folder (2)\Trustrace\data\document_patches\P8_0000448_X51005361908_MORPHOLOGY_NEG.png
P8_0000449_X51005361908_MORPHOLOGY_NEG,C00007681_X51005361908,X51005361908,group_0070,train,MORPHOLOGY,283,1230,296,1243,13,13,252.3373,0.0,AUTHENTIC_REGION,0,1,REAL,C:\Users\jay\New folder (2)\Trustrace\data\document_patches\P8_0000449_X51005361908_MORPHOLOGY_NEG.png
P8_0000450_X51005705760_MORPHOLOGY_NEG,C00036915_X51005705760,X51005705760,group_0218,train,MORPHOLOGY,289,2494,302,2507,13,13,252.3373,0.0,AUTHENTIC_REGION,0,1,REAL,C:\Users\jay\New folder (2)\Trustrace\data\document_patches\P8_0000450_X51005705760_MORPHOLOGY_NEG.png
P8_0000451_X51005587261_MORPHOLOGY_NEG,C00023990_X51005587261,X51005587261,group_0150,train,MORPHOLOGY,643,731,658,753,15,22,252.3364,0.0,AUTHENTIC_REGION,0,1,REAL,C:\Users\jay\New folder (2)\Trustrace\data\document_patches\P8_0000451_X51005587261_MORPHOLOGY_NEG.png
P8_0000452_X51007339162_MORPHOLOGY_NEG,C00138530_X51007339162,X51007339162,group_0001,train,MORPHOLOGY,74,1314,86,1323,12,9,252.3333,0.0,AUTHENTIC_REGION,0,1,REAL,C:\Users\jay\New folder (2)\Trustrace\data\document_patches\P8_0000452_X51007339162_MORPHOLOGY_NEG.png
P8_0000453_X51005757292_MORPHOLOGY_NEG,C00055254_X51005757292,X51005757292,group_0326,train,MORPHOLOGY,353,323,368,339,15,16,252.3292,0.0,AUTHENTIC_REGION,0,1,REAL,C:\Users\jay\New folder (2)\Trustrace\data\document_patches\P8_0000453_X51005757292_MORPHOLOGY_NEG.png
P8_0000454_X51007103691_MORPHOLOGY_NEG,C00124792_X51007103691,X51007103691,group_0711,train,MORPHOLOGY,520,457,544,465,24,8,252.3281,0.0,AUTHENTIC_REGION,0,1,REAL,C:\Users\jay\New folder (2)\Trustrace\data\document_patches\P8_0000454_X51007103691_MORPHOLOGY_NEG.png
P8_0000455_X51005705760_MORPHOLOGY_NEG,C00036916_X51005705760,X51005705760,group_0218,train,MORPHOLOGY,427,2281,452,2295,25,14,252.3229,0.0,AUTHENTIC_REGION,0,1,REAL,C:\Users\jay\New folder (2)\Trustrace\data\document_patches\P8_0000455_X51005705760_MORPHOLOGY_NEG.png
P8_0000456_X51005757282_MORPHOLOGY_NEG,C00054804_X51005757282,X51005757282,group_0323,train,MORPHOLOGY,280,1118,331,1147,51,29,252.313,0.0,AUTHENTIC_REGION,0,1,REAL,C:\Users\jay\New folder (2)\Trustrace\data\document_patches\P8_0000456_X51005757282_MORPHOLOGY_NEG.png
P8_0000457_X51006008083_MORPHOLOGY_NEG,C00061813_X51006008083,X51006008083,group_0363,train,MORPHOLOGY,110,961,126,975,16,14,252.308,0.0,AUTHENTIC_REGION,0,1,REAL,C:\Users\jay\New folder (2)\Trustrace\data\document_patches\P8_0000457_X51006008083_MORPHOLOGY_NEG.png
P8_0000458_X51006335552_MORPHOLOGY_NEG,C00069801_X51006335552,X51006335552,group_0402,train,MORPHOLOGY,58,1582,80,1615,22,33,252.3017,0.0,AUTHENTIC_REGION,0,1,REAL,C:\Users\jay\New folder (2)\Trustrace\data\document_patches\P8_0000458_X51006335552_MORPHOLOGY_NEG.png
P8_0000459_X51005719895_MORPHOLOGY_NEG,C00044498_X51005719895,X51005719895,group_0265,train,MORPHOLOGY,241,2654,307,2662,66,8,252.286,0.0,AUTHENTIC_REGION,0,1,REAL,C:\Users\jay\New folder (2)\Trustrace\data\document_patches\P8_0000459_X51005719895_MORPHOLOGY_NEG.png
P8_0000460_X51005712021_MORPHOLOGY_NEG,C00040478_X51005712021,X51005712021,group_0240,train,MORPHOLOGY,233,676,246,690,13,14,252.2857,0.0,AUTHENTIC_REGION,0,1,REAL,C:\Users\jay\New folder (2)\Trustrace\data\document_patches\P8_0000460_X51005712021_MORPHOLOGY_NEG.png
P8_0000461_X51007103578_MORPHOLOGY_NEG,C00122665_X51007103578,X51007103578,group_0698,train,MORPHOLOGY,553,1690,642,1698,89,8,252.2809,0.0,AUTHENTIC_REGION,0,1,REAL,C:\Users\jay\New folder (2)\Trustrace\data\document_patches\P8_0000461_X51007103578_MORPHOLOGY_NEG.png
P8_0000462_X51005806696_MORPHOLOGY_NEG,C00059367_X51005806696,X51005806696,group_0349,train,MORPHOLOGY,680,517,727,528,47,11,252.2785,0.0,AUTHENTIC_REGION,0,1,REAL,C:\Users\jay\New folder (2)\Trustrace\data\document_patches\P8_0000462_X51005806696_MORPHOLOGY_NEG.png
P8_0000463_X51005764154_MORPHOLOGY_NEG,C00058102_X51005764154,X51005764154,group_0342,train,MORPHOLOGY,75,297,96,330,21,33,252.2684,0.0,AUTHENTIC_REGION,0,1,REAL,C:\Users\jay\New folder (2)\Trustrace\data\document_patches\P8_0000463_X51005764154_MORPHOLOGY_NEG.png
P8_0000464_X51005757323_MORPHOLOGY_NEG,C00055937_X51005757323,X51005757323,group_0330,train,MORPHOLOGY,285,519,300,534,15,15,252.2667,0.0,AUTHENTIC_REGION,0,1,REAL,C:\Users\jay\New folder (2)\Trustrace\data\document_patches\P8_0000464_X51005757323_MORPHOLOGY_NEG.png
P8_0000465_X51006327953_MORPHOLOGY_NEG,C00065262_X51006327953,X51006327953,group_0381,train,MORPHOLOGY,80,1006,96,1032,16,26,252.2644,0.0,AUTHENTIC_REGION,0,1,REAL,C:\Users\jay\New folder (2)\Trustrace\data\document_patches\P8_0000465_X51006327953_MORPHOLOGY_NEG.png
P8_0000466_X51005746210_MORPHOLOGY_NEG,C00052700_X51005746210,X51005746210,group_0310,train,MORPHOLOGY,546,1317,561,1349,15,32,252.2583,0.0,AUTHENTIC_REGION,0,1,REAL,C:\Users\jay\New folder (2)\Trustrace\data\document_patches\P8_0000466_X51005746210_MORPHOLOGY_NEG.png
P8_0000467_X51006008197_MORPHOLOGY_NEG,C00063776_X51006008197,X51006008197,group_0371,train,MORPHOLOGY,516,339,561,371,45,32,252.2535,0.0,AUTHENTIC_REGION,0,1,REAL,C:\Users\jay\New folder (2)\Trustrace\data\document_patches\P8_0000467_X51006008197_MORPHOLOGY_NEG.png
P8_0000468_X51005361908_MORPHOLOGY_NEG,C00007682_X51005361908,X51005361908,group_0070,train,MORPHOLOGY,394,215,407,228,13,13,252.2426,0.0,AUTHENTIC_REGION,0,1,REAL,C:\Users\jay\New folder (2)\Trustrace\data\document_patches\P8_0000468_X51005361908_MORPHOLOGY_NEG.png
P8_0000469_X51005806719_MORPHOLOGY_NEG,C00060379_X51005806719,X51005806719,group_0355,train,MORPHOLOGY,645,765,660,783,15,18,252.237,0.0,AUTHENTIC_REGION,0,1,REAL,C:\Users\jay\New folder (2)\Trustrace\data\document_patches\P8_0000469_X51005806719_MORPHOLOGY_NEG.png
P8_0000470_X51005361908_MORPHOLOGY_NEG,C00007683_X51005361908,X51005361908,group_0070,train,MORPHOLOGY,411,878,424,891,13,13,252.2367,0.0,AUTHENTIC_REGION,0,1,REAL,C:\Users\jay\New folder (2)\Trustrace\data\document_patches\P8_0000470_X51005361908_MORPHOLOGY_NEG.png
P8_0000471_X51005757294_MORPHOLOGY_NEG,C00055401_X51005757294,X51005757294,group_0327,train,MORPHOLOGY,457,303,471,314,14,11,252.2338,0.0,AUTHENTIC_REGION,0,1,REAL,C:\Users\jay\New folder (2)\Trustrace\data\document_patches\P8_0000471_X51005757294_MORPHOLOGY_NEG.png
P8_0000472_X51005361908_MORPHOLOGY_NEG,C00007684_X51005361908,X51005361908,group_0070,train,MORPHOLOGY,1490,2091,1500,2100,10,9,252.2333,0.0,AUTHENTIC_REGION,0,1,REAL,C:\Users\jay\New folder (2)\Trustrace\data\document_patches\P8_0000472_X51005361908_MORPHOLOGY_NEG.png
P8_0000473_X51005806679_MORPHOLOGY_NEG,C00058629_X51005806679,X51005806679,group_0345,train,MORPHOLOGY,832,1192,844,1216,12,24,252.2326,0.0,AUTHENTIC_REGION,0,1,REAL,C:\Users\jay\New folder (2)\Trustrace\data\document_patches\P8_0000473_X51005806679_MORPHOLOGY_NEG.png
P8_0000474_X51006328920_MORPHOLOGY_NEG,C00066394_X51006328920,X51006328920,group_0386,train,MORPHOLOGY,253,487,268,508,15,21,252.2317,0.0,AUTHENTIC_REGION,0,1,REAL,C:\Users\jay\New folder (2)\Trustrace\data\document_patches\P8_0000474_X51006328920_MORPHOLOGY_NEG.png
P8_0000475_X51005675095_MORPHOLOGY_NEG,C00029764_X51005675095,X51005675095,group_0182,train,MORPHOLOGY,446,540,470,561,24,21,252.2282,0.0,AUTHENTIC_REGION,0,1,REAL,C:\Users\jay\New folder (2)\Trustrace\data\document_patches\P8_0000475_X51005675095_MORPHOLOGY_NEG.png
P8_0000476_X51005806720_MORPHOLOGY_NEG,C00060536_X51005806720,X51005806720,group_0356,train,MORPHOLOGY,647,484,662,504,15,20,252.2267,0.0,AUTHENTIC_REGION,0,1,REAL,C:\Users\jay\New folder (2)\Trustrace\data\document_patches\P8_0000476_X51005806720_MORPHOLOGY_NEG.png
P8_0000477_X51005712021_MORPHOLOGY_NEG,C00040479_X51005712021,X51005712021,group_0240,train,MORPHOLOGY,468,706,481,719,13,13,252.2249,0.0,AUTHENTIC_REGION,0,1,REAL,C:\Users\jay\New folder (2)\Trustrace\data\document_patches\P8_0000477_X51005712021_MORPHOLOGY_NEG.png
P8_0000478_X51005806698_MORPHOLOGY_NEG,C00059539_X51005806698,X51005806698,group_0350,train,MORPHOLOGY,552,772,609,788,57,16,252.2237,0.0,AUTHENTIC_REGION,0,1,REAL,C:\Users\jay\New folder (2)\Trustrace\data\document_patches\P8_0000478_X51005806698_MORPHOLOGY_NEG.png
P8_0000479_X51005705760_MORPHOLOGY_NEG,C00036917_X51005705760,X51005705760,group_0218,train,MORPHOLOGY,366,2459,379,2472,13,13,252.213,0.0,AUTHENTIC_REGION,0,1,REAL,C:\Users\jay\New folder (2)\Trustrace\data\document_patches\P8_0000479_X51005705760_MORPHOLOGY_NEG.png
P8_0000480_X51005806679_MORPHOLOGY_NEG,C00058630_X51005806679,X51005806679,group_0345,train,MORPHOLOGY,147,1470,163,1498,16,28,252.2076,0.0,AUTHENTIC_REGION,0,1,REAL,C:\Users\jay\New folder (2)\Trustrace\data\document_patches\P8_0000480_X51005806679_MORPHOLOGY_NEG.png
P8_0000481_X51005577191_MORPHOLOGY_NEG,C00023358_X51005577191,X51005577191,group_0018,train,MORPHOLOGY,101,1178,114,1191,13,13,252.2071,0.0,AUTHENTIC_REGION,0,1,REAL,C:\Users\jay\New folder (2)\Trustrace\data\document_patches\P8_0000481_X51005577191_MORPHOLOGY_NEG.png
P8_0000482_X51005705759_MORPHOLOGY_NEG,C00036628_X51005705759,X51005705759,group_0217,train,MORPHOLOGY,371,2316,386,2339,15,23,252.2029,0.0,AUTHENTIC_REGION,0,1,REAL,C:\Users\jay\New folder (2)\Trustrace\data\document_patches\P8_0000482_X51005705759_MORPHOLOGY_NEG.png
P8_0000483_X51005705784_MORPHOLOGY_NEG,C00037118_X51005705784,X51005705784,group_0219,train,MORPHOLOGY,647,832,677,851,30,19,252.2018,0.0,AUTHENTIC_REGION,0,1,REAL,C:\Users\jay\New folder (2)\Trustrace\data\document_patches\P8_0000483_X51005705784_MORPHOLOGY_NEG.png
P8_0000484_X51005757294_MORPHOLOGY_NEG,C00055402_X51005757294,X51005757294,group_0327,train,MORPHOLOGY,573,634,586,647,13,13,252.1953,0.0,AUTHENTIC_REGION,0,1,REAL,C:\Users\jay\New folder (2)\Trustrace\data\document_patches\P8_0000484_X51005757294_MORPHOLOGY_NEG.png
P8_0000485_X51005806716_MORPHOLOGY_NEG,C00060030_X51005806716,X51005806716,group_0353,train,MORPHOLOGY,650,1033,661,1052,11,19,252.1914,0.0,AUTHENTIC_REGION,0,1,REAL,C:\Users\jay\New folder (2)\Trustrace\data\document_patches\P8_0000485_X51005806716_MORPHOLOGY_NEG.png
P8_0000486_X51006008081_MORPHOLOGY_NEG,C00061404_X51006008081,X51006008081,group_0361,train,MORPHOLOGY,421,145,450,158,29,13,252.191,0.0,AUTHENTIC_REGION,0,1,REAL,C:\Users\jay\New folder (2)\Trustrace\data\document_patches\P8_0000486_X51006008081_MORPHOLOGY_NEG.png
P8_0000487_X51005715455_MORPHOLOGY_NEG,C00041500_X51005715455,X51005715455,group_0247,train,MORPHOLOGY,58,739,71,752,13,13,252.1893,0.0,AUTHENTIC_REGION,0,1,REAL,C:\Users\jay\New folder (2)\Trustrace\data\document_patches\P8_0000487_X51005715455_MORPHOLOGY_NEG.png
P8_0000488_X51007103687_MORPHOLOGY_NEG,C00124465_X51007103687,X51007103687,group_0709,train,MORPHOLOGY,84,1246,97,1257,13,11,252.1818,0.0,AUTHENTIC_REGION,0,1,REAL,C:\Users\jay\New folder (2)\Trustrace\data\document_patches\P8_0000488_X51007103687_MORPHOLOGY_NEG.png
P8_0000489_X51005806716_MORPHOLOGY_NEG,C00060031_X51005806716,X51005806716,group_0353,train,MORPHOLOGY,577,1115,599,1141,22,26,252.1801,0.0,AUTHENTIC_REGION,0,1,REAL,C:\Users\jay\New folder (2)\Trustrace\data\document_patches\P8_0000489_X51005806716_MORPHOLOGY_NEG.png
P8_0000490_X51005301661_MORPHOLOGY_NEG,C00004706_X51005301661,X51005301661,group_0011,train,MORPHOLOGY,449,1558,462,1571,13,13,252.1775,0.0,AUTHENTIC_REGION,0,1,REAL,C:\Users\jay\New folder (2)\Trustrace\data\document_patches\P8_0000490_X51005301661_MORPHOLOGY_NEG.png
P8_0000491_X51005303661_MORPHOLOGY_NEG,C00005494_X51005303661,X51005303661,group_0011,train,MORPHOLOGY,449,1558,462,1571,13,13,252.1775,0.0,AUTHENTIC_REGION,0,1,REAL,C:\Users\jay\New folder (2)\Trustrace\data\document_patches\P8_0000491_X51005303661_MORPHOLOGY_NEG.png
P8_0000492_X51007103643_MORPHOLOGY_NEG,C00123663_X51007103643,X51007103643,group_0704,train,MORPHOLOGY,273,371,286,384,13,13,252.1775,0.0,AUTHENTIC_REGION,0,1,REAL,C:\Users\jay\New folder (2)\Trustrace\data\document_patches\P8_0000492_X51007103643_MORPHOLOGY_NEG.png
P8_0000493_X51005301661_MORPHOLOGY_NEG,C00004707_X51005301661,X51005301661,group_0011,train,MORPHOLOGY,616,1445,643,1462,27,17,252.1678,0.0,AUTHENTIC_REGION,0,1,REAL,C:\Users\jay\New folder (2)\Trustrace\data\document_patches\P8_0000493_X51005301661_MORPHOLOGY_NEG.png
P8_0000494_X51005303661_MORPHOLOGY_NEG,C00005495_X51005303661,X51005303661,group_0011,train,MORPHOLOGY,616,1445,643,1462,27,17,252.1678,0.0,AUTHENTIC_REGION,0,1,REAL,C:\Users\jay\New folder (2)\Trustrace\data\document_patches\P8_0000494_X51005303661_MORPHOLOGY_NEG.png
P8_0000495_X51005757323_MORPHOLOGY_NEG,C00055938_X51005757323,X51005757323,group_0330,train,MORPHOLOGY,15,568,35,587,20,19,252.1658,0.0,AUTHENTIC_REGION,0,1,REAL,C:\Users\jay\New folder (2)\Trustrace\data\document_patches\P8_0000495_X51005757323_MORPHOLOGY_NEG.png
P8_0000496_X51005568887_MORPHOLOGY_NEG,C00021064_X51005568887,X51005568887,group_0135,train,MORPHOLOGY,763,638,776,651,13,13,252.1657,0.0,AUTHENTIC_REGION,0,1,REAL,C:\Users\jay\New folder (2)\Trustrace\data\document_patches\P8_0000496_X51005568887_MORPHOLOGY_NEG.png
P8_0000497_X51005705760_MORPHOLOGY_NEG,C00036918_X51005705760,X51005705760,group_0218,train,MORPHOLOGY,110,1555,123,1568,13,13,252.1657,0.0,AUTHENTIC_REGION,0,1,REAL,C:\Users\jay\New folder (2)\Trustrace\data\document_patches\P8_0000497_X51005705760_MORPHOLOGY_NEG.png
P8_0000498_X51006388064_MORPHOLOGY_NEG,C00073143_X51006388064,X51006388064,group_0426,train,MORPHOLOGY,237,1485,318,1499,81,14,252.1623,0.0,AUTHENTIC_REGION,0,1,REAL,C:\Users\jay\New folder (2)\Trustrace\data\document_patches\P8_0000498_X51006388064_MORPHOLOGY_NEG.png
P8_0000499_X51006008095_MORPHOLOGY_NEG,C00063327_X51006008095,X51006008095,group_0023,train,MORPHOLOGY,525,153,564,173,39,20,252.1615,0.0,AUTHENTIC_REGION,0,1,REAL,C:\Users\jay\New folder (2)\Trustrace\data\document_patches\P8_0000499_X51006008095_MORPHOLOGY_NEG.png
P8_0000500_X51005745249_MORPHOLOGY_NEG,C00051092_X51005745249,X51005745249,group_0302,train,MORPHOLOGY,49,916,60,925,11,9,252.1515,0.0,AUTHENTIC_REGION,0,1,REAL,C:\Users\jay\New folder (2)\Trustrace\data\document_patches\P8_0000500_X51005745249_MORPHOLOGY_NEG.png
P8_0000501_X51006388066_MORPHOLOGY_NEG,C00073279_X51006388066,X51006388066,group_0428,train,MORPHOLOGY,591,967,604,980,13,13,252.1479,0.0,AUTHENTIC_REGION,0,1,REAL,C:\Users\jay\New folder (2)\Trustrace\data\document_patches\P8_0000501_X51006388066_MORPHOLOGY_NEG.png
P8_0000502_X51005715455_MORPHOLOGY_NEG,C00041501_X51005715455,X51005715455,group_0247,train,MORPHOLOGY,55,560,81,590,26,30,252.1423,0.0,AUTHENTIC_REGION,0,1,REAL,C:\Users\jay\New folder (2)\Trustrace\data\document_patches\P8_0000502_X51005715455_MORPHOLOGY_NEG.png
P8_0000503_X51005745214_MORPHOLOGY_NEG,C00050740_X51005745214,X51005745214,group_0300,train,MORPHOLOGY,44,1085,60,1096,16,11,252.1307,0.0,AUTHENTIC_REGION,0,1,REAL,C:\Users\jay\New folder (2)\Trustrace\data\document_patches\P8_0000503_X51005745214_MORPHOLOGY_NEG.png
P8_0000504_X51005301667_MORPHOLOGY_NEG,C00005231_X51005301667,X51005301667,group_0058,train,MORPHOLOGY,704,1187,722,1212,18,25,252.1267,0.0,AUTHENTIC_REGION,0,1,REAL,C:\Users\jay\New folder (2)\Trustrace\data\document_patches\P8_0000504_X51005301667_MORPHOLOGY_NEG.png
P8_0000505_X51005587261_MORPHOLOGY_NEG,C00023991_X51005587261,X51005587261,group_0150,train,MORPHOLOGY,572,1505,587,1521,15,16,252.125,0.0,AUTHENTIC_REGION,0,1,REAL,C:\Users\jay\New folder (2)\Trustrace\data\document_patches\P8_0000505_X51005587261_MORPHOLOGY_NEG.png
P8_0000506_X51005361908_MORPHOLOGY_NEG,C00007685_X51005361908,X51005361908,group_0070,train,MORPHOLOGY,318,1178,331,1191,13,13,252.1243,0.0,AUTHENTIC_REGION,0,1,REAL,C:\Users\jay\New folder (2)\Trustrace\data\document_patches\P8_0000506_X51005361908_MORPHOLOGY_NEG.png
P8_0000507_X51005705760_MORPHOLOGY_NEG,C00036919_X51005705760,X51005705760,group_0218,train,MORPHOLOGY,273,2228,286,2241,13,13,252.1243,0.0,AUTHENTIC_REGION,0,1,REAL,C:\Users\jay\New folder (2)\Trustrace\data\document_patches\P8_0000507_X51005705760_MORPHOLOGY_NEG.png
P8_0000508_X51005705784_MORPHOLOGY_NEG,C00037119_X51005705784,X51005705784,group_0219,train,MORPHOLOGY,755,1921,768,1934,13,13,252.1243,0.0,AUTHENTIC_REGION,0,1,REAL,C:\Users\jay\New folder (2)\Trustrace\data\document_patches\P8_0000508_X51005705784_MORPHOLOGY_NEG.png
P8_0000509_X51006387951_MORPHOLOGY_NEG,C00072414_X51006387951,X51006387951,group_0421,train,MORPHOLOGY,279,927,292,940,13,13,252.1243,0.0,AUTHENTIC_REGION,0,1,REAL,C:\Users\jay\New folder (2)\Trustrace\data\document_patches\P8_0000509_X51006387951_MORPHOLOGY_NEG.png
P8_0000510_X51008123604_MORPHOLOGY_NEG,C00159679_X51008123604,X51008123604,group_0883,train,MORPHOLOGY,107,405,120,418,13,13,252.1243,0.0,AUTHENTIC_REGION,0,1,REAL,C:\Users\jay\New folder (2)\Trustrace\data\document_patches\P8_0000510_X51008123604_MORPHOLOGY_NEG.png
P8_0000511_X51006350750_MORPHOLOGY_NEG,C00070858_X51006350750,X51006350750,group_0409,train,MORPHOLOGY,268,558,281,583,13,25,252.1231,0.0,AUTHENTIC_REGION,0,1,REAL,C:\Users\jay\New folder (2)\Trustrace\data\document_patches\P8_0000511_X51006350750_MORPHOLOGY_NEG.png
P8_0000512_X51005577191_MORPHOLOGY_NEG,C00023359_X51005577191,X51005577191,group_0018,train,MORPHOLOGY,344,278,357,287,13,9,252.1197,0.0,AUTHENTIC_REGION,0,1,REAL,C:\Users\jay\New folder (2)\Trustrace\data\document_patches\P8_0000512_X51005577191_MORPHOLOGY_NEG.png
P8_0000513_X00016469670_MORPHOLOGY_NEG,C00000859_X00016469670,X00016469670,group_0039,train,MORPHOLOGY,193,536,206,549,13,13,252.1183,0.0,AUTHENTIC_REGION,0,1,REAL,C:\Users\jay\New folder (2)\Trustrace\data\document_patches\P8_0000513_X00016469670_MORPHOLOGY_NEG.png
P8_0000514_X51005361908_MORPHOLOGY_NEG,C00007686_X51005361908,X51005361908,group_0070,train,MORPHOLOGY,373,386,411,407,38,21,252.1178,0.0,AUTHENTIC_REGION,0,1,REAL,C:\Users\jay\New folder (2)\Trustrace\data\document_patches\P8_0000514_X51005361908_MORPHOLOGY_NEG.png
P8_0000515_X51006334766_MORPHOLOGY_NEG,C00068724_X51006334766,X51006334766,group_0395,train,MORPHOLOGY,579,779,604,811,25,32,252.105,0.0,AUTHENTIC_REGION,0,1,REAL,C:\Users\jay\New folder (2)\Trustrace\data\document_patches\P8_0000515_X51006334766_MORPHOLOGY_NEG.png
P8_0000516_X51006327953_MORPHOLOGY_NEG,C00065263_X51006327953,X51006327953,group_0381,train,MORPHOLOGY,76,1096,99,1124,23,28,252.104,0.0,AUTHENTIC_REGION,0,1,REAL,C:\Users\jay\New folder (2)\Trustrace\data\document_patches\P8_0000516_X51006327953_MORPHOLOGY_NEG.png
P8_0000517_X51006008083_MORPHOLOGY_NEG,C00061814_X51006008083,X51006008083,group_0363,train,MORPHOLOGY,661,543,680,565,19,22,252.1005,0.0,AUTHENTIC_REGION,0,1,REAL,C:\Users\jay\New folder (2)\Trustrace\data\document_patches\P8_0000517_X51006008083_MORPHOLOGY_NEG.png
P8_0000518_X51007103691_MORPHOLOGY_NEG,C00124793_X51007103691,X51007103691,group_0711,train,MORPHOLOGY,705,552,718,566,13,14,252.0989,0.0,AUTHENTIC_REGION,0,1,REAL,C:\Users\jay\New folder (2)\Trustrace\data\document_patches\P8_0000518_X51007103691_MORPHOLOGY_NEG.png
P8_0000519_X51005757292_MORPHOLOGY_NEG,C00055255_X51005757292,X51005757292,group_0326,train,MORPHOLOGY,452,303,468,317,16,14,252.0982,0.0,AUTHENTIC_REGION,0,1,REAL,C:\Users\jay\New folder (2)\Trustrace\data\document_patches\P8_0000519_X51005757292_MORPHOLOGY_NEG.png
P8_0000520_X51005705760_MORPHOLOGY_NEG,C00036920_X51005705760,X51005705760,group_0218,train,MORPHOLOGY,301,738,344,774,43,36,252.0956,0.0,AUTHENTIC_REGION,0,1,REAL,C:\Users\jay\New folder (2)\Trustrace\data\document_patches\P8_0000520_X51005705760_MORPHOLOGY_NEG.png
P8_0000521_X51005806698_MORPHOLOGY_NEG,C00059540_X51005806698,X51005806698,group_0350,train,MORPHOLOGY,576,1164,586,1177,10,13,252.0923,0.0,AUTHENTIC_REGION,0,1,REAL,C:\Users\jay\New folder (2)\Trustrace\data\document_patches\P8_0000521_X51005806698_MORPHOLOGY_NEG.png
P8_0000522_X51005705784_MORPHOLOGY_NEG,C00037120_X51005705784,X51005705784,group_0219,train,MORPHOLOGY,97,989,134,1015,37,26,252.0904,0.0,AUTHENTIC_REGION,0,1,REAL,C:\Users\jay\New folder (2)\Trustrace\data\document_patches\P8_0000522_X51005705784_MORPHOLOGY_NEG.png
P8_0000523_X51005361908_MORPHOLOGY_NEG,C00007687_X51005361908,X51005361908,group_0070,train,MORPHOLOGY,594,242,607,255,13,13,252.0888,0.0,AUTHENTIC_REGION,0,1,REAL,C:\Users\jay\New folder (2)\Trustrace\data\document_patches\P8_0000523_X51005361908_MORPHOLOGY_NEG.png
P8_0000524_X51005361908_MORPHOLOGY_NEG,C00007688_X51005361908,X51005361908,group_0070,train,MORPHOLOGY,523,795,536,808,13,13,252.0888,0.0,AUTHENTIC_REGION,0,1,REAL,C:\Users\jay\New folder (2)\Trustrace\data\document_patches\P8_0000524_X51005361908_MORPHOLOGY_NEG.png
P8_0000525_X51005301661_MORPHOLOGY_NEG,C00004708_X51005301661,X51005301661,group_0011,train,MORPHOLOGY,477,1636,490,1649,13,13,252.0828,0.0,AUTHENTIC_REGION,0,1,REAL,C:\Users\jay\New folder (2)\Trustrace\data\document_patches\P8_0000525_X51005301661_MORPHOLOGY_NEG.png
P8_0000526_X51005303661_MORPHOLOGY_NEG,C00005496_X51005303661,X51005303661,group_0011,train,MORPHOLOGY,477,1636,490,1649,13,13,252.0828,0.0,AUTHENTIC_REGION,0,1,REAL,C:\Users\jay\New folder (2)\Trustrace\data\document_patches\P8_0000526_X51005303661_MORPHOLOGY_NEG.png
P8_0000527_X51005301667_MORPHOLOGY_NEG,C00005232_X51005301667,X51005301667,group_0058,train,MORPHOLOGY,141,1901,172,1925,31,24,252.0793,0.0,AUTHENTIC_REGION,0,1,REAL,C:\Users\jay\New folder (2)\Trustrace\data\document_patches\P8_0000527_X51005301667_MORPHOLOGY_NEG.png
P8_0000528_X51005806679_MORPHOLOGY_NEG,C00058631_X51005806679,X51005806679,group_0345,train,MORPHOLOGY,149,1035,163,1049,14,14,252.0765,0.0,AUTHENTIC_REGION,0,1,REAL,C:\Users\jay\New folder (2)\Trustrace\data\document_patches\P8_0000528_X51005806679_MORPHOLOGY_NEG.png
P8_0000529_X51005705760_MORPHOLOGY_NEG,C00036921_X51005705760,X51005705760,group_0218,train,MORPHOLOGY,133,1145,147,1170,14,25,252.0714,0.0,AUTHENTIC_REGION,0,1,REAL,C:\Users\jay\New folder (2)\Trustrace\data\document_patches\P8_0000529_X51005705760_MORPHOLOGY_NEG.png
P8_0000530_X51006557196_MORPHOLOGY_NEG,C00103923_X51006557196,X51006557196,group_0581,train,MORPHOLOGY,307,292,321,306,14,14,252.0714,0.0,AUTHENTIC_REGION,0,1,REAL,C:\Users\jay\New folder (2)\Trustrace\data\document_patches\P8_0000530_X51006557196_MORPHOLOGY_NEG.png
P8_0000531_X51005715010_MORPHOLOGY_NEG,C00041269_X51005715010,X51005715010,group_0245,train,MORPHOLOGY,527,830,537,838,10,8,252.0625,0.0,AUTHENTIC_REGION,0,1,REAL,C:\Users\jay\New folder (2)\Trustrace\data\document_patches\P8_0000531_X51005715010_MORPHOLOGY_NEG.png
P8_0000532_X51005663273_MORPHOLOGY_NEG,C00026421_X51005663273,X51005663273,group_0163,train,MORPHOLOGY,362,736,375,746,13,10,252.0615,0.0,AUTHENTIC_REGION,0,1,REAL,C:\Users\jay\New folder (2)\Trustrace\data\document_patches\P8_0000532_X51005663273_MORPHOLOGY_NEG.png
P8_0000533_X51008123604_MORPHOLOGY_NEG,C00159680_X51008123604,X51008123604,group_0883,train,MORPHOLOGY,246,383,259,402,13,19,252.0567,0.0,AUTHENTIC_REGION,0,1,REAL,C:\Users\jay\New folder (2)\Trustrace\data\document_patches\P8_0000533_X51008123604_MORPHOLOGY_NEG.png
P8_0000534_X51005757201_MORPHOLOGY_NEG,C00053739_X51005757201,X51005757201,group_0316,train,MORPHOLOGY,173,1352,186,1365,13,13,252.0533,0.0,AUTHENTIC_REGION,0,1,REAL,C:\Users\jay\New folder (2)\Trustrace\data\document_patches\P8_0000534_X51005757201_MORPHOLOGY_NEG.png
P8_0000535_X51005361908_MORPHOLOGY_NEG,C00007689_X51005361908,X51005361908,group_0070,train,MORPHOLOGY,298,2057,311,2070,13,13,252.0473,0.0,AUTHENTIC_REGION,0,1,REAL,C:\Users\jay\New folder (2)\Trustrace\data\document_patches\P8_0000535_X51005361908_MORPHOLOGY_NEG.png
P8_0000536_X51005268275_MORPHOLOGY_NEG,C00003713_X51005268275,X51005268275,group_0010,train,MORPHOLOGY,730,1916,747,1934,17,18,252.0425,0.0,AUTHENTIC_REGION,0,1,REAL,C:\Users\jay\New folder (2)\Trustrace\data\document_patches\P8_0000536_X51005268275_MORPHOLOGY_NEG.png
P8_0000537_X51005301666_MORPHOLOGY_NEG,C00004981_X51005301666,X51005301666,group_0010,train,MORPHOLOGY,730,1916,747,1934,17,18,252.0425,0.0,AUTHENTIC_REGION,0,1,REAL,C:\Users\jay\New folder (2)\Trustrace\data\document_patches\P8_0000537_X51005301666_MORPHOLOGY_NEG.png
P8_0000538_X51005301661_MORPHOLOGY_NEG,C00004709_X51005301661,X51005301661,group_0011,train,MORPHOLOGY,600,1780,620,1795,20,15,252.04,0.0,AUTHENTIC_REGION,0,1,REAL,C:\Users\jay\New folder (2)\Trustrace\data\document_patches\P8_0000538_X51005301661_MORPHOLOGY_NEG.png
P8_0000539_X51005303661_MORPHOLOGY_NEG,C00005497_X51005303661,X51005303661,group_0011,train,MORPHOLOGY,600,1780,620,1795,20,15,252.04,0.0,AUTHENTIC_REGION,0,1,REAL,C:\Users\jay\New folder (2)\Trustrace\data\document_patches\P8_0000539_X51005303661_MORPHOLOGY_NEG.png
P8_0000540_X51005806718_MORPHOLOGY_NEG,C00060217_X51005806718,X51005806718,group_0354,train,MORPHOLOGY,435,1428,467,1446,32,18,252.0399,0.0,AUTHENTIC_REGION,0,1,REAL,C:\Users\jay\New folder (2)\Trustrace\data\document_patches\P8_0000540_X51005806718_MORPHOLOGY_NEG.png
P8_0000541_X51005361908_MORPHOLOGY_NEG,C00007690_X51005361908,X51005361908,group_0070,train,MORPHOLOGY,1540,2186,1553,2199,13,13,252.0355,0.0,AUTHENTIC_REGION,0,1,REAL,C:\Users\jay\New folder (2)\Trustrace\data\document_patches\P8_0000541_X51005361908_MORPHOLOGY_NEG.png
P8_0000542_X51005806679_MORPHOLOGY_NEG,C00058632_X51005806679,X51005806679,group_0345,train,MORPHOLOGY,150,1118,162,1131,12,13,252.0321,0.0,AUTHENTIC_REGION,0,1,REAL,C:\Users\jay\New folder (2)\Trustrace\data\document_patches\P8_0000542_X51005806679_MORPHOLOGY_NEG.png
P8_0000543_X51005719895_MORPHOLOGY_NEG,C00044499_X51005719895,X51005719895,group_0265,train,MORPHOLOGY,344,1555,358,1569,14,14,252.0306,0.0,AUTHENTIC_REGION,0,1,REAL,C:\Users\jay\New folder (2)\Trustrace\data\document_patches\P8_0000543_X51005719895_MORPHOLOGY_NEG.png
P8_0000544_X51006350737_MORPHOLOGY_NEG,C00070799_X51006350737,X51006350737,group_0408,train,MORPHOLOGY,466,926,551,935,85,9,252.0288,0.0,AUTHENTIC_REGION,0,1,REAL,C:\Users\jay\New folder (2)\Trustrace\data\document_patches\P8_0000544_X51006350737_MORPHOLOGY_NEG.png
P8_0000545_X51005663273_MORPHOLOGY_NEG,C00026422_X51005663273,X51005663273,group_0163,train,MORPHOLOGY,199,503,225,534,26,31,252.0199,0.0,AUTHENTIC_REGION,0,1,REAL,C:\Users\jay\New folder (2)\Trustrace\data\document_patches\P8_0000545_X51005663273_MORPHOLOGY_NEG.png
P8_0000546_X51005361907_MORPHOLOGY_NEG,C00007492_X51005361907,X51005361907,group_0069,train,MORPHOLOGY,872,1625,887,1651,15,26,252.0179,0.0,AUTHENTIC_REGION,0,1,REAL,C:\Users\jay\New folder (2)\Trustrace\data\document_patches\P8_0000546_X51005361907_MORPHOLOGY_NEG.png
P8_0000547_X51005806716_MORPHOLOGY_NEG,C00060032_X51005806716,X51005806716,group_0353,train,MORPHOLOGY,90,391,107,419,17,28,252.0147,0.0,AUTHENTIC_REGION,0,1,REAL,C:\Users\jay\New folder (2)\Trustrace\data\document_patches\P8_0000547_X51005806716_MORPHOLOGY_NEG.png
P8_0000548_X51005705759_MORPHOLOGY_NEG,C00036629_X51005705759,X51005705759,group_0217,train,MORPHOLOGY,401,2370,422,2387,21,17,252.0084,0.0,AUTHENTIC_REGION,0,1,REAL,C:\Users\jay\New folder (2)\Trustrace\data\document_patches\P8_0000548_X51005705759_MORPHOLOGY_NEG.png
P8_0000549_X51005361895_MORPHOLOGY_NEG,C00006516_X51005361895,X51005361895,group_0064,train,MORPHOLOGY,102,976,117,992,15,16,252.0083,0.0,AUTHENTIC_REGION,0,1,REAL,C:\Users\jay\New folder (2)\Trustrace\data\document_patches\P8_0000549_X51005361895_MORPHOLOGY_NEG.png
P8_0000550_X51005268275_MORPHOLOGY_NEG,C00003714_X51005268275,X51005268275,group_0010,train,MORPHOLOGY,316,1772,329,1789,13,17,252.0045,0.0,AUTHENTIC_REGION,0,1,REAL,C:\Users\jay\New folder (2)\Trustrace\data\document_patches\P8_0000550_X51005268275_MORPHOLOGY_NEG.png
P8_0000551_X51005301666_MORPHOLOGY_NEG,C00004982_X51005301666,X51005301666,group_0010,train,MORPHOLOGY,316,1772,329,1789,13,17,252.0045,0.0,AUTHENTIC_REGION,0,1,REAL,C:\Users\jay\New folder (2)\Trustrace\data\document_patches\P8_0000551_X51005301666_MORPHOLOGY_NEG.png
P8_0000552_X51005663277_MORPHOLOGY_NEG,C00026887_X51005663277,X51005663277,group_0166,train,MORPHOLOGY,661,1108,689,1137,28,29,252.0037,0.0,AUTHENTIC_REGION,0,1,REAL,C:\Users\jay\New folder (2)\Trustrace\data\document_patches\P8_0000552_X51005663277_MORPHOLOGY_NEG.png
P8_0000553_X51005705760_MORPHOLOGY_NEG,C00036922_X51005705760,X51005705760,group_0218,train,MORPHOLOGY,190,1546,208,1559,18,13,252.0,0.0,AUTHENTIC_REGION,0,1,REAL,C:\Users\jay\New folder (2)\Trustrace\data\document_patches\P8_0000553_X51005705760_MORPHOLOGY_NEG.png
P8_0000554_X51005757292_MORPHOLOGY_NEG,C00055256_X51005757292,X51005757292,group_0326,train,MORPHOLOGY,670,574,683,588,13,14,252.0,0.0,AUTHENTIC_REGION,0,1,REAL,C:\Users\jay\New folder (2)\Trustrace\data\document_patches\P8_0000554_X51005757292_MORPHOLOGY_NEG.png
P8_0000555_X51005301661_MORPHOLOGY_NEG,C00004710_X51005301661,X51005301661,group_0011,train,MORPHOLOGY,327,1680,352,1697,25,17,251.9929,0.0,AUTHENTIC_REGION,0,1,REAL,C:\Users\jay\New folder (2)\Trustrace\data\document_patches\P8_0000555_X51005301661_MORPHOLOGY_NEG.png
P8_0000556_X51005303661_MORPHOLOGY_NEG,C00005498_X51005303661,X51005303661,group_0011,train,MORPHOLOGY,327,1680,352,1697,25,17,251.9929,0.0,AUTHENTIC_REGION,0,1,REAL,C:\Users\jay\New folder (2)\Trustrace\data\document_patches\P8_0000556_X51005303661_MORPHOLOGY_NEG.png
P8_0000557_X51005806679_MORPHOLOGY_NEG,C00058633_X51005806679,X51005806679,group_0345,train,MORPHOLOGY,151,1311,163,1337,12,26,251.9872,0.0,AUTHENTIC_REGION,0,1,REAL,C:\Users\jay\New folder (2)\Trustrace\data\document_patches\P8_0000557_X51005806679_MORPHOLOGY_NEG.png
P8_0000558_X51007339119_MORPHOLOGY_NEG,C00133565_X51007339119,X51007339119,group_0001,train,MORPHOLOGY,53,1302,74,1327,21,25,251.9714,0.0,AUTHENTIC_REGION,0,1,REAL,C:\Users\jay\New folder (2)\Trustrace\data\document_patches\P8_0000558_X51007339119_MORPHOLOGY_NEG.png
P8_0000559_X51005587261_MORPHOLOGY_NEG,C00023992_X51005587261,X51005587261,group_0150,train,MORPHOLOGY,649,642,660,669,11,27,251.9697,0.0,AUTHENTIC_REGION,0,1,REAL,C:\Users\jay\New folder (2)\Trustrace\data\document_patches\P8_0000559_X51005587261_MORPHOLOGY_NEG.png
P8_0000560_X51006008082_MORPHOLOGY_NEG,C00061633_X51006008082,X51006008082,group_0362,train,MORPHOLOGY,149,1036,172,1056,23,20,251.9674,0.0,AUTHENTIC_REGION,0,1,REAL,C:\Users\jay\New folder (2)\Trustrace\data\document_patches\P8_0000560_X51006008082_MORPHOLOGY_NEG.png
P8_0000561_X51005301661_MORPHOLOGY_NEG,C00004711_X51005301661,X51005301661,group_0011,train,MORPHOLOGY,680,1535,691,1553,11,18,251.9596,0.0,AUTHENTIC_REGION,0,1,REAL,C:\Users\jay\New folder (2)\Trustrace\data\document_patches\P8_0000561_X51005301661_MORPHOLOGY_NEG.png
P8_0000562_X51005303661_MORPHOLOGY_NEG,C00005499_X51005303661,X51005303661,group_0011,train,MORPHOLOGY,680,1535,691,1553,11,18,251.9596,0.0,AUTHENTIC_REGION,0,1,REAL,C:\Users\jay\New folder (2)\Trustrace\data\document_patches\P8_0000562_X51005303661_MORPHOLOGY_NEG.png
P8_0000563_X51005806679_MORPHOLOGY_NEG,C00058634_X51005806679,X51005806679,group_0345,train,MORPHOLOGY,407,2157,436,2178,29,21,251.9557,0.0,AUTHENTIC_REGION,0,1,REAL,C:\Users\jay\New folder (2)\Trustrace\data\document_patches\P8_0000563_X51005806679_MORPHOLOGY_NEG.png
P8_0000564_X51006008081_MORPHOLOGY_NEG,C00061405_X51006008081,X51006008081,group_0361,train,MORPHOLOGY,470,409,480,419,10,10,251.95,0.0,AUTHENTIC_REGION,0,1,REAL,C:\Users\jay\New folder (2)\Trustrace\data\document_patches\P8_0000564_X51006008081_MORPHOLOGY_NEG.png
P8_0000565_X51005301661_MORPHOLOGY_NEG,C00004712_X51005301661,X51005301661,group_0011,train,MORPHOLOGY,312,1557,336,1573,24,16,251.9479,0.0,AUTHENTIC_REGION,0,1,REAL,C:\Users\jay\New folder (2)\Trustrace\data\document_patches\P8_0000565_X51005301661_MORPHOLOGY_NEG.png
P8_0000566_X51005303661_MORPHOLOGY_NEG,C00005500_X51005303661,X51005303661,group_0011,train,MORPHOLOGY,312,1557,336,1573,24,16,251.9479,0.0,AUTHENTIC_REGION,0,1,REAL,C:\Users\jay\New folder (2)\Trustrace\data\document_patches\P8_0000566_X51005303661_MORPHOLOGY_NEG.png
P8_0000567_X51007339098_MORPHOLOGY_NEG,C00130562_X51007339098,X51007339098,group_0001,train,MORPHOLOGY,239,667,253,689,14,22,251.9383,0.0,AUTHENTIC_REGION,0,1,REAL,C:\Users\jay\New folder (2)\Trustrace\data\document_patches\P8_0000567_X51007339098_MORPHOLOGY_NEG.png
P8_0000568_X51007339095_MORPHOLOGY_NEG,C00130192_X51007339095,X51007339095,group_0736,train,MORPHOLOGY,30,1093,50,1101,20,8,251.9375,0.0,AUTHENTIC_REGION,0,1,REAL,C:\Users\jay\New folder (2)\Trustrace\data\document_patches\P8_0000568_X51007339095_MORPHOLOGY_NEG.png
P8_0000569_X51005719873_MORPHOLOGY_NEG,C00043292_X51005719873,X51005719873,group_0257,train,MORPHOLOGY,332,2003,347,2036,15,33,251.9354,0.0,AUTHENTIC_REGION,0,1,REAL,C:\Users\jay\New folder (2)\Trustrace\data\document_patches\P8_0000569_X51005719873_MORPHOLOGY_NEG.png
P8_0000570_X51006557179_MORPHOLOGY_NEG,C00102051_X51006557179,X51006557179,group_0573,train,MORPHOLOGY,274,781,298,794,24,13,251.9327,0.0,AUTHENTIC_REGION,0,1,REAL,C:\Users\jay\New folder (2)\Trustrace\data\document_patches\P8_0000570_X51006557179_MORPHOLOGY_NEG.png
P8_0000571_X51005675095_MORPHOLOGY_NEG,C00029765_X51005675095,X51005675095,group_0182,train,MORPHOLOGY,298,443,325,462,27,19,251.9298,0.0,AUTHENTIC_REGION,0,1,REAL,C:\Users\jay\New folder (2)\Trustrace\data\document_patches\P8_0000571_X51005675095_MORPHOLOGY_NEG.png
P8_0000572_X51006556824_MORPHOLOGY_NEG,C00096403_X51006556824,X51006556824,group_0547,train,MORPHOLOGY,485,858,498,871,13,13,251.929,0.0,AUTHENTIC_REGION,0,1,REAL,C:\Users\jay\New folder (2)\Trustrace\data\document_patches\P8_0000572_X51006556824_MORPHOLOGY_NEG.png
P8_0000573_X51006557161_MORPHOLOGY_NEG,C00100495_X51006557161,X51006557161,group_0566,train,MORPHOLOGY,363,792,379,805,16,13,251.9279,0.0,AUTHENTIC_REGION,0,1,REAL,C:\Users\jay\New folder (2)\Trustrace\data\document_patches\P8_0000573_X51006557161_MORPHOLOGY_NEG.png
P8_0000574_X51005361883_MORPHOLOGY_NEG,C00006358_X51005361883,X51005361883,group_0063,train,MORPHOLOGY,72,1020,85,1033,13,13,251.9231,0.0,AUTHENTIC_REGION,0,1,REAL,C:\Users\jay\New folder (2)\Trustrace\data\document_patches\P8_0000574_X51005361883_MORPHOLOGY_NEG.png
P8_0000575_X51006392313_MORPHOLOGY_NEG,C00075650_X51006392313,X51006392313,group_0445,train,MORPHOLOGY,22,388,35,401,13,13,251.9231,0.0,AUTHENTIC_REGION,0,1,REAL,C:\Users\jay\New folder (2)\Trustrace\data\document_patches\P8_0000575_X51006392313_MORPHOLOGY_NEG.png
P8_0000576_X51005806718_MORPHOLOGY_NEG,C00060218_X51005806718,X51005806718,group_0354,train,MORPHOLOGY,94,912,110,933,16,21,251.9226,0.0,AUTHENTIC_REGION,0,1,REAL,C:\Users\jay\New folder (2)\Trustrace\data\document_patches\P8_0000576_X51005806718_MORPHOLOGY_NEG.png
P8_0000577_X51005705760_MORPHOLOGY_NEG,C00036923_X51005705760,X51005705760,group_0218,train,MORPHOLOGY,623,464,680,496,57,32,251.9216,0.0,AUTHENTIC_REGION,0,1,REAL,C:\Users\jay\New folder (2)\Trustrace\data\document_patches\P8_0000577_X51005705760_MORPHOLOGY_NEG.png
P8_0000578_X00016469670_MORPHOLOGY_NEG,C00000860_X00016469670,X00016469670,group_0039,train,MORPHOLOGY,217,611,239,624,22,13,251.9161,0.0,AUTHENTIC_REGION,0,1,REAL,C:\Users\jay\New folder (2)\Trustrace\data\document_patches\P8_0000578_X00016469670_MORPHOLOGY_NEG.png
P8_0000579_X51007103610_MORPHOLOGY_NEG,C00123105_X51007103610,X51007103610,group_0701,train,MORPHOLOGY,165,840,179,853,14,13,251.9121,0.0,AUTHENTIC_REGION,0,1,REAL,C:\Users\jay\New folder (2)\Trustrace\data\document_patches\P8_0000579_X51007103610_MORPHOLOGY_NEG.png
P8_0000580_X51005705784_MORPHOLOGY_NEG,C00037121_X51005705784,X51005705784,group_0219,train,MORPHOLOGY,688,1218,704,1245,16,27,251.912,0.0,AUTHENTIC_REGION,0,1,REAL,C:\Users\jay\New folder (2)\Trustrace\data\document_patches\P8_0000580_X51005705784_MORPHOLOGY_NEG.png
P8_0000581_X51006502535_MORPHOLOGY_NEG,C00087213_X51006502535,X51006502535,group_0502,train,MORPHOLOGY,337,726,351,744,14,18,251.9087,0.0,AUTHENTIC_REGION,0,1,REAL,C:\Users\jay\New folder (2)\Trustrace\data\document_patches\P8_0000581_X51006502535_MORPHOLOGY_NEG.png
P8_0000582_X51006392313_MORPHOLOGY_NEG,C00075651_X51006392313,X51006392313,group_0445,train,MORPHOLOGY,19,1332,33,1347,14,15,251.9,0.0,AUTHENTIC_REGION,0,1,REAL,C:\Users\jay\New folder (2)\Trustrace\data\document_patches\P8_0000582_X51006392313_MORPHOLOGY_NEG.png
P8_0000583_X51006557199_MORPHOLOGY_NEG,C00104414_X51006557199,X51006557199,group_0583,train,MORPHOLOGY,377,642,390,655,13,13,251.8994,0.0,AUTHENTIC_REGION,0,1,REAL,C:\Users\jay\New folder (2)\Trustrace\data\document_patches\P8_0000583_X51006557199_MORPHOLOGY_NEG.png
P8_0000584_X51007103691_MORPHOLOGY_NEG,C00124794_X51007103691,X51007103691,group_0711,train,MORPHOLOGY,42,1667,55,1678,13,11,251.8951,0.0,AUTHENTIC_REGION,0,1,REAL,C:\Users\jay\New folder (2)\Trustrace\data\document_patches\P8_0000584_X51007103691_MORPHOLOGY_NEG.png
P8_0000585_X51005675095_MORPHOLOGY_NEG,C00029766_X51005675095,X51005675095,group_0182,train,MORPHOLOGY,236,833,277,852,41,19,251.8935,0.0,AUTHENTIC_REGION,0,1,REAL,C:\Users\jay\New folder (2)\Trustrace\data\document_patches\P8_0000585_X51005675095_MORPHOLOGY_NEG.png
P8_0000586_X51006008090_MORPHOLOGY_NEG,C00062541_X51006008090,X51006008090,group_0366,train,MORPHOLOGY,368,1281,381,1306,13,25,251.8923,0.0,AUTHENTIC_REGION,0,1,REAL,C:\Users\jay\New folder (2)\Trustrace\data\document_patches\P8_0000586_X51006008090_MORPHOLOGY_NEG.png
P8_0000587_X51007339167_MORPHOLOGY_NEG,C00139630_X51007339167,X51007339167,group_0001,train,MORPHOLOGY,32,562,45,583,13,21,251.8901,0.0,AUTHENTIC_REGION,0,1,REAL,C:\Users\jay\New folder (2)\Trustrace\data\document_patches\P8_0000587_X51007339167_MORPHOLOGY_NEG.png
P8_0000588_X51005675095_MORPHOLOGY_NEG,C00029767_X51005675095,X51005675095,group_0182,train,MORPHOLOGY,225,299,238,312,13,13,251.8876,0.0,AUTHENTIC_REGION,0,1,REAL,C:\Users\jay\New folder (2)\Trustrace\data\document_patches\P8_0000588_X51005675095_MORPHOLOGY_NEG.png
P8_0000589_X51005757324_MORPHOLOGY_NEG,C00056103_X51005757324,X51005757324,group_0331,train,MORPHOLOGY,107,1168,120,1192,13,24,251.8814,0.0,AUTHENTIC_REGION,0,1,REAL,C:\Users\jay\New folder (2)\Trustrace\data\document_patches\P8_0000589_X51005757324_MORPHOLOGY_NEG.png
P8_0000590_X00016469670_MORPHOLOGY_NEG,C00000861_X00016469670,X00016469670,group_0039,train,MORPHOLOGY,300,533,313,546,13,13,251.8757,0.0,AUTHENTIC_REGION,0,1,REAL,C:\Users\jay\New folder (2)\Trustrace\data\document_patches\P8_0000590_X00016469670_MORPHOLOGY_NEG.png
P8_0000591_X51006557196_MORPHOLOGY_NEG,C00103924_X51006557196,X51006557196,group_0581,train,MORPHOLOGY,356,773,369,786,13,13,251.8757,0.0,AUTHENTIC_REGION,0,1,REAL,C:\Users\jay\New folder (2)\Trustrace\data\document_patches\P8_0000591_X51006557196_MORPHOLOGY_NEG.png
P8_0000592_X51005268275_MORPHOLOGY_NEG,C00003715_X51005268275,X51005268275,group_0010,train,MORPHOLOGY,724,1491,748,1506,24,15,251.875,0.0,AUTHENTIC_REGION,0,1,REAL,C:\Users\jay\New folder (2)\Trustrace\data\document_patches\P8_0000592_X51005268275_MORPHOLOGY_NEG.png
P8_0000593_X51005301666_MORPHOLOGY_NEG,C00004983_X51005301666,X51005301666,group_0010,train,MORPHOLOGY,724,1491,748,1506,24,15,251.875,0.0,AUTHENTIC_REGION,0,1,REAL,C:\Users\jay\New folder (2)\Trustrace\data\document_patches\P8_0000593_X51005301666_MORPHOLOGY_NEG.png
P8_0000594_X51005745213_MORPHOLOGY_NEG,C00050595_X51005745213,X51005745213,group_0299,train,MORPHOLOGY,541,896,552,904,11,8,251.875,0.0,AUTHENTIC_REGION,0,1,REAL,C:\Users\jay\New folder (2)\Trustrace\data\document_patches\P8_0000594_X51005745213_MORPHOLOGY_NEG.png
P8_0000595_X51005757324_MORPHOLOGY_NEG,C00056104_X51005757324,X51005757324,group_0331,train,MORPHOLOGY,124,1067,137,1087,13,20,251.8731,0.0,AUTHENTIC_REGION,0,1,REAL,C:\Users\jay\New folder (2)\Trustrace\data\document_patches\P8_0000595_X51005757324_MORPHOLOGY_NEG.png
P8_0000596_X51006388065_MORPHOLOGY_NEG,C00073207_X51006388065,X51006388065,group_0427,train,MORPHOLOGY,519,733,532,746,13,13,251.8698,0.0,AUTHENTIC_REGION,0,1,REAL,C:\Users\jay\New folder (2)\Trustrace\data\document_patches\P8_0000596_X51006388065_MORPHOLOGY_NEG.png
P8_0000597_X51005806720_MORPHOLOGY_NEG,C00060537_X51005806720,X51005806720,group_0356,train,MORPHOLOGY,662,434,691,452,29,18,251.864,0.0,AUTHENTIC_REGION,0,1,REAL,C:\Users\jay\New folder (2)\Trustrace\data\document_patches\P8_0000597_X51005806720_MORPHOLOGY_NEG.png
P8_0000598_X51006008095_MORPHOLOGY_NEG,C00063328_X51006008095,X51006008095,group_0023,train,MORPHOLOGY,111,937,124,952,13,15,251.8615,0.0,AUTHENTIC_REGION,0,1,REAL,C:\Users\jay\New folder (2)\Trustrace\data\document_patches\P8_0000598_X51006008095_MORPHOLOGY_NEG.png
P8_0000599_X51005757292_MORPHOLOGY_NEG,C00055257_X51005757292,X51005757292,group_0326,train,MORPHOLOGY,54,976,67,990,13,14,251.8571,0.0,AUTHENTIC_REGION,0,1,REAL,C:\Users\jay\New folder (2)\Trustrace\data\document_patches\P8_0000599_X51005757292_MORPHOLOGY_NEG.png
P8_0000600_X51005757292_MORPHOLOGY_NEG,C00055258_X51005757292,X51005757292,group_0326,train,MORPHOLOGY,380,1137,393,1151,13,14,251.8571,0.0,AUTHENTIC_REGION,0,1,REAL,C:\Users\jay\New folder (2)\Trustrace\data\document_patches\P8_0000600_X51005757292_MORPHOLOGY_NEG.png
P8_0000601_X51007339135_MORPHOLOGY_NEG,C00135865_X51007339135,X51007339135,group_0752,train,MORPHOLOGY,421,736,437,749,16,13,251.8558,0.0,AUTHENTIC_REGION,0,1,REAL,C:\Users\jay\New folder (2)\Trustrace\data\document_patches\P8_0000601_X51007339135_MORPHOLOGY_NEG.png
P8_0000602_X51005268262_MORPHOLOGY_NEG,C00003428_X51005268262,X51005268262,group_0009,train,MORPHOLOGY,545,69,558,82,13,13,251.8521,0.0,AUTHENTIC_REGION,0,1,REAL,C:\Users\jay\New folder (2)\Trustrace\data\document_patches\P8_0000602_X51005268262_MORPHOLOGY_NEG.png
P8_0000603_X51005268262_MORPHOLOGY_NEG,C00003429_X51005268262,X51005268262,group_0009,train,MORPHOLOGY,161,608,174,621,13,13,251.8521,0.0,AUTHENTIC_REGION,0,1,REAL,C:\Users\jay\New folder (2)\Trustrace\data\document_patches\P8_0000603_X51005268262_MORPHOLOGY_NEG.png
P8_0000604_X51005268400_MORPHOLOGY_NEG,C00003851_X51005268400,X51005268400,group_0054,train,MORPHOLOGY,510,976,523,989,13,13,251.8521,0.0,AUTHENTIC_REGION,0,1,REAL,C:\Users\jay\New folder (2)\Trustrace\data\document_patches\P8_0000604_X51005268400_MORPHOLOGY_NEG.png
P8_0000605_X51005301659_MORPHOLOGY_NEG,C00004437_X51005301659,X51005301659,group_0009,train,MORPHOLOGY,545,69,558,82,13,13,251.8521,0.0,AUTHENTIC_REGION,0,1,REAL,C:\Users\jay\New folder (2)\Trustrace\data\document_patches\P8_0000605_X51005301659_MORPHOLOGY_NEG.png
P8_0000606_X51005301659_MORPHOLOGY_NEG,C00004438_X51005301659,X51005301659,group_0009,train,MORPHOLOGY,161,608,174,621,13,13,251.8521,0.0,AUTHENTIC_REGION,0,1,REAL,C:\Users\jay\New folder (2)\Trustrace\data\document_patches\P8_0000606_X51005301659_MORPHOLOGY_NEG.png
P8_0000607_X51005757201_MORPHOLOGY_NEG,C00053740_X51005757201,X51005757201,group_0316,train,MORPHOLOGY,118,848,131,861,13,13,251.8521,0.0,AUTHENTIC_REGION,0,1,REAL,C:\Users\jay\New folder (2)\Trustrace\data\document_patches\P8_0000607_X51005757201_MORPHOLOGY_NEG.png
P8_0000608_X51005757201_MORPHOLOGY_NEG,C00053741_X51005757201,X51005757201,group_0316,train,MORPHOLOGY,361,1956,374,1969,13,13,251.8521,0.0,AUTHENTIC_REGION,0,1,REAL,C:\Users\jay\New folder (2)\Trustrace\data\document_patches\P8_0000608_X51005757201_MORPHOLOGY_NEG.png
P8_0000609_X51005757201_MORPHOLOGY_NEG,C00053742_X51005757201,X51005757201,group_0316,train,MORPHOLOGY,517,2173,530,2186,13,13,251.8521,0.0,AUTHENTIC_REGION,0,1,REAL,C:\Users\jay\New folder (2)\Trustrace\data\document_patches\P8_0000609_X51005757201_MORPHOLOGY_NEG.png
P8_0000610_X51005757292_MORPHOLOGY_NEG,C00055259_X51005757292,X51005757292,group_0326,train,MORPHOLOGY,296,1148,309,1161,13,13,251.8521,0.0,AUTHENTIC_REGION,0,1,REAL,C:\Users\jay\New folder (2)\Trustrace\data\document_patches\P8_0000610_X51005757292_MORPHOLOGY_NEG.png
P8_0000611_X51006008090_MORPHOLOGY_NEG,C00062542_X51006008090,X51006008090,group_0366,train,MORPHOLOGY,624,1213,637,1226,13,13,251.8521,0.0,AUTHENTIC_REGION,0,1,REAL,C:\Users\jay\New folder (2)\Trustrace\data\document_patches\P8_0000611_X51006008090_MORPHOLOGY_NEG.png
P8_0000612_X51006008090_MORPHOLOGY_NEG,C00062543_X51006008090,X51006008090,group_0366,train,MORPHOLOGY,142,1935,155,1948,13,13,251.8521,0.0,AUTHENTIC_REGION,0,1,REAL,C:\Users\jay\New folder (2)\Trustrace\data\document_patches\P8_0000612_X51006008090_MORPHOLOGY_NEG.png
P8_0000613_X51005757323_MORPHOLOGY_NEG,C00055939_X51005757323,X51005757323,group_0330,train,MORPHOLOGY,17,603,85,631,68,28,251.8508,0.0,AUTHENTIC_REGION,0,1,REAL,C:\Users\jay\New folder (2)\Trustrace\data\document_patches\P8_0000613_X51005757323_MORPHOLOGY_NEG.png
P8_0000614_X51005757292_MORPHOLOGY_NEG,C00055260_X51005757292,X51005757292,group_0326,train,MORPHOLOGY,536,799,558,813,22,14,251.8506,0.0,AUTHENTIC_REGION,0,1,REAL,C:\Users\jay\New folder (2)\Trustrace\data\document_patches\P8_0000614_X51005757292_MORPHOLOGY_NEG.png
P8_0000615_X51006008090_MORPHOLOGY_NEG,C00062544_X51006008090,X51006008090,group_0366,train,MORPHOLOGY,578,1241,593,1265,15,24,251.8472,0.0,AUTHENTIC_REGION,0,1,REAL,C:\Users\jay\New folder (2)\Trustrace\data\document_patches\P8_0000615_X51006008090_MORPHOLOGY_NEG.png
P8_0000616_X51005705759_MORPHOLOGY_NEG,C00036630_X51005705759,X51005705759,group_0217,train,MORPHOLOGY,892,2293,905,2307,13,14,251.8462,0.0,AUTHENTIC_REGION,0,1,REAL,C:\Users\jay\New folder (2)\Trustrace\data\document_patches\P8_0000616_X51005705759_MORPHOLOGY_NEG.png
P8_0000617_X51005705759_MORPHOLOGY_NEG,C00036631_X51005705759,X51005705759,group_0217,train,MORPHOLOGY,421,2324,434,2338,13,14,251.8462,0.0,AUTHENTIC_REGION,0,1,REAL,C:\Users\jay\New folder (2)\Trustrace\data\document_patches\P8_0000617_X51005705759_MORPHOLOGY_NEG.png
P8_0000618_X51005268262_MORPHOLOGY_NEG,C00003430_X51005268262,X51005268262,group_0009,train,MORPHOLOGY,345,528,361,543,16,15,251.8458,0.0,AUTHENTIC_REGION,0,1,REAL,C:\Users\jay\New folder (2)\Trustrace\data\document_patches\P8_0000618_X51005268262_MORPHOLOGY_NEG.png
P8_0000619_X51005301659_MORPHOLOGY_NEG,C00004439_X51005301659,X51005301659,group_0009,train,MORPHOLOGY,345,528,361,543,16,15,251.8458,0.0,AUTHENTIC_REGION,0,1,REAL,C:\Users\jay\New folder (2)\Trustrace\data\document_patches\P8_0000619_X51005301659_MORPHOLOGY_NEG.png
P8_0000620_X51006556824_MORPHOLOGY_NEG,C00096404_X51006556824,X51006556824,group_0547,train,MORPHOLOGY,81,667,94,680,13,13,251.8402,0.0,AUTHENTIC_REGION,0,1,REAL,C:\Users\jay\New folder (2)\Trustrace\data\document_patches\P8_0000620_X51006556824_MORPHOLOGY_NEG.png
P8_0000621_X51006008090_MORPHOLOGY_NEG,C00062545_X51006008090,X51006008090,group_0366,train,MORPHOLOGY,574,1452,585,1465,11,13,251.8392,0.0,AUTHENTIC_REGION,0,1,REAL,C:\Users\jay\New folder (2)\Trustrace\data\document_patches\P8_0000621_X51006008090_MORPHOLOGY_NEG.png
P8_0000622_X51005301661_MORPHOLOGY_NEG,C00004713_X51005301661,X51005301661,group_0011,train,MORPHOLOGY,387,1441,404,1460,17,19,251.839,0.0,AUTHENTIC_REGION,0,1,REAL,C:\Users\jay\New folder (2)\Trustrace\data\document_patches\P8_0000622_X51005301661_MORPHOLOGY_NEG.png
P8_0000623_X51005303661_MORPHOLOGY_NEG,C00005501_X51005303661,X51005303661,group_0011,train,MORPHOLOGY,387,1441,404,1460,17,19,251.839,0.0,AUTHENTIC_REGION,0,1,REAL,C:\Users\jay\New folder (2)\Trustrace\data\document_patches\P8_0000623_X51005303661_MORPHOLOGY_NEG.png
P8_0000624_X51005757324_MORPHOLOGY_NEG,C00056105_X51005757324,X51005757324,group_0331,train,MORPHOLOGY,489,1234,503,1248,14,14,251.8367,0.0,AUTHENTIC_REGION,0,1,REAL,C:\Users\jay\New folder (2)\Trustrace\data\document_patches\P8_0000624_X51005757324_MORPHOLOGY_NEG.png
P8_0000625_X51005268400_MORPHOLOGY_NEG,C00003852_X51005268400,X51005268400,group_0054,train,MORPHOLOGY,676,1035,689,1048,13,13,251.8343,0.0,AUTHENTIC_REGION,0,1,REAL,C:\Users\jay\New folder (2)\Trustrace\data\document_patches\P8_0000625_X51005268400_MORPHOLOGY_NEG.png
P8_0000626_X51006008057_MORPHOLOGY_NEG,C00060898_X51006008057,X51006008057,group_0358,train,MORPHOLOGY,147,770,160,783,13,13,251.8343,0.0,AUTHENTIC_REGION,0,1,REAL,C:\Users\jay\New folder (2)\Trustrace\data\document_patches\P8_0000626_X51006008057_MORPHOLOGY_NEG.png
P8_0000627_X51005675095_MORPHOLOGY_NEG,C00029768_X51005675095,X51005675095,group_0182,train,MORPHOLOGY,282,371,300,399,18,28,251.8333,0.0,AUTHENTIC_REGION,0,1,REAL,C:\Users\jay\New folder (2)\Trustrace\data\document_patches\P8_0000627_X51005675095_MORPHOLOGY_NEG.png
P8_0000628_X51005757201_MORPHOLOGY_NEG,C00053743_X51005757201,X51005757201,group_0316,train,MORPHOLOGY,358,1990,370,2003,12,13,251.8333,0.0,AUTHENTIC_REGION,0,1,REAL,C:\Users\jay\New folder (2)\Trustrace\data\document_patches\P8_0000628_X51005757201_MORPHOLOGY_NEG.png
P8_0000629_X51006008081_MORPHOLOGY_NEG,C00061406_X51006008081,X51006008081,group_0361,train,MORPHOLOGY,368,145,387,156,19,11,251.8325,0.0,AUTHENTIC_REGION,0,1,REAL,C:\Users\jay\New folder (2)\Trustrace\data\document_patches\P8_0000629_X51006008081_MORPHOLOGY_NEG.png
P8_0000630_X51005712021_MORPHOLOGY_NEG,C00040480_X51005712021,X51005712021,group_0240,train,MORPHOLOGY,468,676,481,689,13,13,251.8284,0.0,AUTHENTIC_REGION,0,1,REAL,C:\Users\jay\New folder (2)\Trustrace\data\document_patches\P8_0000630_X51005712021_MORPHOLOGY_NEG.png
P8_0000631_X51007262328_MORPHOLOGY_NEG,C00129617_X51007262328,X51007262328,group_0733,train,MORPHOLOGY,450,908,470,934,20,26,251.8269,0.0,AUTHENTIC_REGION,0,1,REAL,C:\Users\jay\New folder (2)\Trustrace\data\document_patches\P8_0000631_X51007262328_MORPHOLOGY_NEG.png
P8_0000632_X51005705760_MORPHOLOGY_NEG,C00036924_X51005705760,X51005705760,group_0218,train,MORPHOLOGY,536,2412,558,2430,22,18,251.8258,0.0,AUTHENTIC_REGION,0,1,REAL,C:\Users\jay\New folder (2)\Trustrace\data\document_patches\P8_0000632_X51005705760_MORPHOLOGY_NEG.png
P8_0000633_X51005757324_MORPHOLOGY_NEG,C00056106_X51005757324,X51005757324,group_0331,train,MORPHOLOGY,115,1104,130,1120,15,16,251.825,0.0,AUTHENTIC_REGION,0,1,REAL,C:\Users\jay\New folder (2)\Trustrace\data\document_patches\P8_0000633_X51005757324_MORPHOLOGY_NEG.png
P8_0000634_X51005757324_MORPHOLOGY_NEG,C00056107_X51005757324,X51005757324,group_0331,train,MORPHOLOGY,341,1102,354,1123,13,21,251.8242,0.0,AUTHENTIC_REGION,0,1,REAL,C:\Users\jay\New folder (2)\Trustrace\data\document_patches\P8_0000634_X51005757324_MORPHOLOGY_NEG.png
P8_0000635_X51005361912_MORPHOLOGY_NEG,C00007822_X51005361912,X51005361912,group_0071,train,MORPHOLOGY,725,1104,786,1112,61,8,251.8217,0.0,AUTHENTIC_REGION,0,1,REAL,C:\Users\jay\New folder (2)\Trustrace\data\document_patches\P8_0000635_X51005361912_MORPHOLOGY_NEG.png
P8_0000636_X51005806678_MORPHOLOGY_NEG,C00058393_X51005806678,X51005806678,group_0344,train,MORPHOLOGY,627,2264,640,2280,13,16,251.8173,0.0,AUTHENTIC_REGION,0,1,REAL,C:\Users\jay\New folder (2)\Trustrace\data\document_patches\P8_0000636_X51005806678_MORPHOLOGY_NEG.png
P8_0000637_X51005757324_MORPHOLOGY_NEG,C00056108_X51005757324,X51005757324,group_0331,train,MORPHOLOGY,214,874,227,887,13,13,251.8166,0.0,AUTHENTIC_REGION,0,1,REAL,C:\Users\jay\New folder (2)\Trustrace\data\document_patches\P8_0000637_X51005757324_MORPHOLOGY_NEG.png
P8_0000638_X51005675095_MORPHOLOGY_NEG,C00029769_X51005675095,X51005675095,group_0182,train,MORPHOLOGY,213,769,238,787,25,18,251.8111,0.0,AUTHENTIC_REGION,0,1,REAL,C:\Users\jay\New folder (2)\Trustrace\data\document_patches\P8_0000638_X51005675095_MORPHOLOGY_NEG.png
P8_0000639_X51006008095_MORPHOLOGY_NEG,C00063329_X51006008095,X51006008095,group_0023,train,MORPHOLOGY,591,618,605,635,14,17,251.8109,0.0,AUTHENTIC_REGION,0,1,REAL,C:\Users\jay\New folder (2)\Trustrace\data\document_patches\P8_0000639_X51006008095_MORPHOLOGY_NEG.png
P8_0000640_X51005757201_MORPHOLOGY_NEG,C00053744_X51005757201,X51005757201,group_0316,train,MORPHOLOGY,304,1688,317,1701,13,13,251.8107,0.0,AUTHENTIC_REGION,0,1,REAL,C:\Users\jay\New folder (2)\Trustrace\data\document_patches\P8_0000640_X51005757201_MORPHOLOGY_NEG.png
P8_0000641_X51005757324_MORPHOLOGY_NEG,C00056109_X51005757324,X51005757324,group_0331,train,MORPHOLOGY,437,634,450,647,13,13,251.8107,0.0,AUTHENTIC_REGION,0,1,REAL,C:\Users\jay\New folder (2)\Trustrace\data\document_patches\P8_0000641_X51005757324_MORPHOLOGY_NEG.png
P8_0000642_X51006557161_MORPHOLOGY_NEG,C00100496_X51006557161,X51006557161,group_0566,train,MORPHOLOGY,484,754,497,767,13,13,251.8107,0.0,AUTHENTIC_REGION,0,1,REAL,C:\Users\jay\New folder (2)\Trustrace\data\document_patches\P8_0000642_X51006557161_MORPHOLOGY_NEG.png
P8_0000643_X51005268400_MORPHOLOGY_NEG,C00003853_X51005268400,X51005268400,group_0054,train,MORPHOLOGY,221,973,265,994,44,21,251.8084,0.0,AUTHENTIC_REGION,0,1,REAL,C:\Users\jay\New folder (2)\Trustrace\data\document_patches\P8_0000643_X51005268400_MORPHOLOGY_NEG.png
P8_0000644_X51006008090_MORPHOLOGY_NEG,C00062546_X51006008090,X51006008090,group_0366,train,MORPHOLOGY,314,1044,328,1060,14,16,251.808,0.0,AUTHENTIC_REGION,0,1,REAL,C:\Users\jay\New folder (2)\Trustrace\data\document_patches\P8_0000644_X51006008090_MORPHOLOGY_NEG.png
P8_0000645_X51005757201_MORPHOLOGY_NEG,C00053745_X51005757201,X51005757201,group_0316,train,MORPHOLOGY,78,2044,91,2057,13,13,251.8047,0.0,AUTHENTIC_REGION,0,1,REAL,C:\Users\jay\New folder (2)\Trustrace\data\document_patches\P8_0000645_X51005757201_MORPHOLOGY_NEG.png
P8_0000646_X51005806678_MORPHOLOGY_NEG,C00058394_X51005806678,X51005806678,group_0344,train,MORPHOLOGY,584,2256,597,2269,13,13,251.8047,0.0,AUTHENTIC_REGION,0,1,REAL,C:\Users\jay\New folder (2)\Trustrace\data\document_patches\P8_0000646_X51005806678_MORPHOLOGY_NEG.png
P8_0000647_X51006008057_MORPHOLOGY_NEG,C00060899_X51006008057,X51006008057,group_0358,train,MORPHOLOGY,120,1476,133,1489,13,13,251.8047,0.0,AUTHENTIC_REGION,0,1,REAL,C:\Users\jay\New folder (2)\Trustrace\data\document_patches\P8_0000647_X51006008057_MORPHOLOGY_NEG.png
P8_0000648_X51006008090_MORPHOLOGY_NEG,C00062547_X51006008090,X51006008090,group_0366,train,MORPHOLOGY,623,1246,636,1260,13,14,251.8022,0.0,AUTHENTIC_REGION,0,1,REAL,C:\Users\jay\New folder (2)\Trustrace\data\document_patches\P8_0000648_X51006008090_MORPHOLOGY_NEG.png
P8_0000649_X51005757282_MORPHOLOGY_NEG,C00054805_X51005757282,X51005757282,group_0323,train,MORPHOLOGY,329,1095,339,1103,10,8,251.8,0.0,AUTHENTIC_REGION,0,1,REAL,C:\Users\jay\New folder (2)\Trustrace\data\document_patches\P8_0000649_X51005757282_MORPHOLOGY_NEG.png
P8_0000650_X51006388089_MORPHOLOGY_NEG,C00073810_X51006388089,X51006388089,group_0433,train,MORPHOLOGY,629,691,639,705,10,14,251.8,0.0,AUTHENTIC_REGION,0,1,REAL,C:\Users\jay\New folder (2)\Trustrace\data\document_patches\P8_0000650_X51006388089_MORPHOLOGY_NEG.png
P8_0000651_X51006008090_MORPHOLOGY_NEG,C00062548_X51006008090,X51006008090,group_0366,train,MORPHOLOGY,107,650,121,671,14,21,251.7993,0.0,AUTHENTIC_REGION,0,1,REAL,C:\Users\jay\New folder (2)\Trustrace\data\document_patches\P8_0000651_X51006008090_MORPHOLOGY_NEG.png
P8_0000652_X00016469672_MORPHOLOGY_NEG,C00001237_X00016469672,X00016469672,group_0041,train,MORPHOLOGY,372,909,385,922,13,13,251.7988,0.0,AUTHENTIC_REGION,0,1,REAL,C:\Users\jay\New folder (2)\Trustrace\data\document_patches\P8_0000652_X00016469672_MORPHOLOGY_NEG.png
P8_0000653_X51006557164_MORPHOLOGY_NEG,C00100720_X51006557164,X51006557164,group_0567,train,MORPHOLOGY,464,217,477,231,13,14,251.7967,0.0,AUTHENTIC_REGION,0,1,REAL,C:\Users\jay\New folder (2)\Trustrace\data\document_patches\P8_0000653_X51006557164_MORPHOLOGY_NEG.png
P8_0000654_X51006008090_MORPHOLOGY_NEG,C00062549_X51006008090,X51006008090,group_0366,train,MORPHOLOGY,578,1202,594,1225,16,23,251.7935,0.0,AUTHENTIC_REGION,0,1,REAL,C:\Users\jay\New folder (2)\Trustrace\data\document_patches\P8_0000654_X51006008090_MORPHOLOGY_NEG.png
P8_0000655_X51006388065_MORPHOLOGY_NEG,C00073208_X51006388065,X51006388065,group_0427,train,MORPHOLOGY,453,971,466,984,13,13,251.7929,0.0,AUTHENTIC_REGION,0,1,REAL,C:\Users\jay\New folder (2)\Trustrace\data\document_patches\P8_0000655_X51006388065_MORPHOLOGY_NEG.png
P8_0000656_X51007103675_MORPHOLOGY_NEG,C00124176_X51007103675,X51007103675,group_0707,train,MORPHOLOGY,275,456,288,469,13,13,251.7929,0.0,AUTHENTIC_REGION,0,1,REAL,C:\Users\jay\New folder (2)\Trustrace\data\document_patches\P8_0000656_X51007103675_MORPHOLOGY_NEG.png
P8_0000657_X51005757292_MORPHOLOGY_NEG,C00055261_X51005757292,X51005757292,group_0326,train,MORPHOLOGY,288,567,301,581,13,14,251.7912,0.0,AUTHENTIC_REGION,0,1,REAL,C:\Users\jay\New folder (2)\Trustrace\data\document_patches\P8_0000657_X51005757292_MORPHOLOGY_NEG.png
P8_0000658_X51005268262_MORPHOLOGY_NEG,C00003431_X51005268262,X51005268262,group_0009,train,MORPHOLOGY,247,925,262,939,15,14,251.7905,0.0,AUTHENTIC_REGION,0,1,REAL,C:\Users\jay\New folder (2)\Trustrace\data\document_patches\P8_0000658_X51005268262_MORPHOLOGY_NEG.png
P8_0000659_X51005301659_MORPHOLOGY_NEG,C00004440_X51005301659,X51005301659,group_0009,train,MORPHOLOGY,247,925,262,939,15,14,251.7905,0.0,AUTHENTIC_REGION,0,1,REAL,C:\Users\jay\New folder (2)\Trustrace\data\document_patches\P8_0000659_X51005301659_MORPHOLOGY_NEG.png
P8_0000660_X00016469671_MORPHOLOGY_NEG,C00001014_X00016469671,X00016469671,group_0040,train,MORPHOLOGY,230,734,243,747,13,13,251.787,0.0,AUTHENTIC_REGION,0,1,REAL,C:\Users\jay\New folder (2)\Trustrace\data\document_patches\P8_0000660_X00016469671_MORPHOLOGY_NEG.png
P8_0000661_X51005712038_MORPHOLOGY_NEG,C00040679_X51005712038,X51005712038,group_0241,train,MORPHOLOGY,225,836,238,849,13,13,251.787,0.0,AUTHENTIC_REGION,0,1,REAL,C:\Users\jay\New folder (2)\Trustrace\data\document_patches\P8_0000661_X51005712038_MORPHOLOGY_NEG.png
P8_0000662_X51005757292_MORPHOLOGY_NEG,C00055262_X51005757292,X51005757292,group_0326,train,MORPHOLOGY,353,255,366,268,13,13,251.787,0.0,AUTHENTIC_REGION,0,1,REAL,C:\Users\jay\New folder (2)\Trustrace\data\document_patches\P8_0000662_X51005757292_MORPHOLOGY_NEG.png
P8_0000663_X51007103687_MORPHOLOGY_NEG,C00124466_X51007103687,X51007103687,group_0709,train,MORPHOLOGY,523,406,536,419,13,13,251.787,0.0,AUTHENTIC_REGION,0,1,REAL,C:\Users\jay\New folder (2)\Trustrace\data\document_patches\P8_0000663_X51007103687_MORPHOLOGY_NEG.png
P8_0000664_X51005301661_MORPHOLOGY_NEG,C00004714_X51005301661,X51005301661,group_0011,train,MORPHOLOGY,495,1595,509,1610,14,15,251.7857,0.0,AUTHENTIC_REGION,0,1,REAL,C:\Users\jay\New folder (2)\Trustrace\data\document_patches\P8_0000664_X51005301661_MORPHOLOGY_NEG.png
P8_0000665_X51005303661_MORPHOLOGY_NEG,C00005502_X51005303661,X51005303661,group_0011,train,MORPHOLOGY,495,1595,509,1610,14,15,251.7857,0.0,AUTHENTIC_REGION,0,1,REAL,C:\Users\jay\New folder (2)\Trustrace\data\document_patches\P8_0000665_X51005303661_MORPHOLOGY_NEG.png
P8_0000666_X51006388065_MORPHOLOGY_NEG,C00073209_X51006388065,X51006388065,group_0427,train,MORPHOLOGY,565,933,587,948,22,15,251.7848,0.0,AUTHENTIC_REGION,0,1,REAL,C:\Users\jay\New folder (2)\Trustrace\data\document_patches\P8_0000666_X51006388065_MORPHOLOGY_NEG.png
P8_0000667_X51006008090_MORPHOLOGY_NEG,C00062550_X51006008090,X51006008090,group_0366,train,MORPHOLOGY,471,688,485,701,14,13,251.7802,0.0,AUTHENTIC_REGION,0,1,REAL,C:\Users\jay\New folder (2)\Trustrace\data\document_patches\P8_0000667_X51006008090_MORPHOLOGY_NEG.png
P8_0000668_X51005301661_MORPHOLOGY_NEG,C00004715_X51005301661,X51005301661,group_0011,train,MORPHOLOGY,594,1267,608,1291,14,24,251.7798,0.0,AUTHENTIC_REGION,0,1,REAL,C:\Users\jay\New folder (2)\Trustrace\data\document_patches\P8_0000668_X51005301661_MORPHOLOGY_NEG.png
P8_0000669_X51005303661_MORPHOLOGY_NEG,C00005503_X51005303661,X51005303661,group_0011,train,MORPHOLOGY,594,1267,608,1291,14,24,251.7798,0.0,AUTHENTIC_REGION,0,1,REAL,C:\Users\jay\New folder (2)\Trustrace\data\document_patches\P8_0000669_X51005303661_MORPHOLOGY_NEG.png
P8_0000670_X51005268262_MORPHOLOGY_NEG,C00003432_X51005268262,X51005268262,group_0009,train,MORPHOLOGY,157,48,170,61,13,13,251.7751,0.0,AUTHENTIC_REGION,0,1,REAL,C:\Users\jay\New folder (2)\Trustrace\data\document_patches\P8_0000670_X51005268262_MORPHOLOGY_NEG.png
P8_0000671_X51005301659_MORPHOLOGY_NEG,C00004441_X51005301659,X51005301659,group_0009,train,MORPHOLOGY,157,48,170,61,13,13,251.7751,0.0,AUTHENTIC_REGION,0,1,REAL,C:\Users\jay\New folder (2)\Trustrace\data\document_patches\P8_0000671_X51005301659_MORPHOLOGY_NEG.png
P8_0000672_X51005757292_MORPHOLOGY_NEG,C00055263_X51005757292,X51005757292,group_0326,train,MORPHOLOGY,328,1076,341,1090,13,14,251.7747,0.0,AUTHENTIC_REGION,0,1,REAL,C:\Users\jay\New folder (2)\Trustrace\data\document_patches\P8_0000672_X51005757292_MORPHOLOGY_NEG.png
P8_0000673_X51005675095_MORPHOLOGY_NEG,C00029770_X51005675095,X51005675095,group_0182,train,MORPHOLOGY,403,900,434,923,31,23,251.77,0.0,AUTHENTIC_REGION,0,1,REAL,C:\Users\jay\New folder (2)\Trustrace\data\document_patches\P8_0000673_X51005675095_MORPHOLOGY_NEG.png
P8_0000674_X51006008090_MORPHOLOGY_NEG,C00062551_X51006008090,X51006008090,group_0366,train,MORPHOLOGY,398,1679,411,1693,13,14,251.7692,0.0,AUTHENTIC_REGION,0,1,REAL,C:\Users\jay\New folder (2)\Trustrace\data\document_patches\P8_0000674_X51006008090_MORPHOLOGY_NEG.png
P8_0000675_X51005757292_MORPHOLOGY_NEG,C00055264_X51005757292,X51005757292,group_0326,train,MORPHOLOGY,386,998,400,1015,14,17,251.7647,0.0,AUTHENTIC_REGION,0,1,REAL,C:\Users\jay\New folder (2)\Trustrace\data\document_patches\P8_0000675_X51005757292_MORPHOLOGY_NEG.png
P8_0000676_X51005268262_MORPHOLOGY_NEG,C00003433_X51005268262,X51005268262,group_0009,train,MORPHOLOGY,350,1297,363,1310,13,13,251.7633,0.0,AUTHENTIC_REGION,0,1,REAL,C:\Users\jay\New folder (2)\Trustrace\data\document_patches\P8_0000676_X51005268262_MORPHOLOGY_NEG.png
P8_0000677_X51005301659_MORPHOLOGY_NEG,C00004442_X51005301659,X51005301659,group_0009,train,MORPHOLOGY,350,1297,363,1310,13,13,251.7633,0.0,AUTHENTIC_REGION,0,1,REAL,C:\Users\jay\New folder (2)\Trustrace\data\document_patches\P8_0000677_X51005301659_MORPHOLOGY_NEG.png
P8_0000678_X51006008090_MORPHOLOGY_NEG,C00062552_X51006008090,X51006008090,group_0366,train,MORPHOLOGY,525,648,538,661,13,13,251.7633,0.0,AUTHENTIC_REGION,0,1,REAL,C:\Users\jay\New folder (2)\Trustrace\data\document_patches\P8_0000678_X51006008090_MORPHOLOGY_NEG.png
P8_0000679_X51005806678_MORPHOLOGY_NEG,C00058395_X51005806678,X51005806678,group_0344,train,MORPHOLOGY,482,2315,495,2340,13,25,251.7631,0.0,AUTHENTIC_REGION,0,1,REAL,C:\Users\jay\New folder (2)\Trustrace\data\document_patches\P8_0000679_X51005806678_MORPHOLOGY_NEG.png
P8_0000680_X51005757324_MORPHOLOGY_NEG,C00056110_X51005757324,X51005757324,group_0331,train,MORPHOLOGY,566,570,577,583,11,13,251.7622,0.0,AUTHENTIC_REGION,0,1,REAL,C:\Users\jay\New folder (2)\Trustrace\data\document_patches\P8_0000680_X51005757324_MORPHOLOGY_NEG.png
P8_0000681_X51005806718_MORPHOLOGY_NEG,C00060219_X51005806718,X51005806718,group_0354,train,MORPHOLOGY,156,1199,175,1217,19,18,251.7602,0.0,AUTHENTIC_REGION,0,1,REAL,C:\Users\jay\New folder (2)\Trustrace\data\document_patches\P8_0000681_X51005806718_MORPHOLOGY_NEG.png
P8_0000682_X51006008090_MORPHOLOGY_NEG,C00062553_X51006008090,X51006008090,group_0366,train,MORPHOLOGY,117,1560,130,1573,13,13,251.7574,0.0,AUTHENTIC_REGION,0,1,REAL,C:\Users\jay\New folder (2)\Trustrace\data\document_patches\P8_0000682_X51006008090_MORPHOLOGY_NEG.png
P8_0000683_X51005806678_MORPHOLOGY_NEG,C00058396_X51005806678,X51005806678,group_0344,train,MORPHOLOGY,668,2259,690,2275,22,16,251.7557,0.0,AUTHENTIC_REGION,0,1,REAL,C:\Users\jay\New folder (2)\Trustrace\data\document_patches\P8_0000683_X51005806678_MORPHOLOGY_NEG.png
P8_0000684_X51006388066_MORPHOLOGY_NEG,C00073280_X51006388066,X51006388066,group_0428,train,MORPHOLOGY,23,95,35,110,12,15,251.7556,0.0,AUTHENTIC_REGION,0,1,REAL,C:\Users\jay\New folder (2)\Trustrace\data\document_patches\P8_0000684_X51006388066_MORPHOLOGY_NEG.png
P8_0000685_X51006008057_MORPHOLOGY_NEG,C00060900_X51006008057,X51006008057,group_0358,train,MORPHOLOGY,285,944,305,958,20,14,251.7536,0.0,AUTHENTIC_REGION,0,1,REAL,C:\Users\jay\New folder (2)\Trustrace\data\document_patches\P8_0000685_X51006008057_MORPHOLOGY_NEG.png
P8_0000686_X51006008095_MORPHOLOGY_NEG,C00063330_X51006008095,X51006008095,group_0023,train,MORPHOLOGY,598,701,611,719,13,18,251.7521,0.0,AUTHENTIC_REGION,0,1,REAL,C:\Users\jay\New folder (2)\Trustrace\data\document_patches\P8_0000686_X51006008095_MORPHOLOGY_NEG.png
P8_0000687_X51005719886_MORPHOLOGY_NEG,C00043794_X51005719886,X51005719886,group_0261,train,MORPHOLOGY,750,1120,763,1133,13,13,251.7515,0.0,AUTHENTIC_REGION,0,1,REAL,C:\Users\jay\New folder (2)\Trustrace\data\document_patches\P8_0000687_X51005719886_MORPHOLOGY_NEG.png
P8_0000688_X51006008095_MORPHOLOGY_NEG,C00063331_X51006008095,X51006008095,group_0023,train,MORPHOLOGY,420,1007,433,1020,13,13,251.7515,0.0,AUTHENTIC_REGION,0,1,REAL,C:\Users\jay\New folder (2)\Trustrace\data\document_patches\P8_0000688_X51006008095_MORPHOLOGY_NEG.png
P8_0000689_X51006008095_MORPHOLOGY_NEG,C00063332_X51006008095,X51006008095,group_0023,train,MORPHOLOGY,422,1041,435,1054,13,13,251.7515,0.0,AUTHENTIC_REGION,0,1,REAL,C:\Users\jay\New folder (2)\Trustrace\data\document_patches\P8_0000689_X51006008095_MORPHOLOGY_NEG.png
P8_0000690_X51006388065_MORPHOLOGY_NEG,C00073210_X51006388065,X51006388065,group_0427,train,MORPHOLOGY,573,325,586,338,13,13,251.7515,0.0,AUTHENTIC_REGION,0,1,REAL,C:\Users\jay\New folder (2)\Trustrace\data\document_patches\P8_0000690_X51006388065_MORPHOLOGY_NEG.png
P8_0000691_X51006008081_MORPHOLOGY_NEG,C00061407_X51006008081,X51006008081,group_0361,train,MORPHOLOGY,246,868,284,888,38,20,251.7513,0.0,AUTHENTIC_REGION,0,1,REAL,C:\Users\jay\New folder (2)\Trustrace\data\document_patches\P8_0000691_X51006008081_MORPHOLOGY_NEG.png
P8_0000692_X51005605286_MORPHOLOGY_NEG,C00024759_X51005605286,X51005605286,group_0154,train,MORPHOLOGY,79,558,101,590,22,32,251.7443,0.0,AUTHENTIC_REGION,0,1,REAL,C:\Users\jay\New folder (2)\Trustrace\data\document_patches\P8_0000692_X51005605286_MORPHOLOGY_NEG.png
P8_0000693_X51005705759_MORPHOLOGY_NEG,C00036632_X51005705759,X51005705759,group_0217,train,MORPHOLOGY,236,2006,249,2019,13,13,251.7396,0.0,AUTHENTIC_REGION,0,1,REAL,C:\Users\jay\New folder (2)\Trustrace\data\document_patches\P8_0000693_X51005705759_MORPHOLOGY_NEG.png
P8_0000694_X51006311758_MORPHOLOGY_NEG,C00064432_X51006311758,X51006311758,group_0375,train,MORPHOLOGY,811,1035,821,1048,10,13,251.7385,0.0,AUTHENTIC_REGION,0,1,REAL,C:\Users\jay\New folder (2)\Trustrace\data\document_patches\P8_0000694_X51006311758_MORPHOLOGY_NEG.png
P8_0000695_X51005268262_MORPHOLOGY_NEG,C00003434_X51005268262,X51005268262,group_0009,train,MORPHOLOGY,381,382,394,395,13,13,251.7337,0.0,AUTHENTIC_REGION,0,1,REAL,C:\Users\jay\New folder (2)\Trustrace\data\document_patches\P8_0000695_X51005268262_MORPHOLOGY_NEG.png
P8_0000696_X51005301659_MORPHOLOGY_NEG,C00004443_X51005301659,X51005301659,group_0009,train,MORPHOLOGY,381,382,394,395,13,13,251.7337,0.0,AUTHENTIC_REGION,0,1,REAL,C:\Users\jay\New folder (2)\Trustrace\data\document_patches\P8_0000696_X51005301659_MORPHOLOGY_NEG.png
P8_0000697_X51005705760_MORPHOLOGY_NEG,C00036925_X51005705760,X51005705760,group_0218,train,MORPHOLOGY,343,2495,356,2508,13,13,251.7337,0.0,AUTHENTIC_REGION,0,1,REAL,C:\Users\jay\New folder (2)\Trustrace\data\document_patches\P8_0000697_X51005705760_MORPHOLOGY_NEG.png
P8_0000698_X51005757324_MORPHOLOGY_NEG,C00056111_X51005757324,X51005757324,group_0331,train,MORPHOLOGY,545,878,558,891,13,13,251.7337,0.0,AUTHENTIC_REGION,0,1,REAL,C:\Users\jay\New folder (2)\Trustrace\data\document_patches\P8_0000698_X51005757324_MORPHOLOGY_NEG.png
P8_0000699_X51006557161_MORPHOLOGY_NEG,C00100497_X51006557161,X51006557161,group_0566,train,MORPHOLOGY,354,1031,367,1044,13,13,251.7278,0.0,AUTHENTIC_REGION,0,1,REAL,C:\Users\jay\New folder (2)\Trustrace\data\document_patches\P8_0000699_X51006557161_MORPHOLOGY_NEG.png
P8_0000700_X51006008082_MORPHOLOGY_NEG,C00061634_X51006008082,X51006008082,group_0362,train,MORPHOLOGY,342,180,530,208,188,28,251.7249,0.0,AUTHENTIC_REGION,0,1,REAL,C:\Users\jay\New folder (2)\Trustrace\data\document_patches\P8_0000700_X51006008082_MORPHOLOGY_NEG.png
P8_0000701_X51005757292_MORPHOLOGY_NEG,C00055265_X51005757292,X51005757292,group_0326,train,MORPHOLOGY,303,902,318,917,15,15,251.7244,0.0,AUTHENTIC_REGION,0,1,REAL,C:\Users\jay\New folder (2)\Trustrace\data\document_patches\P8_0000701_X51005757292_MORPHOLOGY_NEG.png
P8_0000702_X51007103578_MORPHOLOGY_NEG,C00122666_X51007103578,X51007103578,group_0698,train,MORPHOLOGY,546,1173,562,1206,16,33,251.7235,0.0,AUTHENTIC_REGION,0,1,REAL,C:\Users\jay\New folder (2)\Trustrace\data\document_patches\P8_0000702_X51007103578_MORPHOLOGY_NEG.png
P8_0000703_X51005705760_MORPHOLOGY_NEG,C00036926_X51005705760,X51005705760,group_0218,train,MORPHOLOGY,174,2190,225,2216,51,26,251.7232,0.0,AUTHENTIC_REGION,0,1,REAL,C:\Users\jay\New folder (2)\Trustrace\data\document_patches\P8_0000703_X51005705760_MORPHOLOGY_NEG.png
P8_0000704_X51005806698_MORPHOLOGY_NEG,C00059541_X51005806698,X51005806698,group_0350,train,MORPHOLOGY,536,138,548,149,12,11,251.7197,0.0,AUTHENTIC_REGION,0,1,REAL,C:\Users\jay\New folder (2)\Trustrace\data\document_patches\P8_0000704_X51005806698_MORPHOLOGY_NEG.png
P8_0000705_X51006008090_MORPHOLOGY_NEG,C00062554_X51006008090,X51006008090,group_0366,train,MORPHOLOGY,61,649,76,662,15,13,251.7179,0.0,AUTHENTIC_REGION,0,1,REAL,C:\Users\jay\New folder (2)\Trustrace\data\document_patches\P8_0000705_X51006008090_MORPHOLOGY_NEG.png
P8_0000706_X51005301661_MORPHOLOGY_NEG,C00004716_X51005301661,X51005301661,group_0011,train,MORPHOLOGY,276,1532,295,1550,19,18,251.7164,0.0,AUTHENTIC_REGION,0,1,REAL,C:\Users\jay\New folder (2)\Trustrace\data\document_patches\P8_0000706_X51005301661_MORPHOLOGY_NEG.png
P8_0000707_X51005303661_MORPHOLOGY_NEG,C00005504_X51005303661,X51005303661,group_0011,train,MORPHOLOGY,276,1532,295,1550,19,18,251.7164,0.0,AUTHENTIC_REGION,0,1,REAL,C:\Users\jay\New folder (2)\Trustrace\data\document_patches\P8_0000707_X51005303661_MORPHOLOGY_NEG.png
P8_0000708_X51006008090_MORPHOLOGY_NEG,C00062555_X51006008090,X51006008090,group_0366,train,MORPHOLOGY,622,1319,644,1340,22,21,251.7143,0.0,AUTHENTIC_REGION,0,1,REAL,C:\Users\jay\New folder (2)\Trustrace\data\document_patches\P8_0000708_X51006008090_MORPHOLOGY_NEG.png
P8_0000709_X51006557199_MORPHOLOGY_NEG,C00104415_X51006557199,X51006557199,group_0583,train,MORPHOLOGY,460,209,473,223,13,14,251.7143,0.0,AUTHENTIC_REGION,0,1,REAL,C:\Users\jay\New folder (2)\Trustrace\data\document_patches\P8_0000709_X51006557199_MORPHOLOGY_NEG.png
P8_0000710_X51005705759_MORPHOLOGY_NEG,C00036633_X51005705759,X51005705759,group_0217,train,MORPHOLOGY,626,2246,639,2259,13,13,251.7101,0.0,AUTHENTIC_REGION,0,1,REAL,C:\Users\jay\New folder (2)\Trustrace\data\document_patches\P8_0000710_X51005705759_MORPHOLOGY_NEG.png
P8_0000711_X51005806678_MORPHOLOGY_NEG,C00058397_X51005806678,X51005806678,group_0344,train,MORPHOLOGY,616,2378,629,2391,13,13,251.7101,0.0,AUTHENTIC_REGION,0,1,REAL,C:\Users\jay\New folder (2)\Trustrace\data\document_patches\P8_0000711_X51005806678_MORPHOLOGY_NEG.png
P8_0000712_X51006008090_MORPHOLOGY_NEG,C00062556_X51006008090,X51006008090,group_0366,train,MORPHOLOGY,562,1558,575,1571,13,13,251.7101,0.0,AUTHENTIC_REGION,0,1,REAL,C:\Users\jay\New folder (2)\Trustrace\data\document_patches\P8_0000712_X51006008090_MORPHOLOGY_NEG.png
P8_0000713_X51006008093_MORPHOLOGY_NEG,C00063186_X51006008093,X51006008093,group_0368,train,MORPHOLOGY,549,1540,562,1553,13,13,251.7101,0.0,AUTHENTIC_REGION,0,1,REAL,C:\Users\jay\New folder (2)\Trustrace\data\document_patches\P8_0000713_X51006008093_MORPHOLOGY_NEG.png
P8_0000714_X51005268400_MORPHOLOGY_NEG,C00003854_X51005268400,X51005268400,group_0054,train,MORPHOLOGY,267,760,280,773,13,13,251.7041,0.0,AUTHENTIC_REGION,0,1,REAL,C:\Users\jay\New folder (2)\Trustrace\data\document_patches\P8_0000714_X51005268400_MORPHOLOGY_NEG.png
P8_0000715_X51005806678_MORPHOLOGY_NEG,C00058398_X51005806678,X51005806678,group_0344,train,MORPHOLOGY,540,2256,553,2269,13,13,251.7041,0.0,AUTHENTIC_REGION,0,1,REAL,C:\Users\jay\New folder (2)\Trustrace\data\document_patches\P8_0000715_X51005806678_MORPHOLOGY_NEG.png
P8_0000716_X51006556824_MORPHOLOGY_NEG,C00096405_X51006556824,X51006556824,group_0547,train,MORPHOLOGY,397,1068,410,1081,13,13,251.7041,0.0,AUTHENTIC_REGION,0,1,REAL,C:\Users\jay\New folder (2)\Trustrace\data\document_patches\P8_0000716_X51006556824_MORPHOLOGY_NEG.png
P8_0000717_X51006008082_MORPHOLOGY_NEG,C00061635_X51006008082,X51006008082,group_0362,train,MORPHOLOGY,226,1202,266,1222,40,20,251.7025,0.0,AUTHENTIC_REGION,0,1,REAL,C:\Users\jay\New folder (2)\Trustrace\data\document_patches\P8_0000717_X51006008082_MORPHOLOGY_NEG.png
P8_0000718_X51007103681_MORPHOLOGY_NEG,C00124316_X51007103681,X51007103681,group_0708,train,MORPHOLOGY,251,646,264,659,13,13,251.6982,0.0,AUTHENTIC_REGION,0,1,REAL,C:\Users\jay\New folder (2)\Trustrace\data\document_patches\P8_0000718_X51007103681_MORPHOLOGY_NEG.png
P8_0000719_X51006008057_MORPHOLOGY_NEG,C00060901_X51006008057,X51006008057,group_0358,train,MORPHOLOGY,330,1629,344,1644,14,15,251.6952,0.0,AUTHENTIC_REGION,0,1,REAL,C:\Users\jay\New folder (2)\Trustrace\data\document_patches\P8_0000719_X51006008057_MORPHOLOGY_NEG.png
P8_0000720_X51005268400_MORPHOLOGY_NEG,C00003855_X51005268400,X51005268400,group_0054,train,MORPHOLOGY,242,507,261,531,19,24,251.693,0.0,AUTHENTIC_REGION,0,1,REAL,C:\Users\jay\New folder (2)\Trustrace\data\document_patches\P8_0000720_X51005268400_MORPHOLOGY_NEG.png
P8_0000721_X51005757201_MORPHOLOGY_NEG,C00053746_X51005757201,X51005757201,group_0316,train,MORPHOLOGY,119,1525,132,1538,13,13,251.6923,0.0,AUTHENTIC_REGION,0,1,REAL,C:\Users\jay\New folder (2)\Trustrace\data\document_patches\P8_0000721_X51005757201_MORPHOLOGY_NEG.png
P8_0000722_X51006557199_MORPHOLOGY_NEG,C00104416_X51006557199,X51006557199,group_0583,train,MORPHOLOGY,374,793,387,806,13,13,251.6923,0.0,AUTHENTIC_REGION,0,1,REAL,C:\Users\jay\New folder (2)\Trustrace\data\document_patches\P8_0000722_X51006557199_MORPHOLOGY_NEG.png
P8_0000723_X51005705760_MORPHOLOGY_NEG,C00036927_X51005705760,X51005705760,group_0218,train,MORPHOLOGY,251,952,264,963,13,11,251.6853,0.0,AUTHENTIC_REGION,0,1,REAL,C:\Users\jay\New folder (2)\Trustrace\data\document_patches\P8_0000723_X51005705760_MORPHOLOGY_NEG.png
P8_0000724_X51007103578_MORPHOLOGY_NEG,C00122667_X51007103578,X51007103578,group_0698,train,MORPHOLOGY,538,155,551,168,13,13,251.6805,0.0,AUTHENTIC_REGION,0,1,REAL,C:\Users\jay\New folder (2)\Trustrace\data\document_patches\P8_0000724_X51007103578_MORPHOLOGY_NEG.png
P8_0000725_X51005705727_MORPHOLOGY_NEG,C00036199_X51005705727,X51005705727,group_0215,train,MORPHOLOGY,0,780,17,804,17,24,251.6789,0.0,AUTHENTIC_REGION,0,1,REAL,C:\Users\jay\New folder (2)\Trustrace\data\document_patches\P8_0000725_X51005705727_MORPHOLOGY_NEG.png
P8_0000726_X51005757324_MORPHOLOGY_NEG,C00056112_X51005757324,X51005757324,group_0331,train,MORPHOLOGY,404,727,417,741,13,14,251.6758,0.0,AUTHENTIC_REGION,0,1,REAL,C:\Users\jay\New folder (2)\Trustrace\data\document_patches\P8_0000726_X51005757324_MORPHOLOGY_NEG.png
P8_0000727_X51005719895_MORPHOLOGY_NEG,C00044500_X51005719895,X51005719895,group_0265,train,MORPHOLOGY,418,726,431,739,13,13,251.6686,0.0,AUTHENTIC_REGION,0,1,REAL,C:\Users\jay\New folder (2)\Trustrace\data\document_patches\P8_0000727_X51005719895_MORPHOLOGY_NEG.png
P8_0000728_X51006557199_MORPHOLOGY_NEG,C00104417_X51006557199,X51006557199,group_0583,train,MORPHOLOGY,349,1032,362,1045,13,13,251.6686,0.0,AUTHENTIC_REGION,0,1,REAL,C:\Users\jay\New folder (2)\Trustrace\data\document_patches\P8_0000728_X51006557199_MORPHOLOGY_NEG.png
P8_0000729_X51005763940_MORPHOLOGY_NEG,C00057139_X51005763940,X51005763940,group_0337,train,MORPHOLOGY,559,615,588,623,29,8,251.6681,0.0,AUTHENTIC_REGION,0,1,REAL,C:\Users\jay\New folder (2)\Trustrace\data\document_patches\P8_0000729_X51005763940_MORPHOLOGY_NEG.png
P8_0000730_X51005806719_MORPHOLOGY_NEG,C00060380_X51005806719,X51005806719,group_0355,train,MORPHOLOGY,100,508,117,539,17,31,251.6679,0.0,AUTHENTIC_REGION,0,1,REAL,C:\Users\jay\New folder (2)\Trustrace\data\document_patches\P8_0000730_X51005806719_MORPHOLOGY_NEG.png
P8_0000731_X51005757324_MORPHOLOGY_NEG,C00056113_X51005757324,X51005757324,group_0331,train,MORPHOLOGY,539,1167,553,1182,14,15,251.6667,0.0,AUTHENTIC_REGION,0,1,REAL,C:\Users\jay\New folder (2)\Trustrace\data\document_patches\P8_0000731_X51005757324_MORPHOLOGY_NEG.png
P8_0000732_X51005757292_MORPHOLOGY_NEG,C00055266_X51005757292,X51005757292,group_0326,train,MORPHOLOGY,379,966,400,992,21,26,251.6593,0.0,AUTHENTIC_REGION,0,1,REAL,C:\Users\jay\New folder (2)\Trustrace\data\document_patches\P8_0000732_X51005757292_MORPHOLOGY_NEG.png
P8_0000733_X51006008090_MORPHOLOGY_NEG,C00062557_X51006008090,X51006008090,group_0366,train,MORPHOLOGY,436,1961,449,1986,13,25,251.6585,0.0,AUTHENTIC_REGION,0,1,REAL,C:\Users\jay\New folder (2)\Trustrace\data\document_patches\P8_0000733_X51006008090_MORPHOLOGY_NEG.png
P8_0000734_X51006008057_MORPHOLOGY_NEG,C00060902_X51006008057,X51006008057,group_0358,train,MORPHOLOGY,628,1409,641,1422,13,13,251.6568,0.0,AUTHENTIC_REGION,0,1,REAL,C:\Users\jay\New folder (2)\Trustrace\data\document_patches\P8_0000734_X51006008057_MORPHOLOGY_NEG.png
P8_0000735_X51006008090_MORPHOLOGY_NEG,C00062558_X51006008090,X51006008090,group_0366,train,MORPHOLOGY,205,658,218,672,13,14,251.6538,0.0,AUTHENTIC_REGION,0,1,REAL,C:\Users\jay\New folder (2)\Trustrace\data\document_patches\P8_0000735_X51006008090_MORPHOLOGY_NEG.png
P8_0000736_X51005806718_MORPHOLOGY_NEG,C00060220_X51005806718,X51005806718,group_0354,train,MORPHOLOGY,435,1384,447,1403,12,19,251.6535,0.0,AUTHENTIC_REGION,0,1,REAL,C:\Users\jay\New folder (2)\Trustrace\data\document_patches\P8_0000736_X51005806718_MORPHOLOGY_NEG.png
P8_0000737_X51006008095_MORPHOLOGY_NEG,C00063333_X51006008095,X51006008095,group_0023,train,MORPHOLOGY,370,1042,392,1066,22,24,251.6515,0.0,AUTHENTIC_REGION,0,1,REAL,C:\Users\jay\New folder (2)\Trustrace\data\document_patches\P8_0000737_X51006008095_MORPHOLOGY_NEG.png
P8_0000738_X51005268262_MORPHOLOGY_NEG,C00003435_X51005268262,X51005268262,group_0009,train,MORPHOLOGY,195,1069,208,1082,13,13,251.6509,0.0,AUTHENTIC_REGION,0,1,REAL,C:\Users\jay\New folder (2)\Trustrace\data\document_patches\P8_0000738_X51005268262_MORPHOLOGY_NEG.png
P8_0000739_X51005301659_MORPHOLOGY_NEG,C00004444_X51005301659,X51005301659,group_0009,train,MORPHOLOGY,195,1069,208,1082,13,13,251.6509,0.0,AUTHENTIC_REGION,0,1,REAL,C:\Users\jay\New folder (2)\Trustrace\data\document_patches\P8_0000739_X51005301659_MORPHOLOGY_NEG.png
P8_0000740_X51006008057_MORPHOLOGY_NEG,C00060903_X51006008057,X51006008057,group_0358,train,MORPHOLOGY,75,1528,88,1541,13,13,251.6509,0.0,AUTHENTIC_REGION,0,1,REAL,C:\Users\jay\New folder (2)\Trustrace\data\document_patches\P8_0000740_X51006008057_MORPHOLOGY_NEG.png
P8_0000741_X51006388065_MORPHOLOGY_NEG,C00073211_X51006388065,X51006388065,group_0427,train,MORPHOLOGY,475,779,488,792,13,13,251.6509,0.0,AUTHENTIC_REGION,0,1,REAL,C:\Users\jay\New folder (2)\Trustrace\data\document_patches\P8_0000741_X51006388065_MORPHOLOGY_NEG.png
P8_0000742_X51005757292_MORPHOLOGY_NEG,C00055267_X51005757292,X51005757292,group_0326,train,MORPHOLOGY,535,830,555,856,20,26,251.65,0.0,AUTHENTIC_REGION,0,1,REAL,C:\Users\jay\New folder (2)\Trustrace\data\document_patches\P8_0000742_X51005757292_MORPHOLOGY_NEG.png
P8_0000743_X51006556723_MORPHOLOGY_NEG,C00092590_X51006556723,X51006556723,group_0530,train,MORPHOLOGY,174,825,188,838,14,13,251.6484,0.0,AUTHENTIC_REGION,0,1,REAL,C:\Users\jay\New folder (2)\Trustrace\data\document_patches\P8_0000743_X51006556723_MORPHOLOGY_NEG.png
P8_0000744_X51005757292_MORPHOLOGY_NEG,C00055268_X51005757292,X51005757292,group_0326,train,MORPHOLOGY,558,761,574,786,16,25,251.645,0.0,AUTHENTIC_REGION,0,1,REAL,C:\Users\jay\New folder (2)\Trustrace\data\document_patches\P8_0000744_X51005757292_MORPHOLOGY_NEG.png
P8_0000745_X51005806696_MORPHOLOGY_NEG,C00059368_X51005806696,X51005806696,group_0349,train,MORPHOLOGY,366,687,395,699,29,12,251.6437,0.0,AUTHENTIC_REGION,0,1,REAL,C:\Users\jay\New folder (2)\Trustrace\data\document_patches\P8_0000745_X51005806696_MORPHOLOGY_NEG.png
P8_0000746_X51005712021_MORPHOLOGY_NEG,C00040481_X51005712021,X51005712021,group_0240,train,MORPHOLOGY,52,840,65,853,13,13,251.6391,0.0,AUTHENTIC_REGION,0,1,REAL,C:\Users\jay\New folder (2)\Trustrace\data\document_patches\P8_0000746_X51005712021_MORPHOLOGY_NEG.png
P8_0000747_X51005705784_MORPHOLOGY_NEG,C00037122_X51005705784,X51005705784,group_0219,train,MORPHOLOGY,101,1142,186,1171,85,29,251.6389,0.0,AUTHENTIC_REGION,0,1,REAL,C:\Users\jay\New folder (2)\Trustrace\data\document_patches\P8_0000747_X51005705784_MORPHOLOGY_NEG.png
P8_0000748_X51005757324_MORPHOLOGY_NEG,C00056114_X51005757324,X51005757324,group_0331,train,MORPHOLOGY,560,928,583,951,23,23,251.6389,0.0,AUTHENTIC_REGION,0,1,REAL,C:\Users\jay\New folder (2)\Trustrace\data\document_patches\P8_0000748_X51005757324_MORPHOLOGY_NEG.png
P8_0000749_X51005705784_MORPHOLOGY_NEG,C00037123_X51005705784,X51005705784,group_0219,train,MORPHOLOGY,743,1615,773,1636,30,21,251.6333,0.0,AUTHENTIC_REGION,0,1,REAL,C:\Users\jay\New folder (2)\Trustrace\data\document_patches\P8_0000749_X51005705784_MORPHOLOGY_NEG.png
P8_0000750_X51005705759_MORPHOLOGY_NEG,C00036634_X51005705759,X51005705759,group_0217,train,MORPHOLOGY,925,2111,938,2124,13,13,251.6331,0.0,AUTHENTIC_REGION,0,1,REAL,C:\Users\jay\New folder (2)\Trustrace\data\document_patches\P8_0000750_X51005705759_MORPHOLOGY_NEG.png
P8_0000751_X51005712021_MORPHOLOGY_NEG,C00040482_X51005712021,X51005712021,group_0240,train,MORPHOLOGY,32,382,45,396,13,14,251.6319,0.0,AUTHENTIC_REGION,0,1,REAL,C:\Users\jay\New folder (2)\Trustrace\data\document_patches\P8_0000751_X51005712021_MORPHOLOGY_NEG.png
P8_0000752_X51006388065_MORPHOLOGY_NEG,C00073212_X51006388065,X51006388065,group_0427,train,MORPHOLOGY,411,1017,425,1030,14,13,251.6264,0.0,AUTHENTIC_REGION,0,1,REAL,C:\Users\jay\New folder (2)\Trustrace\data\document_patches\P8_0000752_X51006388065_MORPHOLOGY_NEG.png
P8_0000753_X51007339160_MORPHOLOGY_NEG,C00138110_X51007339160,X51007339160,group_0760,train,MORPHOLOGY,68,1118,89,1143,21,25,251.6248,0.0,AUTHENTIC_REGION,0,1,REAL,C:\Users\jay\New folder (2)\Trustrace\data\document_patches\P8_0000753_X51007339160_MORPHOLOGY_NEG.png
P8_0000754_X51005757292_MORPHOLOGY_NEG,C00055269_X51005757292,X51005757292,group_0326,train,MORPHOLOGY,336,289,370,314,34,25,251.6247,0.0,AUTHENTIC_REGION,0,1,REAL,C:\Users\jay\New folder (2)\Trustrace\data\document_patches\P8_0000754_X51005757292_MORPHOLOGY_NEG.png
P8_0000755_X51006008095_MORPHOLOGY_NEG,C00063334_X51006008095,X51006008095,group_0023,train,MORPHOLOGY,586,736,605,760,19,24,251.6228,0.0,AUTHENTIC_REGION,0,1,REAL,C:\Users\jay\New folder (2)\Trustrace\data\document_patches\P8_0000755_X51006008095_MORPHOLOGY_NEG.png
P8_0000756_X51005806679_MORPHOLOGY_NEG,C00058635_X51005806679,X51005806679,group_0345,train,MORPHOLOGY,148,1230,163,1260,15,30,251.6222,0.0,AUTHENTIC_REGION,0,1,REAL,C:\Users\jay\New folder (2)\Trustrace\data\document_patches\P8_0000756_X51005806679_MORPHOLOGY_NEG.png
P8_0000757_X51005268262_MORPHOLOGY_NEG,C00003436_X51005268262,X51005268262,group_0009,train,MORPHOLOGY,221,51,236,64,15,13,251.6205,0.0,AUTHENTIC_REGION,0,1,REAL,C:\Users\jay\New folder (2)\Trustrace\data\document_patches\P8_0000757_X51005268262_MORPHOLOGY_NEG.png
P8_0000758_X51005301659_MORPHOLOGY_NEG,C00004445_X51005301659,X51005301659,group_0009,train,MORPHOLOGY,221,51,236,64,15,13,251.6205,0.0,AUTHENTIC_REGION,0,1,REAL,C:\Users\jay\New folder (2)\Trustrace\data\document_patches\P8_0000758_X51005301659_MORPHOLOGY_NEG.png
P8_0000759_X51006557179_MORPHOLOGY_NEG,C00102052_X51006557179,X51006557179,group_0573,train,MORPHOLOGY,228,337,243,351,15,14,251.619,0.0,AUTHENTIC_REGION,0,1,REAL,C:\Users\jay\New folder (2)\Trustrace\data\document_patches\P8_0000759_X51006557179_MORPHOLOGY_NEG.png
P8_0000760_X51005757201_MORPHOLOGY_NEG,C00053747_X51005757201,X51005757201,group_0316,train,MORPHOLOGY,276,1672,289,1685,13,13,251.6154,0.0,AUTHENTIC_REGION,0,1,REAL,C:\Users\jay\New folder (2)\Trustrace\data\document_patches\P8_0000760_X51005757201_MORPHOLOGY_NEG.png
P8_0000761_X51005806678_MORPHOLOGY_NEG,C00058399_X51005806678,X51005806678,group_0344,train,MORPHOLOGY,355,2305,368,2318,13,13,251.6154,0.0,AUTHENTIC_REGION,0,1,REAL,C:\Users\jay\New folder (2)\Trustrace\data\document_patches\P8_0000761_X51005806678_MORPHOLOGY_NEG.png
P8_0000762_X51005757292_MORPHOLOGY_NEG,C00055270_X51005757292,X51005757292,group_0326,train,MORPHOLOGY,154,255,190,282,36,27,251.6142,0.0,AUTHENTIC_REGION,0,1,REAL,C:\Users\jay\New folder (2)\Trustrace\data\document_patches\P8_0000762_X51005757292_MORPHOLOGY_NEG.png
P8_0000763_X51006008095_MORPHOLOGY_NEG,C00063335_X51006008095,X51006008095,group_0023,train,MORPHOLOGY,461,512,488,530,27,18,251.6132,0.0,AUTHENTIC_REGION,0,1,REAL,C:\Users\jay\New folder (2)\Trustrace\data\document_patches\P8_0000763_X51006008095_MORPHOLOGY_NEG.png
P8_0000764_X51005757324_MORPHOLOGY_NEG,C00056115_X51005757324,X51005757324,group_0331,train,MORPHOLOGY,272,1180,285,1193,13,13,251.6095,0.0,AUTHENTIC_REGION,0,1,REAL,C:\Users\jay\New folder (2)\Trustrace\data\document_patches\P8_0000764_X51005757324_MORPHOLOGY_NEG.png
P8_0000765_X51007339111_MORPHOLOGY_NEG,C00131944_X51007339111,X51007339111,group_0001,train,MORPHOLOGY,75,1053,86,1069,11,16,251.608,0.0,AUTHENTIC_REGION,0,1,REAL,C:\Users\jay\New folder (2)\Trustrace\data\document_patches\P8_0000765_X51007339111_MORPHOLOGY_NEG.png
P8_0000766_X51005757324_MORPHOLOGY_NEG,C00056116_X51005757324,X51005757324,group_0331,train,MORPHOLOGY,99,559,124,582,25,23,251.6017,0.0,AUTHENTIC_REGION,0,1,REAL,C:\Users\jay\New folder (2)\Trustrace\data\document_patches\P8_0000766_X51005757324_MORPHOLOGY_NEG.png
P8_0000767_X51005757201_MORPHOLOGY_NEG,C00053748_X51005757201,X51005757201,group_0316,train,MORPHOLOGY,334,400,347,413,13,13,251.5976,0.0,AUTHENTIC_REGION,0,1,REAL,C:\Users\jay\New folder (2)\Trustrace\data\document_patches\P8_0000767_X51005757201_MORPHOLOGY_NEG.png
P8_0000768_X51005806678_MORPHOLOGY_NEG,C00058400_X51005806678,X51005806678,group_0344,train,MORPHOLOGY,486,2373,500,2387,14,14,251.5969,0.0,AUTHENTIC_REGION,0,1,REAL,C:\Users\jay\New folder (2)\Trustrace\data\document_patches\P8_0000768_X51005806678_MORPHOLOGY_NEG.png
P8_0000769_X51005745213_MORPHOLOGY_NEG,C00050596_X51005745213,X51005745213,group_0299,train,MORPHOLOGY,83,199,93,213,10,14,251.5929,0.0,AUTHENTIC_REGION,0,1,REAL,C:\Users\jay\New folder (2)\Trustrace\data\document_patches\P8_0000769_X51005745213_MORPHOLOGY_NEG.png
P8_0000770_X51005806696_MORPHOLOGY_NEG,C00059369_X51005806696,X51005806696,group_0349,train,MORPHOLOGY,105,194,132,223,27,29,251.5888,0.0,AUTHENTIC_REGION,0,1,REAL,C:\Users\jay\New folder (2)\Trustrace\data\document_patches\P8_0000770_X51005806696_MORPHOLOGY_NEG.png
P8_0000771_X51005705759_MORPHOLOGY_NEG,C00036635_X51005705759,X51005705759,group_0217,train,MORPHOLOGY,656,2360,669,2373,13,13,251.5858,0.0,AUTHENTIC_REGION,0,1,REAL,C:\Users\jay\New folder (2)\Trustrace\data\document_patches\P8_0000771_X51005705759_MORPHOLOGY_NEG.png
P8_0000772_X51005806679_MORPHOLOGY_NEG,C00058636_X51005806679,X51005806679,group_0345,train,MORPHOLOGY,148,990,163,1017,15,27,251.5852,0.0,AUTHENTIC_REGION,0,1,REAL,C:\Users\jay\New folder (2)\Trustrace\data\document_patches\P8_0000772_X51005806679_MORPHOLOGY_NEG.png
P8_0000773_X51005806719_MORPHOLOGY_NEG,C00060381_X51005806719,X51005806719,group_0355,train,MORPHOLOGY,98,467,117,495,19,28,251.5789,0.0,AUTHENTIC_REGION,0,1,REAL,C:\Users\jay\New folder (2)\Trustrace\data\document_patches\P8_0000773_X51005806719_MORPHOLOGY_NEG.png
P8_0000774_X51005757324_MORPHOLOGY_NEG,C00056117_X51005757324,X51005757324,group_0331,train,MORPHOLOGY,586,998,617,1015,31,17,251.575,0.0,AUTHENTIC_REGION,0,1,REAL,C:\Users\jay\New folder (2)\Trustrace\data\document_patches\P8_0000774_X51005757324_MORPHOLOGY_NEG.png
P8_0000775_X51005712017_MORPHOLOGY_NEG,C00040313_X51005712017,X51005712017,group_0239,train,MORPHOLOGY,191,938,204,951,13,13,251.574,0.0,AUTHENTIC_REGION,0,1,REAL,C:\Users\jay\New folder (2)\Trustrace\data\document_patches\P8_0000775_X51005712017_MORPHOLOGY_NEG.png
P8_0000776_X51005705760_MORPHOLOGY_NEG,C00036928_X51005705760,X51005705760,group_0218,train,MORPHOLOGY,388,374,419,405,31,31,251.5723,0.0,AUTHENTIC_REGION,0,1,REAL,C:\Users\jay\New folder (2)\Trustrace\data\document_patches\P8_0000776_X51005705760_MORPHOLOGY_NEG.png
P8_0000777_X51007103643_MORPHOLOGY_NEG,C00123664_X51007103643,X51007103643,group_0704,train,MORPHOLOGY,648,636,663,656,15,20,251.57,0.0,AUTHENTIC_REGION,0,1,REAL,C:\Users\jay\New folder (2)\Trustrace\data\document_patches\P8_0000777_X51007103643_MORPHOLOGY_NEG.png
P8_0000778_X51007103687_MORPHOLOGY_NEG,C00124467_X51007103687,X51007103687,group_0709,train,MORPHOLOGY,508,485,523,498,15,13,251.5692,0.0,AUTHENTIC_REGION,0,1,REAL,C:\Users\jay\New folder (2)\Trustrace\data\document_patches\P8_0000778_X51007103687_MORPHOLOGY_NEG.png
P8_0000779_X51005361912_MORPHOLOGY_NEG,C00007823_X51005361912,X51005361912,group_0071,train,MORPHOLOGY,428,1902,465,1910,37,8,251.5676,0.0,AUTHENTIC_REGION,0,1,REAL,C:\Users\jay\New folder (2)\Trustrace\data\document_patches\P8_0000779_X51005361912_MORPHOLOGY_NEG.png
P8_0000780_X51005806720_MORPHOLOGY_NEG,C00060538_X51005806720,X51005806720,group_0356,train,MORPHOLOGY,80,57,98,82,18,25,251.5667,0.0,AUTHENTIC_REGION,0,1,REAL,C:\Users\jay\New folder (2)\Trustrace\data\document_patches\P8_0000780_X51005806720_MORPHOLOGY_NEG.png
P8_0000781_X51005301661_MORPHOLOGY_NEG,C00004717_X51005301661,X51005301661,group_0011,train,MORPHOLOGY,414,1625,435,1650,21,25,251.5657,0.0,AUTHENTIC_REGION,0,1,REAL,C:\Users\jay\New folder (2)\Trustrace\data\document_patches\P8_0000781_X51005301661_MORPHOLOGY_NEG.png
P8_0000782_X51005303661_MORPHOLOGY_NEG,C00005505_X51005303661,X51005303661,group_0011,train,MORPHOLOGY,414,1625,435,1650,21,25,251.5657,0.0,AUTHENTIC_REGION,0,1,REAL,C:\Users\jay\New folder (2)\Trustrace\data\document_patches\P8_0000782_X51005303661_MORPHOLOGY_NEG.png
P8_0000783_X51007103643_MORPHOLOGY_NEG,C00123665_X51007103643,X51007103643,group_0704,train,MORPHOLOGY,678,669,692,689,14,20,251.5643,0.0,AUTHENTIC_REGION,0,1,REAL,C:\Users\jay\New folder (2)\Trustrace\data\document_patches\P8_0000783_X51007103643_MORPHOLOGY_NEG.png
P8_0000784_X51005757201_MORPHOLOGY_NEG,C00053749_X51005757201,X51005757201,group_0316,train,MORPHOLOGY,101,2077,114,2090,13,13,251.5621,0.0,AUTHENTIC_REGION,0,1,REAL,C:\Users\jay\New folder (2)\Trustrace\data\document_patches\P8_0000784_X51005757201_MORPHOLOGY_NEG.png
P8_0000785_X51006557161_MORPHOLOGY_NEG,C00100498_X51006557161,X51006557161,group_0566,train,MORPHOLOGY,185,207,198,220,13,13,251.5621,0.0,AUTHENTIC_REGION,0,1,REAL,C:\Users\jay\New folder (2)\Trustrace\data\document_patches\P8_0000785_X51006557161_MORPHOLOGY_NEG.png
P8_0000786_X51005757324_MORPHOLOGY_NEG,C00056118_X51005757324,X51005757324,group_0331,train,MORPHOLOGY,501,995,534,1024,33,29,251.559,0.0,AUTHENTIC_REGION,0,1,REAL,C:\Users\jay\New folder (2)\Trustrace\data\document_patches\P8_0000786_X51005757324_MORPHOLOGY_NEG.png
P8_0000787_X51005301667_MORPHOLOGY_NEG,C00005233_X51005301667,X51005301667,group_0058,train,MORPHOLOGY,354,1780,397,1801,43,21,251.5581,0.0,AUTHENTIC_REGION,0,1,REAL,C:\Users\jay\New folder (2)\Trustrace\data\document_patches\P8_0000787_X51005301667_MORPHOLOGY_NEG.png
P8_0000788_X51006008057_MORPHOLOGY_NEG,C00060904_X51006008057,X51006008057,group_0358,train,MORPHOLOGY,266,1625,279,1638,13,13,251.5562,0.0,AUTHENTIC_REGION,0,1,REAL,C:\Users\jay\New folder (2)\Trustrace\data\document_patches\P8_0000788_X51006008057_MORPHOLOGY_NEG.png
P8_0000789_X51005806720_MORPHOLOGY_NEG,C00060539_X51005806720,X51005806720,group_0356,train,MORPHOLOGY,442,811,455,840,13,29,251.5517,0.0,AUTHENTIC_REGION,0,1,REAL,C:\Users\jay\New folder (2)\Trustrace\data\document_patches\P8_0000789_X51005806720_MORPHOLOGY_NEG.png
P8_0000790_X51008063849_MORPHOLOGY_NEG,C00153121_X51008063849,X51008063849,group_0845,train,MORPHOLOGY,112,413,125,435,13,22,251.5455,0.0,AUTHENTIC_REGION,0,1,REAL,C:\Users\jay\New folder (2)\Trustrace\data\document_patches\P8_0000790_X51008063849_MORPHOLOGY_NEG.png
P8_0000791_X51006557179_MORPHOLOGY_NEG,C00102053_X51006557179,X51006557179,group_0573,train,MORPHOLOGY,189,221,202,234,13,13,251.5444,0.0,AUTHENTIC_REGION,0,1,REAL,C:\Users\jay\New folder (2)\Trustrace\data\document_patches\P8_0000791_X51006557179_MORPHOLOGY_NEG.png
P8_0000792_X51006008090_MORPHOLOGY_NEG,C00062559_X51006008090,X51006008090,group_0366,train,MORPHOLOGY,613,1518,647,1544,34,26,251.543,0.0,AUTHENTIC_REGION,0,1,REAL,C:\Users\jay\New folder (2)\Trustrace\data\document_patches\P8_0000792_X51006008090_MORPHOLOGY_NEG.png
P8_0000793_X51005361912_MORPHOLOGY_NEG,C00007824_X51005361912,X51005361912,group_0071,train,MORPHOLOGY,683,1701,724,1709,41,8,251.5427,0.0,AUTHENTIC_REGION,0,1,REAL,C:\Users\jay\New folder (2)\Trustrace\data\document_patches\P8_0000793_X51005361912_MORPHOLOGY_NEG.png
P8_0000794_X51005757324_MORPHOLOGY_NEG,C00056119_X51005757324,X51005757324,group_0331,train,MORPHOLOGY,584,877,597,890,13,13,251.5385,0.0,AUTHENTIC_REGION,0,1,REAL,C:\Users\jay\New folder (2)\Trustrace\data\document_patches\P8_0000794_X51005757324_MORPHOLOGY_NEG.png
P8_0000795_X51005757324_MORPHOLOGY_NEG,C00056120_X51005757324,X51005757324,group_0331,train,MORPHOLOGY,601,944,614,957,13,13,251.5385,0.0,AUTHENTIC_REGION,0,1,REAL,C:\Users\jay\New folder (2)\Trustrace\data\document_patches\P8_0000795_X51005757324_MORPHOLOGY_NEG.png
P8_0000796_X51005806678_MORPHOLOGY_NEG,C00058401_X51005806678,X51005806678,group_0344,train,MORPHOLOGY,391,2256,416,2272,25,16,251.5325,0.0,AUTHENTIC_REGION,0,1,REAL,C:\Users\jay\New folder (2)\Trustrace\data\document_patches\P8_0000796_X51005806678_MORPHOLOGY_NEG.png
P8_0000797_X51006401869_MORPHOLOGY_NEG,C00076406_X51006401869,X51006401869,group_0450,train,MORPHOLOGY,325,754,339,768,14,14,251.5306,0.0,AUTHENTIC_REGION,0,1,REAL,C:\Users\jay\New folder (2)\Trustrace\data\document_patches\P8_0000797_X51006401869_MORPHOLOGY_NEG.png
P8_0000798_X51005705760_MORPHOLOGY_NEG,C00036929_X51005705760,X51005705760,group_0218,train,MORPHOLOGY,462,2407,490,2428,28,21,251.5289,0.0,AUTHENTIC_REGION,0,1,REAL,C:\Users\jay\New folder (2)\Trustrace\data\document_patches\P8_0000798_X51005705760_MORPHOLOGY_NEG.png
P8_0000799_X51006008197_MORPHOLOGY_NEG,C00063777_X51006008197,X51006008197,group_0371,train,MORPHOLOGY,434,374,463,396,29,22,251.5282,0.0,AUTHENTIC_REGION,0,1,REAL,C:\Users\jay\New folder (2)\Trustrace\data\document_patches\P8_0000799_X51006008197_MORPHOLOGY_NEG.png
P8_0000800_X51007228448_MORPHOLOGY_NEG,C00126582_X51007228448,X51007228448,group_0719,train,MORPHOLOGY,93,93,106,107,13,14,251.5275,0.0,AUTHENTIC_REGION,0,1,REAL,C:\Users\jay\New folder (2)\Trustrace\data\document_patches\P8_0000800_X51007228448_MORPHOLOGY_NEG.png
P8_0000801_X51005757292_MORPHOLOGY_NEG,C00055271_X51005757292,X51005757292,group_0326,train,MORPHOLOGY,601,629,614,642,13,13,251.5266,0.0,AUTHENTIC_REGION,0,1,REAL,C:\Users\jay\New folder (2)\Trustrace\data\document_patches\P8_0000801_X51005757292_MORPHOLOGY_NEG.png
P8_0000802_X51005268262_MORPHOLOGY_NEG,C00003437_X51005268262,X51005268262,group_0009,train,MORPHOLOGY,70,1062,83,1075,13,13,251.5207,0.0,AUTHENTIC_REGION,0,1,REAL,C:\Users\jay\New folder (2)\Trustrace\data\document_patches\P8_0000802_X51005268262_MORPHOLOGY_NEG.png
P8_0000803_X51005301659_MORPHOLOGY_NEG,C00004446_X51005301659,X51005301659,group_0009,train,MORPHOLOGY,70,1062,83,1075,13,13,251.5207,0.0,AUTHENTIC_REGION,0,1,REAL,C:\Users\jay\New folder (2)\Trustrace\data\document_patches\P8_0000803_X51005301659_MORPHOLOGY_NEG.png
P8_0000804_X51005757324_MORPHOLOGY_NEG,C00056121_X51005757324,X51005757324,group_0331,train,MORPHOLOGY,108,708,121,721,13,13,251.5207,0.0,AUTHENTIC_REGION,0,1,REAL,C:\Users\jay\New folder (2)\Trustrace\data\document_patches\P8_0000804_X51005757324_MORPHOLOGY_NEG.png
P8_0000805_X51006008095_MORPHOLOGY_NEG,C00063336_X51006008095,X51006008095,group_0023,train,MORPHOLOGY,370,1014,383,1027,13,13,251.5207,0.0,AUTHENTIC_REGION,0,1,REAL,C:\Users\jay\New folder (2)\Trustrace\data\document_patches\P8_0000805_X51006008095_MORPHOLOGY_NEG.png
P8_0000806_X51005705784_MORPHOLOGY_NEG,C00037124_X51005705784,X51005705784,group_0219,train,MORPHOLOGY,688,1696,698,1716,10,20,251.52,0.0,AUTHENTIC_REGION,0,1,REAL,C:\Users\jay\New folder (2)\Trustrace\data\document_patches\P8_0000806_X51005705784_MORPHOLOGY_NEG.png
P8_0000807_X51005757233_MORPHOLOGY_NEG,C00054040_X51005757233,X51005757233,group_0318,train,MORPHOLOGY,152,1289,165,1302,13,13,251.5148,0.0,AUTHENTIC_REGION,0,1,REAL,C:\Users\jay\New folder (2)\Trustrace\data\document_patches\P8_0000807_X51005757233_MORPHOLOGY_NEG.png
P8_0000808_X51006556824_MORPHOLOGY_NEG,C00096406_X51006556824,X51006556824,group_0547,train,MORPHOLOGY,383,710,396,723,13,13,251.5148,0.0,AUTHENTIC_REGION,0,1,REAL,C:\Users\jay\New folder (2)\Trustrace\data\document_patches\P8_0000808_X51006556824_MORPHOLOGY_NEG.png
P8_0000809_X51005757292_MORPHOLOGY_NEG,C00055272_X51005757292,X51005757292,group_0326,train,MORPHOLOGY,238,570,252,585,14,15,251.5143,0.0,AUTHENTIC_REGION,0,1,REAL,C:\Users\jay\New folder (2)\Trustrace\data\document_patches\P8_0000809_X51005757292_MORPHOLOGY_NEG.png
P8_0000810_X51005757201_MORPHOLOGY_NEG,C00053750_X51005757201,X51005757201,group_0316,train,MORPHOLOGY,300,1199,318,1215,18,16,251.5139,0.0,AUTHENTIC_REGION,0,1,REAL,C:\Users\jay\New folder (2)\Trustrace\data\document_patches\P8_0000810_X51005757201_MORPHOLOGY_NEG.png
P8_0000811_X51005301667_MORPHOLOGY_NEG,C00005234_X51005301667,X51005301667,group_0058,train,MORPHOLOGY,135,1866,174,1894,39,28,251.5092,0.0,AUTHENTIC_REGION,0,1,REAL,C:\Users\jay\New folder (2)\Trustrace\data\document_patches\P8_0000811_X51005301667_MORPHOLOGY_NEG.png
P8_0000812_X51005268400_MORPHOLOGY_NEG,C00003856_X51005268400,X51005268400,group_0054,train,MORPHOLOGY,497,696,510,709,13,13,251.5089,0.0,AUTHENTIC_REGION,0,1,REAL,C:\Users\jay\New folder (2)\Trustrace\data\document_patches\P8_0000812_X51005268400_MORPHOLOGY_NEG.png
P8_0000813_X51005757233_MORPHOLOGY_NEG,C00054041_X51005757233,X51005757233,group_0318,train,MORPHOLOGY,253,685,266,698,13,13,251.5089,0.0,AUTHENTIC_REGION,0,1,REAL,C:\Users\jay\New folder (2)\Trustrace\data\document_patches\P8_0000813_X51005757233_MORPHOLOGY_NEG.png
P8_0000814_X51005757324_MORPHOLOGY_NEG,C00056122_X51005757324,X51005757324,group_0331,train,MORPHOLOGY,58,1112,78,1126,20,14,251.5071,0.0,AUTHENTIC_REGION,0,1,REAL,C:\Users\jay\New folder (2)\Trustrace\data\document_patches\P8_0000814_X51005757324_MORPHOLOGY_NEG.png
P8_0000815_X51006008095_MORPHOLOGY_NEG,C00063337_X51006008095,X51006008095,group_0023,train,MORPHOLOGY,422,965,436,996,14,31,251.5069,0.0,AUTHENTIC_REGION,0,1,REAL,C:\Users\jay\New folder (2)\Trustrace\data\document_patches\P8_0000815_X51006008095_MORPHOLOGY_NEG.png
P8_0000816_X51005361908_MORPHOLOGY_NEG,C00007691_X51005361908,X51005361908,group_0070,train,MORPHOLOGY,1390,2019,1400,2034,10,15,251.5067,0.0,AUTHENTIC_REGION,0,1,REAL,C:\Users\jay\New folder (2)\Trustrace\data\document_patches\P8_0000816_X51005361908_MORPHOLOGY_NEG.png
P8_0000817_X51005705784_MORPHOLOGY_NEG,C00037125_X51005705784,X51005705784,group_0219,train,MORPHOLOGY,688,1293,703,1323,15,30,251.5067,0.0,AUTHENTIC_REGION,0,1,REAL,C:\Users\jay\New folder (2)\Trustrace\data\document_patches\P8_0000817_X51005705784_MORPHOLOGY_NEG.png
P8_0000818_X51006008083_MORPHOLOGY_NEG,C00061815_X51006008083,X51006008083,group_0363,train,MORPHOLOGY,85,1240,105,1255,20,15,251.5067,0.0,AUTHENTIC_REGION,0,1,REAL,C:\Users\jay\New folder (2)\Trustrace\data\document_patches\P8_0000818_X51006008083_MORPHOLOGY_NEG.png
P8_0000819_X51005568827_MORPHOLOGY_NEG,C00019494_X51005568827,X51005568827,group_0128,train,MORPHOLOGY,138,1939,154,1952,16,13,251.5048,0.0,AUTHENTIC_REGION,0,1,REAL,C:\Users\jay\New folder (2)\Trustrace\data\document_patches\P8_0000819_X51005568827_MORPHOLOGY_NEG.png
P8_0000820_X51006008090_MORPHOLOGY_NEG,C00062560_X51006008090,X51006008090,group_0366,train,MORPHOLOGY,95,284,112,309,17,25,251.5035,0.0,AUTHENTIC_REGION,0,1,REAL,C:\Users\jay\New folder (2)\Trustrace\data\document_patches\P8_0000820_X51006008090_MORPHOLOGY_NEG.png
P8_0000821_X51006008095_MORPHOLOGY_NEG,C00063338_X51006008095,X51006008095,group_0023,train,MORPHOLOGY,548,614,563,636,15,22,251.497,0.0,AUTHENTIC_REGION,0,1,REAL,C:\Users\jay\New folder (2)\Trustrace\data\document_patches\P8_0000821_X51006008095_MORPHOLOGY_NEG.png
P8_0000822_X51005757294_MORPHOLOGY_NEG,C00055403_X51005757294,X51005757294,group_0327,train,MORPHOLOGY,342,303,407,314,65,11,251.4951,0.0,AUTHENTIC_REGION,0,1,REAL,C:\Users\jay\New folder (2)\Trustrace\data\document_patches\P8_0000822_X51005757294_MORPHOLOGY_NEG.png
P8_0000823_X51005268400_MORPHOLOGY_NEG,C00003857_X51005268400,X51005268400,group_0054,train,MORPHOLOGY,202,132,221,147,19,15,251.4912,0.0,AUTHENTIC_REGION,0,1,REAL,C:\Users\jay\New folder (2)\Trustrace\data\document_patches\P8_0000823_X51005268400_MORPHOLOGY_NEG.png
P8_0000824_X51006008090_MORPHOLOGY_NEG,C00062561_X51006008090,X51006008090,group_0366,train,MORPHOLOGY,196,778,209,791,13,13,251.4911,0.0,AUTHENTIC_REGION,0,1,REAL,C:\Users\jay\New folder (2)\Trustrace\data\document_patches\P8_0000824_X51006008090_MORPHOLOGY_NEG.png
P8_0000825_X51006008092_MORPHOLOGY_NEG,C00062985_X51006008092,X51006008092,group_0367,train,MORPHOLOGY,644,1456,657,1469,13,13,251.4911,0.0,AUTHENTIC_REGION,0,1,REAL,C:\Users\jay\New folder (2)\Trustrace\data\document_patches\P8_0000825_X51006008092_MORPHOLOGY_NEG.png
P8_0000826_X51005757201_MORPHOLOGY_NEG,C00053751_X51005757201,X51005757201,group_0316,train,MORPHOLOGY,531,363,565,386,34,23,251.4847,0.0,AUTHENTIC_REGION,0,1,REAL,C:\Users\jay\New folder (2)\Trustrace\data\document_patches\P8_0000826_X51005757201_MORPHOLOGY_NEG.png
P8_0000827_X51006008057_MORPHOLOGY_NEG,C00060905_X51006008057,X51006008057,group_0358,train,MORPHOLOGY,591,1409,602,1422,11,13,251.4825,0.0,AUTHENTIC_REGION,0,1,REAL,C:\Users\jay\New folder (2)\Trustrace\data\document_patches\P8_0000827_X51006008057_MORPHOLOGY_NEG.png
P8_0000828_X00016469672_MORPHOLOGY_NEG,C00001238_X00016469672,X00016469672,group_0041,train,MORPHOLOGY,15,389,72,407,57,18,251.4805,0.0,AUTHENTIC_REGION,0,1,REAL,C:\Users\jay\New folder (2)\Trustrace\data\document_patches\P8_0000828_X00016469672_MORPHOLOGY_NEG.png
P8_0000829_X51005268262_MORPHOLOGY_NEG,C00003438_X51005268262,X51005268262,group_0009,train,MORPHOLOGY,280,614,293,627,13,13,251.4793,0.0,AUTHENTIC_REGION,0,1,REAL,C:\Users\jay\New folder (2)\Trustrace\data\document_patches\P8_0000829_X51005268262_MORPHOLOGY_NEG.png
P8_0000830_X51005301659_MORPHOLOGY_NEG,C00004447_X51005301659,X51005301659,group_0009,train,MORPHOLOGY,280,614,293,627,13,13,251.4793,0.0,AUTHENTIC_REGION,0,1,REAL,C:\Users\jay\New folder (2)\Trustrace\data\document_patches\P8_0000830_X51005301659_MORPHOLOGY_NEG.png
P8_0000831_X51005806696_MORPHOLOGY_NEG,C00059370_X51005806696,X51005806696,group_0349,train,MORPHOLOGY,504,735,520,746,16,11,251.4773,0.0,AUTHENTIC_REGION,0,1,REAL,C:\Users\jay\New folder (2)\Trustrace\data\document_patches\P8_0000831_X51005806696_MORPHOLOGY_NEG.png
P8_0000832_X51005268400_MORPHOLOGY_NEG,C00003858_X51005268400,X51005268400,group_0054,train,MORPHOLOGY,512,1168,525,1181,13,13,251.4734,0.0,AUTHENTIC_REGION,0,1,REAL,C:\Users\jay\New folder (2)\Trustrace\data\document_patches\P8_0000832_X51005268400_MORPHOLOGY_NEG.png
P8_0000833_X51006008057_MORPHOLOGY_NEG,C00060906_X51006008057,X51006008057,group_0358,train,MORPHOLOGY,669,1336,683,1351,14,15,251.4714,0.0,AUTHENTIC_REGION,0,1,REAL,C:\Users\jay\New folder (2)\Trustrace\data\document_patches\P8_0000833_X51006008057_MORPHOLOGY_NEG.png
P8_0000834_X51005361907_MORPHOLOGY_NEG,C00007493_X51005361907,X51005361907,group_0069,train,MORPHOLOGY,901,59,914,72,13,13,251.4675,0.0,AUTHENTIC_REGION,0,1,REAL,C:\Users\jay\New folder (2)\Trustrace\data\document_patches\P8_0000834_X51005361907_MORPHOLOGY_NEG.png
P8_0000835_X51005663273_MORPHOLOGY_NEG,C00026423_X51005663273,X51005663273,group_0163,train,MORPHOLOGY,622,845,635,858,13,13,251.4675,0.0,AUTHENTIC_REGION,0,1,REAL,C:\Users\jay\New folder (2)\Trustrace\data\document_patches\P8_0000835_X51005663273_MORPHOLOGY_NEG.png
P8_0000836_X51006556656_MORPHOLOGY_NEG,C00091921_X51006556656,X51006556656,group_0527,train,MORPHOLOGY,242,928,255,941,13,13,251.4675,0.0,AUTHENTIC_REGION,0,1,REAL,C:\Users\jay\New folder (2)\Trustrace\data\document_patches\P8_0000836_X51006556656_MORPHOLOGY_NEG.png
P8_0000837_X51005757324_MORPHOLOGY_NEG,C00056123_X51005757324,X51005757324,group_0331,train,MORPHOLOGY,274,665,287,678,13,13,251.4615,0.0,AUTHENTIC_REGION,0,1,REAL,C:\Users\jay\New folder (2)\Trustrace\data\document_patches\P8_0000837_X51005757324_MORPHOLOGY_NEG.png
P8_0000838_X51006008090_MORPHOLOGY_NEG,C00062562_X51006008090,X51006008090,group_0366,train,MORPHOLOGY,633,858,646,871,13,13,251.4615,0.0,AUTHENTIC_REGION,0,1,REAL,C:\Users\jay\New folder (2)\Trustrace\data\document_patches\P8_0000838_X51006008090_MORPHOLOGY_NEG.png
P8_0000839_X51006008095_MORPHOLOGY_NEG,C00063339_X51006008095,X51006008095,group_0023,train,MORPHOLOGY,142,1043,155,1056,13,13,251.4615,0.0,AUTHENTIC_REGION,0,1,REAL,C:\Users\jay\New folder (2)\Trustrace\data\document_patches\P8_0000839_X51006008095_MORPHOLOGY_NEG.png
P8_0000840_X51005757201_MORPHOLOGY_NEG,C00053752_X51005757201,X51005757201,group_0316,train,MORPHOLOGY,75,1990,92,2005,17,15,251.4588,0.0,AUTHENTIC_REGION,0,1,REAL,C:\Users\jay\New folder (2)\Trustrace\data\document_patches\P8_0000840_X51005757201_MORPHOLOGY_NEG.png
P8_0000841_X51006008090_MORPHOLOGY_NEG,C00062563_X51006008090,X51006008090,group_0366,train,MORPHOLOGY,115,1974,128,1987,13,13,251.4556,0.0,AUTHENTIC_REGION,0,1,REAL,C:\Users\jay\New folder (2)\Trustrace\data\document_patches\P8_0000841_X51006008090_MORPHOLOGY_NEG.png
P8_0000842_X51005719895_MORPHOLOGY_NEG,C00044501_X51005719895,X51005719895,group_0265,train,MORPHOLOGY,602,1506,616,1536,14,30,251.4476,0.0,AUTHENTIC_REGION,0,1,REAL,C:\Users\jay\New folder (2)\Trustrace\data\document_patches\P8_0000842_X51005719895_MORPHOLOGY_NEG.png
P8_0000843_X51006008057_MORPHOLOGY_NEG,C00060907_X51006008057,X51006008057,group_0358,train,MORPHOLOGY,142,951,197,969,55,18,251.4475,0.0,AUTHENTIC_REGION,0,1,REAL,C:\Users\jay\New folder (2)\Trustrace\data\document_patches\P8_0000843_X51006008057_MORPHOLOGY_NEG.png
P8_0000844_X51006387660_MORPHOLOGY_NEG,C00071096_X51006387660,X51006387660,group_0411,train,MORPHOLOGY,597,783,610,804,13,21,251.4469,0.0,AUTHENTIC_REGION,0,1,REAL,C:\Users\jay\New folder (2)\Trustrace\data\document_patches\P8_0000844_X51006387660_MORPHOLOGY_NEG.png
P8_0000845_X51005712021_MORPHOLOGY_NEG,C00040483_X51005712021,X51005712021,group_0240,train,MORPHOLOGY,458,744,483,757,25,13,251.4462,0.0,AUTHENTIC_REGION,0,1,REAL,C:\Users\jay\New folder (2)\Trustrace\data\document_patches\P8_0000845_X51005712021_MORPHOLOGY_NEG.png
P8_0000846_X51005757201_MORPHOLOGY_NEG,C00053753_X51005757201,X51005757201,group_0316,train,MORPHOLOGY,400,2388,413,2402,13,14,251.4451,0.0,AUTHENTIC_REGION,0,1,REAL,C:\Users\jay\New folder (2)\Trustrace\data\document_patches\P8_0000846_X51005757201_MORPHOLOGY_NEG.png
P8_0000847_X51005361908_MORPHOLOGY_NEG,C00007692_X51005361908,X51005361908,group_0070,train,MORPHOLOGY,1552,1956,1562,1965,10,9,251.4444,0.0,AUTHENTIC_REGION,0,1,REAL,C:\Users\jay\New folder (2)\Trustrace\data\document_patches\P8_0000847_X51005361908_MORPHOLOGY_NEG.png
P8_0000848_X51005757233_MORPHOLOGY_NEG,C00054042_X51005757233,X51005757233,group_0318,train,MORPHOLOGY,414,1304,427,1321,13,17,251.4434,0.0,AUTHENTIC_REGION,0,1,REAL,C:\Users\jay\New folder (2)\Trustrace\data\document_patches\P8_0000848_X51005757233_MORPHOLOGY_NEG.png
P8_0000849_X51005301661_MORPHOLOGY_NEG,C00004718_X51005301661,X51005301661,group_0011,train,MORPHOLOGY,284,1445,315,1469,31,24,251.4422,0.0,AUTHENTIC_REGION,0,1,REAL,C:\Users\jay\New folder (2)\Trustrace\data\document_patches\P8_0000849_X51005301661_MORPHOLOGY_NEG.png
P8_0000850_X51005303661_MORPHOLOGY_NEG,C00005506_X51005303661,X51005303661,group_0011,train,MORPHOLOGY,284,1445,315,1469,31,24,251.4422,0.0,AUTHENTIC_REGION,0,1,REAL,C:\Users\jay\New folder (2)\Trustrace\data\document_patches\P8_0000850_X51005303661_MORPHOLOGY_NEG.png
P8_0000851_X51006008090_MORPHOLOGY_NEG,C00062564_X51006008090,X51006008090,group_0366,train,MORPHOLOGY,526,1923,539,1936,13,13,251.4379,0.0,AUTHENTIC_REGION,0,1,REAL,C:\Users\jay\New folder (2)\Trustrace\data\document_patches\P8_0000851_X51006008090_MORPHOLOGY_NEG.png
P8_0000852_X51006008090_MORPHOLOGY_NEG,C00062565_X51006008090,X51006008090,group_0366,train,MORPHOLOGY,579,568,613,596,34,28,251.4349,0.0,AUTHENTIC_REGION,0,1,REAL,C:\Users\jay\New folder (2)\Trustrace\data\document_patches\P8_0000852_X51006008090_MORPHOLOGY_NEG.png
P8_0000853_X51005757292_MORPHOLOGY_NEG,C00055273_X51005757292,X51005757292,group_0326,train,MORPHOLOGY,495,1138,517,1161,22,23,251.4348,0.0,AUTHENTIC_REGION,0,1,REAL,C:\Users\jay\New folder (2)\Trustrace\data\document_patches\P8_0000853_X51005757292_MORPHOLOGY_NEG.png
P8_0000854_X51005757201_MORPHOLOGY_NEG,C00053754_X51005757201,X51005757201,group_0316,train,MORPHOLOGY,561,154,580,170,19,16,251.4309,0.0,AUTHENTIC_REGION,0,1,REAL,C:\Users\jay\New folder (2)\Trustrace\data\document_patches\P8_0000854_X51005757201_MORPHOLOGY_NEG.png
P8_0000855_X51006008093_MORPHOLOGY_NEG,C00063187_X51006008093,X51006008093,group_0368,train,MORPHOLOGY,483,659,499,682,16,23,251.4293,0.0,AUTHENTIC_REGION,0,1,REAL,C:\Users\jay\New folder (2)\Trustrace\data\document_patches\P8_0000855_X51006008093_MORPHOLOGY_NEG.png
P8_0000856_X51005757324_MORPHOLOGY_NEG,C00056124_X51005757324,X51005757324,group_0331,train,MORPHOLOGY,296,1095,315,1125,19,30,251.4281,0.0,AUTHENTIC_REGION,0,1,REAL,C:\Users\jay\New folder (2)\Trustrace\data\document_patches\P8_0000856_X51005757324_MORPHOLOGY_NEG.png
P8_0000857_X51006388082_MORPHOLOGY_NEG,C00073697_X51006388082,X51006388082,group_0432,train,MORPHOLOGY,523,1026,543,1042,20,16,251.4281,0.0,AUTHENTIC_REGION,0,1,REAL,C:\Users\jay\New folder (2)\Trustrace\data\document_patches\P8_0000857_X51006388082_MORPHOLOGY_NEG.png
P8_0000858_X51005806678_MORPHOLOGY_NEG,C00058402_X51005806678,X51005806678,group_0344,train,MORPHOLOGY,541,2129,577,2157,36,28,251.4216,0.0,AUTHENTIC_REGION,0,1,REAL,C:\Users\jay\New folder (2)\Trustrace\data\document_patches\P8_0000858_X51005806678_MORPHOLOGY_NEG.png
P8_0000859_X51006392313_MORPHOLOGY_NEG,C00075652_X51006392313,X51006392313,group_0445,train,MORPHOLOGY,62,1226,75,1239,13,13,251.4201,0.0,AUTHENTIC_REGION,0,1,REAL,C:\Users\jay\New folder (2)\Trustrace\data\document_patches\P8_0000859_X51006392313_MORPHOLOGY_NEG.png
P8_0000860_X51005268262_MORPHOLOGY_NEG,C00003439_X51005268262,X51005268262,group_0009,train,MORPHOLOGY,212,614,229,637,17,23,251.4194,0.0,AUTHENTIC_REGION,0,1,REAL,C:\Users\jay\New folder (2)\Trustrace\data\document_patches\P8_0000860_X51005268262_MORPHOLOGY_NEG.png
P8_0000861_X51005301659_MORPHOLOGY_NEG,C00004448_X51005301659,X51005301659,group_0009,train,MORPHOLOGY,212,614,229,637,17,23,251.4194,0.0,AUTHENTIC_REGION,0,1,REAL,C:\Users\jay\New folder (2)\Trustrace\data\document_patches\P8_0000861_X51005301659_MORPHOLOGY_NEG.png
P8_0000862_X51005268262_MORPHOLOGY_NEG,C00003440_X51005268262,X51005268262,group_0009,train,MORPHOLOGY,392,1313,405,1326,13,13,251.4142,0.0,AUTHENTIC_REGION,0,1,REAL,C:\Users\jay\New folder (2)\Trustrace\data\document_patches\P8_0000862_X51005268262_MORPHOLOGY_NEG.png
P8_0000863_X51005301659_MORPHOLOGY_NEG,C00004449_X51005301659,X51005301659,group_0009,train,MORPHOLOGY,392,1313,405,1326,13,13,251.4142,0.0,AUTHENTIC_REGION,0,1,REAL,C:\Users\jay\New folder (2)\Trustrace\data\document_patches\P8_0000863_X51005301659_MORPHOLOGY_NEG.png
P8_0000864_X51006556738_MORPHOLOGY_NEG,C00093930_X51006556738,X51006556738,group_0536,train,MORPHOLOGY,265,336,278,349,13,13,251.4142,0.0,AUTHENTIC_REGION,0,1,REAL,C:\Users\jay\New folder (2)\Trustrace\data\document_patches\P8_0000864_X51006556738_MORPHOLOGY_NEG.png
P8_0000865_X51007103675_MORPHOLOGY_NEG,C00124177_X51007103675,X51007103675,group_0707,train,MORPHOLOGY,140,713,153,727,13,14,251.4121,0.0,AUTHENTIC_REGION,0,1,REAL,C:\Users\jay\New folder (2)\Trustrace\data\document_patches\P8_0000865_X51007103675_MORPHOLOGY_NEG.png
P8_0000866_X51005268400_MORPHOLOGY_NEG,C00003859_X51005268400,X51005268400,group_0054,train,MORPHOLOGY,377,1054,390,1067,13,13,251.4083,0.0,AUTHENTIC_REGION,0,1,REAL,C:\Users\jay\New folder (2)\Trustrace\data\document_patches\P8_0000866_X51005268400_MORPHOLOGY_NEG.png
P8_0000867_X51005757292_MORPHOLOGY_NEG,C00055274_X51005757292,X51005757292,group_0326,train,MORPHOLOGY,158,1135,171,1148,13,13,251.4083,0.0,AUTHENTIC_REGION,0,1,REAL,C:\Users\jay\New folder (2)\Trustrace\data\document_patches\P8_0000867_X51005757292_MORPHOLOGY_NEG.png
P8_0000868_X51006008090_MORPHOLOGY_NEG,C00062566_X51006008090,X51006008090,group_0366,train,MORPHOLOGY,191,893,204,906,13,13,251.4083,0.0,AUTHENTIC_REGION,0,1,REAL,C:\Users\jay\New folder (2)\Trustrace\data\document_patches\P8_0000868_X51006008090_MORPHOLOGY_NEG.png
P8_0000869_X51005757324_MORPHOLOGY_NEG,C00056125_X51005757324,X51005757324,group_0331,train,MORPHOLOGY,468,256,517,284,49,28,251.4082,0.0,AUTHENTIC_REGION,0,1,REAL,C:\Users\jay\New folder (2)\Trustrace\data\document_patches\P8_0000869_X51005757324_MORPHOLOGY_NEG.png
P8_0000870_X51005268262_MORPHOLOGY_NEG,C00003441_X51005268262,X51005268262,group_0009,train,MORPHOLOGY,375,1228,392,1250,17,22,251.4064,0.0,AUTHENTIC_REGION,0,1,REAL,C:\Users\jay\New folder (2)\Trustrace\data\document_patches\P8_0000870_X51005268262_MORPHOLOGY_NEG.png
P8_0000871_X51005301659_MORPHOLOGY_NEG,C00004450_X51005301659,X51005301659,group_0009,train,MORPHOLOGY,375,1228,392,1250,17,22,251.4064,0.0,AUTHENTIC_REGION,0,1,REAL,C:\Users\jay\New folder (2)\Trustrace\data\document_patches\P8_0000871_X51005301659_MORPHOLOGY_NEG.png
P8_0000872_X51006008095_MORPHOLOGY_NEG,C00063340_X51006008095,X51006008095,group_0023,train,MORPHOLOGY,98,1003,133,1017,35,14,251.4041,0.0,AUTHENTIC_REGION,0,1,REAL,C:\Users\jay\New folder (2)\Trustrace\data\document_patches\P8_0000872_X51006008095_MORPHOLOGY_NEG.png
P8_0000873_X51005361908_MORPHOLOGY_NEG,C00007693_X51005361908,X51005361908,group_0070,train,MORPHOLOGY,1439,2037,1452,2045,13,8,251.4038,0.0,AUTHENTIC_REGION,0,1,REAL,C:\Users\jay\New folder (2)\Trustrace\data\document_patches\P8_0000873_X51005361908_MORPHOLOGY_NEG.png
P8_0000874_X51005705760_MORPHOLOGY_NEG,C00036930_X51005705760,X51005705760,group_0218,train,MORPHOLOGY,137,2234,148,2247,11,13,251.3986,0.0,AUTHENTIC_REGION,0,1,REAL,C:\Users\jay\New folder (2)\Trustrace\data\document_patches\P8_0000874_X51005705760_MORPHOLOGY_NEG.png
P8_0000875_X51006008083_MORPHOLOGY_NEG,C00061816_X51006008083,X51006008083,group_0363,train,MORPHOLOGY,585,358,604,375,19,17,251.3932,0.0,AUTHENTIC_REGION,0,1,REAL,C:\Users\jay\New folder (2)\Trustrace\data\document_patches\P8_0000875_X51006008083_MORPHOLOGY_NEG.png
P8_0000876_X51005663273_MORPHOLOGY_NEG,C00026424_X51005663273,X51005663273,group_0163,train,MORPHOLOGY,546,735,559,746,13,11,251.3916,0.0,AUTHENTIC_REGION,0,1,REAL,C:\Users\jay\New folder (2)\Trustrace\data\document_patches\P8_0000876_X51005663273_MORPHOLOGY_NEG.png
P8_0000877_X51005705759_MORPHOLOGY_NEG,C00036636_X51005705759,X51005705759,group_0217,train,MORPHOLOGY,932,2291,945,2304,13,13,251.3905,0.0,AUTHENTIC_REGION,0,1,REAL,C:\Users\jay\New folder (2)\Trustrace\data\document_patches\P8_0000877_X51005705759_MORPHOLOGY_NEG.png
P8_0000878_X51005268400_MORPHOLOGY_NEG,C00003860_X51005268400,X51005268400,group_0054,train,MORPHOLOGY,244,330,260,351,16,21,251.3899,0.0,AUTHENTIC_REGION,0,1,REAL,C:\Users\jay\New folder (2)\Trustrace\data\document_patches\P8_0000878_X51005268400_MORPHOLOGY_NEG.png
P8_0000879_X51005705759_MORPHOLOGY_NEG,C00036637_X51005705759,X51005705759,group_0217,train,MORPHOLOGY,767,2464,780,2477,13,13,251.3846,0.0,AUTHENTIC_REGION,0,1,REAL,C:\Users\jay\New folder (2)\Trustrace\data\document_patches\P8_0000879_X51005705759_MORPHOLOGY_NEG.png
P8_0000880_X51006327960_MORPHOLOGY_NEG,C00065398_X51006327960,X51006327960,group_0382,train,MORPHOLOGY,616,565,629,573,13,8,251.3846,0.0,AUTHENTIC_REGION,0,1,REAL,C:\Users\jay\New folder (2)\Trustrace\data\document_patches\P8_0000880_X51006327960_MORPHOLOGY_NEG.png
P8_0000881_X51005757324_MORPHOLOGY_NEG,C00056126_X51005757324,X51005757324,group_0331,train,MORPHOLOGY,139,324,168,343,29,19,251.3829,0.0,AUTHENTIC_REGION,0,1,REAL,C:\Users\jay\New folder (2)\Trustrace\data\document_patches\P8_0000881_X51005757324_MORPHOLOGY_NEG.png
P8_0000882_X51005806678_MORPHOLOGY_NEG,C00058403_X51005806678,X51005806678,group_0344,train,MORPHOLOGY,380,2120,407,2143,27,23,251.38,0.0,AUTHENTIC_REGION,0,1,REAL,C:\Users\jay\New folder (2)\Trustrace\data\document_patches\P8_0000882_X51005806678_MORPHOLOGY_NEG.png
P8_0000883_X51005806679_MORPHOLOGY_NEG,C00058637_X51005806679,X51005806679,group_0345,train,MORPHOLOGY,141,643,159,651,18,8,251.375,0.0,AUTHENTIC_REGION,0,1,REAL,C:\Users\jay\New folder (2)\Trustrace\data\document_patches\P8_0000883_X51005806679_MORPHOLOGY_NEG.png
P8_0000884_X51005712021_MORPHOLOGY_NEG,C00040484_X51005712021,X51005712021,group_0240,train,MORPHOLOGY,242,363,255,376,13,13,251.3728,0.0,AUTHENTIC_REGION,0,1,REAL,C:\Users\jay\New folder (2)\Trustrace\data\document_patches\P8_0000884_X51005712021_MORPHOLOGY_NEG.png
P8_0000885_X51006556738_MORPHOLOGY_NEG,C00093931_X51006556738,X51006556738,group_0536,train,MORPHOLOGY,485,613,498,626,13,13,251.3728,0.0,AUTHENTIC_REGION,0,1,REAL,C:\Users\jay\New folder (2)\Trustrace\data\document_patches\P8_0000885_X51006556738_MORPHOLOGY_NEG.png
P8_0000886_X51007103643_MORPHOLOGY_NEG,C00123666_X51007103643,X51007103643,group_0704,train,MORPHOLOGY,603,282,616,295,13,13,251.3728,0.0,AUTHENTIC_REGION,0,1,REAL,C:\Users\jay\New folder (2)\Trustrace\data\document_patches\P8_0000886_X51007103643_MORPHOLOGY_NEG.png
P8_0000887_X51008063849_MORPHOLOGY_NEG,C00153122_X51008063849,X51008063849,group_0845,train,MORPHOLOGY,160,971,173,984,13,13,251.3728,0.0,AUTHENTIC_REGION,0,1,REAL,C:\Users\jay\New folder (2)\Trustrace\data\document_patches\P8_0000887_X51008063849_MORPHOLOGY_NEG.png
P8_0000888_X51006556824_MORPHOLOGY_NEG,C00096407_X51006556824,X51006556824,group_0547,train,MORPHOLOGY,341,759,366,773,25,14,251.3714,0.0,AUTHENTIC_REGION,0,1,REAL,C:\Users\jay\New folder (2)\Trustrace\data\document_patches\P8_0000888_X51006556824_MORPHOLOGY_NEG.png
P8_0000889_X51006008057_MORPHOLOGY_NEG,C00060908_X51006008057,X51006008057,group_0358,train,MORPHOLOGY,55,608,111,622,56,14,251.3648,0.0,AUTHENTIC_REGION,0,1,REAL,C:\Users\jay\New folder (2)\Trustrace\data\document_patches\P8_0000889_X51006008057_MORPHOLOGY_NEG.png
P8_0000890_X51006008082_MORPHOLOGY_NEG,C00061636_X51006008082,X51006008082,group_0362,train,MORPHOLOGY,610,731,658,753,48,22,251.3636,0.0,AUTHENTIC_REGION,0,1,REAL,C:\Users\jay\New folder (2)\Trustrace\data\document_patches\P8_0000890_X51006008082_MORPHOLOGY_NEG.png
P8_0000891_X51005757324_MORPHOLOGY_NEG,C00056127_X51005757324,X51005757324,group_0331,train,MORPHOLOGY,253,571,268,587,15,16,251.3625,0.0,AUTHENTIC_REGION,0,1,REAL,C:\Users\jay\New folder (2)\Trustrace\data\document_patches\P8_0000891_X51005757324_MORPHOLOGY_NEG.png
P8_0000892_X51005268275_MORPHOLOGY_NEG,C00003716_X51005268275,X51005268275,group_0010,train,MORPHOLOGY,471,572,483,587,12,15,251.3611,0.0,AUTHENTIC_REGION,0,1,REAL,C:\Users\jay\New folder (2)\Trustrace\data\document_patches\P8_0000892_X51005268275_MORPHOLOGY_NEG.png
P8_0000893_X51005301661_MORPHOLOGY_NEG,C00004719_X51005301661,X51005301661,group_0011,train,MORPHOLOGY,114,1499,138,1517,24,18,251.3611,0.0,AUTHENTIC_REGION,0,1,REAL,C:\Users\jay\New folder (2)\Trustrace\data\document_patches\P8_0000893_X51005301661_MORPHOLOGY_NEG.png
P8_0000894_X51005301666_MORPHOLOGY_NEG,C00004984_X51005301666,X51005301666,group_0010,train,MORPHOLOGY,471,572,483,587,12,15,251.3611,0.0,AUTHENTIC_REGION,0,1,REAL,C:\Users\jay\New folder (2)\Trustrace\data\document_patches\P8_0000894_X51005301666_MORPHOLOGY_NEG.png
P8_0000895_X51005303661_MORPHOLOGY_NEG,C00005507_X51005303661,X51005303661,group_0011,train,MORPHOLOGY,114,1499,138,1517,24,18,251.3611,0.0,AUTHENTIC_REGION,0,1,REAL,C:\Users\jay\New folder (2)\Trustrace\data\document_patches\P8_0000895_X51005303661_MORPHOLOGY_NEG.png
P8_0000896_X51005712021_MORPHOLOGY_NEG,C00040485_X51005712021,X51005712021,group_0240,train,MORPHOLOGY,95,838,108,856,13,18,251.359,0.0,AUTHENTIC_REGION,0,1,REAL,C:\Users\jay\New folder (2)\Trustrace\data\document_patches\P8_0000896_X51005712021_MORPHOLOGY_NEG.png
P8_0000897_X51005719895_MORPHOLOGY_NEG,C00044502_X51005719895,X51005719895,group_0265,train,MORPHOLOGY,62,2060,77,2073,15,13,251.359,0.0,AUTHENTIC_REGION,0,1,REAL,C:\Users\jay\New folder (2)\Trustrace\data\document_patches\P8_0000897_X51005719895_MORPHOLOGY_NEG.png
P8_0000898_X51005757201_MORPHOLOGY_NEG,C00053755_X51005757201,X51005757201,group_0316,train,MORPHOLOGY,445,319,477,348,32,29,251.3556,0.0,AUTHENTIC_REGION,0,1,REAL,C:\Users\jay\New folder (2)\Trustrace\data\document_patches\P8_0000898_X51005757201_MORPHOLOGY_NEG.png
P8_0000899_X51005568887_MORPHOLOGY_NEG,C00021065_X51005568887,X51005568887,group_0135,train,MORPHOLOGY,534,556,547,569,13,13,251.355,0.0,AUTHENTIC_REGION,0,1,REAL,C:\Users\jay\New folder (2)\Trustrace\data\document_patches\P8_0000899_X51005568887_MORPHOLOGY_NEG.png
P8_0000900_X51006008057_MORPHOLOGY_NEG,C00060909_X51006008057,X51006008057,group_0358,train,MORPHOLOGY,53,1474,77,1491,24,17,251.3529,0.0,AUTHENTIC_REGION,0,1,REAL,C:\Users\jay\New folder (2)\Trustrace\data\document_patches\P8_0000900_X51006008057_MORPHOLOGY_NEG.png
P8_0000901_X51005268400_MORPHOLOGY_NEG,C00003861_X51005268400,X51005268400,group_0054,train,MORPHOLOGY,100,508,154,534,54,26,251.3519,0.0,AUTHENTIC_REGION,0,1,REAL,C:\Users\jay\New folder (2)\Trustrace\data\document_patches\P8_0000901_X51005268400_MORPHOLOGY_NEG.png
P8_0000902_X51005712017_MORPHOLOGY_NEG,C00040314_X51005712017,X51005712017,group_0239,train,MORPHOLOGY,457,87,476,100,19,13,251.3482,0.0,AUTHENTIC_REGION,0,1,REAL,C:\Users\jay\New folder (2)\Trustrace\data\document_patches\P8_0000902_X51005712017_MORPHOLOGY_NEG.png
P8_0000903_X51007228448_MORPHOLOGY_NEG,C00126583_X51007228448,X51007228448,group_0719,train,MORPHOLOGY,98,373,112,388,14,15,251.3476,0.0,AUTHENTIC_REGION,0,1,REAL,C:\Users\jay\New folder (2)\Trustrace\data\document_patches\P8_0000903_X51007228448_MORPHOLOGY_NEG.png
P8_0000904_X51005757324_MORPHOLOGY_NEG,C00056128_X51005757324,X51005757324,group_0331,train,MORPHOLOGY,567,808,582,823,15,15,251.3467,0.0,AUTHENTIC_REGION,0,1,REAL,C:\Users\jay\New folder (2)\Trustrace\data\document_patches\P8_0000904_X51005757324_MORPHOLOGY_NEG.png
P8_0000905_X51006557179_MORPHOLOGY_NEG,C00102054_X51006557179,X51006557179,group_0573,train,MORPHOLOGY,336,459,363,476,27,17,251.3464,0.0,AUTHENTIC_REGION,0,1,REAL,C:\Users\jay\New folder (2)\Trustrace\data\document_patches\P8_0000905_X51006557179_MORPHOLOGY_NEG.png
P8_0000906_X51006008081_MORPHOLOGY_NEG,C00061408_X51006008081,X51006008081,group_0361,train,MORPHOLOGY,477,244,496,258,19,14,251.3459,0.0,AUTHENTIC_REGION,0,1,REAL,C:\Users\jay\New folder (2)\Trustrace\data\document_patches\P8_0000906_X51006008081_MORPHOLOGY_NEG.png
P8_0000907_X51006008090_MORPHOLOGY_NEG,C00062567_X51006008090,X51006008090,group_0366,train,MORPHOLOGY,104,859,117,872,13,13,251.3432,0.0,AUTHENTIC_REGION,0,1,REAL,C:\Users\jay\New folder (2)\Trustrace\data\document_patches\P8_0000907_X51006008090_MORPHOLOGY_NEG.png
P8_0000908_X51005675095_MORPHOLOGY_NEG,C00029771_X51005675095,X51005675095,group_0182,train,MORPHOLOGY,427,766,444,790,17,24,251.3382,0.0,AUTHENTIC_REGION,0,1,REAL,C:\Users\jay\New folder (2)\Trustrace\data\document_patches\P8_0000908_X51005675095_MORPHOLOGY_NEG.png
P8_0000909_X51005806678_MORPHOLOGY_NEG,C00058404_X51005806678,X51005806678,group_0344,train,MORPHOLOGY,282,2305,295,2318,13,13,251.3373,0.0,AUTHENTIC_REGION,0,1,REAL,C:\Users\jay\New folder (2)\Trustrace\data\document_patches\P8_0000909_X51005806678_MORPHOLOGY_NEG.png
P8_0000910_X51006008090_MORPHOLOGY_NEG,C00062568_X51006008090,X51006008090,group_0366,train,MORPHOLOGY,133,1398,166,1427,33,29,251.3333,0.0,AUTHENTIC_REGION,0,1,REAL,C:\Users\jay\New folder (2)\Trustrace\data\document_patches\P8_0000910_X51006008090_MORPHOLOGY_NEG.png
P8_0000911_X51006008093_MORPHOLOGY_NEG,C00063188_X51006008093,X51006008093,group_0368,train,MORPHOLOGY,148,1490,162,1504,14,14,251.3316,0.0,AUTHENTIC_REGION,0,1,REAL,C:\Users\jay\New folder (2)\Trustrace\data\document_patches\P8_0000911_X51006008093_MORPHOLOGY_NEG.png
P8_0000912_X00016469672_MORPHOLOGY_NEG,C00001239_X00016469672,X00016469672,group_0041,train,MORPHOLOGY,51,360,64,373,13,13,251.3314,0.0,AUTHENTIC_REGION,0,1,REAL,C:\Users\jay\New folder (2)\Trustrace\data\document_patches\P8_0000912_X00016469672_MORPHOLOGY_NEG.png
P8_0000913_X51006008090_MORPHOLOGY_NEG,C00062569_X51006008090,X51006008090,group_0366,train,MORPHOLOGY,250,524,273,553,23,29,251.3298,0.0,AUTHENTIC_REGION,0,1,REAL,C:\Users\jay\New folder (2)\Trustrace\data\document_patches\P8_0000913_X51006008090_MORPHOLOGY_NEG.png
P8_0000914_X51005757324_MORPHOLOGY_NEG,C00056129_X51005757324,X51005757324,group_0331,train,MORPHOLOGY,501,792,523,825,22,33,251.3264,0.0,AUTHENTIC_REGION,0,1,REAL,C:\Users\jay\New folder (2)\Trustrace\data\document_patches\P8_0000914_X51005757324_MORPHOLOGY_NEG.png
P8_0000915_X51005757346_MORPHOLOGY_NEG,C00056446_X51005757346,X51005757346,group_0333,train,MORPHOLOGY,285,330,325,357,40,27,251.3259,0.0,AUTHENTIC_REGION,0,1,REAL,C:\Users\jay\New folder (2)\Trustrace\data\document_patches\P8_0000915_X51005757346_MORPHOLOGY_NEG.png
P8_0000916_X51006388066_MORPHOLOGY_NEG,C00073281_X51006388066,X51006388066,group_0428,train,MORPHOLOGY,339,928,352,941,13,13,251.3254,0.0,AUTHENTIC_REGION,0,1,REAL,C:\Users\jay\New folder (2)\Trustrace\data\document_patches\P8_0000916_X51006388066_MORPHOLOGY_NEG.png
P8_0000917_X51005268400_MORPHOLOGY_NEG,C00003862_X51005268400,X51005268400,group_0054,train,MORPHOLOGY,318,159,360,180,42,21,251.3243,0.0,AUTHENTIC_REGION,0,1,REAL,C:\Users\jay\New folder (2)\Trustrace\data\document_patches\P8_0000917_X51005268400_MORPHOLOGY_NEG.png
P8_0000918_X51006882603_MORPHOLOGY_NEG,C00118026_X51006882603,X51006882603,group_0678,train,MORPHOLOGY,358,1480,436,1488,78,8,251.3237,0.0,AUTHENTIC_REGION,0,1,REAL,C:\Users\jay\New folder (2)\Trustrace\data\document_patches\P8_0000918_X51006882603_MORPHOLOGY_NEG.png
P8_0000919_X51005757324_MORPHOLOGY_NEG,C00056130_X51005757324,X51005757324,group_0331,train,MORPHOLOGY,353,256,368,269,15,13,251.3231,0.0,AUTHENTIC_REGION,0,1,REAL,C:\Users\jay\New folder (2)\Trustrace\data\document_patches\P8_0000919_X51005757324_MORPHOLOGY_NEG.png
P8_0000920_X51005663273_MORPHOLOGY_NEG,C00026425_X51005663273,X51005663273,group_0163,train,MORPHOLOGY,437,1085,473,1116,36,31,251.3217,0.0,AUTHENTIC_REGION,0,1,REAL,C:\Users\jay\New folder (2)\Trustrace\data\document_patches\P8_0000920_X51005663273_MORPHOLOGY_NEG.png
P8_0000921_X51006008090_MORPHOLOGY_NEG,C00062570_X51006008090,X51006008090,group_0366,train,MORPHOLOGY,73,1527,94,1546,21,19,251.3208,0.0,AUTHENTIC_REGION,0,1,REAL,C:\Users\jay\New folder (2)\Trustrace\data\document_patches\P8_0000921_X51006008090_MORPHOLOGY_NEG.png
P8_0000922_X51007339116_MORPHOLOGY_NEG,C00132946_X51007339116,X51007339116,group_0746,train,MORPHOLOGY,69,1092,84,1108,15,16,251.3208,0.0,AUTHENTIC_REGION,0,1,REAL,C:\Users\jay\New folder (2)\Trustrace\data\document_patches\P8_0000922_X51007339116_MORPHOLOGY_NEG.png
P8_0000923_X00016469620_MORPHOLOGY_NEG,C00000370_X00016469620,X00016469620,group_0035,train,MORPHOLOGY,247,563,260,576,13,13,251.3195,0.0,AUTHENTIC_REGION,0,1,REAL,C:\Users\jay\New folder (2)\Trustrace\data\document_patches\P8_0000923_X00016469620_MORPHOLOGY_NEG.png
P8_0000924_X51006557179_MORPHOLOGY_NEG,C00102055_X51006557179,X51006557179,group_0573,train,MORPHOLOGY,88,704,101,717,13,13,251.3195,0.0,AUTHENTIC_REGION,0,1,REAL,C:\Users\jay\New folder (2)\Trustrace\data\document_patches\P8_0000924_X51006557179_MORPHOLOGY_NEG.png
P8_0000925_X51006349086_MORPHOLOGY_NEG,C00070620_X51006349086,X51006349086,group_0407,train,MORPHOLOGY,349,739,381,753,32,14,251.3147,0.0,AUTHENTIC_REGION,0,1,REAL,C:\Users\jay\New folder (2)\Trustrace\data\document_patches\P8_0000925_X51006349086_MORPHOLOGY_NEG.png
P8_0000926_X51005757201_MORPHOLOGY_NEG,C00053756_X51005757201,X51005757201,group_0316,train,MORPHOLOGY,335,208,348,221,13,13,251.3136,0.0,AUTHENTIC_REGION,0,1,REAL,C:\Users\jay\New folder (2)\Trustrace\data\document_patches\P8_0000926_X51005757201_MORPHOLOGY_NEG.png
P8_0000927_X51005757201_MORPHOLOGY_NEG,C00053757_X51005757201,X51005757201,group_0316,train,MORPHOLOGY,547,537,560,550,13,13,251.3136,0.0,AUTHENTIC_REGION,0,1,REAL,C:\Users\jay\New folder (2)\Trustrace\data\document_patches\P8_0000927_X51005757201_MORPHOLOGY_NEG.png
P8_0000928_X51005712038_MORPHOLOGY_NEG,C00040680_X51005712038,X51005712038,group_0241,train,MORPHOLOGY,45,398,58,411,13,13,251.3077,0.0,AUTHENTIC_REGION,0,1,REAL,C:\Users\jay\New folder (2)\Trustrace\data\document_patches\P8_0000928_X51005712038_MORPHOLOGY_NEG.png
P8_0000929_X51005746210_MORPHOLOGY_NEG,C00052701_X51005746210,X51005746210,group_0310,train,MORPHOLOGY,544,917,561,951,17,34,251.3045,0.0,AUTHENTIC_REGION,0,1,REAL,C:\Users\jay\New folder (2)\Trustrace\data\document_patches\P8_0000929_X51005746210_MORPHOLOGY_NEG.png
P8_0000930_X51005719895_MORPHOLOGY_NEG,C00044503_X51005719895,X51005719895,group_0265,train,MORPHOLOGY,179,722,193,739,14,17,251.3025,0.0,AUTHENTIC_REGION,0,1,REAL,C:\Users\jay\New folder (2)\Trustrace\data\document_patches\P8_0000930_X51005719895_MORPHOLOGY_NEG.png
P8_0000931_X51006557161_MORPHOLOGY_NEG,C00100499_X51006557161,X51006557161,group_0566,train,MORPHOLOGY,210,847,227,861,17,14,251.3025,0.0,AUTHENTIC_REGION,0,1,REAL,C:\Users\jay\New folder (2)\Trustrace\data\document_patches\P8_0000931_X51006557161_MORPHOLOGY_NEG.png
P8_0000932_X51005757201_MORPHOLOGY_NEG,C00053758_X51005757201,X51005757201,group_0316,train,MORPHOLOGY,583,1155,603,1176,20,21,251.3024,0.0,AUTHENTIC_REGION,0,1,REAL,C:\Users\jay\New folder (2)\Trustrace\data\document_patches\P8_0000932_X51005757201_MORPHOLOGY_NEG.png
P8_0000933_X51005757294_MORPHOLOGY_NEG,C00055404_X51005757294,X51005757294,group_0327,train,MORPHOLOGY,211,302,243,315,32,13,251.3005,0.0,AUTHENTIC_REGION,0,1,REAL,C:\Users\jay\New folder (2)\Trustrace\data\document_patches\P8_0000933_X51005757294_MORPHOLOGY_NEG.png
P8_0000934_X51005705727_MORPHOLOGY_NEG,C00036200_X51005705727,X51005705727,group_0215,train,MORPHOLOGY,0,1215,15,1245,15,30,251.3,0.0,AUTHENTIC_REGION,0,1,REAL,C:\Users\jay\New folder (2)\Trustrace\data\document_patches\P8_0000934_X51005705727_MORPHOLOGY_NEG.png
P8_0000935_X51005757201_MORPHOLOGY_NEG,C00053759_X51005757201,X51005757201,group_0316,train,MORPHOLOGY,146,1881,163,1895,17,14,251.2941,0.0,AUTHENTIC_REGION,0,1,REAL,C:\Users\jay\New folder (2)\Trustrace\data\document_patches\P8_0000935_X51005757201_MORPHOLOGY_NEG.png
P8_0000936_X51005757324_MORPHOLOGY_NEG,C00056131_X51005757324,X51005757324,group_0331,train,MORPHOLOGY,72,323,86,345,14,22,251.289,0.0,AUTHENTIC_REGION,0,1,REAL,C:\Users\jay\New folder (2)\Trustrace\data\document_patches\P8_0000936_X51005757324_MORPHOLOGY_NEG.png
P8_0000937_X51006557164_MORPHOLOGY_NEG,C00100721_X51006557164,X51006557164,group_0567,train,MORPHOLOGY,455,940,469,953,14,13,251.2857,0.0,AUTHENTIC_REGION,0,1,REAL,C:\Users\jay\New folder (2)\Trustrace\data\document_patches\P8_0000937_X51006557164_MORPHOLOGY_NEG.png
P8_0000938_X51006008090_MORPHOLOGY_NEG,C00062571_X51006008090,X51006008090,group_0366,train,MORPHOLOGY,400,1923,413,1936,13,13,251.284,0.0,AUTHENTIC_REGION,0,1,REAL,C:\Users\jay\New folder (2)\Trustrace\data\document_patches\P8_0000938_X51006008090_MORPHOLOGY_NEG.png
P8_0000939_X51006328967_MORPHOLOGY_NEG,C00066733_X51006328967,X51006328967,group_0027,train,MORPHOLOGY,453,1227,469,1246,16,19,251.2829,0.0,AUTHENTIC_REGION,0,1,REAL,C:\Users\jay\New folder (2)\Trustrace\data\document_patches\P8_0000939_X51006328967_MORPHOLOGY_NEG.png
P8_0000940_X51006332575_MORPHOLOGY_NEG,C00067656_X51006332575,X51006332575,group_0027,train,MORPHOLOGY,453,1227,469,1246,16,19,251.2829,0.0,AUTHENTIC_REGION,0,1,REAL,C:\Users\jay\New folder (2)\Trustrace\data\document_patches\P8_0000940_X51006332575_MORPHOLOGY_NEG.png
P8_0000941_X51005268262_MORPHOLOGY_NEG,C00003442_X51005268262,X51005268262,group_0009,train,MORPHOLOGY,135,910,152,928,17,18,251.281,0.0,AUTHENTIC_REGION,0,1,REAL,C:\Users\jay\New folder (2)\Trustrace\data\document_patches\P8_0000941_X51005268262_MORPHOLOGY_NEG.png
P8_0000942_X51005301659_MORPHOLOGY_NEG,C00004451_X51005301659,X51005301659,group_0009,train,MORPHOLOGY,135,910,152,928,17,18,251.281,0.0,AUTHENTIC_REGION,0,1,REAL,C:\Users\jay\New folder (2)\Trustrace\data\document_patches\P8_0000942_X51005301659_MORPHOLOGY_NEG.png
P8_0000943_X51005268400_MORPHOLOGY_NEG,C00003863_X51005268400,X51005268400,group_0054,train,MORPHOLOGY,423,973,454,990,31,17,251.2789,0.0,AUTHENTIC_REGION,0,1,REAL,C:\Users\jay\New folder (2)\Trustrace\data\document_patches\P8_0000943_X51005268400_MORPHOLOGY_NEG.png
P8_0000944_X51005757324_MORPHOLOGY_NEG,C00056132_X51005757324,X51005757324,group_0331,train,MORPHOLOGY,206,1205,242,1226,36,21,251.2778,0.0,AUTHENTIC_REGION,0,1,REAL,C:\Users\jay\New folder (2)\Trustrace\data\document_patches\P8_0000944_X51005757324_MORPHOLOGY_NEG.png
P8_0000945_X51006557199_MORPHOLOGY_NEG,C00104418_X51006557199,X51006557199,group_0583,train,MORPHOLOGY,483,794,496,818,13,24,251.2756,0.0,AUTHENTIC_REGION,0,1,REAL,C:\Users\jay\New folder (2)\Trustrace\data\document_patches\P8_0000945_X51006557199_MORPHOLOGY_NEG.png
P8_0000946_X51005757324_MORPHOLOGY_NEG,C00056133_X51005757324,X51005757324,group_0331,train,MORPHOLOGY,639,660,658,677,19,17,251.2755,0.0,AUTHENTIC_REGION,0,1,REAL,C:\Users\jay\New folder (2)\Trustrace\data\document_patches\P8_0000946_X51005757324_MORPHOLOGY_NEG.png
P8_0000947_X51005268275_MORPHOLOGY_NEG,C00003717_X51005268275,X51005268275,group_0010,train,MORPHOLOGY,426,1566,452,1671,26,105,251.2722,0.0,AUTHENTIC_REGION,0,1,REAL,C:\Users\jay\New folder (2)\Trustrace\data\document_patches\P8_0000947_X51005268275_MORPHOLOGY_NEG.png
P8_0000948_X51005301666_MORPHOLOGY_NEG,C00004985_X51005301666,X51005301666,group_0010,train,MORPHOLOGY,426,1566,452,1671,26,105,251.2722,0.0,AUTHENTIC_REGION,0,1,REAL,C:\Users\jay\New folder (2)\Trustrace\data\document_patches\P8_0000948_X51005301666_MORPHOLOGY_NEG.png
P8_0000949_X51006008090_MORPHOLOGY_NEG,C00062572_X51006008090,X51006008090,group_0366,train,MORPHOLOGY,196,1960,209,1973,13,13,251.2722,0.0,AUTHENTIC_REGION,0,1,REAL,C:\Users\jay\New folder (2)\Trustrace\data\document_patches\P8_0000949_X51006008090_MORPHOLOGY_NEG.png
P8_0000950_X51005806719_MORPHOLOGY_NEG,C00060382_X51005806719,X51005806719,group_0355,train,MORPHOLOGY,99,422,116,454,17,32,251.2721,0.0,AUTHENTIC_REGION,0,1,REAL,C:\Users\jay\New folder (2)\Trustrace\data\document_patches\P8_0000950_X51005806719_MORPHOLOGY_NEG.png
P8_0000951_X51005268262_MORPHOLOGY_NEG,C00003443_X51005268262,X51005268262,group_0009,train,MORPHOLOGY,465,565,509,595,44,30,251.2674,0.0,AUTHENTIC_REGION,0,1,REAL,C:\Users\jay\New folder (2)\Trustrace\data\document_patches\P8_0000951_X51005268262_MORPHOLOGY_NEG.png
P8_0000952_X51005301659_MORPHOLOGY_NEG,C00004452_X51005301659,X51005301659,group_0009,train,MORPHOLOGY,465,565,509,595,44,30,251.2674,0.0,AUTHENTIC_REGION,0,1,REAL,C:\Users\jay\New folder (2)\Trustrace\data\document_patches\P8_0000952_X51005301659_MORPHOLOGY_NEG.png
P8_0000953_X51006557179_MORPHOLOGY_NEG,C00102056_X51006557179,X51006557179,group_0573,train,MORPHOLOGY,343,781,359,796,16,15,251.2667,0.0,AUTHENTIC_REGION,0,1,REAL,C:\Users\jay\New folder (2)\Trustrace\data\document_patches\P8_0000953_X51006557179_MORPHOLOGY_NEG.png
P8_0000954_X51005268262_MORPHOLOGY_NEG,C00003444_X51005268262,X51005268262,group_0009,train,MORPHOLOGY,481,841,509,863,28,22,251.2662,0.0,AUTHENTIC_REGION,0,1,REAL,C:\Users\jay\New folder (2)\Trustrace\data\document_patches\P8_0000954_X51005268262_MORPHOLOGY_NEG.png
P8_0000955_X51005301659_MORPHOLOGY_NEG,C00004453_X51005301659,X51005301659,group_0009,train,MORPHOLOGY,481,841,509,863,28,22,251.2662,0.0,AUTHENTIC_REGION,0,1,REAL,C:\Users\jay\New folder (2)\Trustrace\data\document_patches\P8_0000955_X51005301659_MORPHOLOGY_NEG.png
P8_0000956_X51006008057_MORPHOLOGY_NEG,C00060910_X51006008057,X51006008057,group_0358,train,MORPHOLOGY,163,607,219,626,56,19,251.265,0.0,AUTHENTIC_REGION,0,1,REAL,C:\Users\jay\New folder (2)\Trustrace\data\document_patches\P8_0000956_X51006008057_MORPHOLOGY_NEG.png
P8_0000957_X51005268400_MORPHOLOGY_NEG,C00003864_X51005268400,X51005268400,group_0054,train,MORPHOLOGY,518,873,542,894,24,21,251.2639,0.0,AUTHENTIC_REGION,0,1,REAL,C:\Users\jay\New folder (2)\Trustrace\data\document_patches\P8_0000957_X51005268400_MORPHOLOGY_NEG.png
P8_0000958_X51005705759_MORPHOLOGY_NEG,C00036638_X51005705759,X51005705759,group_0217,train,MORPHOLOGY,855,2328,868,2341,13,13,251.2604,0.0,AUTHENTIC_REGION,0,1,REAL,C:\Users\jay\New folder (2)\Trustrace\data\document_patches\P8_0000958_X51005705759_MORPHOLOGY_NEG.png
P8_0000959_X51005757324_MORPHOLOGY_NEG,C00056134_X51005757324,X51005757324,group_0331,train,MORPHOLOGY,452,290,466,303,14,13,251.2582,0.0,AUTHENTIC_REGION,0,1,REAL,C:\Users\jay\New folder (2)\Trustrace\data\document_patches\P8_0000959_X51005757324_MORPHOLOGY_NEG.png
P8_0000960_X51005757324_MORPHOLOGY_NEG,C00056135_X51005757324,X51005757324,group_0331,train,MORPHOLOGY,263,863,297,885,34,22,251.258,0.0,AUTHENTIC_REGION,0,1,REAL,C:\Users\jay\New folder (2)\Trustrace\data\document_patches\P8_0000960_X51005757324_MORPHOLOGY_NEG.png
P8_0000961_X51005301661_MORPHOLOGY_NEG,C00004720_X51005301661,X51005301661,group_0011,train,MORPHOLOGY,350,1539,363,1552,13,13,251.2544,0.0,AUTHENTIC_REGION,0,1,REAL,C:\Users\jay\New folder (2)\Trustrace\data\document_patches\P8_0000961_X51005301661_MORPHOLOGY_NEG.png
P8_0000962_X51005303661_MORPHOLOGY_NEG,C00005508_X51005303661,X51005303661,group_0011,train,MORPHOLOGY,350,1539,363,1552,13,13,251.2544,0.0,AUTHENTIC_REGION,0,1,REAL,C:\Users\jay\New folder (2)\Trustrace\data\document_patches\P8_0000962_X51005303661_MORPHOLOGY_NEG.png
P8_0000963_X51006311758_MORPHOLOGY_NEG,C00064433_X51006311758,X51006311758,group_0375,train,MORPHOLOGY,377,1890,390,1903,13,13,251.2544,0.0,AUTHENTIC_REGION,0,1,REAL,C:\Users\jay\New folder (2)\Trustrace\data\document_patches\P8_0000963_X51006311758_MORPHOLOGY_NEG.png
P8_0000964_X51005806719_MORPHOLOGY_NEG,C00060383_X51005806719,X51005806719,group_0355,train,MORPHOLOGY,107,400,120,412,13,12,251.25,0.0,AUTHENTIC_REGION,0,1,REAL,C:\Users\jay\New folder (2)\Trustrace\data\document_patches\P8_0000964_X51005806719_MORPHOLOGY_NEG.png
P8_0000965_X51005757324_MORPHOLOGY_NEG,C00056136_X51005757324,X51005757324,group_0331,train,MORPHOLOGY,56,605,72,619,16,14,251.2455,0.0,AUTHENTIC_REGION,0,1,REAL,C:\Users\jay\New folder (2)\Trustrace\data\document_patches\P8_0000965_X51005757324_MORPHOLOGY_NEG.png
P8_0000966_X51006008090_MORPHOLOGY_NEG,C00062573_X51006008090,X51006008090,group_0366,train,MORPHOLOGY,222,1922,235,1938,13,16,251.2452,0.0,AUTHENTIC_REGION,0,1,REAL,C:\Users\jay\New folder (2)\Trustrace\data\document_patches\P8_0000966_X51006008090_MORPHOLOGY_NEG.png
P8_0000967_X51006008090_MORPHOLOGY_NEG,C00062574_X51006008090,X51006008090,group_0366,train,MORPHOLOGY,37,1557,58,1585,21,28,251.2432,0.0,AUTHENTIC_REGION,0,1,REAL,C:\Users\jay\New folder (2)\Trustrace\data\document_patches\P8_0000967_X51006008090_MORPHOLOGY_NEG.png
P8_0000968_X51008123604_MORPHOLOGY_NEG,C00159681_X51008123604,X51008123604,group_0883,train,MORPHOLOGY,389,899,402,912,13,13,251.2426,0.0,AUTHENTIC_REGION,0,1,REAL,C:\Users\jay\New folder (2)\Trustrace\data\document_patches\P8_0000968_X51008123604_MORPHOLOGY_NEG.png
P8_0000969_X51006008057_MORPHOLOGY_NEG,C00060911_X51006008057,X51006008057,group_0358,train,MORPHOLOGY,232,948,245,961,13,13,251.2367,0.0,AUTHENTIC_REGION,0,1,REAL,C:\Users\jay\New folder (2)\Trustrace\data\document_patches\P8_0000969_X51006008057_MORPHOLOGY_NEG.png
P8_0000970_X51005757324_MORPHOLOGY_NEG,C00056137_X51005757324,X51005757324,group_0331,train,MORPHOLOGY,24,570,62,585,38,15,251.2333,0.0,AUTHENTIC_REGION,0,1,REAL,C:\Users\jay\New folder (2)\Trustrace\data\document_patches\P8_0000970_X51005757324_MORPHOLOGY_NEG.png
P8_0000971_X00016469671_MORPHOLOGY_NEG,C00001015_X00016469671,X00016469671,group_0040,train,MORPHOLOGY,240,186,253,199,13,13,251.2308,0.0,AUTHENTIC_REGION,0,1,REAL,C:\Users\jay\New folder (2)\Trustrace\data\document_patches\P8_0000971_X00016469671_MORPHOLOGY_NEG.png
P8_0000972_X51005705760_MORPHOLOGY_NEG,C00036931_X51005705760,X51005705760,group_0218,train,MORPHOLOGY,316,952,329,964,13,12,251.2308,0.0,AUTHENTIC_REGION,0,1,REAL,C:\Users\jay\New folder (2)\Trustrace\data\document_patches\P8_0000972_X51005705760_MORPHOLOGY_NEG.png
P8_0000973_X51006557179_MORPHOLOGY_NEG,C00102057_X51006557179,X51006557179,group_0573,train,MORPHOLOGY,172,115,185,128,13,13,251.2308,0.0,AUTHENTIC_REGION,0,1,REAL,C:\Users\jay\New folder (2)\Trustrace\data\document_patches\P8_0000973_X51006557179_MORPHOLOGY_NEG.png
P8_0000974_X51006556723_MORPHOLOGY_NEG,C00092591_X51006556723,X51006556723,group_0530,train,MORPHOLOGY,240,712,259,725,19,13,251.2267,0.0,AUTHENTIC_REGION,0,1,REAL,C:\Users\jay\New folder (2)\Trustrace\data\document_patches\P8_0000974_X51006556723_MORPHOLOGY_NEG.png
P8_0000975_X51005757201_MORPHOLOGY_NEG,C00053760_X51005757201,X51005757201,group_0316,train,MORPHOLOGY,148,797,171,826,23,29,251.2249,0.0,AUTHENTIC_REGION,0,1,REAL,C:\Users\jay\New folder (2)\Trustrace\data\document_patches\P8_0000975_X51005757201_MORPHOLOGY_NEG.png
P8_0000976_X51005757233_MORPHOLOGY_NEG,C00054043_X51005757233,X51005757233,group_0318,train,MORPHOLOGY,441,181,452,194,11,13,251.2238,0.0,AUTHENTIC_REGION,0,1,REAL,C:\Users\jay\New folder (2)\Trustrace\data\document_patches\P8_0000976_X51005757233_MORPHOLOGY_NEG.png
P8_0000977_X51005268200_MORPHOLOGY_NEG,C00003267_X51005268200,X51005268200,group_0053,train,MORPHOLOGY,444,1347,457,1360,13,13,251.2189,0.0,AUTHENTIC_REGION,0,1,REAL,C:\Users\jay\New folder (2)\Trustrace\data\document_patches\P8_0000977_X51005268200_MORPHOLOGY_NEG.png
P8_0000978_X51006311767_MORPHOLOGY_NEG,C00064778_X51006311767,X51006311767,group_0377,train,MORPHOLOGY,155,1666,168,1679,13,13,251.2189,0.0,AUTHENTIC_REGION,0,1,REAL,C:\Users\jay\New folder (2)\Trustrace\data\document_patches\P8_0000978_X51006311767_MORPHOLOGY_NEG.png
P8_0000979_X51005757201_MORPHOLOGY_NEG,C00053761_X51005757201,X51005757201,group_0316,train,MORPHOLOGY,448,489,462,500,14,11,251.2143,0.0,AUTHENTIC_REGION,0,1,REAL,C:\Users\jay\New folder (2)\Trustrace\data\document_patches\P8_0000979_X51005757201_MORPHOLOGY_NEG.png
P8_0000980_X00016469670_MORPHOLOGY_NEG,C00000862_X00016469670,X00016469670,group_0039,train,MORPHOLOGY,77,548,99,561,22,13,251.2133,0.0,AUTHENTIC_REGION,0,1,REAL,C:\Users\jay\New folder (2)\Trustrace\data\document_patches\P8_0000980_X00016469670_MORPHOLOGY_NEG.png
P8_0000981_X00016469672_MORPHOLOGY_NEG,C00001240_X00016469672,X00016469672,group_0041,train,MORPHOLOGY,28,756,58,769,30,13,251.2128,0.0,AUTHENTIC_REGION,0,1,REAL,C:\Users\jay\New folder (2)\Trustrace\data\document_patches\P8_0000981_X00016469672_MORPHOLOGY_NEG.png
P8_0000982_X51006335552_MORPHOLOGY_NEG,C00069802_X51006335552,X51006335552,group_0402,train,MORPHOLOGY,58,1784,75,1799,17,15,251.2118,0.0,AUTHENTIC_REGION,0,1,REAL,C:\Users\jay\New folder (2)\Trustrace\data\document_patches\P8_0000982_X51006335552_MORPHOLOGY_NEG.png
P8_0000983_X51005757282_MORPHOLOGY_NEG,C00054806_X51005757282,X51005757282,group_0323,train,MORPHOLOGY,539,1118,591,1146,52,28,251.2115,0.0,AUTHENTIC_REGION,0,1,REAL,C:\Users\jay\New folder (2)\Trustrace\data\document_patches\P8_0000983_X51005757282_MORPHOLOGY_NEG.png
P8_0000984_X51006388064_MORPHOLOGY_NEG,C00073144_X51006388064,X51006388064,group_0426,train,MORPHOLOGY,596,797,609,820,13,23,251.2107,0.0,AUTHENTIC_REGION,0,1,REAL,C:\Users\jay\New folder (2)\Trustrace\data\document_patches\P8_0000984_X51006388064_MORPHOLOGY_NEG.png
P8_0000985_X51005268262_MORPHOLOGY_NEG,C00003445_X51005268262,X51005268262,group_0009,train,MORPHOLOGY,517,1303,548,1328,31,25,251.2103,0.0,AUTHENTIC_REGION,0,1,REAL,C:\Users\jay\New folder (2)\Trustrace\data\document_patches\P8_0000985_X51005268262_MORPHOLOGY_NEG.png
P8_0000986_X51005301659_MORPHOLOGY_NEG,C00004454_X51005301659,X51005301659,group_0009,train,MORPHOLOGY,517,1303,548,1328,31,25,251.2103,0.0,AUTHENTIC_REGION,0,1,REAL,C:\Users\jay\New folder (2)\Trustrace\data\document_patches\P8_0000986_X51005301659_MORPHOLOGY_NEG.png
P8_0000987_X51006557196_MORPHOLOGY_NEG,C00103925_X51006557196,X51006557196,group_0581,train,MORPHOLOGY,357,1013,370,1035,13,22,251.2098,0.0,AUTHENTIC_REGION,0,1,REAL,C:\Users\jay\New folder (2)\Trustrace\data\document_patches\P8_0000987_X51006557196_MORPHOLOGY_NEG.png
P8_0000988_X51005301661_MORPHOLOGY_NEG,C00004721_X51005301661,X51005301661,group_0011,train,MORPHOLOGY,718,1021,730,1041,12,20,251.2083,0.0,AUTHENTIC_REGION,0,1,REAL,C:\Users\jay\New folder (2)\Trustrace\data\document_patches\P8_0000988_X51005301661_MORPHOLOGY_NEG.png
P8_0000989_X51005303661_MORPHOLOGY_NEG,C00005509_X51005303661,X51005303661,group_0011,train,MORPHOLOGY,718,1021,730,1041,12,20,251.2083,0.0,AUTHENTIC_REGION,0,1,REAL,C:\Users\jay\New folder (2)\Trustrace\data\document_patches\P8_0000989_X51005303661_MORPHOLOGY_NEG.png
P8_0000990_X51005361895_MORPHOLOGY_NEG,C00006517_X51005361895,X51005361895,group_0064,train,MORPHOLOGY,293,423,327,453,34,30,251.2078,0.0,AUTHENTIC_REGION,0,1,REAL,C:\Users\jay\New folder (2)\Trustrace\data\document_patches\P8_0000990_X51005361895_MORPHOLOGY_NEG.png
P8_0000991_X51006008093_MORPHOLOGY_NEG,C00063189_X51006008093,X51006008093,group_0368,train,MORPHOLOGY,361,282,374,295,13,13,251.2071,0.0,AUTHENTIC_REGION,0,1,REAL,C:\Users\jay\New folder (2)\Trustrace\data\document_patches\P8_0000991_X51006008093_MORPHOLOGY_NEG.png
P8_0000992_X51006008057_MORPHOLOGY_NEG,C00060912_X51006008057,X51006008057,group_0358,train,MORPHOLOGY,85,1357,115,1375,30,18,251.2056,0.0,AUTHENTIC_REGION,0,1,REAL,C:\Users\jay\New folder (2)\Trustrace\data\document_patches\P8_0000992_X51006008057_MORPHOLOGY_NEG.png
P8_0000993_X51005757324_MORPHOLOGY_NEG,C00056138_X51005757324,X51005757324,group_0331,train,MORPHOLOGY,169,707,203,721,34,14,251.1996,0.0,AUTHENTIC_REGION,0,1,REAL,C:\Users\jay\New folder (2)\Trustrace\data\document_patches\P8_0000993_X51005757324_MORPHOLOGY_NEG.png
P8_0000994_X51007103643_MORPHOLOGY_NEG,C00123667_X51007103643,X51007103643,group_0704,train,MORPHOLOGY,501,901,515,914,14,13,251.1978,0.0,AUTHENTIC_REGION,0,1,REAL,C:\Users\jay\New folder (2)\Trustrace\data\document_patches\P8_0000994_X51007103643_MORPHOLOGY_NEG.png
P8_0000995_X51005712017_MORPHOLOGY_NEG,C00040315_X51005712017,X51005712017,group_0239,train,MORPHOLOGY,318,547,331,560,13,13,251.1953,0.0,AUTHENTIC_REGION,0,1,REAL,C:\Users\jay\New folder (2)\Trustrace\data\document_patches\P8_0000995_X51005712017_MORPHOLOGY_NEG.png
P8_0000996_X51006008095_MORPHOLOGY_NEG,C00063341_X51006008095,X51006008095,group_0023,train,MORPHOLOGY,347,936,383,954,36,18,251.1944,0.0,AUTHENTIC_REGION,0,1,REAL,C:\Users\jay\New folder (2)\Trustrace\data\document_patches\P8_0000996_X51006008095_MORPHOLOGY_NEG.png
P8_0000997_X51006008057_MORPHOLOGY_NEG,C00060913_X51006008057,X51006008057,group_0358,train,MORPHOLOGY,497,1342,549,1363,52,21,251.1941,0.0,AUTHENTIC_REGION,0,1,REAL,C:\Users\jay\New folder (2)\Trustrace\data\document_patches\P8_0000997_X51006008057_MORPHOLOGY_NEG.png
P8_0000998_X51006387931_MORPHOLOGY_NEG,C00072090_X51006387931,X51006387931,group_0418,train,MORPHOLOGY,379,485,406,493,27,8,251.1898,0.0,AUTHENTIC_REGION,0,1,REAL,C:\Users\jay\New folder (2)\Trustrace\data\document_patches\P8_0000998_X51006387931_MORPHOLOGY_NEG.png
P8_0000999_X51006008057_MORPHOLOGY_NEG,C00060914_X51006008057,X51006008057,group_0358,train,MORPHOLOGY,252,719,265,732,13,13,251.1893,0.0,AUTHENTIC_REGION,0,1,REAL,C:\Users\jay\New folder (2)\Trustrace\data\document_patches\P8_0000999_X51006008057_MORPHOLOGY_NEG.png
P8_0001000_X51006557164_MORPHOLOGY_NEG,C00100722_X51006557164,X51006557164,group_0567,train,MORPHOLOGY,465,264,478,277,13,13,251.1893,0.0,AUTHENTIC_REGION,0,1,REAL,C:\Users\jay\New folder (2)\Trustrace\data\document_patches\P8_0001000_X51006557164_MORPHOLOGY_NEG.png
P8_0001001_X51006557199_MORPHOLOGY_NEG,C00104419_X51006557199,X51006557199,group_0583,train,MORPHOLOGY,458,617,471,630,13,13,251.1893,0.0,AUTHENTIC_REGION,0,1,REAL,C:\Users\jay\New folder (2)\Trustrace\data\document_patches\P8_0001001_X51006557199_MORPHOLOGY_NEG.png
P8_0001002_X51005806719_MORPHOLOGY_NEG,C00060384_X51005806719,X51005806719,group_0355,train,MORPHOLOGY,766,608,779,620,13,12,251.1859,0.0,AUTHENTIC_REGION,0,1,REAL,C:\Users\jay\New folder (2)\Trustrace\data\document_patches\P8_0001002_X51005806719_MORPHOLOGY_NEG.png
P8_0001003_X51005757324_MORPHOLOGY_NEG,C00056139_X51005757324,X51005757324,group_0331,train,MORPHOLOGY,555,1067,569,1093,14,26,251.1841,0.0,AUTHENTIC_REGION,0,1,REAL,C:\Users\jay\New folder (2)\Trustrace\data\document_patches\P8_0001003_X51005757324_MORPHOLOGY_NEG.png
P8_0001004_X51005577191_MORPHOLOGY_NEG,C00023360_X51005577191,X51005577191,group_0018,train,MORPHOLOGY,376,1279,397,1287,21,8,251.1786,0.0,AUTHENTIC_REGION,0,1,REAL,C:\Users\jay\New folder (2)\Trustrace\data\document_patches\P8_0001004_X51005577191_MORPHOLOGY_NEG.png
P8_0001005_X51005757324_MORPHOLOGY_NEG,C00056140_X51005757324,X51005757324,group_0331,train,MORPHOLOGY,265,1065,304,1090,39,25,251.1774,0.0,AUTHENTIC_REGION,0,1,REAL,C:\Users\jay\New folder (2)\Trustrace\data\document_patches\P8_0001005_X51005757324_MORPHOLOGY_NEG.png
P8_0001006_X51005806719_MORPHOLOGY_NEG,C00060385_X51005806719,X51005806719,group_0355,train,MORPHOLOGY,318,1295,332,1304,14,9,251.1746,0.0,AUTHENTIC_REGION,0,1,REAL,C:\Users\jay\New folder (2)\Trustrace\data\document_patches\P8_0001006_X51005806719_MORPHOLOGY_NEG.png
P8_0001007_X51006882603_MORPHOLOGY_NEG,C00118027_X51006882603,X51006882603,group_0678,train,MORPHOLOGY,360,602,373,615,13,13,251.1716,0.0,AUTHENTIC_REGION,0,1,REAL,C:\Users\jay\New folder (2)\Trustrace\data\document_patches\P8_0001007_X51006882603_MORPHOLOGY_NEG.png
P8_0001008_X51005361883_MORPHOLOGY_NEG,C00006359_X51005361883,X51005361883,group_0063,train,MORPHOLOGY,729,688,757,723,28,35,251.1704,0.0,AUTHENTIC_REGION,0,1,REAL,C:\Users\jay\New folder (2)\Trustrace\data\document_patches\P8_0001008_X51005361883_MORPHOLOGY_NEG.png
P8_0001009_X51006008083_MORPHOLOGY_NEG,C00061817_X51006008083,X51006008083,group_0363,train,MORPHOLOGY,409,781,456,801,47,20,251.1702,0.0,AUTHENTIC_REGION,0,1,REAL,C:\Users\jay\New folder (2)\Trustrace\data\document_patches\P8_0001009_X51006008083_MORPHOLOGY_NEG.png
P8_0001010_X51006557161_MORPHOLOGY_NEG,C00100500_X51006557161,X51006557161,group_0566,train,MORPHOLOGY,258,898,272,913,14,15,251.1667,0.0,AUTHENTIC_REGION,0,1,REAL,C:\Users\jay\New folder (2)\Trustrace\data\document_patches\P8_0001010_X51006557161_MORPHOLOGY_NEG.png
P8_0001011_X51005757290_MORPHOLOGY_NEG,C00055108_X51005757290,X51005757290,group_0325,train,MORPHOLOGY,28,998,71,1055,43,57,251.1636,0.0,AUTHENTIC_REGION,0,1,REAL,C:\Users\jay\New folder (2)\Trustrace\data\document_patches\P8_0001011_X51005757290_MORPHOLOGY_NEG.png
P8_0001012_X51005663277_MORPHOLOGY_NEG,C00026888_X51005663277,X51005663277,group_0166,train,MORPHOLOGY,623,1071,674,1095,51,24,251.1634,0.0,AUTHENTIC_REGION,0,1,REAL,C:\Users\jay\New folder (2)\Trustrace\data\document_patches\P8_0001012_X51005663277_MORPHOLOGY_NEG.png
P8_0001013_X51005268200_MORPHOLOGY_NEG,C00003268_X51005268200,X51005268200,group_0053,train,MORPHOLOGY,245,1040,258,1053,13,13,251.1598,0.0,AUTHENTIC_REGION,0,1,REAL,C:\Users\jay\New folder (2)\Trustrace\data\document_patches\P8_0001013_X51005268200_MORPHOLOGY_NEG.png
P8_0001014_X51007103675_MORPHOLOGY_NEG,C00124178_X51007103675,X51007103675,group_0707,train,MORPHOLOGY,483,416,497,442,14,26,251.1566,0.0,AUTHENTIC_REGION,0,1,REAL,C:\Users\jay\New folder (2)\Trustrace\data\document_patches\P8_0001014_X51007103675_MORPHOLOGY_NEG.png
P8_0001015_X51007339134_MORPHOLOGY_NEG,C00135666_X51007339134,X51007339134,group_0001,train,MORPHOLOGY,272,467,294,481,22,14,251.1558,0.0,AUTHENTIC_REGION,0,1,REAL,C:\Users\jay\New folder (2)\Trustrace\data\document_patches\P8_0001015_X51007339134_MORPHOLOGY_NEG.png
P8_0001016_X51006388064_MORPHOLOGY_NEG,C00073145_X51006388064,X51006388064,group_0426,train,MORPHOLOGY,466,1316,523,1330,57,14,251.1441,0.0,AUTHENTIC_REGION,0,1,REAL,C:\Users\jay\New folder (2)\Trustrace\data\document_patches\P8_0001016_X51006388064_MORPHOLOGY_NEG.png
P8_0001017_X51005757201_MORPHOLOGY_NEG,C00053762_X51005757201,X51005757201,group_0316,train,MORPHOLOGY,150,1762,165,1782,15,20,251.1433,0.0,AUTHENTIC_REGION,0,1,REAL,C:\Users\jay\New folder (2)\Trustrace\data\document_patches\P8_0001017_X51005757201_MORPHOLOGY_NEG.png
P8_0001018_X51006557179_MORPHOLOGY_NEG,C00102058_X51006557179,X51006557179,group_0573,train,MORPHOLOGY,428,280,449,293,21,13,251.1429,0.0,AUTHENTIC_REGION,0,1,REAL,C:\Users\jay\New folder (2)\Trustrace\data\document_patches\P8_0001018_X51006557179_MORPHOLOGY_NEG.png
P8_0001019_X51006008090_MORPHOLOGY_NEG,C00062575_X51006008090,X51006008090,group_0366,train,MORPHOLOGY,116,767,129,780,13,13,251.1361,0.0,AUTHENTIC_REGION,0,1,REAL,C:\Users\jay\New folder (2)\Trustrace\data\document_patches\P8_0001019_X51006008090_MORPHOLOGY_NEG.png
P8_0001020_X51006556650_MORPHOLOGY_NEG,C00091472_X51006556650,X51006556650,group_0525,train,MORPHOLOGY,245,396,258,409,13,13,251.1361,0.0,AUTHENTIC_REGION,0,1,REAL,C:\Users\jay\New folder (2)\Trustrace\data\document_patches\P8_0001020_X51006556650_MORPHOLOGY_NEG.png
P8_0001021_X51006311767_MORPHOLOGY_NEG,C00064779_X51006311767,X51006311767,group_0377,train,MORPHOLOGY,183,430,212,458,29,28,251.1355,0.0,AUTHENTIC_REGION,0,1,REAL,C:\Users\jay\New folder (2)\Trustrace\data\document_patches\P8_0001021_X51006311767_MORPHOLOGY_NEG.png
P8_0001022_X51006008095_MORPHOLOGY_NEG,C00063342_X51006008095,X51006008095,group_0023,train,MORPHOLOGY,174,1002,209,1025,35,23,251.1317,0.0,AUTHENTIC_REGION,0,1,REAL,C:\Users\jay\New folder (2)\Trustrace\data\document_patches\P8_0001022_X51006008095_MORPHOLOGY_NEG.png
P8_0001023_X51007339114_MORPHOLOGY_NEG,C00132553_X51007339114,X51007339114,group_0001,train,MORPHOLOGY,70,1323,98,1344,28,21,251.1293,0.0,AUTHENTIC_REGION,0,1,REAL,C:\Users\jay\New folder (2)\Trustrace\data\document_patches\P8_0001023_X51007339114_MORPHOLOGY_NEG.png
P8_0001024_X51005757201_MORPHOLOGY_NEG,C00053763_X51005757201,X51005757201,group_0316,train,MORPHOLOGY,583,1203,630,1218,47,15,251.1248,0.0,AUTHENTIC_REGION,0,1,REAL,C:\Users\jay\New folder (2)\Trustrace\data\document_patches\P8_0001024_X51005757201_MORPHOLOGY_NEG.png
P8_0001025_X51005705760_MORPHOLOGY_NEG,C00036932_X51005705760,X51005705760,group_0218,train,MORPHOLOGY,142,2416,155,2429,13,13,251.1243,0.0,AUTHENTIC_REGION,0,1,REAL,C:\Users\jay\New folder (2)\Trustrace\data\document_patches\P8_0001025_X51005705760_MORPHOLOGY_NEG.png
P8_0001026_X51005757324_MORPHOLOGY_NEG,C00056141_X51005757324,X51005757324,group_0331,train,MORPHOLOGY,143,604,156,617,13,13,251.1243,0.0,AUTHENTIC_REGION,0,1,REAL,C:\Users\jay\New folder (2)\Trustrace\data\document_patches\P8_0001026_X51005757324_MORPHOLOGY_NEG.png
P8_0001027_X51005757282_MORPHOLOGY_NEG,C00054807_X51005757282,X51005757282,group_0323,train,MORPHOLOGY,52,1174,69,1186,17,12,251.1225,0.0,AUTHENTIC_REGION,0,1,REAL,C:\Users\jay\New folder (2)\Trustrace\data\document_patches\P8_0001027_X51005757282_MORPHOLOGY_NEG.png
P8_0001028_X51006556723_MORPHOLOGY_NEG,C00092592_X51006556723,X51006556723,group_0530,train,MORPHOLOGY,201,854,221,868,20,14,251.1214,0.0,AUTHENTIC_REGION,0,1,REAL,C:\Users\jay\New folder (2)\Trustrace\data\document_patches\P8_0001028_X51006556723_MORPHOLOGY_NEG.png
P8_0001029_X51005712021_MORPHOLOGY_NEG,C00040486_X51005712021,X51005712021,group_0240,train,MORPHOLOGY,150,1004,163,1017,13,13,251.1124,0.0,AUTHENTIC_REGION,0,1,REAL,C:\Users\jay\New folder (2)\Trustrace\data\document_patches\P8_0001029_X51005712021_MORPHOLOGY_NEG.png
P8_0001030_X51006008090_MORPHOLOGY_NEG,C00062576_X51006008090,X51006008090,group_0366,train,MORPHOLOGY,256,2053,269,2066,13,13,251.1124,0.0,AUTHENTIC_REGION,0,1,REAL,C:\Users\jay\New folder (2)\Trustrace\data\document_patches\P8_0001030_X51006008090_MORPHOLOGY_NEG.png
P8_0001031_X51006557199_MORPHOLOGY_NEG,C00104420_X51006557199,X51006557199,group_0583,train,MORPHOLOGY,500,285,513,298,13,13,251.1124,0.0,AUTHENTIC_REGION,0,1,REAL,C:\Users\jay\New folder (2)\Trustrace\data\document_patches\P8_0001031_X51006557199_MORPHOLOGY_NEG.png
P8_0001032_X51007228448_MORPHOLOGY_NEG,C00126584_X51007228448,X51007228448,group_0719,train,MORPHOLOGY,88,417,101,430,13,13,251.1124,0.0,AUTHENTIC_REGION,0,1,REAL,C:\Users\jay\New folder (2)\Trustrace\data\document_patches\P8_0001032_X51007228448_MORPHOLOGY_NEG.png
P8_0001033_X51006557164_MORPHOLOGY_NEG,C00100723_X51006557164,X51006557164,group_0567,train,MORPHOLOGY,445,888,458,901,13,13,251.1065,0.0,AUTHENTIC_REGION,0,1,REAL,C:\Users\jay\New folder (2)\Trustrace\data\document_patches\P8_0001033_X51006557164_MORPHOLOGY_NEG.png
P8_0001034_X51006008090_MORPHOLOGY_NEG,C00062577_X51006008090,X51006008090,group_0366,train,MORPHOLOGY,160,1693,179,1707,19,14,251.1053,0.0,AUTHENTIC_REGION,0,1,REAL,C:\Users\jay\New folder (2)\Trustrace\data\document_patches\P8_0001034_X51006008090_MORPHOLOGY_NEG.png
P8_0001035_X51005757201_MORPHOLOGY_NEG,C00053764_X51005757201,X51005757201,group_0316,train,MORPHOLOGY,66,1927,80,1940,14,13,251.1044,0.0,AUTHENTIC_REGION,0,1,REAL,C:\Users\jay\New folder (2)\Trustrace\data\document_patches\P8_0001035_X51005757201_MORPHOLOGY_NEG.png
P8_0001036_X51006388065_MORPHOLOGY_NEG,C00073213_X51006388065,X51006388065,group_0427,train,MORPHOLOGY,490,592,504,605,14,13,251.0989,0.0,AUTHENTIC_REGION,0,1,REAL,C:\Users\jay\New folder (2)\Trustrace\data\document_patches\P8_0001036_X51006388065_MORPHOLOGY_NEG.png
P8_0001037_X51006008057_MORPHOLOGY_NEG,C00060915_X51006008057,X51006008057,group_0358,train,MORPHOLOGY,73,890,105,905,32,15,251.0979,0.0,AUTHENTIC_REGION,0,1,REAL,C:\Users\jay\New folder (2)\Trustrace\data\document_patches\P8_0001037_X51006008057_MORPHOLOGY_NEG.png
P8_0001038_X51006008090_MORPHOLOGY_NEG,C00062578_X51006008090,X51006008090,group_0366,train,MORPHOLOGY,623,1437,649,1464,26,27,251.0954,0.0,AUTHENTIC_REGION,0,1,REAL,C:\Users\jay\New folder (2)\Trustrace\data\document_patches\P8_0001038_X51006008090_MORPHOLOGY_NEG.png
P8_0001039_X51005705759_MORPHOLOGY_NEG,C00036639_X51005705759,X51005705759,group_0217,train,MORPHOLOGY,622,1066,643,1086,21,20,251.0952,0.0,AUTHENTIC_REGION,0,1,REAL,C:\Users\jay\New folder (2)\Trustrace\data\document_patches\P8_0001039_X51005705759_MORPHOLOGY_NEG.png
P8_0001040_X51006556604_MORPHOLOGY_NEG,C00090554_X51006556604,X51006556604,group_0521,train,MORPHOLOGY,404,1041,417,1054,13,13,251.0947,0.0,AUTHENTIC_REGION,0,1,REAL,C:\Users\jay\New folder (2)\Trustrace\data\document_patches\P8_0001040_X51006556604_MORPHOLOGY_NEG.png
P8_0001041_X51007262328_MORPHOLOGY_NEG,C00129618_X51007262328,X51007262328,group_0733,train,MORPHOLOGY,436,399,466,427,30,28,251.0917,0.0,AUTHENTIC_REGION,0,1,REAL,C:\Users\jay\New folder (2)\Trustrace\data\document_patches\P8_0001041_X51007262328_MORPHOLOGY_NEG.png
P8_0001042_X51005719895_MORPHOLOGY_NEG,C00044504_X51005719895,X51005719895,group_0265,train,MORPHOLOGY,702,962,715,975,13,13,251.0888,0.0,AUTHENTIC_REGION,0,1,REAL,C:\Users\jay\New folder (2)\Trustrace\data\document_patches\P8_0001042_X51005719895_MORPHOLOGY_NEG.png
P8_0001043_X51006556738_MORPHOLOGY_NEG,C00093932_X51006556738,X51006556738,group_0536,train,MORPHOLOGY,451,542,464,555,13,13,251.0888,0.0,AUTHENTIC_REGION,0,1,REAL,C:\Users\jay\New folder (2)\Trustrace\data\document_patches\P8_0001043_X51006556738_MORPHOLOGY_NEG.png
P8_0001044_X51007262328_MORPHOLOGY_NEG,C00129619_X51007262328,X51007262328,group_0733,train,MORPHOLOGY,302,1200,320,1212,18,12,251.088,0.0,AUTHENTIC_REGION,0,1,REAL,C:\Users\jay\New folder (2)\Trustrace\data\document_patches\P8_0001044_X51007262328_MORPHOLOGY_NEG.png
P8_0001045_X51007339152_MORPHOLOGY_NEG,C00137096_X51007339152,X51007339152,group_0756,train,MORPHOLOGY,70,1099,85,1116,15,17,251.0863,0.0,AUTHENTIC_REGION,0,1,REAL,C:\Users\jay\New folder (2)\Trustrace\data\document_patches\P8_0001045_X51007339152_MORPHOLOGY_NEG.png
P8_0001046_X51005806679_MORPHOLOGY_NEG,C00058638_X51005806679,X51005806679,group_0345,train,MORPHOLOGY,750,2161,768,2184,18,23,251.0845,0.0,AUTHENTIC_REGION,0,1,REAL,C:\Users\jay\New folder (2)\Trustrace\data\document_patches\P8_0001046_X51005806679_MORPHOLOGY_NEG.png
P8_0001047_X51005705784_MORPHOLOGY_NEG,C00037126_X51005705784,X51005705784,group_0219,train,MORPHOLOGY,688,1549,700,1568,12,19,251.0833,0.0,AUTHENTIC_REGION,0,1,REAL,C:\Users\jay\New folder (2)\Trustrace\data\document_patches\P8_0001047_X51005705784_MORPHOLOGY_NEG.png
P8_0001048_X51005757201_MORPHOLOGY_NEG,C00053765_X51005757201,X51005757201,group_0316,train,MORPHOLOGY,159,1851,172,1864,13,13,251.0828,0.0,AUTHENTIC_REGION,0,1,REAL,C:\Users\jay\New folder (2)\Trustrace\data\document_patches\P8_0001048_X51005757201_MORPHOLOGY_NEG.png
P8_0001049_X51006008090_MORPHOLOGY_NEG,C00062579_X51006008090,X51006008090,group_0366,train,MORPHOLOGY,23,1687,36,1700,13,13,251.0828,0.0,AUTHENTIC_REGION,0,1,REAL,C:\Users\jay\New folder (2)\Trustrace\data\document_patches\P8_0001049_X51006008090_MORPHOLOGY_NEG.png
P8_0001050_X51005301661_MORPHOLOGY_NEG,C00004722_X51005301661,X51005301661,group_0011,train,MORPHOLOGY,297,1505,345,1519,48,14,251.0789,0.0,AUTHENTIC_REGION,0,1,REAL,C:\Users\jay\New folder (2)\Trustrace\data\document_patches\P8_0001050_X51005301661_MORPHOLOGY_NEG.png
P8_0001051_X51005303661_MORPHOLOGY_NEG,C00005510_X51005303661,X51005303661,group_0011,train,MORPHOLOGY,297,1505,345,1519,48,14,251.0789,0.0,AUTHENTIC_REGION,0,1,REAL,C:\Users\jay\New folder (2)\Trustrace\data\document_patches\P8_0001051_X51005303661_MORPHOLOGY_NEG.png
P8_0001052_X51005712021_MORPHOLOGY_NEG,C00040487_X51005712021,X51005712021,group_0240,train,MORPHOLOGY,156,677,169,690,13,13,251.0769,0.0,AUTHENTIC_REGION,0,1,REAL,C:\Users\jay\New folder (2)\Trustrace\data\document_patches\P8_0001052_X51005712021_MORPHOLOGY_NEG.png
P8_0001053_X51006556656_MORPHOLOGY_NEG,C00091922_X51006556656,X51006556656,group_0527,train,MORPHOLOGY,446,282,459,295,13,13,251.0651,0.0,AUTHENTIC_REGION,0,1,REAL,C:\Users\jay\New folder (2)\Trustrace\data\document_patches\P8_0001053_X51006556656_MORPHOLOGY_NEG.png
P8_0001054_X51005806678_MORPHOLOGY_NEG,C00058405_X51005806678,X51005806678,group_0344,train,MORPHOLOGY,437,1160,451,1171,14,11,251.0649,0.0,AUTHENTIC_REGION,0,1,REAL,C:\Users\jay\New folder (2)\Trustrace\data\document_patches\P8_0001054_X51005806678_MORPHOLOGY_NEG.png
P8_0001055_X51005268262_MORPHOLOGY_NEG,C00003446_X51005268262,X51005268262,group_0009,train,MORPHOLOGY,689,1365,702,1377,13,12,251.0641,0.0,AUTHENTIC_REGION,0,1,REAL,C:\Users\jay\New folder (2)\Trustrace\data\document_patches\P8_0001055_X51005268262_MORPHOLOGY_NEG.png
P8_0001056_X51005301659_MORPHOLOGY_NEG,C00004455_X51005301659,X51005301659,group_0009,train,MORPHOLOGY,689,1365,702,1377,13,12,251.0641,0.0,AUTHENTIC_REGION,0,1,REAL,C:\Users\jay\New folder (2)\Trustrace\data\document_patches\P8_0001056_X51005301659_MORPHOLOGY_NEG.png
P8_0001057_X51007103643_MORPHOLOGY_NEG,C00123668_X51007103643,X51007103643,group_0704,train,MORPHOLOGY,213,546,226,560,13,14,251.0604,0.0,AUTHENTIC_REGION,0,1,REAL,C:\Users\jay\New folder (2)\Trustrace\data\document_patches\P8_0001057_X51007103643_MORPHOLOGY_NEG.png
P8_0001058_X51006311758_MORPHOLOGY_NEG,C00064434_X51006311758,X51006311758,group_0375,train,MORPHOLOGY,368,576,413,604,45,28,251.0587,0.0,AUTHENTIC_REGION,0,1,REAL,C:\Users\jay\New folder (2)\Trustrace\data\document_patches\P8_0001058_X51006311758_MORPHOLOGY_NEG.png
P8_0001059_X51005757201_MORPHOLOGY_NEG,C00053766_X51005757201,X51005757201,group_0316,train,MORPHOLOGY,247,174,260,187,13,13,251.0414,0.0,AUTHENTIC_REGION,0,1,REAL,C:\Users\jay\New folder (2)\Trustrace\data\document_patches\P8_0001059_X51005757201_MORPHOLOGY_NEG.png
P8_0001060_X51006008095_MORPHOLOGY_NEG,C00063343_X51006008095,X51006008095,group_0023,train,MORPHOLOGY,588,941,603,959,15,18,251.037,0.0,AUTHENTIC_REGION,0,1,REAL,C:\Users\jay\New folder (2)\Trustrace\data\document_patches\P8_0001060_X51006008095_MORPHOLOGY_NEG.png
P8_0001061_X51006556656_MORPHOLOGY_NEG,C00091923_X51006556656,X51006556656,group_0527,train,MORPHOLOGY,351,302,365,318,14,16,251.0357,0.0,AUTHENTIC_REGION,0,1,REAL,C:\Users\jay\New folder (2)\Trustrace\data\document_patches\P8_0001061_X51006556656_MORPHOLOGY_NEG.png
P8_0001062_X51006008057_MORPHOLOGY_NEG,C00060916_X51006008057,X51006008057,group_0358,train,MORPHOLOGY,142,1123,229,1148,87,25,251.0354,0.0,AUTHENTIC_REGION,0,1,REAL,C:\Users\jay\New folder (2)\Trustrace\data\document_patches\P8_0001062_X51006008057_MORPHOLOGY_NEG.png
P8_0001063_X51006334927_MORPHOLOGY_NEG,C00069351_X51006334927,X51006334927,group_0399,train,MORPHOLOGY,79,688,99,719,20,31,251.0339,0.0,AUTHENTIC_REGION,0,1,REAL,C:\Users\jay\New folder (2)\Trustrace\data\document_patches\P8_0001063_X51006334927_MORPHOLOGY_NEG.png
P8_0001064_X00016469620_MORPHOLOGY_NEG,C00000371_X00016469620,X00016469620,group_0035,train,MORPHOLOGY,20,603,33,616,13,13,251.0296,0.0,AUTHENTIC_REGION,0,1,REAL,C:\Users\jay\New folder (2)\Trustrace\data\document_patches\P8_0001064_X00016469620_MORPHOLOGY_NEG.png
P8_0001065_X51006008090_MORPHOLOGY_NEG,C00062580_X51006008090,X51006008090,group_0366,train,MORPHOLOGY,582,339,595,352,13,13,251.0296,0.0,AUTHENTIC_REGION,0,1,REAL,C:\Users\jay\New folder (2)\Trustrace\data\document_patches\P8_0001065_X51006008090_MORPHOLOGY_NEG.png
P8_0001066_X51006008095_MORPHOLOGY_NEG,C00063344_X51006008095,X51006008095,group_0023,train,MORPHOLOGY,416,940,436,957,20,17,251.0294,0.0,AUTHENTIC_REGION,0,1,REAL,C:\Users\jay\New folder (2)\Trustrace\data\document_patches\P8_0001066_X51006008095_MORPHOLOGY_NEG.png
P8_0001067_X51006329402_MORPHOLOGY_NEG,C00067475_X51006329402,X51006329402,group_0388,train,MORPHOLOGY,210,344,232,362,22,18,251.0278,0.0,AUTHENTIC_REGION,0,1,REAL,C:\Users\jay\New folder (2)\Trustrace\data\document_patches\P8_0001067_X51006329402_MORPHOLOGY_NEG.png
P8_0001068_X51005757324_MORPHOLOGY_NEG,C00056142_X51005757324,X51005757324,group_0331,train,MORPHOLOGY,155,1233,201,1251,46,18,251.0266,0.0,AUTHENTIC_REGION,0,1,REAL,C:\Users\jay\New folder (2)\Trustrace\data\document_patches\P8_0001068_X51005757324_MORPHOLOGY_NEG.png
P8_0001069_X00016469620_MORPHOLOGY_NEG,C00000372_X00016469620,X00016469620,group_0035,train,MORPHOLOGY,197,674,210,687,13,13,251.0237,0.0,AUTHENTIC_REGION,0,1,REAL,C:\Users\jay\New folder (2)\Trustrace\data\document_patches\P8_0001069_X00016469620_MORPHOLOGY_NEG.png
P8_0001070_X51006882603_MORPHOLOGY_NEG,C00118028_X51006882603,X51006882603,group_0678,train,MORPHOLOGY,270,272,283,285,13,13,251.0237,0.0,AUTHENTIC_REGION,0,1,REAL,C:\Users\jay\New folder (2)\Trustrace\data\document_patches\P8_0001070_X51006882603_MORPHOLOGY_NEG.png
P8_0001071_X51005757346_MORPHOLOGY_NEG,C00056447_X51005757346,X51005757346,group_0333,train,MORPHOLOGY,96,362,153,389,57,27,251.0227,0.0,AUTHENTIC_REGION,0,1,REAL,C:\Users\jay\New folder (2)\Trustrace\data\document_patches\P8_0001071_X51005757346_MORPHOLOGY_NEG.png
P8_0001072_X51006556824_MORPHOLOGY_NEG,C00096408_X51006556824,X51006556824,group_0547,train,MORPHOLOGY,281,379,294,394,13,15,251.0154,0.0,AUTHENTIC_REGION,0,1,REAL,C:\Users\jay\New folder (2)\Trustrace\data\document_patches\P8_0001072_X51006556824_MORPHOLOGY_NEG.png
P8_0001073_X51005757233_MORPHOLOGY_NEG,C00054044_X51005757233,X51005757233,group_0318,train,MORPHOLOGY,42,562,63,579,21,17,251.0112,0.0,AUTHENTIC_REGION,0,1,REAL,C:\Users\jay\New folder (2)\Trustrace\data\document_patches\P8_0001073_X51005757233_MORPHOLOGY_NEG.png
P8_0001074_X51007103643_MORPHOLOGY_NEG,C00123669_X51007103643,X51007103643,group_0704,train,MORPHOLOGY,182,169,203,192,21,23,251.0104,0.0,AUTHENTIC_REGION,0,1,REAL,C:\Users\jay\New folder (2)\Trustrace\data\document_patches\P8_0001074_X51007103643_MORPHOLOGY_NEG.png
P8_0001075_X51006556824_MORPHOLOGY_NEG,C00096409_X51006556824,X51006556824,group_0547,train,MORPHOLOGY,224,884,237,897,13,13,251.0059,0.0,AUTHENTIC_REGION,0,1,REAL,C:\Users\jay\New folder (2)\Trustrace\data\document_patches\P8_0001075_X51006556824_MORPHOLOGY_NEG.png
P8_0001076_X51006008083_MORPHOLOGY_NEG,C00061818_X51006008083,X51006008083,group_0363,train,MORPHOLOGY,314,298,456,330,142,32,251.0057,0.0,AUTHENTIC_REGION,0,1,REAL,C:\Users\jay\New folder (2)\Trustrace\data\document_patches\P8_0001076_X51006008083_MORPHOLOGY_NEG.png
P8_0001077_X51005757292_MORPHOLOGY_NEG,C00055275_X51005757292,X51005757292,group_0326,train,MORPHOLOGY,0,895,40,924,40,29,251.0052,0.0,AUTHENTIC_REGION,0,1,REAL,C:\Users\jay\New folder (2)\Trustrace\data\document_patches\P8_0001077_X51005757292_MORPHOLOGY_NEG.png
P8_0001078_X51005705759_MORPHOLOGY_NEG,C00036640_X51005705759,X51005705759,group_0217,train,MORPHOLOGY,402,2410,415,2422,13,12,251.0,0.0,AUTHENTIC_REGION,0,1,REAL,C:\Users\jay\New folder (2)\Trustrace\data\document_patches\P8_0001078_X51005705759_MORPHOLOGY_NEG.png
P8_0001079_X51005745244_MORPHOLOGY_NEG,C00050904_X51005745244,X51005745244,group_0301,train,MORPHOLOGY,362,1406,376,1421,14,15,251.0,0.0,AUTHENTIC_REGION,0,1,REAL,C:\Users\jay\New folder (2)\Trustrace\data\document_patches\P8_0001079_X51005745244_MORPHOLOGY_NEG.png
P8_0001080_X51005757292_MORPHOLOGY_NEG,C00055276_X51005757292,X51005757292,group_0326,train,MORPHOLOGY,655,831,668,844,13,13,251.0,0.0,AUTHENTIC_REGION,0,1,REAL,C:\Users\jay\New folder (2)\Trustrace\data\document_patches\P8_0001080_X51005757292_MORPHOLOGY_NEG.png
P8_0001081_X51005806678_MORPHOLOGY_NEG,C00058406_X51005806678,X51005806678,group_0344,train,MORPHOLOGY,556,1769,569,1781,13,12,251.0,0.0,AUTHENTIC_REGION,0,1,REAL,C:\Users\jay\New folder (2)\Trustrace\data\document_patches\P8_0001081_X51005806678_MORPHOLOGY_NEG.png
P8_0001082_X51006311758_MORPHOLOGY_NEG,C00064435_X51006311758,X51006311758,group_0375,train,MORPHOLOGY,368,799,385,827,17,28,250.9937,0.0,AUTHENTIC_REGION,0,1,REAL,C:\Users\jay\New folder (2)\Trustrace\data\document_patches\P8_0001082_X51006311758_MORPHOLOGY_NEG.png
P8_0001083_X51006557179_MORPHOLOGY_NEG,C00102059_X51006557179,X51006557179,group_0573,train,MORPHOLOGY,88,300,114,317,26,17,250.9932,0.0,AUTHENTIC_REGION,0,1,REAL,C:\Users\jay\New folder (2)\Trustrace\data\document_patches\P8_0001083_X51006557179_MORPHOLOGY_NEG.png
P8_0001084_X51005268400_MORPHOLOGY_NEG,C00003865_X51005268400,X51005268400,group_0054,train,MORPHOLOGY,206,1007,236,1029,30,22,250.9894,0.0,AUTHENTIC_REGION,0,1,REAL,C:\Users\jay\New folder (2)\Trustrace\data\document_patches\P8_0001084_X51005268400_MORPHOLOGY_NEG.png
P8_0001085_X51005577191_MORPHOLOGY_NEG,C00023361_X51005577191,X51005577191,group_0018,train,MORPHOLOGY,105,245,118,258,13,13,250.9882,0.0,AUTHENTIC_REGION,0,1,REAL,C:\Users\jay\New folder (2)\Trustrace\data\document_patches\P8_0001085_X51005577191_MORPHOLOGY_NEG.png
P8_0001086_X51005663273_MORPHOLOGY_NEG,C00026426_X51005663273,X51005663273,group_0163,train,MORPHOLOGY,593,879,629,895,36,16,250.9878,0.0,AUTHENTIC_REGION,0,1,REAL,C:\Users\jay\New folder (2)\Trustrace\data\document_patches\P8_0001086_X51005663273_MORPHOLOGY_NEG.png
P8_0001087_X51007339165_MORPHOLOGY_NEG,C00139202_X51007339165,X51007339165,group_0764,train,MORPHOLOGY,417,776,446,789,29,13,250.9867,0.0,AUTHENTIC_REGION,0,1,REAL,C:\Users\jay\New folder (2)\Trustrace\data\document_patches\P8_0001087_X51007339165_MORPHOLOGY_NEG.png
P8_0001088_X51005705760_MORPHOLOGY_NEG,C00036933_X51005705760,X51005705760,group_0218,train,MORPHOLOGY,288,2402,323,2428,35,26,250.9846,0.0,AUTHENTIC_REGION,0,1,REAL,C:\Users\jay\New folder (2)\Trustrace\data\document_patches\P8_0001088_X51005705760_MORPHOLOGY_NEG.png
P8_0001089_X51005719895_MORPHOLOGY_NEG,C00044505_X51005719895,X51005719895,group_0265,train,MORPHOLOGY,658,1651,671,1664,13,13,250.9822,0.0,AUTHENTIC_REGION,0,1,REAL,C:\Users\jay\New folder (2)\Trustrace\data\document_patches\P8_0001089_X51005719895_MORPHOLOGY_NEG.png
P8_0001090_X51006557173_MORPHOLOGY_NEG,C00101617_X51006557173,X51006557173,group_0571,train,MORPHOLOGY,450,909,463,922,13,13,250.9822,0.0,AUTHENTIC_REGION,0,1,REAL,C:\Users\jay\New folder (2)\Trustrace\data\document_patches\P8_0001090_X51006557173_MORPHOLOGY_NEG.png
P8_0001091_X51006334742_MORPHOLOGY_NEG,C00068563_X51006334742,X51006334742,group_0394,train,MORPHOLOGY,447,1391,463,1408,16,17,250.9816,0.0,AUTHENTIC_REGION,0,1,REAL,C:\Users\jay\New folder (2)\Trustrace\data\document_patches\P8_0001091_X51006334742_MORPHOLOGY_NEG.png
P8_0001092_X51006008057_MORPHOLOGY_NEG,C00060917_X51006008057,X51006008057,group_0358,train,MORPHOLOGY,640,1616,654,1633,14,17,250.979,0.0,AUTHENTIC_REGION,0,1,REAL,C:\Users\jay\New folder (2)\Trustrace\data\document_patches\P8_0001092_X51006008057_MORPHOLOGY_NEG.png
P8_0001093_X51006008166_MORPHOLOGY_NEG,C00063664_X51006008166,X51006008166,group_0370,train,MORPHOLOGY,243,1322,256,1335,13,13,250.9763,0.0,AUTHENTIC_REGION,0,1,REAL,C:\Users\jay\New folder (2)\Trustrace\data\document_patches\P8_0001093_X51006008166_MORPHOLOGY_NEG.png
P8_0001094_X51005705784_MORPHOLOGY_NEG,C00037127_X51005705784,X51005705784,group_0219,train,MORPHOLOGY,688,1143,701,1165,13,22,250.9755,0.0,AUTHENTIC_REGION,0,1,REAL,C:\Users\jay\New folder (2)\Trustrace\data\document_patches\P8_0001094_X51005705784_MORPHOLOGY_NEG.png
P8_0001095_X51006008057_MORPHOLOGY_NEG,C00060918_X51006008057,X51006008057,group_0358,train,MORPHOLOGY,153,879,224,903,71,24,250.9718,0.0,AUTHENTIC_REGION,0,1,REAL,C:\Users\jay\New folder (2)\Trustrace\data\document_patches\P8_0001095_X51006008057_MORPHOLOGY_NEG.png
P8_0001096_X51007339157_MORPHOLOGY_NEG,C00137493_X51007339157,X51007339157,group_0758,train,MORPHOLOGY,72,1101,82,1115,10,14,250.9714,0.0,AUTHENTIC_REGION,0,1,REAL,C:\Users\jay\New folder (2)\Trustrace\data\document_patches\P8_0001096_X51007339157_MORPHOLOGY_NEG.png
P8_0001097_X51005663273_MORPHOLOGY_NEG,C00026427_X51005663273,X51005663273,group_0163,train,MORPHOLOGY,364,230,462,259,98,29,250.9673,0.0,AUTHENTIC_REGION,0,1,REAL,C:\Users\jay\New folder (2)\Trustrace\data\document_patches\P8_0001097_X51005663273_MORPHOLOGY_NEG.png
P8_0001098_X51005705727_MORPHOLOGY_NEG,C00036201_X51005705727,X51005705727,group_0215,train,MORPHOLOGY,0,1076,16,1101,16,25,250.965,0.0,AUTHENTIC_REGION,0,1,REAL,C:\Users\jay\New folder (2)\Trustrace\data\document_patches\P8_0001098_X51005705727_MORPHOLOGY_NEG.png
P8_0001099_X51006387660_MORPHOLOGY_NEG,C00071097_X51006387660,X51006387660,group_0411,train,MORPHOLOGY,34,651,92,685,58,34,250.964,0.0,AUTHENTIC_REGION,0,1,REAL,C:\Users\jay\New folder (2)\Trustrace\data\document_patches\P8_0001099_X51006387660_MORPHOLOGY_NEG.png
P8_0001100_X51006008083_MORPHOLOGY_NEG,C00061819_X51006008083,X51006008083,group_0363,train,MORPHOLOGY,658,473,668,481,10,8,250.9625,0.0,AUTHENTIC_REGION,0,1,REAL,C:\Users\jay\New folder (2)\Trustrace\data\document_patches\P8_0001100_X51006008083_MORPHOLOGY_NEG.png
P8_0001101_X51006557199_MORPHOLOGY_NEG,C00104421_X51006557199,X51006557199,group_0583,train,MORPHOLOGY,96,1105,110,1118,14,13,250.9615,0.0,AUTHENTIC_REGION,0,1,REAL,C:\Users\jay\New folder (2)\Trustrace\data\document_patches\P8_0001101_X51006557199_MORPHOLOGY_NEG.png
P8_0001102_X00016469671_MORPHOLOGY_NEG,C00001016_X00016469671,X00016469671,group_0040,train,MORPHOLOGY,236,348,253,363,17,15,250.9569,0.0,AUTHENTIC_REGION,0,1,REAL,C:\Users\jay\New folder (2)\Trustrace\data\document_patches\P8_0001102_X00016469671_MORPHOLOGY_NEG.png
P8_0001103_X51005268262_MORPHOLOGY_NEG,C00003447_X51005268262,X51005268262,group_0009,train,MORPHOLOGY,72,962,105,983,33,21,250.9538,0.0,AUTHENTIC_REGION,0,1,REAL,C:\Users\jay\New folder (2)\Trustrace\data\document_patches\P8_0001103_X51005268262_MORPHOLOGY_NEG.png
P8_0001104_X51005301659_MORPHOLOGY_NEG,C00004456_X51005301659,X51005301659,group_0009,train,MORPHOLOGY,72,962,105,983,33,21,250.9538,0.0,AUTHENTIC_REGION,0,1,REAL,C:\Users\jay\New folder (2)\Trustrace\data\document_patches\P8_0001104_X51005301659_MORPHOLOGY_NEG.png
P8_0001105_X51005605286_MORPHOLOGY_NEG,C00024760_X51005605286,X51005605286,group_0154,train,MORPHOLOGY,95,1256,116,1360,21,104,250.9487,0.0,AUTHENTIC_REGION,0,1,REAL,C:\Users\jay\New folder (2)\Trustrace\data\document_patches\P8_0001105_X51005605286_MORPHOLOGY_NEG.png
P8_0001106_X00016469672_MORPHOLOGY_NEG,C00001241_X00016469672,X00016469672,group_0041,train,MORPHOLOGY,218,1029,236,1047,18,18,250.9444,0.0,AUTHENTIC_REGION,0,1,REAL,C:\Users\jay\New folder (2)\Trustrace\data\document_patches\P8_0001106_X00016469672_MORPHOLOGY_NEG.png
P8_0001107_X51006311767_MORPHOLOGY_NEG,C00064780_X51006311767,X51006311767,group_0377,train,MORPHOLOGY,309,178,322,189,13,11,250.9441,0.0,AUTHENTIC_REGION,0,1,REAL,C:\Users\jay\New folder (2)\Trustrace\data\document_patches\P8_0001107_X51006311767_MORPHOLOGY_NEG.png
P8_0001108_X51006008057_MORPHOLOGY_NEG,C00060919_X51006008057,X51006008057,group_0358,train,MORPHOLOGY,75,1798,88,1811,13,13,250.9349,0.0,AUTHENTIC_REGION,0,1,REAL,C:\Users\jay\New folder (2)\Trustrace\data\document_patches\P8_0001108_X51006008057_MORPHOLOGY_NEG.png
P8_0001109_X51006388064_MORPHOLOGY_NEG,C00073146_X51006388064,X51006388064,group_0426,train,MORPHOLOGY,602,927,656,941,54,14,250.9339,0.0,AUTHENTIC_REGION,0,1,REAL,C:\Users\jay\New folder (2)\Trustrace\data\document_patches\P8_0001109_X51006388064_MORPHOLOGY_NEG.png
P8_0001110_X51005268262_MORPHOLOGY_NEG,C00003448_X51005268262,X51005268262,group_0009,train,MORPHOLOGY,384,55,478,85,94,30,250.9319,0.0,AUTHENTIC_REGION,0,1,REAL,C:\Users\jay\New folder (2)\Trustrace\data\document_patches\P8_0001110_X51005268262_MORPHOLOGY_NEG.png
P8_0001111_X51005301659_MORPHOLOGY_NEG,C00004457_X51005301659,X51005301659,group_0009,train,MORPHOLOGY,384,55,478,85,94,30,250.9319,0.0,AUTHENTIC_REGION,0,1,REAL,C:\Users\jay\New folder (2)\Trustrace\data\document_patches\P8_0001111_X51005301659_MORPHOLOGY_NEG.png
P8_0001112_X51005757201_MORPHOLOGY_NEG,C00053767_X51005757201,X51005757201,group_0316,train,MORPHOLOGY,597,756,630,784,33,28,250.9307,0.0,AUTHENTIC_REGION,0,1,REAL,C:\Users\jay\New folder (2)\Trustrace\data\document_patches\P8_0001112_X51005757201_MORPHOLOGY_NEG.png
P8_0001113_X51005705760_MORPHOLOGY_NEG,C00036934_X51005705760,X51005705760,group_0218,train,MORPHOLOGY,308,2245,369,2258,61,13,250.9256,0.0,AUTHENTIC_REGION,0,1,REAL,C:\Users\jay\New folder (2)\Trustrace\data\document_patches\P8_0001113_X51005705760_MORPHOLOGY_NEG.png
P8_0001114_X51007262328_MORPHOLOGY_NEG,C00129620_X51007262328,X51007262328,group_0733,train,MORPHOLOGY,44,602,77,624,33,22,250.9242,0.0,AUTHENTIC_REGION,0,1,REAL,C:\Users\jay\New folder (2)\Trustrace\data\document_patches\P8_0001114_X51007262328_MORPHOLOGY_NEG.png
P8_0001115_X51007339160_MORPHOLOGY_NEG,C00138111_X51007339160,X51007339160,group_0760,train,MORPHOLOGY,36,563,50,576,14,13,250.9231,0.0,AUTHENTIC_REGION,0,1,REAL,C:\Users\jay\New folder (2)\Trustrace\data\document_patches\P8_0001115_X51007339160_MORPHOLOGY_NEG.png
P8_0001116_X51006008057_MORPHOLOGY_NEG,C00060920_X51006008057,X51006008057,group_0358,train,MORPHOLOGY,235,1463,265,1486,30,23,250.9203,0.0,AUTHENTIC_REGION,0,1,REAL,C:\Users\jay\New folder (2)\Trustrace\data\document_patches\P8_0001116_X51006008057_MORPHOLOGY_NEG.png
P8_0001117_X51005705760_MORPHOLOGY_NEG,C00036935_X51005705760,X51005705760,group_0218,train,MORPHOLOGY,112,1462,130,1492,18,30,250.9185,0.0,AUTHENTIC_REGION,0,1,REAL,C:\Users\jay\New folder (2)\Trustrace\data\document_patches\P8_0001117_X51005705760_MORPHOLOGY_NEG.png
P8_0001118_X51005757201_MORPHOLOGY_NEG,C00053768_X51005757201,X51005757201,group_0316,train,MORPHOLOGY,96,1839,114,1857,18,18,250.9167,0.0,AUTHENTIC_REGION,0,1,REAL,C:\Users\jay\New folder (2)\Trustrace\data\document_patches\P8_0001118_X51005757201_MORPHOLOGY_NEG.png
P8_0001119_X51006008082_MORPHOLOGY_NEG,C00061637_X51006008082,X51006008082,group_0362,train,MORPHOLOGY,111,545,187,567,76,22,250.9115,0.0,AUTHENTIC_REGION,0,1,REAL,C:\Users\jay\New folder (2)\Trustrace\data\document_patches\P8_0001119_X51006008082_MORPHOLOGY_NEG.png
P8_0001120_X51006008057_MORPHOLOGY_NEG,C00060921_X51006008057,X51006008057,group_0358,train,MORPHOLOGY,273,1791,286,1804,13,13,250.9112,0.0,AUTHENTIC_REGION,0,1,REAL,C:\Users\jay\New folder (2)\Trustrace\data\document_patches\P8_0001120_X51006008057_MORPHOLOGY_NEG.png
P8_0001121_X51006335547_MORPHOLOGY_NEG,C00069670_X51006335547,X51006335547,group_0401,train,MORPHOLOGY,646,716,659,729,13,13,250.9112,0.0,AUTHENTIC_REGION,0,1,REAL,C:\Users\jay\New folder (2)\Trustrace\data\document_patches\P8_0001121_X51006335547_MORPHOLOGY_NEG.png
P8_0001122_X51006556732_MORPHOLOGY_NEG,C00093437_X51006556732,X51006556732,group_0534,train,MORPHOLOGY,481,720,494,733,13,13,250.9112,0.0,AUTHENTIC_REGION,0,1,REAL,C:\Users\jay\New folder (2)\Trustrace\data\document_patches\P8_0001122_X51006556732_MORPHOLOGY_NEG.png
P8_0001123_X51005705784_MORPHOLOGY_NEG,C00037128_X51005705784,X51005705784,group_0219,train,MORPHOLOGY,757,1712,768,1721,11,9,250.9091,0.0,AUTHENTIC_REGION,0,1,REAL,C:\Users\jay\New folder (2)\Trustrace\data\document_patches\P8_0001123_X51005705784_MORPHOLOGY_NEG.png
P8_0001124_X51006008092_MORPHOLOGY_NEG,C00062986_X51006008092,X51006008092,group_0367,train,MORPHOLOGY,627,1482,640,1496,13,14,250.9066,0.0,AUTHENTIC_REGION,0,1,REAL,C:\Users\jay\New folder (2)\Trustrace\data\document_patches\P8_0001124_X51006008092_MORPHOLOGY_NEG.png
P8_0001125_X51007262328_MORPHOLOGY_NEG,C00129621_X51007262328,X51007262328,group_0733,train,MORPHOLOGY,446,237,461,251,15,14,250.9048,0.0,AUTHENTIC_REGION,0,1,REAL,C:\Users\jay\New folder (2)\Trustrace\data\document_patches\P8_0001125_X51007262328_MORPHOLOGY_NEG.png
P8_0001126_X51005757201_MORPHOLOGY_NEG,C00053769_X51005757201,X51005757201,group_0316,train,MORPHOLOGY,455,279,534,311,79,32,250.9039,0.0,AUTHENTIC_REGION,0,1,REAL,C:\Users\jay\New folder (2)\Trustrace\data\document_patches\P8_0001126_X51005757201_MORPHOLOGY_NEG.png
P8_0001127_X51005757201_MORPHOLOGY_NEG,C00053770_X51005757201,X51005757201,group_0316,train,MORPHOLOGY,355,1919,427,1942,72,23,250.8986,0.0,AUTHENTIC_REGION,0,1,REAL,C:\Users\jay\New folder (2)\Trustrace\data\document_patches\P8_0001127_X51005757201_MORPHOLOGY_NEG.png
P8_0001128_X51006557199_MORPHOLOGY_NEG,C00104422_X51006557199,X51006557199,group_0583,train,MORPHOLOGY,35,1058,61,1073,26,15,250.8974,0.0,AUTHENTIC_REGION,0,1,REAL,C:\Users\jay\New folder (2)\Trustrace\data\document_patches\P8_0001128_X51006557199_MORPHOLOGY_NEG.png
P8_0001129_X51005741944_MORPHOLOGY_NEG,C00049558_X51005741944,X51005741944,group_0292,train,MORPHOLOGY,25,266,42,282,17,16,250.8971,0.0,AUTHENTIC_REGION,0,1,REAL,C:\Users\jay\New folder (2)\Trustrace\data\document_patches\P8_0001129_X51005741944_MORPHOLOGY_NEG.png
P8_0001130_X51006388066_MORPHOLOGY_NEG,C00073282_X51006388066,X51006388066,group_0428,train,MORPHOLOGY,160,580,173,594,13,14,250.8956,0.0,AUTHENTIC_REGION,0,1,REAL,C:\Users\jay\New folder (2)\Trustrace\data\document_patches\P8_0001130_X51006388066_MORPHOLOGY_NEG.png
P8_0001131_X51005705759_MORPHOLOGY_NEG,C00036641_X51005705759,X51005705759,group_0217,train,MORPHOLOGY,879,2386,892,2399,13,13,250.8935,0.0,AUTHENTIC_REGION,0,1,REAL,C:\Users\jay\New folder (2)\Trustrace\data\document_patches\P8_0001131_X51005705759_MORPHOLOGY_NEG.png
P8_0001132_X51006008057_MORPHOLOGY_NEG,C00060922_X51006008057,X51006008057,group_0358,train,MORPHOLOGY,142,1691,155,1704,13,13,250.8935,0.0,AUTHENTIC_REGION,0,1,REAL,C:\Users\jay\New folder (2)\Trustrace\data\document_patches\P8_0001132_X51006008057_MORPHOLOGY_NEG.png
P8_0001133_X51007228448_MORPHOLOGY_NEG,C00126585_X51007228448,X51007228448,group_0719,train,MORPHOLOGY,118,388,131,401,13,13,250.8935,0.0,AUTHENTIC_REGION,0,1,REAL,C:\Users\jay\New folder (2)\Trustrace\data\document_patches\P8_0001133_X51007228448_MORPHOLOGY_NEG.png
P8_0001134_X51005568827_MORPHOLOGY_NEG,C00019495_X51005568827,X51005568827,group_0128,train,MORPHOLOGY,183,929,197,942,14,13,250.8901,0.0,AUTHENTIC_REGION,0,1,REAL,C:\Users\jay\New folder (2)\Trustrace\data\document_patches\P8_0001134_X51005568827_MORPHOLOGY_NEG.png
P8_0001135_X00016469672_MORPHOLOGY_NEG,C00001242_X00016469672,X00016469672,group_0041,train,MORPHOLOGY,35,528,48,541,13,13,250.8876,0.0,AUTHENTIC_REGION,0,1,REAL,C:\Users\jay\New folder (2)\Trustrace\data\document_patches\P8_0001135_X00016469672_MORPHOLOGY_NEG.png
P8_0001136_X51005705759_MORPHOLOGY_NEG,C00036642_X51005705759,X51005705759,group_0217,train,MORPHOLOGY,269,2309,282,2322,13,13,250.8876,0.0,AUTHENTIC_REGION,0,1,REAL,C:\Users\jay\New folder (2)\Trustrace\data\document_patches\P8_0001136_X51005705759_MORPHOLOGY_NEG.png
P8_0001137_X51005757292_MORPHOLOGY_NEG,C00055277_X51005757292,X51005757292,group_0326,train,MORPHOLOGY,533,712,546,725,13,13,250.8876,0.0,AUTHENTIC_REGION,0,1,REAL,C:\Users\jay\New folder (2)\Trustrace\data\document_patches\P8_0001137_X51005757292_MORPHOLOGY_NEG.png
P8_0001138_X51005719873_MORPHOLOGY_NEG,C00043293_X51005719873,X51005719873,group_0257,train,MORPHOLOGY,343,1747,358,1785,15,38,250.8825,0.0,AUTHENTIC_REGION,0,1,REAL,C:\Users\jay\New folder (2)\Trustrace\data\document_patches\P8_0001138_X51005719873_MORPHOLOGY_NEG.png
P8_0001139_X51005806698_MORPHOLOGY_NEG,C00059542_X51005806698,X51005806698,group_0350,train,MORPHOLOGY,533,120,551,153,18,33,250.8822,0.0,AUTHENTIC_REGION,0,1,REAL,C:\Users\jay\New folder (2)\Trustrace\data\document_patches\P8_0001139_X51005806698_MORPHOLOGY_NEG.png
P8_0001140_X51005675095_MORPHOLOGY_NEG,C00029772_X51005675095,X51005675095,group_0182,train,MORPHOLOGY,539,517,550,530,11,13,250.8811,0.0,AUTHENTIC_REGION,0,1,REAL,C:\Users\jay\New folder (2)\Trustrace\data\document_patches\P8_0001140_X51005675095_MORPHOLOGY_NEG.png
P8_0001141_X51005268400_MORPHOLOGY_NEG,C00003866_X51005268400,X51005268400,group_0054,train,MORPHOLOGY,298,978,345,995,47,17,250.8798,0.0,AUTHENTIC_REGION,0,1,REAL,C:\Users\jay\New folder (2)\Trustrace\data\document_patches\P8_0001141_X51005268400_MORPHOLOGY_NEG.png
P8_0001142_X51006008057_MORPHOLOGY_NEG,C00060923_X51006008057,X51006008057,group_0358,train,MORPHOLOGY,143,1220,215,1246,72,26,250.8771,0.0,AUTHENTIC_REGION,0,1,REAL,C:\Users\jay\New folder (2)\Trustrace\data\document_patches\P8_0001142_X51006008057_MORPHOLOGY_NEG.png
P8_0001143_X51007103691_MORPHOLOGY_NEG,C00124795_X51007103691,X51007103691,group_0711,train,MORPHOLOGY,111,1665,125,1676,14,11,250.8766,0.0,AUTHENTIC_REGION,0,1,REAL,C:\Users\jay\New folder (2)\Trustrace\data\document_patches\P8_0001143_X51007103691_MORPHOLOGY_NEG.png
P8_0001144_X51005757201_MORPHOLOGY_NEG,C00053771_X51005757201,X51005757201,group_0316,train,MORPHOLOGY,320,1354,349,1385,29,31,250.8765,0.0,AUTHENTIC_REGION,0,1,REAL,C:\Users\jay\New folder (2)\Trustrace\data\document_patches\P8_0001144_X51005757201_MORPHOLOGY_NEG.png
P8_0001145_X51007339134_MORPHOLOGY_NEG,C00135667_X51007339134,X51007339134,group_0001,train,MORPHOLOGY,43,837,56,850,13,13,250.8757,0.0,AUTHENTIC_REGION,0,1,REAL,C:\Users\jay\New folder (2)\Trustrace\data\document_patches\P8_0001145_X51007339134_MORPHOLOGY_NEG.png
P8_0001146_X51006334742_MORPHOLOGY_NEG,C00068564_X51006334742,X51006334742,group_0394,train,MORPHOLOGY,288,1320,305,1340,17,20,250.8735,0.0,AUTHENTIC_REGION,0,1,REAL,C:\Users\jay\New folder (2)\Trustrace\data\document_patches\P8_0001146_X51006334742_MORPHOLOGY_NEG.png
P8_0001147_X51006008095_MORPHOLOGY_NEG,C00063345_X51006008095,X51006008095,group_0023,train,MORPHOLOGY,516,369,541,393,25,24,250.8717,0.0,AUTHENTIC_REGION,0,1,REAL,C:\Users\jay\New folder (2)\Trustrace\data\document_patches\P8_0001147_X51006008095_MORPHOLOGY_NEG.png
P8_0001148_X51006387931_MORPHOLOGY_NEG,C00072091_X51006387931,X51006387931,group_0418,train,MORPHOLOGY,470,594,483,610,13,16,250.8702,0.0,AUTHENTIC_REGION,0,1,REAL,C:\Users\jay\New folder (2)\Trustrace\data\document_patches\P8_0001148_X51006387931_MORPHOLOGY_NEG.png
P8_0001149_X51005268400_MORPHOLOGY_NEG,C00003867_X51005268400,X51005268400,group_0054,train,MORPHOLOGY,248,415,261,428,13,13,250.8698,0.0,AUTHENTIC_REGION,0,1,REAL,C:\Users\jay\New folder (2)\Trustrace\data\document_patches\P8_0001149_X51005268400_MORPHOLOGY_NEG.png
P8_0001150_X51005742068_MORPHOLOGY_NEG,C00049685_X51005742068,X51005742068,group_0293,train,MORPHOLOGY,173,197,187,210,14,13,250.8681,0.0,AUTHENTIC_REGION,0,1,REAL,C:\Users\jay\New folder (2)\Trustrace\data\document_patches\P8_0001150_X51005742068_MORPHOLOGY_NEG.png
P8_0001151_X51005705759_MORPHOLOGY_NEG,C00036643_X51005705759,X51005705759,group_0217,train,MORPHOLOGY,561,2507,576,2526,15,19,250.8632,0.0,AUTHENTIC_REGION,0,1,REAL,C:\Users\jay\New folder (2)\Trustrace\data\document_patches\P8_0001151_X51005705759_MORPHOLOGY_NEG.png
P8_0001152_X51005757286_MORPHOLOGY_NEG,C00054932_X51005757286,X51005757286,group_0324,train,MORPHOLOGY,312,819,341,840,29,21,250.8604,0.0,AUTHENTIC_REGION,0,1,REAL,C:\Users\jay\New folder (2)\Trustrace\data\document_patches\P8_0001152_X51005757286_MORPHOLOGY_NEG.png
P8_0001153_X51005806698_MORPHOLOGY_NEG,C00059543_X51005806698,X51005806698,group_0350,train,MORPHOLOGY,234,695,263,708,29,13,250.8594,0.0,AUTHENTIC_REGION,0,1,REAL,C:\Users\jay\New folder (2)\Trustrace\data\document_patches\P8_0001153_X51005806698_MORPHOLOGY_NEG.png
P8_0001154_X51005806678_MORPHOLOGY_NEG,C00058407_X51005806678,X51005806678,group_0344,train,MORPHOLOGY,562,2388,579,2404,17,16,250.8529,0.0,AUTHENTIC_REGION,0,1,REAL,C:\Users\jay\New folder (2)\Trustrace\data\document_patches\P8_0001154_X51005806678_MORPHOLOGY_NEG.png
P8_0001155_X51005675095_MORPHOLOGY_NEG,C00029773_X51005675095,X51005675095,group_0182,train,MORPHOLOGY,361,239,374,252,13,13,250.8521,0.0,AUTHENTIC_REGION,0,1,REAL,C:\Users\jay\New folder (2)\Trustrace\data\document_patches\P8_0001155_X51005675095_MORPHOLOGY_NEG.png
P8_0001156_X51005712017_MORPHOLOGY_NEG,C00040316_X51005712017,X51005712017,group_0239,train,MORPHOLOGY,110,311,131,327,21,16,250.8512,0.0,AUTHENTIC_REGION,0,1,REAL,C:\Users\jay\New folder (2)\Trustrace\data\document_patches\P8_0001156_X51005712017_MORPHOLOGY_NEG.png
P8_0001157_X51005757201_MORPHOLOGY_NEG,C00053772_X51005757201,X51005757201,group_0316,train,MORPHOLOGY,122,1001,135,1014,13,13,250.8462,0.0,AUTHENTIC_REGION,0,1,REAL,C:\Users\jay\New folder (2)\Trustrace\data\document_patches\P8_0001157_X51005757201_MORPHOLOGY_NEG.png
P8_0001158_X51006008057_MORPHOLOGY_NEG,C00060924_X51006008057,X51006008057,group_0358,train,MORPHOLOGY,449,1621,480,1634,31,13,250.8437,0.0,AUTHENTIC_REGION,0,1,REAL,C:\Users\jay\New folder (2)\Trustrace\data\document_patches\P8_0001158_X51006008057_MORPHOLOGY_NEG.png
P8_0001159_X51006008081_MORPHOLOGY_NEG,C00061409_X51006008081,X51006008081,group_0361,train,MORPHOLOGY,167,869,208,887,41,18,250.8428,0.0,AUTHENTIC_REGION,0,1,REAL,C:\Users\jay\New folder (2)\Trustrace\data\document_patches\P8_0001159_X51006008081_MORPHOLOGY_NEG.png
P8_0001160_X51005705784_MORPHOLOGY_NEG,C00037129_X51005705784,X51005705784,group_0219,train,MORPHOLOGY,132,1854,143,1862,11,8,250.8409,0.0,AUTHENTIC_REGION,0,1,REAL,C:\Users\jay\New folder (2)\Trustrace\data\document_patches\P8_0001160_X51005705784_MORPHOLOGY_NEG.png
P8_0001161_X51005757292_MORPHOLOGY_NEG,C00055278_X51005757292,X51005757292,group_0326,train,MORPHOLOGY,339,979,352,992,13,13,250.8402,0.0,AUTHENTIC_REGION,0,1,REAL,C:\Users\jay\New folder (2)\Trustrace\data\document_patches\P8_0001161_X51005757292_MORPHOLOGY_NEG.png
P8_0001162_X51005268262_MORPHOLOGY_NEG,C00003449_X51005268262,X51005268262,group_0009,train,MORPHOLOGY,165,175,176,188,11,13,250.8392,0.0,AUTHENTIC_REGION,0,1,REAL,C:\Users\jay\New folder (2)\Trustrace\data\document_patches\P8_0001162_X51005268262_MORPHOLOGY_NEG.png
P8_0001163_X51005301659_MORPHOLOGY_NEG,C00004458_X51005301659,X51005301659,group_0009,train,MORPHOLOGY,165,175,176,188,11,13,250.8392,0.0,AUTHENTIC_REGION,0,1,REAL,C:\Users\jay\New folder (2)\Trustrace\data\document_patches\P8_0001163_X51005301659_MORPHOLOGY_NEG.png
P8_0001164_X51007103681_MORPHOLOGY_NEG,C00124317_X51007103681,X51007103681,group_0708,train,MORPHOLOGY,729,1158,812,1166,83,8,250.8373,0.0,AUTHENTIC_REGION,0,1,REAL,C:\Users\jay\New folder (2)\Trustrace\data\document_patches\P8_0001164_X51007103681_MORPHOLOGY_NEG.png
P8_0001165_X51005719895_MORPHOLOGY_NEG,C00044506_X51005719895,X51005719895,group_0265,train,MORPHOLOGY,515,2365,529,2378,14,13,250.8352,0.0,AUTHENTIC_REGION,0,1,REAL,C:\Users\jay\New folder (2)\Trustrace\data\document_patches\P8_0001165_X51005719895_MORPHOLOGY_NEG.png
P8_0001166_X51005301667_MORPHOLOGY_NEG,C00005235_X51005301667,X51005301667,group_0058,train,MORPHOLOGY,360,2022,386,2044,26,22,250.8339,0.0,AUTHENTIC_REGION,0,1,REAL,C:\Users\jay\New folder (2)\Trustrace\data\document_patches\P8_0001166_X51005301667_MORPHOLOGY_NEG.png
P8_0001167_X51008123604_MORPHOLOGY_NEG,C00159682_X51008123604,X51008123604,group_0883,train,MORPHOLOGY,51,1122,66,1139,15,17,250.8314,0.0,AUTHENTIC_REGION,0,1,REAL,C:\Users\jay\New folder (2)\Trustrace\data\document_patches\P8_0001167_X51008123604_MORPHOLOGY_NEG.png
P8_0001168_X51005757201_MORPHOLOGY_NEG,C00053773_X51005757201,X51005757201,group_0316,train,MORPHOLOGY,376,401,418,430,42,29,250.83,0.0,AUTHENTIC_REGION,0,1,REAL,C:\Users\jay\New folder (2)\Trustrace\data\document_patches\P8_0001168_X51005757201_MORPHOLOGY_NEG.png
P8_0001169_X51005757282_MORPHOLOGY_NEG,C00054808_X51005757282,X51005757282,group_0323,train,MORPHOLOGY,250,966,269,979,19,13,250.83,0.0,AUTHENTIC_REGION,0,1,REAL,C:\Users\jay\New folder (2)\Trustrace\data\document_patches\P8_0001169_X51005757282_MORPHOLOGY_NEG.png
P8_0001170_X51005757292_MORPHOLOGY_NEG,C00055279_X51005757292,X51005757292,group_0326,train,MORPHOLOGY,582,835,595,848,13,13,250.8284,0.0,AUTHENTIC_REGION,0,1,REAL,C:\Users\jay\New folder (2)\Trustrace\data\document_patches\P8_0001170_X51005757292_MORPHOLOGY_NEG.png
P8_0001171_X51006557173_MORPHOLOGY_NEG,C00101618_X51006557173,X51006557173,group_0571,train,MORPHOLOGY,451,858,464,871,13,13,250.8284,0.0,AUTHENTIC_REGION,0,1,REAL,C:\Users\jay\New folder (2)\Trustrace\data\document_patches\P8_0001171_X51006557173_MORPHOLOGY_NEG.png
P8_0001172_X51008123604_MORPHOLOGY_NEG,C00159683_X51008123604,X51008123604,group_0883,train,MORPHOLOGY,190,406,203,427,13,21,250.8278,0.0,AUTHENTIC_REGION,0,1,REAL,C:\Users\jay\New folder (2)\Trustrace\data\document_patches\P8_0001172_X51008123604_MORPHOLOGY_NEG.png
P8_0001173_X51006008093_MORPHOLOGY_NEG,C00063190_X51006008093,X51006008093,group_0368,train,MORPHOLOGY,410,312,427,327,17,15,250.8275,0.0,AUTHENTIC_REGION,0,1,REAL,C:\Users\jay\New folder (2)\Trustrace\data\document_patches\P8_0001173_X51006008093_MORPHOLOGY_NEG.png
P8_0001174_X51006557196_MORPHOLOGY_NEG,C00103926_X51006557196,X51006557196,group_0581,train,MORPHOLOGY,99,318,113,333,14,15,250.8238,0.0,AUTHENTIC_REGION,0,1,REAL,C:\Users\jay\New folder (2)\Trustrace\data\document_patches\P8_0001174_X51006557196_MORPHOLOGY_NEG.png
P8_0001175_X51006557164_MORPHOLOGY_NEG,C00100724_X51006557164,X51006557164,group_0567,train,MORPHOLOGY,346,722,359,735,13,13,250.8225,0.0,AUTHENTIC_REGION,0,1,REAL,C:\Users\jay\New folder (2)\Trustrace\data\document_patches\P8_0001175_X51006557164_MORPHOLOGY_NEG.png
P8_0001176_X51005763958_MORPHOLOGY_NEG,C00057325_X51005763958,X51005763958,group_0338,train,MORPHOLOGY,440,27,450,36,10,9,250.8222,0.0,AUTHENTIC_REGION,0,1,REAL,C:\Users\jay\New folder (2)\Trustrace\data\document_patches\P8_0001176_X51005763958_MORPHOLOGY_NEG.png
P8_0001177_X51006387813_MORPHOLOGY_NEG,C00071707_X51006387813,X51006387813,group_0415,train,MORPHOLOGY,382,1904,455,1938,73,34,250.8215,0.0,AUTHENTIC_REGION,0,1,REAL,C:\Users\jay\New folder (2)\Trustrace\data\document_patches\P8_0001177_X51006387813_MORPHOLOGY_NEG.png
P8_0001178_X51005268200_MORPHOLOGY_NEG,C00003269_X51005268200,X51005268200,group_0053,train,MORPHOLOGY,147,1737,160,1748,13,11,250.8182,0.0,AUTHENTIC_REGION,0,1,REAL,C:\Users\jay\New folder (2)\Trustrace\data\document_patches\P8_0001178_X51005268200_MORPHOLOGY_NEG.png
P8_0001179_X51008063849_MORPHOLOGY_NEG,C00153123_X51008063849,X51008063849,group_0845,train,MORPHOLOGY,234,464,247,477,13,13,250.8166,0.0,AUTHENTIC_REGION,0,1,REAL,C:\Users\jay\New folder (2)\Trustrace\data\document_patches\P8_0001179_X51008063849_MORPHOLOGY_NEG.png
P8_0001180_X51005705727_MORPHOLOGY_NEG,C00036202_X51005705727,X51005705727,group_0215,train,MORPHOLOGY,0,745,17,760,17,15,250.8157,0.0,AUTHENTIC_REGION,0,1,REAL,C:\Users\jay\New folder (2)\Trustrace\data\document_patches\P8_0001180_X51005705727_MORPHOLOGY_NEG.png
P8_0001181_X51005705760_MORPHOLOGY_NEG,C00036936_X51005705760,X51005705760,group_0218,train,MORPHOLOGY,219,900,252,935,33,35,250.8156,0.0,AUTHENTIC_REGION,0,1,REAL,C:\Users\jay\New folder (2)\Trustrace\data\document_patches\P8_0001181_X51005705760_MORPHOLOGY_NEG.png
P8_0001182_X51006008082_MORPHOLOGY_NEG,C00061638_X51006008082,X51006008082,group_0362,train,MORPHOLOGY,595,548,667,576,72,28,250.8155,0.0,AUTHENTIC_REGION,0,1,REAL,C:\Users\jay\New folder (2)\Trustrace\data\document_patches\P8_0001182_X51006008082_MORPHOLOGY_NEG.png
P8_0001183_X51005705784_MORPHOLOGY_NEG,C00037130_X51005705784,X51005705784,group_0219,train,MORPHOLOGY,686,948,699,1012,13,64,250.8137,0.0,AUTHENTIC_REGION,0,1,REAL,C:\Users\jay\New folder (2)\Trustrace\data\document_patches\P8_0001183_X51005705784_MORPHOLOGY_NEG.png
P8_0001184_X51005568887_MORPHOLOGY_NEG,C00021066_X51005568887,X51005568887,group_0135,train,MORPHOLOGY,605,841,618,855,13,14,250.8132,0.0,AUTHENTIC_REGION,0,1,REAL,C:\Users\jay\New folder (2)\Trustrace\data\document_patches\P8_0001184_X51005568887_MORPHOLOGY_NEG.png
P8_0001185_X51008063849_MORPHOLOGY_NEG,C00153124_X51008063849,X51008063849,group_0845,train,MORPHOLOGY,539,971,553,985,14,14,250.8112,0.0,AUTHENTIC_REGION,0,1,REAL,C:\Users\jay\New folder (2)\Trustrace\data\document_patches\P8_0001185_X51008063849_MORPHOLOGY_NEG.png
P8_0001186_X51007228448_MORPHOLOGY_NEG,C00126586_X51007228448,X51007228448,group_0719,train,MORPHOLOGY,202,161,221,179,19,18,250.8099,0.0,AUTHENTIC_REGION,0,1,REAL,C:\Users\jay\New folder (2)\Trustrace\data\document_patches\P8_0001186_X51007228448_MORPHOLOGY_NEG.png
P8_0001187_X51005757292_MORPHOLOGY_NEG,C00055280_X51005757292,X51005757292,group_0326,train,MORPHOLOGY,17,592,61,617,44,25,250.8082,0.0,AUTHENTIC_REGION,0,1,REAL,C:\Users\jay\New folder (2)\Trustrace\data\document_patches\P8_0001187_X51005757292_MORPHOLOGY_NEG.png
P8_0001188_X51006008095_MORPHOLOGY_NEG,C00063346_X51006008095,X51006008095,group_0023,train,MORPHOLOGY,590,823,617,842,27,19,250.807,0.0,AUTHENTIC_REGION,0,1,REAL,C:\Users\jay\New folder (2)\Trustrace\data\document_patches\P8_0001188_X51006008095_MORPHOLOGY_NEG.png
P8_0001189_X51005742068_MORPHOLOGY_NEG,C00049686_X51005742068,X51005742068,group_0293,train,MORPHOLOGY,274,194,289,207,15,13,250.8,0.0,AUTHENTIC_REGION,0,1,REAL,C:\Users\jay\New folder (2)\Trustrace\data\document_patches\P8_0001189_X51005742068_MORPHOLOGY_NEG.png
P8_0001190_X51005757292_MORPHOLOGY_NEG,C00055281_X51005757292,X51005757292,group_0326,train,MORPHOLOGY,470,979,483,992,13,13,250.7988,0.0,AUTHENTIC_REGION,0,1,REAL,C:\Users\jay\New folder (2)\Trustrace\data\document_patches\P8_0001190_X51005757292_MORPHOLOGY_NEG.png
P8_0001191_X51005806678_MORPHOLOGY_NEG,C00058408_X51005806678,X51005806678,group_0344,train,MORPHOLOGY,352,2138,365,2151,13,13,250.7988,0.0,AUTHENTIC_REGION,0,1,REAL,C:\Users\jay\New folder (2)\Trustrace\data\document_patches\P8_0001191_X51005806678_MORPHOLOGY_NEG.png
P8_0001192_X51006008057_MORPHOLOGY_NEG,C00060925_X51006008057,X51006008057,group_0358,train,MORPHOLOGY,478,1676,491,1689,13,13,250.7988,0.0,AUTHENTIC_REGION,0,1,REAL,C:\Users\jay\New folder (2)\Trustrace\data\document_patches\P8_0001192_X51006008057_MORPHOLOGY_NEG.png
P8_0001193_X51006557161_MORPHOLOGY_NEG,C00100501_X51006557161,X51006557161,group_0566,train,MORPHOLOGY,485,838,498,851,13,13,250.7988,0.0,AUTHENTIC_REGION,0,1,REAL,C:\Users\jay\New folder (2)\Trustrace\data\document_patches\P8_0001193_X51006557161_MORPHOLOGY_NEG.png
P8_0001194_X51005361912_MORPHOLOGY_NEG,C00007825_X51005361912,X51005361912,group_0071,train,MORPHOLOGY,250,1899,269,1907,19,8,250.7961,0.0,AUTHENTIC_REGION,0,1,REAL,C:\Users\jay\New folder (2)\Trustrace\data\document_patches\P8_0001194_X51005361912_MORPHOLOGY_NEG.png
P8_0001195_X51007103578_MORPHOLOGY_NEG,C00122668_X51007103578,X51007103578,group_0698,train,MORPHOLOGY,83,346,96,364,13,18,250.7949,0.0,AUTHENTIC_REGION,0,1,REAL,C:\Users\jay\New folder (2)\Trustrace\data\document_patches\P8_0001195_X51007103578_MORPHOLOGY_NEG.png
P8_0001196_X51005757201_MORPHOLOGY_NEG,C00053774_X51005757201,X51005757201,group_0316,train,MORPHOLOGY,261,111,290,146,29,35,250.7941,0.0,AUTHENTIC_REGION,0,1,REAL,C:\Users\jay\New folder (2)\Trustrace\data\document_patches\P8_0001196_X51005757201_MORPHOLOGY_NEG.png
P8_0001197_X51005806678_MORPHOLOGY_NEG,C00058409_X51005806678,X51005806678,group_0344,train,MORPHOLOGY,482,1768,497,1779,15,11,250.7939,0.0,AUTHENTIC_REGION,0,1,REAL,C:\Users\jay\New folder (2)\Trustrace\data\document_patches\P8_0001197_X51005806678_MORPHOLOGY_NEG.png
P8_0001198_X51006882603_MORPHOLOGY_NEG,C00118029_X51006882603,X51006882603,group_0678,train,MORPHOLOGY,358,975,392,988,34,13,250.7851,0.0,AUTHENTIC_REGION,0,1,REAL,C:\Users\jay\New folder (2)\Trustrace\data\document_patches\P8_0001198_X51006882603_MORPHOLOGY_NEG.png
P8_0001199_X51006008057_MORPHOLOGY_NEG,C00060926_X51006008057,X51006008057,group_0358,train,MORPHOLOGY,310,880,375,903,65,23,250.7786,0.0,AUTHENTIC_REGION,0,1,REAL,C:\Users\jay\New folder (2)\Trustrace\data\document_patches\P8_0001199_X51006008057_MORPHOLOGY_NEG.png
P8_0001200_X51006008093_MORPHOLOGY_NEG,C00063191_X51006008093,X51006008093,group_0368,train,MORPHOLOGY,63,1099,76,1119,13,20,250.7769,0.0,AUTHENTIC_REGION,0,1,REAL,C:\Users\jay\New folder (2)\Trustrace\data\document_patches\P8_0001200_X51006008093_MORPHOLOGY_NEG.png
P8_0001201_X51005757233_MORPHOLOGY_NEG,C00054045_X51005757233,X51005757233,group_0318,train,MORPHOLOGY,47,960,62,980,15,20,250.7767,0.0,AUTHENTIC_REGION,0,1,REAL,C:\Users\jay\New folder (2)\Trustrace\data\document_patches\P8_0001201_X51005757233_MORPHOLOGY_NEG.png
P8_0001202_X51006311758_MORPHOLOGY_NEG,C00064436_X51006311758,X51006311758,group_0375,train,MORPHOLOGY,183,1773,196,1786,13,13,250.7751,0.0,AUTHENTIC_REGION,0,1,REAL,C:\Users\jay\New folder (2)\Trustrace\data\document_patches\P8_0001202_X51006311758_MORPHOLOGY_NEG.png
P8_0001203_X51006557196_MORPHOLOGY_NEG,C00103927_X51006557196,X51006557196,group_0581,train,MORPHOLOGY,311,808,324,821,13,13,250.7751,0.0,AUTHENTIC_REGION,0,1,REAL,C:\Users\jay\New folder (2)\Trustrace\data\document_patches\P8_0001203_X51006557196_MORPHOLOGY_NEG.png
P8_0001204_X00016469671_MORPHOLOGY_NEG,C00001017_X00016469671,X00016469671,group_0040,train,MORPHOLOGY,61,732,74,745,13,13,250.7692,0.0,AUTHENTIC_REGION,0,1,REAL,C:\Users\jay\New folder (2)\Trustrace\data\document_patches\P8_0001204_X00016469671_MORPHOLOGY_NEG.png
P8_0001205_X51005705759_MORPHOLOGY_NEG,C00036644_X51005705759,X51005705759,group_0217,train,MORPHOLOGY,670,2502,684,2528,14,26,250.7665,0.0,AUTHENTIC_REGION,0,1,REAL,C:\Users\jay\New folder (2)\Trustrace\data\document_patches\P8_0001205_X51005705759_MORPHOLOGY_NEG.png
P8_0001206_X51005705759_MORPHOLOGY_NEG,C00036645_X51005705759,X51005705759,group_0217,train,MORPHOLOGY,653,2323,709,2352,56,29,250.7642,0.0,AUTHENTIC_REGION,0,1,REAL,C:\Users\jay\New folder (2)\Trustrace\data\document_patches\P8_0001206_X51005705759_MORPHOLOGY_NEG.png
P8_0001207_X51006388082_MORPHOLOGY_NEG,C00073698_X51006388082,X51006388082,group_0432,train,MORPHOLOGY,110,1029,123,1037,13,8,250.7596,0.0,AUTHENTIC_REGION,0,1,REAL,C:\Users\jay\New folder (2)\Trustrace\data\document_patches\P8_0001207_X51006388082_MORPHOLOGY_NEG.png
P8_0001208_X51006008057_MORPHOLOGY_NEG,C00060927_X51006008057,X51006008057,group_0358,train,MORPHOLOGY,87,1640,100,1653,13,13,250.7574,0.0,AUTHENTIC_REGION,0,1,REAL,C:\Users\jay\New folder (2)\Trustrace\data\document_patches\P8_0001208_X51006008057_MORPHOLOGY_NEG.png
P8_0001209_X51006556824_MORPHOLOGY_NEG,C00096410_X51006556824,X51006556824,group_0547,train,MORPHOLOGY,354,285,367,298,13,13,250.7574,0.0,AUTHENTIC_REGION,0,1,REAL,C:\Users\jay\New folder (2)\Trustrace\data\document_patches\P8_0001209_X51006556824_MORPHOLOGY_NEG.png
P8_0001210_X51006008095_MORPHOLOGY_NEG,C00063347_X51006008095,X51006008095,group_0023,train,MORPHOLOGY,543,552,596,578,53,26,250.7569,0.0,AUTHENTIC_REGION,0,1,REAL,C:\Users\jay\New folder (2)\Trustrace\data\document_patches\P8_0001210_X51006008095_MORPHOLOGY_NEG.png
P8_0001211_X51006557164_MORPHOLOGY_NEG,C00100725_X51006557164,X51006557164,group_0567,train,MORPHOLOGY,529,1054,542,1067,13,13,250.7515,0.0,AUTHENTIC_REGION,0,1,REAL,C:\Users\jay\New folder (2)\Trustrace\data\document_patches\P8_0001211_X51006557164_MORPHOLOGY_NEG.png
P8_0001212_X51005705759_MORPHOLOGY_NEG,C00036646_X51005705759,X51005705759,group_0217,train,MORPHOLOGY,716,2462,732,2476,16,14,250.75,0.0,AUTHENTIC_REGION,0,1,REAL,C:\Users\jay\New folder (2)\Trustrace\data\document_patches\P8_0001212_X51005705759_MORPHOLOGY_NEG.png
P8_0001213_X51005806678_MORPHOLOGY_NEG,C00058410_X51005806678,X51005806678,group_0344,train,MORPHOLOGY,441,1768,454,1779,13,11,250.7483,0.0,AUTHENTIC_REGION,0,1,REAL,C:\Users\jay\New folder (2)\Trustrace\data\document_patches\P8_0001213_X51005806678_MORPHOLOGY_NEG.png
P8_0001214_X51006557199_MORPHOLOGY_NEG,C00104423_X51006557199,X51006557199,group_0583,train,MORPHOLOGY,356,315,369,328,13,13,250.7456,0.0,AUTHENTIC_REGION,0,1,REAL,C:\Users\jay\New folder (2)\Trustrace\data\document_patches\P8_0001214_X51006557199_MORPHOLOGY_NEG.png
P8_0001215_X51005587261_MORPHOLOGY_NEG,C00023993_X51005587261,X51005587261,group_0150,train,MORPHOLOGY,643,764,653,795,10,31,250.7452,0.0,AUTHENTIC_REGION,0,1,REAL,C:\Users\jay\New folder (2)\Trustrace\data\document_patches\P8_0001215_X51005587261_MORPHOLOGY_NEG.png
P8_0001216_X51005577191_MORPHOLOGY_NEG,C00023362_X51005577191,X51005577191,group_0018,train,MORPHOLOGY,185,305,219,318,34,13,250.7443,0.0,AUTHENTIC_REGION,0,1,REAL,C:\Users\jay\New folder (2)\Trustrace\data\document_patches\P8_0001216_X51005577191_MORPHOLOGY_NEG.png
P8_0001217_X51005705804_MORPHOLOGY_NEG,C00037295_X51005705804,X51005705804,group_0220,train,MORPHOLOGY,380,743,393,756,13,13,250.7396,0.0,AUTHENTIC_REGION,0,1,REAL,C:\Users\jay\New folder (2)\Trustrace\data\document_patches\P8_0001217_X51005705804_MORPHOLOGY_NEG.png
P8_0001218_X51006882603_MORPHOLOGY_NEG,C00118030_X51006882603,X51006882603,group_0678,train,MORPHOLOGY,224,1378,237,1391,13,13,250.7396,0.0,AUTHENTIC_REGION,0,1,REAL,C:\Users\jay\New folder (2)\Trustrace\data\document_patches\P8_0001218_X51006882603_MORPHOLOGY_NEG.png
P8_0001219_X51005568827_MORPHOLOGY_NEG,C00019496_X51005568827,X51005568827,group_0128,train,MORPHOLOGY,119,1970,160,2011,41,41,250.7383,0.0,AUTHENTIC_REGION,0,1,REAL,C:\Users\jay\New folder (2)\Trustrace\data\document_patches\P8_0001219_X51005568827_MORPHOLOGY_NEG.png
P8_0001220_X51005268262_MORPHOLOGY_NEG,C00003450_X51005268262,X51005268262,group_0009,train,MORPHOLOGY,188,1020,222,1040,34,20,250.7353,0.0,AUTHENTIC_REGION,0,1,REAL,C:\Users\jay\New folder (2)\Trustrace\data\document_patches\P8_0001220_X51005268262_MORPHOLOGY_NEG.png
P8_0001221_X51005301659_MORPHOLOGY_NEG,C00004459_X51005301659,X51005301659,group_0009,train,MORPHOLOGY,188,1020,222,1040,34,20,250.7353,0.0,AUTHENTIC_REGION,0,1,REAL,C:\Users\jay\New folder (2)\Trustrace\data\document_patches\P8_0001221_X51005301659_MORPHOLOGY_NEG.png
P8_0001222_X51005757292_MORPHOLOGY_NEG,C00055282_X51005757292,X51005757292,group_0326,train,MORPHOLOGY,117,1064,210,1094,93,30,250.7348,0.0,AUTHENTIC_REGION,0,1,REAL,C:\Users\jay\New folder (2)\Trustrace\data\document_patches\P8_0001222_X51005757292_MORPHOLOGY_NEG.png
P8_0001223_X51006714065_MORPHOLOGY_NEG,C00115303_X51006714065,X51006714065,group_0659,train,MORPHOLOGY,511,799,526,820,15,21,250.7333,0.0,AUTHENTIC_REGION,0,1,REAL,C:\Users\jay\New folder (2)\Trustrace\data\document_patches\P8_0001223_X51006714065_MORPHOLOGY_NEG.png
P8_0001224_X51005757233_MORPHOLOGY_NEG,C00054046_X51005757233,X51005757233,group_0318,train,MORPHOLOGY,289,325,316,347,27,22,250.7323,0.0,AUTHENTIC_REGION,0,1,REAL,C:\Users\jay\New folder (2)\Trustrace\data\document_patches\P8_0001224_X51005757233_MORPHOLOGY_NEG.png
P8_0001225_X51006556738_MORPHOLOGY_NEG,C00093933_X51006556738,X51006556738,group_0536,train,MORPHOLOGY,475,473,495,487,20,14,250.7321,0.0,AUTHENTIC_REGION,0,1,REAL,C:\Users\jay\New folder (2)\Trustrace\data\document_patches\P8_0001225_X51006556738_MORPHOLOGY_NEG.png
P8_0001226_X51005715007_MORPHOLOGY_NEG,C00041126_X51005715007,X51005715007,group_0244,train,MORPHOLOGY,64,654,81,680,17,26,250.7308,0.0,AUTHENTIC_REGION,0,1,REAL,C:\Users\jay\New folder (2)\Trustrace\data\document_patches\P8_0001226_X51005715007_MORPHOLOGY_NEG.png
P8_0001227_X51006387812_MORPHOLOGY_NEG,C00071500_X51006387812,X51006387812,group_0414,train,MORPHOLOGY,392,1394,445,1403,53,9,250.7296,0.0,AUTHENTIC_REGION,0,1,REAL,C:\Users\jay\New folder (2)\Trustrace\data\document_patches\P8_0001227_X51006387812_MORPHOLOGY_NEG.png
P8_0001228_X51005577191_MORPHOLOGY_NEG,C00023363_X51005577191,X51005577191,group_0018,train,MORPHOLOGY,333,1279,361,1287,28,8,250.7277,0.0,AUTHENTIC_REGION,0,1,REAL,C:\Users\jay\New folder (2)\Trustrace\data\document_patches\P8_0001228_X51005577191_MORPHOLOGY_NEG.png
P8_0001229_X51005577191_MORPHOLOGY_NEG,C00023364_X51005577191,X51005577191,group_0018,train,MORPHOLOGY,446,366,515,379,69,13,250.7246,0.0,AUTHENTIC_REGION,0,1,REAL,C:\Users\jay\New folder (2)\Trustrace\data\document_patches\P8_0001229_X51005577191_MORPHOLOGY_NEG.png
P8_0001230_X51006327960_MORPHOLOGY_NEG,C00065399_X51006327960,X51006327960,group_0382,train,MORPHOLOGY,607,643,621,651,14,8,250.7232,0.0,AUTHENTIC_REGION,0,1,REAL,C:\Users\jay\New folder (2)\Trustrace\data\document_patches\P8_0001230_X51006327960_MORPHOLOGY_NEG.png
P8_0001231_X51007339162_MORPHOLOGY_NEG,C00138531_X51007339162,X51007339162,group_0001,train,MORPHOLOGY,71,1308,89,1327,18,19,250.7193,0.0,AUTHENTIC_REGION,0,1,REAL,C:\Users\jay\New folder (2)\Trustrace\data\document_patches\P8_0001231_X51007339162_MORPHOLOGY_NEG.png
P8_0001232_X51006555784_MORPHOLOGY_NEG,C00088238_X51006555784,X51006555784,group_0510,train,MORPHOLOGY,32,980,45,993,13,13,250.716,0.0,AUTHENTIC_REGION,0,1,REAL,C:\Users\jay\New folder (2)\Trustrace\data\document_patches\P8_0001232_X51006555784_MORPHOLOGY_NEG.png
P8_0001233_X51005587261_MORPHOLOGY_NEG,C00023994_X51005587261,X51005587261,group_0150,train,MORPHOLOGY,643,864,655,875,12,11,250.7121,0.0,AUTHENTIC_REGION,0,1,REAL,C:\Users\jay\New folder (2)\Trustrace\data\document_patches\P8_0001233_X51005587261_MORPHOLOGY_NEG.png
P8_0001234_X51005712021_MORPHOLOGY_NEG,C00040488_X51005712021,X51005712021,group_0240,train,MORPHOLOGY,182,724,195,737,13,13,250.7101,0.0,AUTHENTIC_REGION,0,1,REAL,C:\Users\jay\New folder (2)\Trustrace\data\document_patches\P8_0001234_X51005712021_MORPHOLOGY_NEG.png
P8_0001235_X51005806678_MORPHOLOGY_NEG,C00058411_X51005806678,X51005806678,group_0344,train,MORPHOLOGY,602,1796,615,1809,13,13,250.7101,0.0,AUTHENTIC_REGION,0,1,REAL,C:\Users\jay\New folder (2)\Trustrace\data\document_patches\P8_0001235_X51005806678_MORPHOLOGY_NEG.png
P8_0001236_X51005806678_MORPHOLOGY_NEG,C00058412_X51005806678,X51005806678,group_0344,train,MORPHOLOGY,500,2246,513,2259,13,13,250.7101,0.0,AUTHENTIC_REGION,0,1,REAL,C:\Users\jay\New folder (2)\Trustrace\data\document_patches\P8_0001236_X51005806678_MORPHOLOGY_NEG.png
P8_0001237_X51006388089_MORPHOLOGY_NEG,C00073811_X51006388089,X51006388089,group_0433,train,MORPHOLOGY,440,343,464,356,24,13,250.7083,0.0,AUTHENTIC_REGION,0,1,REAL,C:\Users\jay\New folder (2)\Trustrace\data\document_patches\P8_0001237_X51006388089_MORPHOLOGY_NEG.png
P8_0001238_X51006557188_MORPHOLOGY_NEG,C00102964_X51006557188,X51006557188,group_0577,train,MORPHOLOGY,73,1192,164,1200,91,8,250.706,0.0,AUTHENTIC_REGION,0,1,REAL,C:\Users\jay\New folder (2)\Trustrace\data\document_patches\P8_0001238_X51006557188_MORPHOLOGY_NEG.png
P8_0001239_X51005757201_MORPHOLOGY_NEG,C00053775_X51005757201,X51005757201,group_0316,train,MORPHOLOGY,149,654,164,668,15,14,250.7048,0.0,AUTHENTIC_REGION,0,1,REAL,C:\Users\jay\New folder (2)\Trustrace\data\document_patches\P8_0001239_X51005757201_MORPHOLOGY_NEG.png
P8_0001240_X51005268262_MORPHOLOGY_NEG,C00003451_X51005268262,X51005268262,group_0009,train,MORPHOLOGY,65,431,86,456,21,25,250.701,0.0,AUTHENTIC_REGION,0,1,REAL,C:\Users\jay\New folder (2)\Trustrace\data\document_patches\P8_0001240_X51005268262_MORPHOLOGY_NEG.png
P8_0001241_X51005301659_MORPHOLOGY_NEG,C00004460_X51005301659,X51005301659,group_0009,train,MORPHOLOGY,65,431,86,456,21,25,250.701,0.0,AUTHENTIC_REGION,0,1,REAL,C:\Users\jay\New folder (2)\Trustrace\data\document_patches\P8_0001241_X51005301659_MORPHOLOGY_NEG.png
P8_0001242_X51005361912_MORPHOLOGY_NEG,C00007826_X51005361912,X51005361912,group_0071,train,MORPHOLOGY,580,538,592,548,12,10,250.7,0.0,AUTHENTIC_REGION,0,1,REAL,C:\Users\jay\New folder (2)\Trustrace\data\document_patches\P8_0001242_X51005361912_MORPHOLOGY_NEG.png
P8_0001243_X51005806696_MORPHOLOGY_NEG,C00059371_X51005806696,X51005806696,group_0349,train,MORPHOLOGY,466,1066,481,1076,15,10,250.7,0.0,AUTHENTIC_REGION,0,1,REAL,C:\Users\jay\New folder (2)\Trustrace\data\document_patches\P8_0001243_X51005806696_MORPHOLOGY_NEG.png
P8_0001244_X51005806698_MORPHOLOGY_NEG,C00059544_X51005806698,X51005806698,group_0350,train,MORPHOLOGY,589,484,607,506,18,22,250.6995,0.0,AUTHENTIC_REGION,0,1,REAL,C:\Users\jay\New folder (2)\Trustrace\data\document_patches\P8_0001244_X51005806698_MORPHOLOGY_NEG.png
P8_0001245_X51005268262_MORPHOLOGY_NEG,C00003452_X51005268262,X51005268262,group_0009,train,MORPHOLOGY,280,52,347,80,67,28,250.6983,0.0,AUTHENTIC_REGION,0,1,REAL,C:\Users\jay\New folder (2)\Trustrace\data\document_patches\P8_0001245_X51005268262_MORPHOLOGY_NEG.png
P8_0001246_X51005301659_MORPHOLOGY_NEG,C00004461_X51005301659,X51005301659,group_0009,train,MORPHOLOGY,280,52,347,80,67,28,250.6983,0.0,AUTHENTIC_REGION,0,1,REAL,C:\Users\jay\New folder (2)\Trustrace\data\document_patches\P8_0001246_X51005301659_MORPHOLOGY_NEG.png
P8_0001247_X51005757233_MORPHOLOGY_NEG,C00054047_X51005757233,X51005757233,group_0318,train,MORPHOLOGY,140,936,153,949,13,13,250.6982,0.0,AUTHENTIC_REGION,0,1,REAL,C:\Users\jay\New folder (2)\Trustrace\data\document_patches\P8_0001247_X51005757233_MORPHOLOGY_NEG.png
P8_0001248_X51005361895_MORPHOLOGY_NEG,C00006518_X51005361895,X51005361895,group_0064,train,MORPHOLOGY,835,1545,848,1560,13,15,250.6974,0.0,AUTHENTIC_REGION,0,1,REAL,C:\Users\jay\New folder (2)\Trustrace\data\document_patches\P8_0001248_X51005361895_MORPHOLOGY_NEG.png
P8_0001249_X51007103675_MORPHOLOGY_NEG,C00124179_X51007103675,X51007103675,group_0707,train,MORPHOLOGY,19,709,68,738,49,29,250.6967,0.0,AUTHENTIC_REGION,0,1,REAL,C:\Users\jay\New folder (2)\Trustrace\data\document_patches\P8_0001249_X51007103675_MORPHOLOGY_NEG.png
P8_0001250_X51007228448_MORPHOLOGY_NEG,C00126587_X51007228448,X51007228448,group_0719,train,MORPHOLOGY,56,747,81,765,25,18,250.6933,0.0,AUTHENTIC_REGION,0,1,REAL,C:\Users\jay\New folder (2)\Trustrace\data\document_patches\P8_0001250_X51007228448_MORPHOLOGY_NEG.png
P8_0001251_X51005361895_MORPHOLOGY_NEG,C00006519_X51005361895,X51005361895,group_0064,train,MORPHOLOGY,123,915,136,923,13,8,250.6923,0.0,AUTHENTIC_REGION,0,1,REAL,C:\Users\jay\New folder (2)\Trustrace\data\document_patches\P8_0001251_X51005361895_MORPHOLOGY_NEG.png
P8_0001252_X51006008093_MORPHOLOGY_NEG,C00063192_X51006008093,X51006008093,group_0368,train,MORPHOLOGY,466,389,480,403,14,14,250.6888,0.0,AUTHENTIC_REGION,0,1,REAL,C:\Users\jay\New folder (2)\Trustrace\data\document_patches\P8_0001252_X51006008093_MORPHOLOGY_NEG.png
P8_0001253_X51005705759_MORPHOLOGY_NEG,C00036647_X51005705759,X51005705759,group_0217,train,MORPHOLOGY,532,2456,557,2477,25,21,250.6876,0.0,AUTHENTIC_REGION,0,1,REAL,C:\Users\jay\New folder (2)\Trustrace\data\document_patches\P8_0001253_X51005705759_MORPHOLOGY_NEG.png
P8_0001254_X51006557164_MORPHOLOGY_NEG,C00100726_X51006557164,X51006557164,group_0567,train,MORPHOLOGY,384,1100,397,1114,13,14,250.6868,0.0,AUTHENTIC_REGION,0,1,REAL,C:\Users\jay\New folder (2)\Trustrace\data\document_patches\P8_0001254_X51006557164_MORPHOLOGY_NEG.png
P8_0001255_X51006557173_MORPHOLOGY_NEG,C00101619_X51006557173,X51006557173,group_0571,train,MORPHOLOGY,461,884,474,897,13,13,250.6864,0.0,AUTHENTIC_REGION,0,1,REAL,C:\Users\jay\New folder (2)\Trustrace\data\document_patches\P8_0001255_X51006557173_MORPHOLOGY_NEG.png
P8_0001256_X51006008095_MORPHOLOGY_NEG,C00063348_X51006008095,X51006008095,group_0023,train,MORPHOLOGY,582,504,609,531,27,27,250.6859,0.0,AUTHENTIC_REGION,0,1,REAL,C:\Users\jay\New folder (2)\Trustrace\data\document_patches\P8_0001256_X51006008095_MORPHOLOGY_NEG.png
P8_0001257_X51006008083_MORPHOLOGY_NEG,C00061820_X51006008083,X51006008083,group_0363,train,MORPHOLOGY,591,743,602,761,11,18,250.6768,0.0,AUTHENTIC_REGION,0,1,REAL,C:\Users\jay\New folder (2)\Trustrace\data\document_patches\P8_0001257_X51006008083_MORPHOLOGY_NEG.png
P8_0001258_X51005705759_MORPHOLOGY_NEG,C00036648_X51005705759,X51005705759,group_0217,train,MORPHOLOGY,544,2004,576,2035,32,31,250.6694,0.0,AUTHENTIC_REGION,0,1,REAL,C:\Users\jay\New folder (2)\Trustrace\data\document_patches\P8_0001258_X51005705759_MORPHOLOGY_NEG.png
P8_0001259_X51006008092_MORPHOLOGY_NEG,C00062987_X51006008092,X51006008092,group_0367,train,MORPHOLOGY,415,1886,428,1900,13,14,250.6648,0.0,AUTHENTIC_REGION,0,1,REAL,C:\Users\jay\New folder (2)\Trustrace\data\document_patches\P8_0001259_X51006008092_MORPHOLOGY_NEG.png
P8_0001260_X51005712021_MORPHOLOGY_NEG,C00040489_X51005712021,X51005712021,group_0240,train,MORPHOLOGY,490,725,503,741,13,16,250.6587,0.0,AUTHENTIC_REGION,0,1,REAL,C:\Users\jay\New folder (2)\Trustrace\data\document_patches\P8_0001260_X51005712021_MORPHOLOGY_NEG.png
P8_0001261_X51006557196_MORPHOLOGY_NEG,C00103928_X51006557196,X51006557196,group_0581,train,MORPHOLOGY,452,826,465,839,13,13,250.6568,0.0,AUTHENTIC_REGION,0,1,REAL,C:\Users\jay\New folder (2)\Trustrace\data\document_patches\P8_0001261_X51006557196_MORPHOLOGY_NEG.png
P8_0001262_X51007103675_MORPHOLOGY_NEG,C00124180_X51007103675,X51007103675,group_0707,train,MORPHOLOGY,585,688,598,701,13,13,250.6568,0.0,AUTHENTIC_REGION,0,1,REAL,C:\Users\jay\New folder (2)\Trustrace\data\document_patches\P8_0001262_X51007103675_MORPHOLOGY_NEG.png
P8_0001263_X51005577192_MORPHOLOGY_NEG,C00023455_X51005577192,X51005577192,group_0018,train,MORPHOLOGY,287,452,300,464,13,12,250.6538,0.0,AUTHENTIC_REGION,0,1,REAL,C:\Users\jay\New folder (2)\Trustrace\data\document_patches\P8_0001263_X51005577192_MORPHOLOGY_NEG.png
P8_0001264_X51006008092_MORPHOLOGY_NEG,C00062988_X51006008092,X51006008092,group_0367,train,MORPHOLOGY,420,662,430,680,10,18,250.65,0.0,AUTHENTIC_REGION,0,1,REAL,C:\Users\jay\New folder (2)\Trustrace\data\document_patches\P8_0001264_X51006008092_MORPHOLOGY_NEG.png
P8_0001265_X51005806678_MORPHOLOGY_NEG,C00058413_X51005806678,X51005806678,group_0344,train,MORPHOLOGY,345,2378,372,2396,27,18,250.644,0.0,AUTHENTIC_REGION,0,1,REAL,C:\Users\jay\New folder (2)\Trustrace\data\document_patches\P8_0001265_X51005806678_MORPHOLOGY_NEG.png
P8_0001266_X51005268400_MORPHOLOGY_NEG,C00003868_X51005268400,X51005268400,group_0054,train,MORPHOLOGY,559,443,590,470,31,27,250.6404,0.0,AUTHENTIC_REGION,0,1,REAL,C:\Users\jay\New folder (2)\Trustrace\data\document_patches\P8_0001266_X51005268400_MORPHOLOGY_NEG.png
P8_0001267_X51005806716_MORPHOLOGY_NEG,C00060033_X51005806716,X51005806716,group_0353,train,MORPHOLOGY,443,963,491,995,48,32,250.6361,0.0,AUTHENTIC_REGION,0,1,REAL,C:\Users\jay\New folder (2)\Trustrace\data\document_patches\P8_0001267_X51005806716_MORPHOLOGY_NEG.png
P8_0001268_X51006335314_MORPHOLOGY_NEG,C00069523_X51006335314,X51006335314,group_0400,train,MORPHOLOGY,471,593,486,611,15,18,250.6333,0.0,AUTHENTIC_REGION,0,1,REAL,C:\Users\jay\New folder (2)\Trustrace\data\document_patches\P8_0001268_X51006335314_MORPHOLOGY_NEG.png
P8_0001269_X51005268400_MORPHOLOGY_NEG,C00003869_X51005268400,X51005268400,group_0054,train,MORPHOLOGY,421,440,449,468,28,28,250.6288,0.0,AUTHENTIC_REGION,0,1,REAL,C:\Users\jay\New folder (2)\Trustrace\data\document_patches\P8_0001269_X51005268400_MORPHOLOGY_NEG.png
P8_0001270_X51005806678_MORPHOLOGY_NEG,C00058414_X51005806678,X51005806678,group_0344,train,MORPHOLOGY,436,1635,464,1668,28,33,250.6288,0.0,AUTHENTIC_REGION,0,1,REAL,C:\Users\jay\New folder (2)\Trustrace\data\document_patches\P8_0001270_X51005806678_MORPHOLOGY_NEG.png
P8_0001271_X00016469672_MORPHOLOGY_NEG,C00001243_X00016469672,X00016469672,group_0041,train,MORPHOLOGY,266,755,279,768,13,13,250.6272,0.0,AUTHENTIC_REGION,0,1,REAL,C:\Users\jay\New folder (2)\Trustrace\data\document_patches\P8_0001271_X00016469672_MORPHOLOGY_NEG.png
P8_0001272_X51005757292_MORPHOLOGY_NEG,C00055283_X51005757292,X51005757292,group_0326,train,MORPHOLOGY,222,357,310,385,88,28,250.6242,0.0,AUTHENTIC_REGION,0,1,REAL,C:\Users\jay\New folder (2)\Trustrace\data\document_patches\P8_0001272_X51005757292_MORPHOLOGY_NEG.png
P8_0001273_X51005268400_MORPHOLOGY_NEG,C00003870_X51005268400,X51005268400,group_0054,train,MORPHOLOGY,84,790,131,811,47,21,250.6241,0.0,AUTHENTIC_REGION,0,1,REAL,C:\Users\jay\New folder (2)\Trustrace\data\document_patches\P8_0001273_X51005268400_MORPHOLOGY_NEG.png
P8_0001274_X51005757201_MORPHOLOGY_NEG,C00053776_X51005757201,X51005757201,group_0316,train,MORPHOLOGY,313,238,334,267,21,29,250.6207,0.0,AUTHENTIC_REGION,0,1,REAL,C:\Users\jay\New folder (2)\Trustrace\data\document_patches\P8_0001274_X51005757201_MORPHOLOGY_NEG.png
P8_0001275_X51005705760_MORPHOLOGY_NEG,C00036937_X51005705760,X51005705760,group_0218,train,MORPHOLOGY,112,1422,228,1452,116,30,250.6193,0.0,AUTHENTIC_REGION,0,1,REAL,C:\Users\jay\New folder (2)\Trustrace\data\document_patches\P8_0001275_X51005705760_MORPHOLOGY_NEG.png
P8_0001276_X51007339098_MORPHOLOGY_NEG,C00130563_X51007339098,X51007339098,group_0001,train,MORPHOLOGY,493,680,518,693,25,13,250.6185,0.0,AUTHENTIC_REGION,0,1,REAL,C:\Users\jay\New folder (2)\Trustrace\data\document_patches\P8_0001276_X51007339098_MORPHOLOGY_NEG.png
P8_0001277_X51006008092_MORPHOLOGY_NEG,C00062989_X51006008092,X51006008092,group_0367,train,MORPHOLOGY,79,1451,92,1464,13,13,250.6154,0.0,AUTHENTIC_REGION,0,1,REAL,C:\Users\jay\New folder (2)\Trustrace\data\document_patches\P8_0001277_X51006008092_MORPHOLOGY_NEG.png
P8_0001278_X51006388066_MORPHOLOGY_NEG,C00073283_X51006388066,X51006388066,group_0428,train,MORPHOLOGY,712,313,725,326,13,13,250.6095,0.0,AUTHENTIC_REGION,0,1,REAL,C:\Users\jay\New folder (2)\Trustrace\data\document_patches\P8_0001278_X51006388066_MORPHOLOGY_NEG.png
P8_0001279_X51006556650_MORPHOLOGY_NEG,C00091473_X51006556650,X51006556650,group_0525,train,MORPHOLOGY,239,926,252,939,13,13,250.6095,0.0,AUTHENTIC_REGION,0,1,REAL,C:\Users\jay\New folder (2)\Trustrace\data\document_patches\P8_0001279_X51006556650_MORPHOLOGY_NEG.png
P8_0001280_X51006556723_MORPHOLOGY_NEG,C00092593_X51006556723,X51006556723,group_0530,train,MORPHOLOGY,249,382,262,395,13,13,250.6095,0.0,AUTHENTIC_REGION,0,1,REAL,C:\Users\jay\New folder (2)\Trustrace\data\document_patches\P8_0001280_X51006556723_MORPHOLOGY_NEG.png
P8_0001281_X51005757233_MORPHOLOGY_NEG,C00054048_X51005757233,X51005757233,group_0318,train,MORPHOLOGY,223,1254,258,1268,35,14,250.6082,0.0,AUTHENTIC_REGION,0,1,REAL,C:\Users\jay\New folder (2)\Trustrace\data\document_patches\P8_0001281_X51005757233_MORPHOLOGY_NEG.png
P8_0001282_X51005361895_MORPHOLOGY_NEG,C00006520_X51005361895,X51005361895,group_0064,train,MORPHOLOGY,572,856,617,891,45,35,250.6076,0.0,AUTHENTIC_REGION,0,1,REAL,C:\Users\jay\New folder (2)\Trustrace\data\document_patches\P8_0001282_X51005361895_MORPHOLOGY_NEG.png
P8_0001283_X51005757233_MORPHOLOGY_NEG,C00054049_X51005757233,X51005757233,group_0318,train,MORPHOLOGY,366,1414,379,1427,13,13,250.6036,0.0,AUTHENTIC_REGION,0,1,REAL,C:\Users\jay\New folder (2)\Trustrace\data\document_patches\P8_0001283_X51005757233_MORPHOLOGY_NEG.png
P8_0001284_X51005301667_MORPHOLOGY_NEG,C00005236_X51005301667,X51005301667,group_0058,train,MORPHOLOGY,283,1957,331,1981,48,24,250.6016,0.0,AUTHENTIC_REGION,0,1,REAL,C:\Users\jay\New folder (2)\Trustrace\data\document_patches\P8_0001284_X51005301667_MORPHOLOGY_NEG.png
P8_0001285_X51005663277_MORPHOLOGY_NEG,C00026889_X51005663277,X51005663277,group_0166,train,MORPHOLOGY,237,499,262,529,25,30,250.6013,0.0,AUTHENTIC_REGION,0,1,REAL,C:\Users\jay\New folder (2)\Trustrace\data\document_patches\P8_0001285_X51005663277_MORPHOLOGY_NEG.png
P8_0001286_X51005705784_MORPHOLOGY_NEG,C00037131_X51005705784,X51005705784,group_0219,train,MORPHOLOGY,688,1458,699,1486,11,28,250.6006,0.0,AUTHENTIC_REGION,0,1,REAL,C:\Users\jay\New folder (2)\Trustrace\data\document_patches\P8_0001286_X51005705784_MORPHOLOGY_NEG.png
P8_0001287_X51006555784_MORPHOLOGY_NEG,C00088239_X51006555784,X51006555784,group_0510,train,MORPHOLOGY,432,1004,445,1017,13,13,250.5976,0.0,AUTHENTIC_REGION,0,1,REAL,C:\Users\jay\New folder (2)\Trustrace\data\document_patches\P8_0001287_X51006555784_MORPHOLOGY_NEG.png
P8_0001288_X51006349083_MORPHOLOGY_NEG,C00070301_X51006349083,X51006349083,group_0405,train,MORPHOLOGY,33,490,49,509,16,19,250.5954,0.0,AUTHENTIC_REGION,0,1,REAL,C:\Users\jay\New folder (2)\Trustrace\data\document_patches\P8_0001288_X51006349083_MORPHOLOGY_NEG.png
P8_0001289_X51005268200_MORPHOLOGY_NEG,C00003270_X51005268200,X51005268200,group_0053,train,MORPHOLOGY,283,1770,296,1783,13,13,250.5917,0.0,AUTHENTIC_REGION,0,1,REAL,C:\Users\jay\New folder (2)\Trustrace\data\document_patches\P8_0001289_X51005268200_MORPHOLOGY_NEG.png
P8_0001290_X51005361907_MORPHOLOGY_NEG,C00007494_X51005361907,X51005361907,group_0069,train,MORPHOLOGY,970,41,983,54,13,13,250.5917,0.0,AUTHENTIC_REGION,0,1,REAL,C:\Users\jay\New folder (2)\Trustrace\data\document_patches\P8_0001290_X51005361907_MORPHOLOGY_NEG.png
P8_0001291_X51006557199_MORPHOLOGY_NEG,C00104424_X51006557199,X51006557199,group_0583,train,MORPHOLOGY,248,270,261,283,13,13,250.5917,0.0,AUTHENTIC_REGION,0,1,REAL,C:\Users\jay\New folder (2)\Trustrace\data\document_patches\P8_0001291_X51006557199_MORPHOLOGY_NEG.png
P8_0001292_X51007103675_MORPHOLOGY_NEG,C00124181_X51007103675,X51007103675,group_0707,train,MORPHOLOGY,614,827,628,842,14,15,250.5857,0.0,AUTHENTIC_REGION,0,1,REAL,C:\Users\jay\New folder (2)\Trustrace\data\document_patches\P8_0001292_X51007103675_MORPHOLOGY_NEG.png
P8_0001293_X51005361908_MORPHOLOGY_NEG,C00007694_X51005361908,X51005361908,group_0070,train,MORPHOLOGY,1390,1997,1402,2006,12,9,250.5833,0.0,AUTHENTIC_REGION,0,1,REAL,C:\Users\jay\New folder (2)\Trustrace\data\document_patches\P8_0001293_X51005361908_MORPHOLOGY_NEG.png
P8_0001294_X51006714065_MORPHOLOGY_NEG,C00115304_X51006714065,X51006714065,group_0659,train,MORPHOLOGY,510,901,523,912,13,11,250.5804,0.0,AUTHENTIC_REGION,0,1,REAL,C:\Users\jay\New folder (2)\Trustrace\data\document_patches\P8_0001294_X51006714065_MORPHOLOGY_NEG.png
P8_0001295_X51008063849_MORPHOLOGY_NEG,C00153125_X51008063849,X51008063849,group_0845,train,MORPHOLOGY,210,745,223,758,13,13,250.5799,0.0,AUTHENTIC_REGION,0,1,REAL,C:\Users\jay\New folder (2)\Trustrace\data\document_patches\P8_0001295_X51008063849_MORPHOLOGY_NEG.png
P8_0001296_X51006008057_MORPHOLOGY_NEG,C00060928_X51006008057,X51006008057,group_0358,train,MORPHOLOGY,185,1359,214,1376,29,17,250.5781,0.0,AUTHENTIC_REGION,0,1,REAL,C:\Users\jay\New folder (2)\Trustrace\data\document_patches\P8_0001296_X51006008057_MORPHOLOGY_NEG.png
P8_0001297_X51005675095_MORPHOLOGY_NEG,C00029774_X51005675095,X51005675095,group_0182,train,MORPHOLOGY,624,993,643,1015,19,22,250.5766,0.0,AUTHENTIC_REGION,0,1,REAL,C:\Users\jay\New folder (2)\Trustrace\data\document_patches\P8_0001297_X51005675095_MORPHOLOGY_NEG.png
P8_0001298_X51005757233_MORPHOLOGY_NEG,C00054050_X51005757233,X51005757233,group_0318,train,MORPHOLOGY,165,881,178,900,13,19,250.5749,0.0,AUTHENTIC_REGION,0,1,REAL,C:\Users\jay\New folder (2)\Trustrace\data\document_patches\P8_0001298_X51005757233_MORPHOLOGY_NEG.png
P8_0001299_X51006557196_MORPHOLOGY_NEG,C00103929_X51006557196,X51006557196,group_0581,train,MORPHOLOGY,357,749,383,762,26,13,250.574,0.0,AUTHENTIC_REGION,0,1,REAL,C:\Users\jay\New folder (2)\Trustrace\data\document_patches\P8_0001299_X51006557196_MORPHOLOGY_NEG.png
P8_0001300_X00016469672_MORPHOLOGY_NEG,C00001244_X00016469672,X00016469672,group_0041,train,MORPHOLOGY,145,387,190,406,45,19,250.5708,0.0,AUTHENTIC_REGION,0,1,REAL,C:\Users\jay\New folder (2)\Trustrace\data\document_patches\P8_0001300_X00016469672_MORPHOLOGY_NEG.png
P8_0001301_X51005757286_MORPHOLOGY_NEG,C00054933_X51005757286,X51005757286,group_0324,train,MORPHOLOGY,323,1000,341,1016,18,16,250.5694,0.0,AUTHENTIC_REGION,0,1,REAL,C:\Users\jay\New folder (2)\Trustrace\data\document_patches\P8_0001301_X51005757286_MORPHOLOGY_NEG.png
P8_0001302_X51005806678_MORPHOLOGY_NEG,C00058415_X51005806678,X51005806678,group_0344,train,MORPHOLOGY,267,2059,300,2091,33,32,250.5691,0.0,AUTHENTIC_REGION,0,1,REAL,C:\Users\jay\New folder (2)\Trustrace\data\document_patches\P8_0001302_X51005806678_MORPHOLOGY_NEG.png
P8_0001303_X51006557199_MORPHOLOGY_NEG,C00104425_X51006557199,X51006557199,group_0583,train,MORPHOLOGY,47,1113,60,1126,13,13,250.568,0.0,AUTHENTIC_REGION,0,1,REAL,C:\Users\jay\New folder (2)\Trustrace\data\document_patches\P8_0001303_X51006557199_MORPHOLOGY_NEG.png
P8_0001304_X51005705760_MORPHOLOGY_NEG,C00036938_X51005705760,X51005705760,group_0218,train,MORPHOLOGY,162,360,202,392,40,32,250.5609,0.0,AUTHENTIC_REGION,0,1,REAL,C:\Users\jay\New folder (2)\Trustrace\data\document_patches\P8_0001304_X51005705760_MORPHOLOGY_NEG.png
P8_0001305_X51005757292_MORPHOLOGY_NEG,C00055284_X51005757292,X51005757292,group_0326,train,MORPHOLOGY,138,424,175,452,37,28,250.5579,0.0,AUTHENTIC_REGION,0,1,REAL,C:\Users\jay\New folder (2)\Trustrace\data\document_patches\P8_0001305_X51005757292_MORPHOLOGY_NEG.png
P8_0001306_X51005705759_MORPHOLOGY_NEG,C00036649_X51005705759,X51005705759,group_0217,train,MORPHOLOGY,385,2462,399,2476,14,14,250.5561,0.0,AUTHENTIC_REGION,0,1,REAL,C:\Users\jay\New folder (2)\Trustrace\data\document_patches\P8_0001306_X51005705759_MORPHOLOGY_NEG.png
P8_0001307_X51005757201_MORPHOLOGY_NEG,C00053777_X51005757201,X51005757201,group_0316,train,MORPHOLOGY,107,1679,121,1692,14,13,250.5549,0.0,AUTHENTIC_REGION,0,1,REAL,C:\Users\jay\New folder (2)\Trustrace\data\document_patches\P8_0001307_X51005757201_MORPHOLOGY_NEG.png
P8_0001308_X51007262328_MORPHOLOGY_NEG,C00129622_X51007262328,X51007262328,group_0733,train,MORPHOLOGY,285,940,309,967,24,27,250.5509,0.0,AUTHENTIC_REGION,0,1,REAL,C:\Users\jay\New folder (2)\Trustrace\data\document_patches\P8_0001308_X51007262328_MORPHOLOGY_NEG.png
P8_0001309_X51005757201_MORPHOLOGY_NEG,C00053778_X51005757201,X51005757201,group_0316,train,MORPHOLOGY,611,1797,632,1820,21,23,250.5507,0.0,AUTHENTIC_REGION,0,1,REAL,C:\Users\jay\New folder (2)\Trustrace\data\document_patches\P8_0001309_X51005757201_MORPHOLOGY_NEG.png
P8_0001310_X51005745249_MORPHOLOGY_NEG,C00051093_X51005745249,X51005745249,group_0302,train,MORPHOLOGY,289,1292,312,1300,23,8,250.5435,0.0,AUTHENTIC_REGION,0,1,REAL,C:\Users\jay\New folder (2)\Trustrace\data\document_patches\P8_0001310_X51005745249_MORPHOLOGY_NEG.png
P8_0001311_X51005745249_MORPHOLOGY_NEG,C00051094_X51005745249,X51005745249,group_0302,train,MORPHOLOGY,46,914,63,929,17,15,250.5333,0.0,AUTHENTIC_REGION,0,1,REAL,C:\Users\jay\New folder (2)\Trustrace\data\document_patches\P8_0001311_X51005745249_MORPHOLOGY_NEG.png
P8_0001312_X51005757292_MORPHOLOGY_NEG,C00055285_X51005757292,X51005757292,group_0326,train,MORPHOLOGY,270,283,283,296,13,13,250.5325,0.0,AUTHENTIC_REGION,0,1,REAL,C:\Users\jay\New folder (2)\Trustrace\data\document_patches\P8_0001312_X51005757292_MORPHOLOGY_NEG.png
P8_0001313_X51005268200_MORPHOLOGY_NEG,C00003271_X51005268200,X51005268200,group_0053,train,MORPHOLOGY,140,709,153,720,13,11,250.5315,0.0,AUTHENTIC_REGION,0,1,REAL,C:\Users\jay\New folder (2)\Trustrace\data\document_patches\P8_0001313_X51005268200_MORPHOLOGY_NEG.png
P8_0001314_X51005268262_MORPHOLOGY_NEG,C00003453_X51005268262,X51005268262,group_0009,train,MORPHOLOGY,601,646,637,675,36,29,250.5307,0.0,AUTHENTIC_REGION,0,1,REAL,C:\Users\jay\New folder (2)\Trustrace\data\document_patches\P8_0001314_X51005268262_MORPHOLOGY_NEG.png
P8_0001315_X51005301659_MORPHOLOGY_NEG,C00004462_X51005301659,X51005301659,group_0009,train,MORPHOLOGY,601,646,637,675,36,29,250.5307,0.0,AUTHENTIC_REGION,0,1,REAL,C:\Users\jay\New folder (2)\Trustrace\data\document_patches\P8_0001315_X51005301659_MORPHOLOGY_NEG.png
P8_0001316_X51005361908_MORPHOLOGY_NEG,C00007695_X51005361908,X51005361908,group_0070,train,MORPHOLOGY,957,2188,974,2196,17,8,250.5294,0.0,AUTHENTIC_REGION,0,1,REAL,C:\Users\jay\New folder (2)\Trustrace\data\document_patches\P8_0001316_X51005361908_MORPHOLOGY_NEG.png
P8_0001317_X51005301661_MORPHOLOGY_NEG,C00004723_X51005301661,X51005301661,group_0011,train,MORPHOLOGY,105,1589,132,1636,27,47,250.5272,0.0,AUTHENTIC_REGION,0,1,REAL,C:\Users\jay\New folder (2)\Trustrace\data\document_patches\P8_0001317_X51005301661_MORPHOLOGY_NEG.png
P8_0001318_X51005303661_MORPHOLOGY_NEG,C00005511_X51005303661,X51005303661,group_0011,train,MORPHOLOGY,105,1589,132,1636,27,47,250.5272,0.0,AUTHENTIC_REGION,0,1,REAL,C:\Users\jay\New folder (2)\Trustrace\data\document_patches\P8_0001318_X51005303661_MORPHOLOGY_NEG.png
P8_0001319_X51005605284_MORPHOLOGY_NEG,C00024428_X51005605284,X51005605284,group_0152,train,MORPHOLOGY,117,936,133,965,16,29,250.5237,0.0,AUTHENTIC_REGION,0,1,REAL,C:\Users\jay\New folder (2)\Trustrace\data\document_patches\P8_0001319_X51005605284_MORPHOLOGY_NEG.png
P8_0001320_X51005757233_MORPHOLOGY_NEG,C00054051_X51005757233,X51005757233,group_0318,train,MORPHOLOGY,186,1042,199,1055,13,13,250.5207,0.0,AUTHENTIC_REGION,0,1,REAL,C:\Users\jay\New folder (2)\Trustrace\data\document_patches\P8_0001320_X51005757233_MORPHOLOGY_NEG.png
P8_0001321_X51006555784_MORPHOLOGY_NEG,C00088240_X51006555784,X51006555784,group_0510,train,MORPHOLOGY,485,539,498,552,13,13,250.5207,0.0,AUTHENTIC_REGION,0,1,REAL,C:\Users\jay\New folder (2)\Trustrace\data\document_patches\P8_0001321_X51006555784_MORPHOLOGY_NEG.png
P8_0001322_X51006401845_MORPHOLOGY_NEG,C00076171_X51006401845,X51006401845,group_0449,train,MORPHOLOGY,694,1143,704,1153,10,10,250.52,0.0,AUTHENTIC_REGION,0,1,REAL,C:\Users\jay\New folder (2)\Trustrace\data\document_patches\P8_0001322_X51006401845_MORPHOLOGY_NEG.png
P8_0001323_X51006008081_MORPHOLOGY_NEG,C00061410_X51006008081,X51006008081,group_0361,train,MORPHOLOGY,292,1058,345,1076,53,18,250.5168,0.0,AUTHENTIC_REGION,0,1,REAL,C:\Users\jay\New folder (2)\Trustrace\data\document_patches\P8_0001323_X51006008081_MORPHOLOGY_NEG.png
P8_0001324_X51005719895_MORPHOLOGY_NEG,C00044507_X51005719895,X51005719895,group_0265,train,MORPHOLOGY,617,1572,635,1586,18,14,250.5159,0.0,AUTHENTIC_REGION,0,1,REAL,C:\Users\jay\New folder (2)\Trustrace\data\document_patches\P8_0001324_X51005719895_MORPHOLOGY_NEG.png
P8_0001325_X51007103643_MORPHOLOGY_NEG,C00123670_X51007103643,X51007103643,group_0704,train,MORPHOLOGY,616,833,628,841,12,8,250.5104,0.0,AUTHENTIC_REGION,0,1,REAL,C:\Users\jay\New folder (2)\Trustrace\data\document_patches\P8_0001325_X51007103643_MORPHOLOGY_NEG.png
P8_0001326_X51006311758_MORPHOLOGY_NEG,C00064437_X51006311758,X51006311758,group_0375,train,MORPHOLOGY,127,1737,140,1750,13,13,250.5089,0.0,AUTHENTIC_REGION,0,1,REAL,C:\Users\jay\New folder (2)\Trustrace\data\document_patches\P8_0001326_X51006311758_MORPHOLOGY_NEG.png
P8_0001327_X51006008057_MORPHOLOGY_NEG,C00060929_X51006008057,X51006008057,group_0358,train,MORPHOLOGY,339,1182,374,1206,35,24,250.506,0.0,AUTHENTIC_REGION,0,1,REAL,C:\Users\jay\New folder (2)\Trustrace\data\document_patches\P8_0001327_X51006008057_MORPHOLOGY_NEG.png
P8_0001328_X51005663277_MORPHOLOGY_NEG,C00026890_X51005663277,X51005663277,group_0166,train,MORPHOLOGY,834,274,845,287,11,13,250.5035,0.0,AUTHENTIC_REGION,0,1,REAL,C:\Users\jay\New folder (2)\Trustrace\data\document_patches\P8_0001328_X51005663277_MORPHOLOGY_NEG.png
P8_0001329_X51006008057_MORPHOLOGY_NEG,C00060930_X51006008057,X51006008057,group_0358,train,MORPHOLOGY,606,1348,627,1362,21,14,250.5034,0.0,AUTHENTIC_REGION,0,1,REAL,C:\Users\jay\New folder (2)\Trustrace\data\document_patches\P8_0001329_X51006008057_MORPHOLOGY_NEG.png
P8_0001330_X51006008095_MORPHOLOGY_NEG,C00063349_X51006008095,X51006008095,group_0023,train,MORPHOLOGY,653,514,676,529,23,15,250.5014,0.0,AUTHENTIC_REGION,0,1,REAL,C:\Users\jay\New folder (2)\Trustrace\data\document_patches\P8_0001330_X51006008095_MORPHOLOGY_NEG.png
P8_0001331_X51005568827_MORPHOLOGY_NEG,C00019497_X51005568827,X51005568827,group_0128,train,MORPHOLOGY,377,970,430,1001,53,31,250.5003,0.0,AUTHENTIC_REGION,0,1,REAL,C:\Users\jay\New folder (2)\Trustrace\data\document_patches\P8_0001331_X51005568827_MORPHOLOGY_NEG.png
P8_0001332_X51005757233_MORPHOLOGY_NEG,C00054052_X51005757233,X51005757233,group_0318,train,MORPHOLOGY,357,1296,378,1313,21,17,250.4986,0.0,AUTHENTIC_REGION,0,1,REAL,C:\Users\jay\New folder (2)\Trustrace\data\document_patches\P8_0001332_X51005757233_MORPHOLOGY_NEG.png
P8_0001333_X51005663273_MORPHOLOGY_NEG,C00026428_X51005663273,X51005663273,group_0163,train,MORPHOLOGY,414,735,519,747,105,12,250.4929,0.0,AUTHENTIC_REGION,0,1,REAL,C:\Users\jay\New folder (2)\Trustrace\data\document_patches\P8_0001333_X51005663273_MORPHOLOGY_NEG.png
P8_0001334_X00016469672_MORPHOLOGY_NEG,C00001245_X00016469672,X00016469672,group_0041,train,MORPHOLOGY,164,329,185,353,21,24,250.4921,0.0,AUTHENTIC_REGION,0,1,REAL,C:\Users\jay\New folder (2)\Trustrace\data\document_patches\P8_0001334_X00016469672_MORPHOLOGY_NEG.png
P8_0001335_X51006008092_MORPHOLOGY_NEG,C00062990_X51006008092,X51006008092,group_0367,train,MORPHOLOGY,484,1885,498,1903,14,18,250.4921,0.0,AUTHENTIC_REGION,0,1,REAL,C:\Users\jay\New folder (2)\Trustrace\data\document_patches\P8_0001335_X51006008092_MORPHOLOGY_NEG.png
P8_0001336_X51005806718_MORPHOLOGY_NEG,C00060221_X51005806718,X51005806718,group_0354,train,MORPHOLOGY,268,886,293,916,25,30,250.492,0.0,AUTHENTIC_REGION,0,1,REAL,C:\Users\jay\New folder (2)\Trustrace\data\document_patches\P8_0001336_X51005806718_MORPHOLOGY_NEG.png
P8_0001337_X51005361912_MORPHOLOGY_NEG,C00007827_X51005361912,X51005361912,group_0071,train,MORPHOLOGY,489,560,502,573,13,13,250.4911,0.0,AUTHENTIC_REGION,0,1,REAL,C:\Users\jay\New folder (2)\Trustrace\data\document_patches\P8_0001337_X51005361912_MORPHOLOGY_NEG.png
P8_0001338_X51006556825_MORPHOLOGY_NEG,C00096644_X51006556825,X51006556825,group_0548,train,MORPHOLOGY,350,745,363,758,13,13,250.4911,0.0,AUTHENTIC_REGION,0,1,REAL,C:\Users\jay\New folder (2)\Trustrace\data\document_patches\P8_0001338_X51006556825_MORPHOLOGY_NEG.png
P8_0001339_X51008063849_MORPHOLOGY_NEG,C00153126_X51008063849,X51008063849,group_0845,train,MORPHOLOGY,270,410,283,423,13,13,250.4911,0.0,AUTHENTIC_REGION,0,1,REAL,C:\Users\jay\New folder (2)\Trustrace\data\document_patches\P8_0001339_X51008063849_MORPHOLOGY_NEG.png
P8_0001340_X51005705727_MORPHOLOGY_NEG,C00036203_X51005705727,X51005705727,group_0215,train,MORPHOLOGY,831,889,847,901,16,12,250.4896,0.0,AUTHENTIC_REGION,0,1,REAL,C:\Users\jay\New folder (2)\Trustrace\data\document_patches\P8_0001340_X51005705727_MORPHOLOGY_NEG.png
P8_0001341_X51006311780_MORPHOLOGY_NEG,C00065127_X51006311780,X51006311780,group_0380,train,MORPHOLOGY,668,1303,682,1330,14,27,250.4894,0.0,AUTHENTIC_REGION,0,1,REAL,C:\Users\jay\New folder (2)\Trustrace\data\document_patches\P8_0001341_X51006311780_MORPHOLOGY_NEG.png
P8_0001342_X51005757233_MORPHOLOGY_NEG,C00054053_X51005757233,X51005757233,group_0318,train,MORPHOLOGY,327,1456,341,1469,14,13,250.489,0.0,AUTHENTIC_REGION,0,1,REAL,C:\Users\jay\New folder (2)\Trustrace\data\document_patches\P8_0001342_X51005757233_MORPHOLOGY_NEG.png
P8_0001343_X51006556656_MORPHOLOGY_NEG,C00091924_X51006556656,X51006556656,group_0527,train,MORPHOLOGY,30,1143,43,1156,13,13,250.4852,0.0,AUTHENTIC_REGION,0,1,REAL,C:\Users\jay\New folder (2)\Trustrace\data\document_patches\P8_0001343_X51006556656_MORPHOLOGY_NEG.png
P8_0001344_X51006502535_MORPHOLOGY_NEG,C00087214_X51006502535,X51006502535,group_0502,train,MORPHOLOGY,48,1057,69,1082,21,25,250.48,0.0,AUTHENTIC_REGION,0,1,REAL,C:\Users\jay\New folder (2)\Trustrace\data\document_patches\P8_0001344_X51006502535_MORPHOLOGY_NEG.png
P8_0001345_X51007103681_MORPHOLOGY_NEG,C00124318_X51007103681,X51007103681,group_0708,train,MORPHOLOGY,686,755,697,768,11,13,250.4755,0.0,AUTHENTIC_REGION,0,1,REAL,C:\Users\jay\New folder (2)\Trustrace\data\document_patches\P8_0001345_X51007103681_MORPHOLOGY_NEG.png
P8_0001346_X51007103643_MORPHOLOGY_NEG,C00123671_X51007103643,X51007103643,group_0704,train,MORPHOLOGY,675,568,701,591,26,23,250.4749,0.0,AUTHENTIC_REGION,0,1,REAL,C:\Users\jay\New folder (2)\Trustrace\data\document_patches\P8_0001346_X51007103643_MORPHOLOGY_NEG.png
P8_0001347_X51006008093_MORPHOLOGY_NEG,C00063193_X51006008093,X51006008093,group_0368,train,MORPHOLOGY,363,362,382,375,19,13,250.4737,0.0,AUTHENTIC_REGION,0,1,REAL,C:\Users\jay\New folder (2)\Trustrace\data\document_patches\P8_0001347_X51006008093_MORPHOLOGY_NEG.png
P8_0001348_X51006334766_MORPHOLOGY_NEG,C00068725_X51006334766,X51006334766,group_0395,train,MORPHOLOGY,194,1192,213,1206,19,14,250.4699,0.0,AUTHENTIC_REGION,0,1,REAL,C:\Users\jay\New folder (2)\Trustrace\data\document_patches\P8_0001348_X51006334766_MORPHOLOGY_NEG.png
P8_0001349_X51005705727_MORPHOLOGY_NEG,C00036204_X51005705727,X51005705727,group_0215,train,MORPHOLOGY,0,1478,23,1510,23,32,250.4674,0.0,AUTHENTIC_REGION,0,1,REAL,C:\Users\jay\New folder (2)\Trustrace\data\document_patches\P8_0001349_X51005705727_MORPHOLOGY_NEG.png
P8_0001350_X51005705760_MORPHOLOGY_NEG,C00036939_X51005705760,X51005705760,group_0218,train,MORPHOLOGY,356,453,441,487,85,34,250.464,0.0,AUTHENTIC_REGION,0,1,REAL,C:\Users\jay\New folder (2)\Trustrace\data\document_patches\P8_0001350_X51005705760_MORPHOLOGY_NEG.png
P8_0001351_X51005746140_MORPHOLOGY_NEG,C00051590_X51005746140,X51005746140,group_0305,train,MORPHOLOGY,380,387,418,396,38,9,250.4591,0.0,AUTHENTIC_REGION,0,1,REAL,C:\Users\jay\New folder (2)\Trustrace\data\document_patches\P8_0001351_X51005746140_MORPHOLOGY_NEG.png
P8_0001352_X51006008057_MORPHOLOGY_NEG,C00060931_X51006008057,X51006008057,group_0358,train,MORPHOLOGY,154,833,245,859,91,26,250.4565,0.0,AUTHENTIC_REGION,0,1,REAL,C:\Users\jay\New folder (2)\Trustrace\data\document_patches\P8_0001352_X51006008057_MORPHOLOGY_NEG.png
P8_0001353_X51006557179_MORPHOLOGY_NEG,C00102060_X51006557179,X51006557179,group_0573,train,MORPHOLOGY,145,797,160,810,15,13,250.4564,0.0,AUTHENTIC_REGION,0,1,REAL,C:\Users\jay\New folder (2)\Trustrace\data\document_patches\P8_0001353_X51006557179_MORPHOLOGY_NEG.png
P8_0001354_X51005268200_MORPHOLOGY_NEG,C00003272_X51005268200,X51005268200,group_0053,train,MORPHOLOGY,155,862,168,873,13,11,250.4545,0.0,AUTHENTIC_REGION,0,1,REAL,C:\Users\jay\New folder (2)\Trustrace\data\document_patches\P8_0001354_X51005268200_MORPHOLOGY_NEG.png
P8_0001355_X51006008057_MORPHOLOGY_NEG,C00060932_X51006008057,X51006008057,group_0358,train,MORPHOLOGY,159,1287,202,1312,43,25,250.4521,0.0,AUTHENTIC_REGION,0,1,REAL,C:\Users\jay\New folder (2)\Trustrace\data\document_patches\P8_0001355_X51006008057_MORPHOLOGY_NEG.png
P8_0001356_X51006008095_MORPHOLOGY_NEG,C00063350_X51006008095,X51006008095,group_0023,train,MORPHOLOGY,397,874,410,887,13,13,250.4497,0.0,AUTHENTIC_REGION,0,1,REAL,C:\Users\jay\New folder (2)\Trustrace\data\document_patches\P8_0001356_X51006008095_MORPHOLOGY_NEG.png
P8_0001357_X51007262328_MORPHOLOGY_NEG,C00129623_X51007262328,X51007262328,group_0733,train,MORPHOLOGY,273,729,286,742,13,13,250.4497,0.0,AUTHENTIC_REGION,0,1,REAL,C:\Users\jay\New folder (2)\Trustrace\data\document_patches\P8_0001357_X51007262328_MORPHOLOGY_NEG.png
P8_0001358_X51005757346_MORPHOLOGY_NEG,C00056448_X51005757346,X51005757346,group_0333,train,MORPHOLOGY,124,1032,134,1058,10,26,250.4462,0.0,AUTHENTIC_REGION,0,1,REAL,C:\Users\jay\New folder (2)\Trustrace\data\document_patches\P8_0001358_X51005757346_MORPHOLOGY_NEG.png
P8_0001359_X51005757292_MORPHOLOGY_NEG,C00055286_X51005757292,X51005757292,group_0326,train,MORPHOLOGY,138,587,168,620,30,33,250.4424,0.0,AUTHENTIC_REGION,0,1,REAL,C:\Users\jay\New folder (2)\Trustrace\data\document_patches\P8_0001359_X51005757292_MORPHOLOGY_NEG.png
P8_0001360_X51006557196_MORPHOLOGY_NEG,C00103930_X51006557196,X51006557196,group_0581,train,MORPHOLOGY,400,1011,413,1031,13,20,250.4423,0.0,AUTHENTIC_REGION,0,1,REAL,C:\Users\jay\New folder (2)\Trustrace\data\document_patches\P8_0001360_X51006557196_MORPHOLOGY_NEG.png
P8_0001361_X51005712038_MORPHOLOGY_NEG,C00040681_X51005712038,X51005712038,group_0241,train,MORPHOLOGY,170,177,183,190,13,13,250.4379,0.0,AUTHENTIC_REGION,0,1,REAL,C:\Users\jay\New folder (2)\Trustrace\data\document_patches\P8_0001361_X51005712038_MORPHOLOGY_NEG.png
P8_0001362_X51005757286_MORPHOLOGY_NEG,C00054934_X51005757286,X51005757286,group_0324,train,MORPHOLOGY,577,955,590,968,13,13,250.4379,0.0,AUTHENTIC_REGION,0,1,REAL,C:\Users\jay\New folder (2)\Trustrace\data\document_patches\P8_0001362_X51005757286_MORPHOLOGY_NEG.png
P8_0001363_X51007339157_MORPHOLOGY_NEG,C00137494_X51007339157,X51007339157,group_0758,train,MORPHOLOGY,469,621,482,634,13,13,250.4379,0.0,AUTHENTIC_REGION,0,1,REAL,C:\Users\jay\New folder (2)\Trustrace\data\document_patches\P8_0001363_X51007339157_MORPHOLOGY_NEG.png
P8_0001364_X51006556824_MORPHOLOGY_NEG,C00096411_X51006556824,X51006556824,group_0547,train,MORPHOLOGY,74,1050,107,1066,33,16,250.4356,0.0,AUTHENTIC_REGION,0,1,REAL,C:\Users\jay\New folder (2)\Trustrace\data\document_patches\P8_0001364_X51006556824_MORPHOLOGY_NEG.png
P8_0001365_X51006008092_MORPHOLOGY_NEG,C00062991_X51006008092,X51006008092,group_0367,train,MORPHOLOGY,221,744,235,759,14,15,250.4333,0.0,AUTHENTIC_REGION,0,1,REAL,C:\Users\jay\New folder (2)\Trustrace\data\document_patches\P8_0001365_X51006008092_MORPHOLOGY_NEG.png
P8_0001366_X51005675095_MORPHOLOGY_NEG,C00029775_X51005675095,X51005675095,group_0182,train,MORPHOLOGY,269,301,282,314,13,13,250.426,0.0,AUTHENTIC_REGION,0,1,REAL,C:\Users\jay\New folder (2)\Trustrace\data\document_patches\P8_0001366_X51005675095_MORPHOLOGY_NEG.png
P8_0001367_X51005757292_MORPHOLOGY_NEG,C00055287_X51005757292,X51005757292,group_0326,train,MORPHOLOGY,588,797,608,821,20,24,250.425,0.0,AUTHENTIC_REGION,0,1,REAL,C:\Users\jay\New folder (2)\Trustrace\data\document_patches\P8_0001367_X51005757292_MORPHOLOGY_NEG.png
P8_0001368_X51006008057_MORPHOLOGY_NEG,C00060933_X51006008057,X51006008057,group_0358,train,MORPHOLOGY,83,1037,106,1050,23,13,250.4247,0.0,AUTHENTIC_REGION,0,1,REAL,C:\Users\jay\New folder (2)\Trustrace\data\document_patches\P8_0001368_X51006008057_MORPHOLOGY_NEG.png
P8_0001369_X51006008092_MORPHOLOGY_NEG,C00062992_X51006008092,X51006008092,group_0367,train,MORPHOLOGY,167,1456,180,1470,13,14,250.4231,0.0,AUTHENTIC_REGION,0,1,REAL,C:\Users\jay\New folder (2)\Trustrace\data\document_patches\P8_0001369_X51006008092_MORPHOLOGY_NEG.png
P8_0001370_X51005757286_MORPHOLOGY_NEG,C00054935_X51005757286,X51005757286,group_0324,train,MORPHOLOGY,649,693,681,709,32,16,250.4219,0.0,AUTHENTIC_REGION,0,1,REAL,C:\Users\jay\New folder (2)\Trustrace\data\document_patches\P8_0001370_X51005757286_MORPHOLOGY_NEG.png
P8_0001371_X51006882603_MORPHOLOGY_NEG,C00118031_X51006882603,X51006882603,group_0678,train,MORPHOLOGY,341,925,354,938,13,13,250.4201,0.0,AUTHENTIC_REGION,0,1,REAL,C:\Users\jay\New folder (2)\Trustrace\data\document_patches\P8_0001371_X51006882603_MORPHOLOGY_NEG.png
P8_0001372_X51005361912_MORPHOLOGY_NEG,C00007828_X51005361912,X51005361912,group_0071,train,MORPHOLOGY,250,1095,315,1103,65,8,250.4192,0.0,AUTHENTIC_REGION,0,1,REAL,C:\Users\jay\New folder (2)\Trustrace\data\document_patches\P8_0001372_X51005361912_MORPHOLOGY_NEG.png
P8_0001373_X51005361883_MORPHOLOGY_NEG,C00006360_X51005361883,X51005361883,group_0063,train,MORPHOLOGY,97,2012,135,2047,38,35,250.4158,0.0,AUTHENTIC_REGION,0,1,REAL,C:\Users\jay\New folder (2)\Trustrace\data\document_patches\P8_0001373_X51005361883_MORPHOLOGY_NEG.png
P8_0001374_X51005705759_MORPHOLOGY_NEG,C00036650_X51005705759,X51005705759,group_0217,train,MORPHOLOGY,815,2294,828,2307,13,13,250.4142,0.0,AUTHENTIC_REGION,0,1,REAL,C:\Users\jay\New folder (2)\Trustrace\data\document_patches\P8_0001374_X51005705759_MORPHOLOGY_NEG.png
P8_0001375_X51005715455_MORPHOLOGY_NEG,C00041502_X51005715455,X51005715455,group_0247,train,MORPHOLOGY,56,856,79,882,23,26,250.4097,0.0,AUTHENTIC_REGION,0,1,REAL,C:\Users\jay\New folder (2)\Trustrace\data\document_patches\P8_0001375_X51005715455_MORPHOLOGY_NEG.png
P8_0001376_X51005268400_MORPHOLOGY_NEG,C00003871_X51005268400,X51005268400,group_0054,train,MORPHOLOGY,515,905,537,932,22,27,250.4091,0.0,AUTHENTIC_REGION,0,1,REAL,C:\Users\jay\New folder (2)\Trustrace\data\document_patches\P8_0001376_X51005268400_MORPHOLOGY_NEG.png
P8_0001377_X51008063849_MORPHOLOGY_NEG,C00153127_X51008063849,X51008063849,group_0845,train,MORPHOLOGY,433,905,458,919,25,14,250.4086,0.0,AUTHENTIC_REGION,0,1,REAL,C:\Users\jay\New folder (2)\Trustrace\data\document_patches\P8_0001377_X51008063849_MORPHOLOGY_NEG.png
P8_0001378_X51005745213_MORPHOLOGY_NEG,C00050597_X51005745213,X51005745213,group_0299,train,MORPHOLOGY,607,796,632,807,25,11,250.4036,0.0,AUTHENTIC_REGION,0,1,REAL,C:\Users\jay\New folder (2)\Trustrace\data\document_patches\P8_0001378_X51005745213_MORPHOLOGY_NEG.png
P8_0001379_X00016469670_MORPHOLOGY_NEG,C00000863_X00016469670,X00016469670,group_0039,train,MORPHOLOGY,224,658,237,671,13,13,250.4024,0.0,AUTHENTIC_REGION,0,1,REAL,C:\Users\jay\New folder (2)\Trustrace\data\document_patches\P8_0001379_X00016469670_MORPHOLOGY_NEG.png
P8_0001380_X51006557199_MORPHOLOGY_NEG,C00104426_X51006557199,X51006557199,group_0583,train,MORPHOLOGY,317,279,330,292,13,13,250.4024,0.0,AUTHENTIC_REGION,0,1,REAL,C:\Users\jay\New folder (2)\Trustrace\data\document_patches\P8_0001380_X51006557199_MORPHOLOGY_NEG.png
P8_0001381_X51006882603_MORPHOLOGY_NEG,C00118032_X51006882603,X51006882603,group_0678,train,MORPHOLOGY,397,668,410,681,13,13,250.4024,0.0,AUTHENTIC_REGION,0,1,REAL,C:\Users\jay\New folder (2)\Trustrace\data\document_patches\P8_0001381_X51006882603_MORPHOLOGY_NEG.png
P8_0001382_X51006008197_MORPHOLOGY_NEG,C00063778_X51006008197,X51006008197,group_0371,train,MORPHOLOGY,450,215,460,228,10,13,250.4,0.0,AUTHENTIC_REGION,0,1,REAL,C:\Users\jay\New folder (2)\Trustrace\data\document_patches\P8_0001382_X51006008197_MORPHOLOGY_NEG.png
P8_0001383_X51006327953_MORPHOLOGY_NEG,C00065264_X51006327953,X51006327953,group_0381,train,MORPHOLOGY,79,914,96,942,17,28,250.3992,0.0,AUTHENTIC_REGION,0,1,REAL,C:\Users\jay\New folder (2)\Trustrace\data\document_patches\P8_0001383_X51006327953_MORPHOLOGY_NEG.png
P8_0001384_X51005757233_MORPHOLOGY_NEG,C00054054_X51005757233,X51005757233,group_0318,train,MORPHOLOGY,111,314,124,327,13,13,250.3964,0.0,AUTHENTIC_REGION,0,1,REAL,C:\Users\jay\New folder (2)\Trustrace\data\document_patches\P8_0001384_X51005757233_MORPHOLOGY_NEG.png
P8_0001385_X51005268262_MORPHOLOGY_NEG,C00003454_X51005268262,X51005268262,group_0009,train,MORPHOLOGY,538,1259,580,1287,42,28,250.3929,0.0,AUTHENTIC_REGION,0,1,REAL,C:\Users\jay\New folder (2)\Trustrace\data\document_patches\P8_0001385_X51005268262_MORPHOLOGY_NEG.png
P8_0001386_X51005301659_MORPHOLOGY_NEG,C00004463_X51005301659,X51005301659,group_0009,train,MORPHOLOGY,538,1259,580,1287,42,28,250.3929,0.0,AUTHENTIC_REGION,0,1,REAL,C:\Users\jay\New folder (2)\Trustrace\data\document_patches\P8_0001386_X51005301659_MORPHOLOGY_NEG.png
P8_0001387_X51006008095_MORPHOLOGY_NEG,C00063351_X51006008095,X51006008095,group_0023,train,MORPHOLOGY,142,309,164,322,22,13,250.3916,0.0,AUTHENTIC_REGION,0,1,REAL,C:\Users\jay\New folder (2)\Trustrace\data\document_patches\P8_0001387_X51006008095_MORPHOLOGY_NEG.png
P8_0001388_X51005577192_MORPHOLOGY_NEG,C00023456_X51005577192,X51005577192,group_0018,train,MORPHOLOGY,62,703,115,711,53,8,250.3915,0.0,AUTHENTIC_REGION,0,1,REAL,C:\Users\jay\New folder (2)\Trustrace\data\document_patches\P8_0001388_X51005577192_MORPHOLOGY_NEG.png
P8_0001389_X51007339098_MORPHOLOGY_NEG,C00130564_X51007339098,X51007339098,group_0001,train,MORPHOLOGY,512,1144,525,1157,13,13,250.3905,0.0,AUTHENTIC_REGION,0,1,REAL,C:\Users\jay\New folder (2)\Trustrace\data\document_patches\P8_0001389_X51007339098_MORPHOLOGY_NEG.png
P8_0001390_X51005757292_MORPHOLOGY_NEG,C00055288_X51005757292,X51005757292,group_0326,train,MORPHOLOGY,154,70,170,83,16,13,250.3894,0.0,AUTHENTIC_REGION,0,1,REAL,C:\Users\jay\New folder (2)\Trustrace\data\document_patches\P8_0001390_X51005757292_MORPHOLOGY_NEG.png
P8_0001391_X51007339114_MORPHOLOGY_NEG,C00132554_X51007339114,X51007339114,group_0001,train,MORPHOLOGY,53,1357,92,1384,39,27,250.3865,0.0,AUTHENTIC_REGION,0,1,REAL,C:\Users\jay\New folder (2)\Trustrace\data\document_patches\P8_0001391_X51007339114_MORPHOLOGY_NEG.png
P8_0001392_X51005568827_MORPHOLOGY_NEG,C00019498_X51005568827,X51005568827,group_0128,train,MORPHOLOGY,429,1459,442,1473,13,14,250.3846,0.0,AUTHENTIC_REGION,0,1,REAL,C:\Users\jay\New folder (2)\Trustrace\data\document_patches\P8_0001392_X51005568827_MORPHOLOGY_NEG.png
P8_0001393_X51006008093_MORPHOLOGY_NEG,C00063194_X51006008093,X51006008093,group_0368,train,MORPHOLOGY,465,348,480,365,15,17,250.3843,0.0,AUTHENTIC_REGION,0,1,REAL,C:\Users\jay\New folder (2)\Trustrace\data\document_patches\P8_0001393_X51006008093_MORPHOLOGY_NEG.png
P8_0001394_X51005268400_MORPHOLOGY_NEG,C00003872_X51005268400,X51005268400,group_0054,train,MORPHOLOGY,246,471,268,498,22,27,250.3822,0.0,AUTHENTIC_REGION,0,1,REAL,C:\Users\jay\New folder (2)\Trustrace\data\document_patches\P8_0001394_X51005268400_MORPHOLOGY_NEG.png
P8_0001395_X51005268200_MORPHOLOGY_NEG,C00003273_X51005268200,X51005268200,group_0053,train,MORPHOLOGY,585,1806,599,1821,14,15,250.3762,0.0,AUTHENTIC_REGION,0,1,REAL,C:\Users\jay\New folder (2)\Trustrace\data\document_patches\P8_0001395_X51005268200_MORPHOLOGY_NEG.png
P8_0001396_X51005663273_MORPHOLOGY_NEG,C00026429_X51005663273,X51005663273,group_0163,train,MORPHOLOGY,323,346,443,373,120,27,250.3691,0.0,AUTHENTIC_REGION,0,1,REAL,C:\Users\jay\New folder (2)\Trustrace\data\document_patches\P8_0001396_X51005663273_MORPHOLOGY_NEG.png
P8_0001397_X51006008095_MORPHOLOGY_NEG,C00063352_X51006008095,X51006008095,group_0023,train,MORPHOLOGY,560,657,614,679,54,22,250.367,0.0,AUTHENTIC_REGION,0,1,REAL,C:\Users\jay\New folder (2)\Trustrace\data\document_patches\P8_0001397_X51006008095_MORPHOLOGY_NEG.png
P8_0001398_X51006556723_MORPHOLOGY_NEG,C00092594_X51006556723,X51006556723,group_0530,train,MORPHOLOGY,291,382,304,395,13,13,250.3669,0.0,AUTHENTIC_REGION,0,1,REAL,C:\Users\jay\New folder (2)\Trustrace\data\document_patches\P8_0001398_X51006556723_MORPHOLOGY_NEG.png
P8_0001399_X51005806720_MORPHOLOGY_NEG,C00060540_X51005806720,X51005806720,group_0356,train,MORPHOLOGY,557,714,572,726,15,12,250.3667,0.0,AUTHENTIC_REGION,0,1,REAL,C:\Users\jay\New folder (2)\Trustrace\data\document_patches\P8_0001399_X51005806720_MORPHOLOGY_NEG.png
P8_0001400_X51006556738_MORPHOLOGY_NEG,C00093934_X51006556738,X51006556738,group_0536,train,MORPHOLOGY,546,669,559,683,13,14,250.3571,0.0,AUTHENTIC_REGION,0,1,REAL,C:\Users\jay\New folder (2)\Trustrace\data\document_patches\P8_0001400_X51006556738_MORPHOLOGY_NEG.png
P8_0001401_X51005806718_MORPHOLOGY_NEG,C00060222_X51005806718,X51005806718,group_0354,train,MORPHOLOGY,131,879,155,897,24,18,250.3565,0.0,AUTHENTIC_REGION,0,1,REAL,C:\Users\jay\New folder (2)\Trustrace\data\document_patches\P8_0001401_X51005806718_MORPHOLOGY_NEG.png
P8_0001402_X51005301667_MORPHOLOGY_NEG,C00005237_X51005301667,X51005301667,group_0058,train,MORPHOLOGY,119,1959,223,1977,104,18,250.344,0.0,AUTHENTIC_REGION,0,1,REAL,C:\Users\jay\New folder (2)\Trustrace\data\document_patches\P8_0001402_X51005301667_MORPHOLOGY_NEG.png
P8_0001403_X51005605287_MORPHOLOGY_NEG,C00024911_X51005605287,X51005605287,group_0155,train,MORPHOLOGY,314,139,327,152,13,13,250.3432,0.0,AUTHENTIC_REGION,0,1,REAL,C:\Users\jay\New folder (2)\Trustrace\data\document_patches\P8_0001403_X51005605287_MORPHOLOGY_NEG.png
P8_0001404_X51006008093_MORPHOLOGY_NEG,C00063195_X51006008093,X51006008093,group_0368,train,MORPHOLOGY,414,661,429,677,15,16,250.3417,0.0,AUTHENTIC_REGION,0,1,REAL,C:\Users\jay\New folder (2)\Trustrace\data\document_patches\P8_0001404_X51006008093_MORPHOLOGY_NEG.png
P8_0001405_X51005757282_MORPHOLOGY_NEG,C00054809_X51005757282,X51005757282,group_0323,train,MORPHOLOGY,132,941,149,950,17,9,250.3333,0.0,AUTHENTIC_REGION,0,1,REAL,C:\Users\jay\New folder (2)\Trustrace\data\document_patches\P8_0001405_X51005757282_MORPHOLOGY_NEG.png
P8_0001406_X51006311758_MORPHOLOGY_NEG,C00064438_X51006311758,X51006311758,group_0375,train,MORPHOLOGY,447,1880,460,1893,13,13,250.3314,0.0,AUTHENTIC_REGION,0,1,REAL,C:\Users\jay\New folder (2)\Trustrace\data\document_patches\P8_0001406_X51006311758_MORPHOLOGY_NEG.png
P8_0001407_X51005705760_MORPHOLOGY_NEG,C00036940_X51005705760,X51005705760,group_0218,train,MORPHOLOGY,145,1101,232,1135,87,34,250.331,0.0,AUTHENTIC_REGION,0,1,REAL,C:\Users\jay\New folder (2)\Trustrace\data\document_patches\P8_0001407_X51005705760_MORPHOLOGY_NEG.png
P8_0001408_X51006008057_MORPHOLOGY_NEG,C00060934_X51006008057,X51006008057,group_0358,train,MORPHOLOGY,146,1250,264,1277,118,27,250.3249,0.0,AUTHENTIC_REGION,0,1,REAL,C:\Users\jay\New folder (2)\Trustrace\data\document_patches\P8_0001408_X51006008057_MORPHOLOGY_NEG.png
P8_0001409_X00016469672_MORPHOLOGY_NEG,C00001246_X00016469672,X00016469672,group_0041,train,MORPHOLOGY,201,1060,218,1082,17,22,250.3235,0.0,AUTHENTIC_REGION,0,1,REAL,C:\Users\jay\New folder (2)\Trustrace\data\document_patches\P8_0001409_X00016469672_MORPHOLOGY_NEG.png
P8_0001410_X00016469670_MORPHOLOGY_NEG,C00000864_X00016469670,X00016469670,group_0039,train,MORPHOLOGY,105,870,118,883,13,13,250.3136,0.0,AUTHENTIC_REGION,0,1,REAL,C:\Users\jay\New folder (2)\Trustrace\data\document_patches\P8_0001410_X00016469670_MORPHOLOGY_NEG.png
P8_0001411_X51005268200_MORPHOLOGY_NEG,C00003274_X51005268200,X51005268200,group_0053,train,MORPHOLOGY,632,1172,645,1185,13,13,250.3077,0.0,AUTHENTIC_REGION,0,1,REAL,C:\Users\jay\New folder (2)\Trustrace\data\document_patches\P8_0001411_X51005268200_MORPHOLOGY_NEG.png
P8_0001412_X51006556656_MORPHOLOGY_NEG,C00091925_X51006556656,X51006556656,group_0527,train,MORPHOLOGY,233,898,246,911,13,13,250.3077,0.0,AUTHENTIC_REGION,0,1,REAL,C:\Users\jay\New folder (2)\Trustrace\data\document_patches\P8_0001412_X51006556656_MORPHOLOGY_NEG.png
P8_0001413_X51006557161_MORPHOLOGY_NEG,C00100502_X51006557161,X51006557161,group_0566,train,MORPHOLOGY,497,802,510,815,13,13,250.3077,0.0,AUTHENTIC_REGION,0,1,REAL,C:\Users\jay\New folder (2)\Trustrace\data\document_patches\P8_0001413_X51006557161_MORPHOLOGY_NEG.png
P8_0001414_X51005268262_MORPHOLOGY_NEG,C00003455_X51005268262,X51005268262,group_0009,train,MORPHOLOGY,466,874,511,901,45,27,250.3062,0.0,AUTHENTIC_REGION,0,1,REAL,C:\Users\jay\New folder (2)\Trustrace\data\document_patches\P8_0001414_X51005268262_MORPHOLOGY_NEG.png
P8_0001415_X51005301659_MORPHOLOGY_NEG,C00004464_X51005301659,X51005301659,group_0009,train,MORPHOLOGY,466,874,511,901,45,27,250.3062,0.0,AUTHENTIC_REGION,0,1,REAL,C:\Users\jay\New folder (2)\Trustrace\data\document_patches\P8_0001415_X51005301659_MORPHOLOGY_NEG.png
P8_0001416_X00016469670_MORPHOLOGY_NEG,C00000865_X00016469670,X00016469670,group_0039,train,MORPHOLOGY,42,532,55,545,13,13,250.3018,0.0,AUTHENTIC_REGION,0,1,REAL,C:\Users\jay\New folder (2)\Trustrace\data\document_patches\P8_0001416_X00016469670_MORPHOLOGY_NEG.png
P8_0001417_X51005712021_MORPHOLOGY_NEG,C00040490_X51005712021,X51005712021,group_0240,train,MORPHOLOGY,430,846,443,859,13,13,250.3018,0.0,AUTHENTIC_REGION,0,1,REAL,C:\Users\jay\New folder (2)\Trustrace\data\document_patches\P8_0001417_X51005712021_MORPHOLOGY_NEG.png
P8_0001418_X51005705804_OCR_NEG,C00037275_X51005705804,X51005705804,group_0220,train,OCR,999,1133,1051,1156,52,23,120.0,0.0,AUTHENTIC_REGION,0,0,REAL,C:\Users\jay\New folder (2)\Trustrace\data\document_patches\P8_0001418_X51005705804_OCR_NEG.png
P8_0001419_X51005361897_OCR_NEG,C00006565_X51005361897,X51005361897,group_0065,train,OCR,889,49,1036,99,147,50,125.0,0.0,AUTHENTIC_REGION,0,0,REAL,C:\Users\jay\New folder (2)\Trustrace\data\document_patches\P8_0001419_X51005361897_OCR_NEG.png
P8_0001420_X51006502540_OCR_NEG,C00087357_X51006502540,X51006502540,group_0503,train,OCR,37,1033,208,1057,171,24,96.0,0.0,AUTHENTIC_REGION,0,0,REAL,C:\Users\jay\New folder (2)\Trustrace\data\document_patches\P8_0001420_X51006502540_OCR_NEG.png
P8_0001421_X51006414532_OCR_NEG,C00078805_X51006414532,X51006414532,group_0461,train,OCR,3123,1363,3297,1447,174,84,120.0,0.0,AUTHENTIC_REGION,0,0,REAL,C:\Users\jay\New folder (2)\Trustrace\data\document_patches\P8_0001421_X51006414532_OCR_NEG.png
P8_0001422_X51006350737_OCR_NEG,C00070713_X51006350737,X51006350737,group_0408,train,OCR,115,618,182,638,67,20,120.0,0.0,AUTHENTIC_REGION,0,0,REAL,C:\Users\jay\New folder (2)\Trustrace\data\document_patches\P8_0001422_X51006350737_OCR_NEG.png
P8_0001423_X51005724554_OCR_NEG,C00047081_X51005724554,X51005724554,group_0279,train,OCR,387,1137,484,1162,97,25,135.0,0.0,AUTHENTIC_REGION,0,0,REAL,C:\Users\jay\New folder (2)\Trustrace\data\document_patches\P8_0001423_X51005724554_OCR_NEG.png
P8_0001424_X51005677337_OCR_NEG,C00035039_X51005677337,X51005677337,group_0019,train,OCR,730,1204,767,1230,37,26,110.0,0.0,AUTHENTIC_REGION,0,0,REAL,C:\Users\jay\New folder (2)\Trustrace\data\document_patches\P8_0001424_X51005677337_OCR_NEG.png
P8_0001425_X51005663324_OCR_NEG,C00029496_X51005663324,X51005663324,group_0181,train,OCR,535,1239,571,1266,36,27,110.0,0.0,AUTHENTIC_REGION,0,0,REAL,C:\Users\jay\New folder (2)\Trustrace\data\document_patches\P8_0001425_X51005663324_OCR_NEG.png
P8_0001426_X51007339146_OCR_NEG,C00136462_X51007339146,X51007339146,group_0755,train,OCR,115,1217,195,1232,80,15,125.0,0.0,AUTHENTIC_REGION,0,0,REAL,C:\Users\jay\New folder (2)\Trustrace\data\document_patches\P8_0001426_X51007339146_OCR_NEG.png
P8_0001427_X51005365187_OCR_NEG,C00008547_X51005365187,X51005365187,group_0076,train,OCR,235,788,259,805,24,17,110.0,0.0,AUTHENTIC_REGION,0,0,REAL,C:\Users\jay\New folder (2)\Trustrace\data\document_patches\P8_0001427_X51005365187_OCR_NEG.png
P8_0001428_X51005361912_OCR_NEG,C00007786_X51005361912,X51005361912,group_0071,train,OCR,780,1335,858,1367,78,32,125.0,0.0,AUTHENTIC_REGION,0,0,REAL,C:\Users\jay\New folder (2)\Trustrace\data\document_patches\P8_0001428_X51005361912_OCR_NEG.png
P8_0001429_X51005676547_OCR_NEG,C00032913_X51005676547,X51005676547,group_0200,train,OCR,325,462,384,490,59,28,115.0,0.0,AUTHENTIC_REGION,0,0,REAL,C:\Users\jay\New folder (2)\Trustrace\data\document_patches\P8_0001429_X51005676547_OCR_NEG.png
P8_0001430_X51006335314_OCR_NEG,C00069443_X51006335314,X51006335314,group_0400,train,OCR,453,595,480,619,27,24,110.0,0.0,AUTHENTIC_REGION,0,0,REAL,C:\Users\jay\New folder (2)\Trustrace\data\document_patches\P8_0001430_X51006335314_OCR_NEG.png
P8_0001431_X51006389884_OCR_NEG,C00074082_X51006389884,X51006389884,group_0435,train,OCR,315,1040,438,1074,123,34,135.0,0.0,AUTHENTIC_REGION,0,0,REAL,C:\Users\jay\New folder (2)\Trustrace\data\document_patches\P8_0001431_X51006389884_OCR_NEG.png
P8_0001432_X51008142059_OCR_NEG,C00161485_X51008142059,X51008142059,group_0004,train,OCR,109,718,119,746,10,28,105.0,0.0,AUTHENTIC_REGION,0,0,REAL,C:\Users\jay\New folder (2)\Trustrace\data\document_patches\P8_0001432_X51008142059_OCR_NEG.png
P8_0001433_X51005361900_OCR_NEG,C00007003_X51005361900,X51005361900,group_0067,train,OCR,684,1966,900,2003,216,37,130.0,0.0,AUTHENTIC_REGION,0,0,REAL,C:\Users\jay\New folder (2)\Trustrace\data\document_patches\P8_0001433_X51005361900_OCR_NEG.png
P8_0001434_X51006311758_OCR_NEG,C00064375_X51006311758,X51006311758,group_0375,train,OCR,285,1319,397,1347,112,28,140.0,0.0,AUTHENTIC_REGION,0,0,REAL,C:\Users\jay\New folder (2)\Trustrace\data\document_patches\P8_0001434_X51006311758_OCR_NEG.png
P8_0001435_X51007339136_OCR_NEG,C00135916_X51007339136,X51007339136,group_0753,train,OCR,181,134,515,167,334,33,150.0,0.0,AUTHENTIC_REGION,0,0,REAL,C:\Users\jay\New folder (2)\Trustrace\data\document_patches\P8_0001435_X51007339136_OCR_NEG.png
P8_0001436_X51006335552_OCR_NEG,C00069779_X51006335552,X51006335552,group_0402,train,OCR,454,1627,570,1652,116,25,99.0,0.0,AUTHENTIC_REGION,0,0,REAL,C:\Users\jay\New folder (2)\Trustrace\data\document_patches\P8_0001436_X51006335552_OCR_NEG.png
P8_0001437_X51007846325_OCR_NEG,C00145577_X51007846325,X51007846325,group_0806,train,OCR,2021,2466,2199,2518,178,52,125.0,0.0,AUTHENTIC_REGION,0,0,REAL,C:\Users\jay\New folder (2)\Trustrace\data\document_patches\P8_0001437_X51007846325_OCR_NEG.png
P8_0001438_X51006555818_OCR_NEG,C00088985_X51006555818,X51006555818,group_0514,train,OCR,408,166,502,183,94,17,140.0,0.0,AUTHENTIC_REGION,0,0,REAL,C:\Users\jay\New folder (2)\Trustrace\data\document_patches\P8_0001438_X51006555818_OCR_NEG.png
P8_0001439_X51005230657_OCR_NEG,C00002750_X51005230657,X51005230657,group_0050,train,OCR,512,321,544,351,32,30,110.0,0.0,AUTHENTIC_REGION,0,0,REAL,C:\Users\jay\New folder (2)\Trustrace\data\document_patches\P8_0001439_X51005230657_OCR_NEG.png
P8_0001440_X51005746210_OCR_NEG,C00052561_X51005746210,X51005746210,group_0310,train,OCR,50,1243,183,1269,133,26,99.0,0.0,AUTHENTIC_REGION,0,0,REAL,C:\Users\jay\New folder (2)\Trustrace\data\document_patches\P8_0001440_X51005746210_OCR_NEG.png
P8_0001441_X51007339152_OCR_NEG,C00137000_X51007339152,X51007339152,group_0756,train,OCR,87,526,193,544,106,18,99.0,0.0,AUTHENTIC_REGION,0,0,REAL,C:\Users\jay\New folder (2)\Trustrace\data\document_patches\P8_0001441_X51007339152_OCR_NEG.png
P8_0001442_X51006619566_OCR_NEG,C00108201_X51006619566,X51006619566,group_0608,train,OCR,355,396,437,435,82,39,125.0,0.0,AUTHENTIC_REGION,0,0,REAL,C:\Users\jay\New folder (2)\Trustrace\data\document_patches\P8_0001442_X51006619566_OCR_NEG.png
P8_0001443_X51006555817_OCR_NEG,C00088893_X51006555817,X51006555817,group_0513,train,OCR,76,1020,486,1040,410,20,108.0,0.0,AUTHENTIC_REGION,0,0,REAL,C:\Users\jay\New folder (2)\Trustrace\data\document_patches\P8_0001443_X51006555817_OCR_NEG.png
P8_0001444_X51005745296_OCR_NEG,C00051260_X51005745296,X51005745296,group_0303,train,OCR,183,1564,192,1599,9,35,105.0,0.0,AUTHENTIC_REGION,0,0,REAL,C:\Users\jay\New folder (2)\Trustrace\data\document_patches\P8_0001444_X51005745296_OCR_NEG.png
P8_0001445_X51006334766_OCR_NEG,C00068626_X51006334766,X51006334766,group_0395,train,OCR,182,276,534,304,352,28,102.0,0.0,AUTHENTIC_REGION,0,0,REAL,C:\Users\jay\New folder (2)\Trustrace\data\document_patches\P8_0001445_X51006334766_OCR_NEG.png
P8_0001446_X51006619496_OCR_NEG,C00106946_X51006619496,X51006619496,group_0598,train,OCR,91,1477,175,1509,84,32,125.0,0.0,AUTHENTIC_REGION,0,0,REAL,C:\Users\jay\New folder (2)\Trustrace\data\document_patches\P8_0001446_X51006619496_OCR_NEG.png
P8_0001447_X51005677337_OCR_NEG,C00035001_X51005677337,X51005677337,group_0019,train,OCR,770,745,806,773,36,28,110.0,0.0,AUTHENTIC_REGION,0,0,REAL,C:\Users\jay\New folder (2)\Trustrace\data\document_patches\P8_0001447_X51005677337_OCR_NEG.png
P8_0001448_X51005676539_OCR_NEG,C00031510_X51005676539,X51005676539,group_0192,train,OCR,320,458,379,487,59,29,115.0,0.0,AUTHENTIC_REGION,0,0,REAL,C:\Users\jay\New folder (2)\Trustrace\data\document_patches\P8_0001448_X51005676539_OCR_NEG.png
P8_0001449_X51006913073_OCR_NEG,C00122138_X51006913073,X51006913073,group_0696,train,OCR,2350,1504,2488,1552,138,48,125.0,0.0,AUTHENTIC_REGION,0,0,REAL,C:\Users\jay\New folder (2)\Trustrace\data\document_patches\P8_0001449_X51006913073_OCR_NEG.png
P8_0001450_X51005677327_OCR_NEG,C00033459_X51005677327,X51005677327,group_0203,train,OCR,563,794,622,823,59,29,120.0,0.0,AUTHENTIC_REGION,0,0,REAL,C:\Users\jay\New folder (2)\Trustrace\data\document_patches\P8_0001450_X51005677327_OCR_NEG.png
P8_0001451_X51006647933_OCR_NEG,C00114336_X51006647933,X51006647933,group_0654,train,OCR,236,825,270,836,34,11,115.0,0.0,AUTHENTIC_REGION,0,0,REAL,C:\Users\jay\New folder (2)\Trustrace\data\document_patches\P8_0001451_X51006647933_OCR_NEG.png
P8_0001452_X51006619698_OCR_NEG,C00109104_X51006619698,X51006619698,group_0615,train,OCR,377,535,558,574,181,39,150.0,0.0,AUTHENTIC_REGION,0,0,REAL,C:\Users\jay\New folder (2)\Trustrace\data\document_patches\P8_0001452_X51006619698_OCR_NEG.png
P8_0001453_X51006414721_OCR_NEG,C00084436_X51006414721,X51006414721,group_0484,train,OCR,1953,4338,2180,4385,227,47,130.0,0.0,AUTHENTIC_REGION,0,0,REAL,C:\Users\jay\New folder (2)\Trustrace\data\document_patches\P8_0001453_X51006414721_OCR_NEG.png
P8_0001454_X51005442346_OCR_NEG,C00012754_X51005442346,X51005442346,group_0097,train,OCR,402,554,441,567,39,13,120.0,0.0,AUTHENTIC_REGION,0,0,REAL,C:\Users\jay\New folder (2)\Trustrace\data\document_patches\P8_0001454_X51005442346_OCR_NEG.png
P8_0001455_X51007846388_OCR_NEG,C00148432_X51007846388,X51007846388,group_0005,train,OCR,2520,2916,2674,2977,154,61,125.0,0.0,AUTHENTIC_REGION,0,0,REAL,C:\Users\jay\New folder (2)\Trustrace\data\document_patches\P8_0001455_X51007846388_OCR_NEG.png
P8_0001456_X51005717526_OCR_NEG,C00041700_X51005717526,X51005717526,group_0249,train,OCR,146,176,224,201,78,25,130.0,0.0,AUTHENTIC_REGION,0,0,REAL,C:\Users\jay\New folder (2)\Trustrace\data\document_patches\P8_0001456_X51005717526_OCR_NEG.png
P8_0001457_X51006913055_OCR_NEG,C00121175_X51006913055,X51006913055,group_0692,train,OCR,2503,3355,2638,3428,135,73,120.0,0.0,AUTHENTIC_REGION,0,0,REAL,C:\Users\jay\New folder (2)\Trustrace\data\document_patches\P8_0001457_X51006913055_OCR_NEG.png
P8_0001458_X51005663273_OCR_NEG,C00026399_X51005663273,X51005663273,group_0163,train,OCR,623,943,653,965,30,22,110.0,0.0,AUTHENTIC_REGION,0,0,REAL,C:\Users\jay\New folder (2)\Trustrace\data\document_patches\P8_0001458_X51005663273_OCR_NEG.png
P8_0001459_X51006556658_OCR_NEG,C00092346_X51006556658,X51006556658,group_0529,train,OCR,32,1058,125,1078,93,20,140.0,0.0,AUTHENTIC_REGION,0,0,REAL,C:\Users\jay\New folder (2)\Trustrace\data\document_patches\P8_0001459_X51006556658_OCR_NEG.png
P8_0001460_X51006828199_OCR_NEG,C00115742_X51006828199,X51006828199,group_0663,train,OCR,205,1484,311,1507,106,23,96.0,0.0,AUTHENTIC_REGION,0,0,REAL,C:\Users\jay\New folder (2)\Trustrace\data\document_patches\P8_0001460_X51006828199_OCR_NEG.png
P8_0001461_X51006008090_OCR_NEG,C00062369_X51006008090,X51006008090,group_0366,train,OCR,28,1277,379,1307,351,30,105.0,0.0,AUTHENTIC_REGION,0,0,REAL,C:\Users\jay\New folder (2)\Trustrace\data\document_patches\P8_0001461_X51006008090_OCR_NEG.png
P8_0001462_X51005568898_OCR_NEG,C00022335_X51005568898,X51005568898,group_0142,train,OCR,368,1316,471,1344,103,28,130.0,0.0,AUTHENTIC_REGION,0,0,REAL,C:\Users\jay\New folder (2)\Trustrace\data\document_patches\P8_0001462_X51005568898_OCR_NEG.png
P8_0001463_X51005442392_OCR_NEG,C00014499_X51005442392,X51005442392,group_0104,train,OCR,432,805,468,816,36,11,125.0,0.0,AUTHENTIC_REGION,0,0,REAL,C:\Users\jay\New folder (2)\Trustrace\data\document_patches\P8_0001463_X51005442392_OCR_NEG.png
P8_0001464_X51006387847_OCR_NEG,C00071859_X51006387847,X51006387847,group_0416,train,OCR,407,1618,504,1653,97,35,130.0,0.0,AUTHENTIC_REGION,0,0,REAL,C:\Users\jay\New folder (2)\Trustrace\data\document_patches\P8_0001464_X51006387847_OCR_NEG.png
P8_0001465_X51006556650_OCR_NEG,C00091288_X51006556650,X51006556650,group_0525,train,OCR,423,87,473,105,50,18,115.0,0.0,AUTHENTIC_REGION,0,0,REAL,C:\Users\jay\New folder (2)\Trustrace\data\document_patches\P8_0001465_X51006556650_OCR_NEG.png
P8_0001466_X51005663297_OCR_NEG,C00027663_X51005663297,X51005663297,group_0171,train,OCR,307,368,370,398,63,30,115.0,0.0,AUTHENTIC_REGION,0,0,REAL,C:\Users\jay\New folder (2)\Trustrace\data\document_patches\P8_0001466_X51005663297_OCR_NEG.png
P8_0001467_X51006389884_OCR_NEG,C00074099_X51006389884,X51006389884,group_0435,train,OCR,64,1190,508,1225,444,35,102.0,0.0,AUTHENTIC_REGION,0,0,REAL,C:\Users\jay\New folder (2)\Trustrace\data\document_patches\P8_0001467_X51006389884_OCR_NEG.png
P8_0001468_X51005677335_OCR_NEG,C00034743_X51005677335,X51005677335,group_0019,train,OCR,108,1891,826,1920,718,29,111.0,0.0,AUTHENTIC_REGION,0,0,REAL,C:\Users\jay\New folder (2)\Trustrace\data\document_patches\P8_0001468_X51005677335_OCR_NEG.png
P8_0001469_X51006913073_OCR_NEG,C00122164_X51006913073,X51006913073,group_0696,train,OCR,2458,2122,2474,2184,16,62,105.0,0.0,AUTHENTIC_REGION,0,0,REAL,C:\Users\jay\New folder (2)\Trustrace\data\document_patches\P8_0001469_X51006913073_OCR_NEG.png
P8_0001470_X51006555817_OCR_NEG,C00088906_X51006555817,X51006555817,group_0513,train,OCR,276,1068,310,1083,34,15,115.0,0.0,AUTHENTIC_REGION,0,0,REAL,C:\Users\jay\New folder (2)\Trustrace\data\document_patches\P8_0001470_X51006555817_OCR_NEG.png
P8_0001471_X51007846361_OCR_NEG,C00146959_X51007846361,X51007846361,group_0814,train,OCR,2673,1847,2923,1903,250,56,130.0,0.0,AUTHENTIC_REGION,0,0,REAL,C:\Users\jay\New folder (2)\Trustrace\data\document_patches\P8_0001471_X51007846361_OCR_NEG.png
P8_0001472_X51006857265_OCR_NEG,C00117037_X51006857265,X51006857265,group_0673,train,OCR,320,1719,376,1752,56,33,115.0,0.0,AUTHENTIC_REGION,0,0,REAL,C:\Users\jay\New folder (2)\Trustrace\data\document_patches\P8_0001472_X51006857265_OCR_NEG.png
P8_0001473_X51005749905_OCR_NEG,C00053104_X51005749905,X51005749905,group_0313,train,OCR,256,1274,336,1302,80,28,125.0,0.0,AUTHENTIC_REGION,0,0,REAL,C:\Users\jay\New folder (2)\Trustrace\data\document_patches\P8_0001473_X51005749905_OCR_NEG.png
P8_0001474_X51006912976_OCR_NEG,C00118837_X51006912976,X51006912976,group_0682,train,OCR,2948,3173,2990,3227,42,54,105.0,0.0,AUTHENTIC_REGION,0,0,REAL,C:\Users\jay\New folder (2)\Trustrace\data\document_patches\P8_0001474_X51006912976_OCR_NEG.png
P8_0001475_X51006620191_OCR_NEG,C00113512_X51006620191,X51006620191,group_0649,train,OCR,446,700,460,733,14,33,105.0,0.0,AUTHENTIC_REGION,0,0,REAL,C:\Users\jay\New folder (2)\Trustrace\data\document_patches\P8_0001475_X51006620191_OCR_NEG.png
P8_0001476_X51006329388_OCR_NEG,C00067063_X51006329388,X51006329388,group_0024,train,OCR,533,925,624,949,91,24,130.0,0.0,AUTHENTIC_REGION,0,0,REAL,C:\Users\jay\New folder (2)\Trustrace\data\document_patches\P8_0001476_X51006329388_OCR_NEG.png
P8_0001477_X51006438346_OCR_NEG,C00084988_X51006438346,X51006438346,group_0487,train,OCR,346,936,383,957,37,21,115.0,0.0,AUTHENTIC_REGION,0,0,REAL,C:\Users\jay\New folder (2)\Trustrace\data\document_patches\P8_0001477_X51006438346_OCR_NEG.png
P8_0001478_X51005568900_OCR_NEG,C00022677_X51005568900,X51005568900,group_0144,train,OCR,502,347,560,379,58,32,115.0,0.0,AUTHENTIC_REGION,0,0,REAL,C:\Users\jay\New folder (2)\Trustrace\data\document_patches\P8_0001478_X51005568900_OCR_NEG.png
P8_0001479_X51005757346_OCR_NEG,C00056390_X51005757346,X51005757346,group_0333,train,OCR,403,632,416,657,13,25,105.0,0.0,AUTHENTIC_REGION,0,0,REAL,C:\Users\jay\New folder (2)\Trustrace\data\document_patches\P8_0001479_X51005757346_OCR_NEG.png
P8_0001480_X51006414519_OCR_NEG,C00078744_X51006414519,X51006414519,group_0460,train,OCR,2314,4646,2533,4704,219,58,130.0,0.0,AUTHENTIC_REGION,0,0,REAL,C:\Users\jay\New folder (2)\Trustrace\data\document_patches\P8_0001480_X51006414519_OCR_NEG.png
P8_0001481_X51005757201_OCR_NEG,C00053606_X51005757201,X51005757201,group_0316,train,OCR,263,1117,333,1145,70,28,125.0,0.0,AUTHENTIC_REGION,0,0,REAL,C:\Users\jay\New folder (2)\Trustrace\data\document_patches\P8_0001481_X51005757201_OCR_NEG.png
P8_0001482_X51007846397_OCR_NEG,C00149312_X51007846397,X51007846397,group_0823,train,OCR,2326,2367,2471,2414,145,47,125.0,0.0,AUTHENTIC_REGION,0,0,REAL,C:\Users\jay\New folder (2)\Trustrace\data\document_patches\P8_0001482_X51007846397_OCR_NEG.png
P8_0001483_X51006913059_OCR_NEG,C00121345_X51006913059,X51006913059,group_0693,train,OCR,2136,3934,2285,3982,149,48,120.0,0.0,AUTHENTIC_REGION,0,0,REAL,C:\Users\jay\New folder (2)\Trustrace\data\document_patches\P8_0001483_X51006913059_OCR_NEG.png
P8_0001484_X51006466062_OCR_NEG,C00085817_X51006466062,X51006466062,group_0493,train,OCR,72,314,158,333,86,19,115.0,0.0,AUTHENTIC_REGION,0,0,REAL,C:\Users\jay\New folder (2)\Trustrace\data\document_patches\P8_0001484_X51006466062_OCR_NEG.png
P8_0001485_X51006335547_OCR_NEG,C00069621_X51006335547,X51006335547,group_0401,train,OCR,404,672,463,697,59,25,120.0,0.0,AUTHENTIC_REGION,0,0,REAL,C:\Users\jay\New folder (2)\Trustrace\data\document_patches\P8_0001485_X51006335547_OCR_NEG.png
P8_0001486_X51006557184_OCR_NEG,C00102176_X51006557184,X51006557184,group_0574,train,OCR,33,571,76,588,43,17,120.0,0.0,AUTHENTIC_REGION,0,0,REAL,C:\Users\jay\New folder (2)\Trustrace\data\document_patches\P8_0001486_X51006557184_OCR_NEG.png
P8_0001487_X51005447848_OCR_NEG,C00017435_X51005447848,X51005447848,group_0119,train,OCR,553,649,589,676,36,27,110.0,0.0,AUTHENTIC_REGION,0,0,REAL,C:\Users\jay\New folder (2)\Trustrace\data\document_patches\P8_0001487_X51005447848_OCR_NEG.png
P8_0001488_X51006387951_OCR_NEG,C00072372_X51006387951,X51006387951,group_0421,train,OCR,95,488,180,511,85,23,115.0,0.0,AUTHENTIC_REGION,0,0,REAL,C:\Users\jay\New folder (2)\Trustrace\data\document_patches\P8_0001488_X51006387951_OCR_NEG.png
P8_0001489_X51005365187_OCR_NEG,C00008589_X51005365187,X51005365187,group_0076,train,OCR,602,1114,631,1133,29,19,110.0,0.0,AUTHENTIC_REGION,0,0,REAL,C:\Users\jay\New folder (2)\Trustrace\data\document_patches\P8_0001489_X51005365187_OCR_NEG.png
P8_0001490_X51006556861_OCR_NEG,C00099352_X51006556861,X51006556861,group_0561,train,OCR,171,1103,228,1120,57,17,125.0,0.0,AUTHENTIC_REGION,0,0,REAL,C:\Users\jay\New folder (2)\Trustrace\data\document_patches\P8_0001490_X51006556861_OCR_NEG.png
P8_0001491_X51007339106_OCR_NEG,C00131100_X51007339106,X51007339106,group_0740,train,OCR,486,639,586,657,100,18,96.0,0.0,AUTHENTIC_REGION,0,0,REAL,C:\Users\jay\New folder (2)\Trustrace\data\document_patches\P8_0001491_X51007339106_OCR_NEG.png
P8_0001492_X51006441473_OCR_NEG,C00085138_X51006441473,X51006441473,group_0488,train,OCR,287,1118,310,1143,23,25,110.0,0.0,AUTHENTIC_REGION,0,0,REAL,C:\Users\jay\New folder (2)\Trustrace\data\document_patches\P8_0001492_X51006441473_OCR_NEG.png
P8_0001493_X51005568894_OCR_NEG,C00021794_X51005568894,X51005568894,group_0140,train,OCR,522,130,596,161,74,31,115.0,0.0,AUTHENTIC_REGION,0,0,REAL,C:\Users\jay\New folder (2)\Trustrace\data\document_patches\P8_0001493_X51005568894_OCR_NEG.png
P8_0001494_X51006332575_OCR_NEG,C00067635_X51006332575,X51006332575,group_0027,train,OCR,195,1409,280,1434,85,25,130.0,0.0,AUTHENTIC_REGION,0,0,REAL,C:\Users\jay\New folder (2)\Trustrace\data\document_patches\P8_0001494_X51006332575_OCR_NEG.png
P8_0001495_X51006556861_OCR_NEG,C00099250_X51006556861,X51006556861,group_0561,train,OCR,188,235,268,265,80,30,135.0,0.0,AUTHENTIC_REGION,0,0,REAL,C:\Users\jay\New folder (2)\Trustrace\data\document_patches\P8_0001495_X51006556861_OCR_NEG.png
P8_0001496_X51006334699_OCR_NEG,C00068124_X51006334699,X51006334699,group_0392,train,OCR,186,978,213,1001,27,23,110.0,0.0,AUTHENTIC_REGION,0,0,REAL,C:\Users\jay\New folder (2)\Trustrace\data\document_patches\P8_0001496_X51006334699_OCR_NEG.png
P8_0001497_X51008128052_OCR_NEG,C00159800_X51008128052,X51008128052,group_0884,train,OCR,213,1052,264,1084,51,32,115.0,0.0,AUTHENTIC_REGION,0,0,REAL,C:\Users\jay\New folder (2)\Trustrace\data\document_patches\P8_0001497_X51008128052_OCR_NEG.png
P8_0001498_X51007231370_OCR_NEG,C00128828_X51007231370,X51007231370,group_0729,train,OCR,1880,2000,1937,2061,57,61,110.0,0.0,AUTHENTIC_REGION,0,0,REAL,C:\Users\jay\New folder (2)\Trustrace\data\document_patches\P8_0001498_X51007231370_OCR_NEG.png
P8_0001499_X51007846379_OCR_NEG,C00148144_X51007846379,X51007846379,group_0818,train,OCR,2008,5475,2348,5551,340,76,99.0,0.0,AUTHENTIC_REGION,0,0,REAL,C:\Users\jay\New folder (2)\Trustrace\data\document_patches\P8_0001499_X51007846379_OCR_NEG.png
P8_0001500_X51005724625_OCR_NEG,C00048417_X51005724625,X51005724625,group_0286,train,OCR,695,1154,781,1179,86,25,96.0,0.0,AUTHENTIC_REGION,0,0,REAL,C:\Users\jay\New folder (2)\Trustrace\data\document_patches\P8_0001500_X51005724625_OCR_NEG.png
P8_0001501_X51006414721_OCR_NEG,C00084483_X51006414721,X51006414721,group_0484,train,OCR,1641,5211,2625,5265,984,54,105.0,0.0,AUTHENTIC_REGION,0,0,REAL,C:\Users\jay\New folder (2)\Trustrace\data\document_patches\P8_0001501_X51006414721_OCR_NEG.png
P8_0001502_X51005724554_OCR_NEG,C00047093_X51005724554,X51005724554,group_0279,train,OCR,724,1413,789,1440,65,27,120.0,0.0,AUTHENTIC_REGION,0,0,REAL,C:\Users\jay\New folder (2)\Trustrace\data\document_patches\P8_0001502_X51005724554_OCR_NEG.png
P8_0001503_X51006414533_OCR_NEG,C00079082_X51006414533,X51006414533,group_0462,train,OCR,1919,2932,3262,3017,1343,85,105.0,0.0,AUTHENTIC_REGION,0,0,REAL,C:\Users\jay\New folder (2)\Trustrace\data\document_patches\P8_0001503_X51006414533_OCR_NEG.png
P8_0001504_X51006414719_OCR_NEG,C00083995_X51006414719,X51006414719,group_0031,train,OCR,2217,1720,2705,1796,488,76,96.0,0.0,AUTHENTIC_REGION,0,0,REAL,C:\Users\jay\New folder (2)\Trustrace\data\document_patches\P8_0001504_X51006414719_OCR_NEG.png
P8_0001505_X51007339163_OCR_NEG,C00138618_X51007339163,X51007339163,group_0762,train,OCR,46,346,382,367,336,21,105.0,0.0,AUTHENTIC_REGION,0,0,REAL,C:\Users\jay\New folder (2)\Trustrace\data\document_patches\P8_0001505_X51007339163_OCR_NEG.png
P8_0001506_X51007339098_OCR_NEG,C00130432_X51007339098,X51007339098,group_0001,train,OCR,117,237,236,260,119,23,150.0,0.0,AUTHENTIC_REGION,0,0,REAL,C:\Users\jay\New folder (2)\Trustrace\data\document_patches\P8_0001506_X51007339098_OCR_NEG.png
P8_0001507_X51006828200_OCR_NEG,C00115839_X51006828200,X51006828200,group_0664,train,OCR,35,1077,157,1109,122,32,135.0,0.0,AUTHENTIC_REGION,0,0,REAL,C:\Users\jay\New folder (2)\Trustrace\data\document_patches\P8_0001507_X51006828200_OCR_NEG.png
P8_0001508_X51006335547_OCR_NEG,C00069582_X51006335547,X51006335547,group_0401,train,OCR,336,236,425,262,89,26,130.0,0.0,AUTHENTIC_REGION,0,0,REAL,C:\Users\jay\New folder (2)\Trustrace\data\document_patches\P8_0001508_X51006335547_OCR_NEG.png
P8_0001509_X51005724552_OCR_NEG,C00046873_X51005724552,X51005724552,group_0004,train,OCR,43,1003,228,1040,185,37,150.0,0.0,AUTHENTIC_REGION,0,0,REAL,C:\Users\jay\New folder (2)\Trustrace\data\document_patches\P8_0001509_X51005724552_OCR_NEG.png
P8_0001510_X51008142065_OCR_NEG,C00162434_X51008142065,X51008142065,group_0896,train,OCR,96,625,133,653,37,28,110.0,0.0,AUTHENTIC_REGION,0,0,REAL,C:\Users\jay\New folder (2)\Trustrace\data\document_patches\P8_0001510_X51008142065_OCR_NEG.png
P8_0001511_X51008123446_OCR_NEG,C00158400_X51008123446,X51008123446,group_0008,train,OCR,190,505,218,521,28,16,115.0,0.0,AUTHENTIC_REGION,0,0,REAL,C:\Users\jay\New folder (2)\Trustrace\data\document_patches\P8_0001511_X51008123446_OCR_NEG.png
P8_0001512_X51005676534_OCR_NEG,C00030630_X51005676534,X51005676534,group_0187,train,OCR,673,1032,756,1060,83,28,96.0,0.0,AUTHENTIC_REGION,0,0,REAL,C:\Users\jay\New folder (2)\Trustrace\data\document_patches\P8_0001512_X51005676534_OCR_NEG.png
P8_0001513_X51005444037_OCR_NEG,C00015080_X51005444037,X51005444037,group_0107,train,OCR,162,1439,330,1472,168,33,150.0,0.0,AUTHENTIC_REGION,0,0,REAL,C:\Users\jay\New folder (2)\Trustrace\data\document_patches\P8_0001513_X51005444037_OCR_NEG.png
P8_0001514_X51005705784_OCR_NEG,C00037004_X51005705784,X51005705784,group_0219,train,OCR,478,832,677,855,199,23,96.0,0.0,AUTHENTIC_REGION,0,0,REAL,C:\Users\jay\New folder (2)\Trustrace\data\document_patches\P8_0001514_X51005705784_OCR_NEG.png
P8_0001515_X51005745244_OCR_NEG,C00050814_X51005745244,X51005745244,group_0301,train,OCR,384,375,522,403,138,28,145.0,0.0,AUTHENTIC_REGION,0,0,REAL,C:\Users\jay\New folder (2)\Trustrace\data\document_patches\P8_0001515_X51005745244_OCR_NEG.png
P8_0001516_X51005746210_OCR_NEG,C00052604_X51005746210,X51005746210,group_0310,train,OCR,636,676,649,701,13,25,105.0,0.0,AUTHENTIC_REGION,0,0,REAL,C:\Users\jay\New folder (2)\Trustrace\data\document_patches\P8_0001516_X51005746210_OCR_NEG.png
P8_0001517_X51007339146_OCR_NEG,C00136493_X51007339146,X51007339146,group_0755,train,OCR,52,1385,584,1405,532,20,108.0,0.0,AUTHENTIC_REGION,0,0,REAL,C:\Users\jay\New folder (2)\Trustrace\data\document_patches\P8_0001517_X51007339146_OCR_NEG.png
P8_0001518_X51005568880_OCR_NEG,C00020437_X51005568880,X51005568880,group_0132,train,OCR,649,1864,850,1897,201,33,150.0,0.0,AUTHENTIC_REGION,0,0,REAL,C:\Users\jay\New folder (2)\Trustrace\data\document_patches\P8_0001518_X51005568880_OCR_NEG.png
P8_0001519_X51007103681_OCR_NEG,C00124268_X51007103681,X51007103681,group_0708,train,OCR,186,715,261,743,75,28,125.0,0.0,AUTHENTIC_REGION,0,0,REAL,C:\Users\jay\New folder (2)\Trustrace\data\document_patches\P8_0001519_X51007103681_OCR_NEG.png
P8_0001520_X51007103578_OCR_NEG,C00122646_X51007103578,X51007103578,group_0698,train,OCR,518,1412,679,1437,161,25,150.0,0.0,AUTHENTIC_REGION,0,0,REAL,C:\Users\jay\New folder (2)\Trustrace\data\document_patches\P8_0001520_X51007103578_OCR_NEG.png
P8_0001521_X51008030566_OCR_NEG,C00151117_X51008030566,X51008030566,group_0832,train,OCR,92,1400,195,1434,103,34,135.0,0.0,AUTHENTIC_REGION,0,0,REAL,C:\Users\jay\New folder (2)\Trustrace\data\document_patches\P8_0001521_X51008030566_OCR_NEG.png
P8_0001522_X51006414679_OCR_NEG,C00081494_X51006414679,X51006414679,group_0471,train,OCR,1818,2539,2273,2601,455,62,96.0,0.0,AUTHENTIC_REGION,0,0,REAL,C:\Users\jay\New folder (2)\Trustrace\data\document_patches\P8_0001522_X51006414679_OCR_NEG.png
P8_0001523_X51005268400_OCR_NEG,C00003839_X51005268400,X51005268400,group_0054,train,OCR,423,1045,468,1073,45,28,115.0,0.0,AUTHENTIC_REGION,0,0,REAL,C:\Users\jay\New folder (2)\Trustrace\data\document_patches\P8_0001523_X51005268400_OCR_NEG.png
P8_0001524_X51005711445_OCR_NEG,C00038803_X51005711445,X51005711445,group_0230,train,OCR,679,1421,748,1456,69,35,120.0,0.0,AUTHENTIC_REGION,0,0,REAL,C:\Users\jay\New folder (2)\Trustrace\data\document_patches\P8_0001524_X51005711445_OCR_NEG.png
P8_0001525_X51006438346_OCR_NEG,C00084968_X51006438346,X51006438346,group_0487,train,OCR,450,832,510,856,60,24,125.0,0.0,AUTHENTIC_REGION,0,0,REAL,C:\Users\jay\New folder (2)\Trustrace\data\document_patches\P8_0001525_X51006438346_OCR_NEG.png
P8_0001526_X51006619564_OCR_NEG,C00108141_X51006619564,X51006619564,group_0607,train,OCR,352,1720,432,1750,80,30,125.0,0.0,AUTHENTIC_REGION,0,0,REAL,C:\Users\jay\New folder (2)\Trustrace\data\document_patches\P8_0001526_X51006619564_OCR_NEG.png
P8_0001527_X51005711403_OCR_NEG,C00037789_X51005711403,X51005711403,group_0224,train,OCR,555,355,634,391,79,36,125.0,0.0,AUTHENTIC_REGION,0,0,REAL,C:\Users\jay\New folder (2)\Trustrace\data\document_patches\P8_0001527_X51005711403_OCR_NEG.png
P8_0001528_X51006556723_OCR_NEG,C00092438_X51006556723,X51006556723,group_0530,train,OCR,225,97,242,118,17,21,110.0,0.0,AUTHENTIC_REGION,0,0,REAL,C:\Users\jay\New folder (2)\Trustrace\data\document_patches\P8_0001528_X51006556723_OCR_NEG.png
P8_0001529_X51007391390_OCR_NEG,C00140926_X51007391390,X51007391390,group_0779,train,OCR,288,269,437,292,149,23,150.0,0.0,AUTHENTIC_REGION,0,0,REAL,C:\Users\jay\New folder (2)\Trustrace\data\document_patches\P8_0001529_X51007391390_OCR_NEG.png
P8_0001530_X51005746204_OCR_NEG,C00051902_X51005746204,X51005746204,group_0307,train,OCR,259,375,357,398,98,23,140.0,0.0,AUTHENTIC_REGION,0,0,REAL,C:\Users\jay\New folder (2)\Trustrace\data\document_patches\P8_0001530_X51005746204_OCR_NEG.png
P8_0001531_X51007846361_OCR_NEG,C00147000_X51007846361,X51007846361,group_0814,train,OCR,2279,3287,2482,3344,203,57,130.0,0.0,AUTHENTIC_REGION,0,0,REAL,C:\Users\jay\New folder (2)\Trustrace\data\document_patches\P8_0001531_X51007846361_OCR_NEG.png
P8_0001532_X00016469672_OCR_NEG,C00001126_X00016469672,X00016469672,group_0041,train,OCR,270,502,320,518,50,16,135.0,0.0,AUTHENTIC_REGION,0,0,REAL,C:\Users\jay\New folder (2)\Trustrace\data\document_patches\P8_0001532_X00016469672_OCR_NEG.png
P8_0001533_X51006414719_OCR_NEG,C00084079_X51006414719,X51006414719,group_0031,train,OCR,2282,3993,2379,4062,97,69,115.0,0.0,AUTHENTIC_REGION,0,0,REAL,C:\Users\jay\New folder (2)\Trustrace\data\document_patches\P8_0001533_X51006414719_OCR_NEG.png
P8_0001534_X51008128065_OCR_NEG,C00160077_X51008128065,X51008128065,group_0886,train,OCR,359,871,464,904,105,33,130.0,0.0,AUTHENTIC_REGION,0,0,REAL,C:\Users\jay\New folder (2)\Trustrace\data\document_patches\P8_0001534_X51008128065_OCR_NEG.png
P8_0001535_X51005806678_OCR_NEG,C00058348_X51005806678,X51005806678,group_0344,train,OCR,411,1700,479,1726,68,26,125.0,0.0,AUTHENTIC_REGION,0,0,REAL,C:\Users\jay\New folder (2)\Trustrace\data\document_patches\P8_0001535_X51005806678_OCR_NEG.png
P8_0001536_X51008142061_OCR_NEG,C00161890_X51008142061,X51008142061,group_0004,train,OCR,573,1257,604,1282,31,25,110.0,0.0,AUTHENTIC_REGION,0,0,REAL,C:\Users\jay\New folder (2)\Trustrace\data\document_patches\P8_0001536_X51008142061_OCR_NEG.png
P8_0001537_X51005705759_OCR_NEG,C00036480_X51005705759,X51005705759,group_0217,train,OCR,524,622,639,652,115,30,135.0,0.0,AUTHENTIC_REGION,0,0,REAL,C:\Users\jay\New folder (2)\Trustrace\data\document_patches\P8_0001537_X51005705759_OCR_NEG.png
P8_0001538_X51006556808_OCR_NEG,C00094542_X51006556808,X51006556808,group_0539,train,OCR,236,1041,293,1073,57,32,125.0,0.0,AUTHENTIC_REGION,0,0,REAL,C:\Users\jay\New folder (2)\Trustrace\data\document_patches\P8_0001538_X51006556808_OCR_NEG.png
P8_0001539_X51008142061_OCR_NEG,C00161888_X51008142061,X51008142061,group_0004,train,OCR,541,1157,596,1181,55,24,96.0,0.0,AUTHENTIC_REGION,0,0,REAL,C:\Users\jay\New folder (2)\Trustrace\data\document_patches\P8_0001539_X51008142061_OCR_NEG.png
P8_0001540_X51006311758_OCR_NEG,C00064384_X51006311758,X51006311758,group_0375,train,OCR,158,1512,270,1532,112,20,140.0,0.0,AUTHENTIC_REGION,0,0,REAL,C:\Users\jay\New folder (2)\Trustrace\data\document_patches\P8_0001540_X51006311758_OCR_NEG.png
P8_0001541_X51005745244_OCR_NEG,C00050813_X51005745244,X51005745244,group_0301,train,OCR,288,376,362,405,74,29,125.0,0.0,AUTHENTIC_REGION,0,0,REAL,C:\Users\jay\New folder (2)\Trustrace\data\document_patches\P8_0001541_X51005745244_OCR_NEG.png
P8_0001542_X51006913019_OCR_NEG,C00119706_X51006913019,X51006913019,group_0686,train,OCR,1230,6311,2623,6405,1393,94,114.0,0.0,AUTHENTIC_REGION,0,0,REAL,C:\Users\jay\New folder (2)\Trustrace\data\document_patches\P8_0001542_X51006913019_OCR_NEG.png
P8_0001543_X51005749895_OCR_NEG,C00052859_X51005749895,X51005749895,group_0311,train,OCR,611,1609,748,1645,137,36,135.0,0.0,AUTHENTIC_REGION,0,0,REAL,C:\Users\jay\New folder (2)\Trustrace\data\document_patches\P8_0001543_X51005749895_OCR_NEG.png
P8_0001544_X00016469620_OCR_NEG,C00000310_X00016469620,X00016469620,group_0035,train,OCR,228,523,278,540,50,17,125.0,0.0,AUTHENTIC_REGION,0,0,REAL,C:\Users\jay\New folder (2)\Trustrace\data\document_patches\P8_0001544_X00016469620_OCR_NEG.png
P8_0001545_X51006557184_OCR_NEG,C00102159_X51006557184,X51006557184,group_0574,train,OCR,192,461,247,480,55,19,125.0,0.0,AUTHENTIC_REGION,0,0,REAL,C:\Users\jay\New folder (2)\Trustrace\data\document_patches\P8_0001545_X51006557184_OCR_NEG.png
P8_0001546_X51008114217_OCR_NEG,C00156845_X51008114217,X51008114217,group_0868,train,OCR,173,343,226,374,53,31,115.0,0.0,AUTHENTIC_REGION,0,0,REAL,C:\Users\jay\New folder (2)\Trustrace\data\document_patches\P8_0001546_X51008114217_OCR_NEG.png
P8_0001547_X51005306399_OCR_NEG,C00005539_X51005306399,X51005306399,group_0059,train,OCR,44,453,54,471,10,18,105.0,0.0,AUTHENTIC_REGION,0,0,REAL,C:\Users\jay\New folder (2)\Trustrace\data\document_patches\P8_0001547_X51005306399_OCR_NEG.png
P8_0001548_X51005711403_OCR_NEG,C00037830_X51005711403,X51005711403,group_0224,train,OCR,427,781,744,819,317,38,99.0,0.0,AUTHENTIC_REGION,0,0,REAL,C:\Users\jay\New folder (2)\Trustrace\data\document_patches\P8_0001548_X51005711403_OCR_NEG.png
P8_0001549_X51006856982_OCR_NEG,C00116340_X51006856982,X51006856982,group_0668,train,OCR,449,1849,571,1881,122,32,140.0,0.0,AUTHENTIC_REGION,0,0,REAL,C:\Users\jay\New folder (2)\Trustrace\data\document_patches\P8_0001549_X51006856982_OCR_NEG.png
P8_0001550_X51006556827_OCR_NEG,C00096973_X51006556827,X51006556827,group_0550,train,OCR,23,376,303,395,280,19,108.0,0.0,AUTHENTIC_REGION,0,0,REAL,C:\Users\jay\New folder (2)\Trustrace\data\document_patches\P8_0001550_X51006556827_OCR_NEG.png
P8_0001551_X51006401869_OCR_NEG,C00076394_X51006401869,X51006401869,group_0450,train,OCR,235,1183,322,1207,87,24,135.0,0.0,AUTHENTIC_REGION,0,0,REAL,C:\Users\jay\New folder (2)\Trustrace\data\document_patches\P8_0001551_X51006401869_OCR_NEG.png
P8_0001552_X51005447860_OCR_NEG,C00018372_X51005447860,X51005447860,group_0125,train,OCR,101,918,254,955,153,37,145.0,0.0,AUTHENTIC_REGION,0,0,REAL,C:\Users\jay\New folder (2)\Trustrace\data\document_patches\P8_0001552_X51005447860_OCR_NEG.png
P8_0001553_X51006401978_OCR_NEG,C00076781_X51006401978,X51006401978,group_0453,train,OCR,634,726,703,751,69,25,96.0,0.0,AUTHENTIC_REGION,0,0,REAL,C:\Users\jay\New folder (2)\Trustrace\data\document_patches\P8_0001553_X51006401978_OCR_NEG.png
P8_0001554_X51005663273_OCR_NEG,C00026393_X51005663273,X51005663273,group_0163,train,OCR,437,1293,512,1317,75,24,125.0,0.0,AUTHENTIC_REGION,0,0,REAL,C:\Users\jay\New folder (2)\Trustrace\data\document_patches\P8_0001554_X51005663273_OCR_NEG.png
P8_0001555_X51005663310_OCR_NEG,C00028840_X51005663310,X51005663310,group_0177,train,OCR,335,363,498,388,163,25,140.0,0.0,AUTHENTIC_REGION,0,0,REAL,C:\Users\jay\New folder (2)\Trustrace\data\document_patches\P8_0001555_X51005663310_OCR_NEG.png
P8_0001556_X51008099088_OCR_NEG,C00155906_X51008099088,X51008099088,group_0862,train,OCR,602,783,684,818,82,35,125.0,0.0,AUTHENTIC_REGION,0,0,REAL,C:\Users\jay\New folder (2)\Trustrace\data\document_patches\P8_0001556_X51008099088_OCR_NEG.png
P8_0001557_X51005568898_OCR_NEG,C00022290_X51005568898,X51005568898,group_0142,train,OCR,18,246,39,277,21,31,105.0,0.0,AUTHENTIC_REGION,0,0,REAL,C:\Users\jay\New folder (2)\Trustrace\data\document_patches\P8_0001557_X51005568898_OCR_NEG.png
P8_0001558_X51005719857_OCR_NEG,C00042592_X51005719857,X51005719857,group_0253,train,OCR,124,427,173,459,49,32,115.0,0.0,AUTHENTIC_REGION,0,0,REAL,C:\Users\jay\New folder (2)\Trustrace\data\document_patches\P8_0001558_X51005719857_OCR_NEG.png
P8_0001559_X51005719873_OCR_NEG,C00043243_X51005719873,X51005719873,group_0257,train,OCR,705,2043,768,2071,63,28,120.0,0.0,AUTHENTIC_REGION,0,0,REAL,C:\Users\jay\New folder (2)\Trustrace\data\document_patches\P8_0001559_X51005719873_OCR_NEG.png
P8_0001560_X51008042793_OCR_NEG,C00152927_X51008042793,X51008042793,group_0844,train,OCR,260,847,268,869,8,22,105.0,0.0,AUTHENTIC_REGION,0,0,REAL,C:\Users\jay\New folder (2)\Trustrace\data\document_patches\P8_0001560_X51008042793_OCR_NEG.png
P8_0001561_X51005757282_OCR_NEG,C00054718_X51005757282,X51005757282,group_0323,train,OCR,325,353,390,384,65,31,125.0,0.0,AUTHENTIC_REGION,0,0,REAL,C:\Users\jay\New folder (2)\Trustrace\data\document_patches\P8_0001561_X51005757282_OCR_NEG.png
P8_0001562_X51006414733_OCR_NEG,C00084686_X51006414733,X51006414733,group_0486,train,OCR,2637,336,2973,419,336,83,145.0,0.0,AUTHENTIC_REGION,0,0,REAL,C:\Users\jay\New folder (2)\Trustrace\data\document_patches\P8_0001562_X51006414733_OCR_NEG.png
P8_0001563_X51007339152_OCR_NEG,C00137069_X51007339152,X51007339152,group_0756,train,OCR,223,1229,287,1247,64,18,125.0,0.0,AUTHENTIC_REGION,0,0,REAL,C:\Users\jay\New folder (2)\Trustrace\data\document_patches\P8_0001563_X51007339152_OCR_NEG.png
P8_0001564_X51006334139_OCR_NEG,C00067965_X51006334139,X51006334139,group_0391,train,OCR,211,517,352,548,141,31,150.0,0.0,AUTHENTIC_REGION,0,0,REAL,C:\Users\jay\New folder (2)\Trustrace\data\document_patches\P8_0001564_X51006334139_OCR_NEG.png
P8_0001565_X51006311780_OCR_NEG,C00065047_X51006311780,X51006311780,group_0380,train,OCR,126,909,134,931,8,22,105.0,0.0,AUTHENTIC_REGION,0,0,REAL,C:\Users\jay\New folder (2)\Trustrace\data\document_patches\P8_0001565_X51006311780_OCR_NEG.png
P8_0001566_X51006556830_OCR_NEG,C00097674_X51006556830,X51006556830,group_0553,train,OCR,444,688,498,709,54,21,125.0,0.0,AUTHENTIC_REGION,0,0,REAL,C:\Users\jay\New folder (2)\Trustrace\data\document_patches\P8_0001566_X51006556830_OCR_NEG.png
P8_0001567_X51007339097_OCR_NEG,C00130328_X51007339097,X51007339097,group_0737,train,OCR,441,1093,568,1110,127,17,150.0,0.0,AUTHENTIC_REGION,0,0,REAL,C:\Users\jay\New folder (2)\Trustrace\data\document_patches\P8_0001567_X51007339097_OCR_NEG.png
P8_0001568_X51006913019_OCR_NEG,C00119641_X51006913019,X51006913019,group_0686,train,OCR,1235,4140,1473,4213,238,73,135.0,0.0,AUTHENTIC_REGION,0,0,REAL,C:\Users\jay\New folder (2)\Trustrace\data\document_patches\P8_0001568_X51006913019_OCR_NEG.png
P8_0001569_X51007843145_OCR_NEG,C00142122_X51007843145,X51007843145,group_0786,train,OCR,2289,3756,2837,3835,548,79,96.0,0.0,AUTHENTIC_REGION,0,0,REAL,C:\Users\jay\New folder (2)\Trustrace\data\document_patches\P8_0001569_X51007843145_OCR_NEG.png
P8_0001570_X51008164996_OCR_NEG,C00164446_X51008164996,X51008164996,group_0907,train,OCR,184,758,301,790,117,32,140.0,0.0,AUTHENTIC_REGION,0,0,REAL,C:\Users\jay\New folder (2)\Trustrace\data\document_patches\P8_0001570_X51008164996_OCR_NEG.png
P8_0001571_X51007846355_OCR_NEG,C00146340_X51007846355,X51007846355,group_0810,train,OCR,2061,1485,2161,1558,100,73,115.0,0.0,AUTHENTIC_REGION,0,0,REAL,C:\Users\jay\New folder (2)\Trustrace\data\document_patches\P8_0001571_X51007846355_OCR_NEG.png
P8_0001572_X51005712038_OCR_NEG,C00040621_X51005712038,X51005712038,group_0241,train,OCR,368,421,402,440,34,19,120.0,0.0,AUTHENTIC_REGION,0,0,REAL,C:\Users\jay\New folder (2)\Trustrace\data\document_patches\P8_0001572_X51005712038_OCR_NEG.png
P8_0001573_X51006414632_OCR_NEG,C00080065_X51006414632,X51006414632,group_0030,train,OCR,2325,1914,2469,1962,144,48,125.0,0.0,AUTHENTIC_REGION,0,0,REAL,C:\Users\jay\New folder (2)\Trustrace\data\document_patches\P8_0001573_X51006414632_OCR_NEG.png
P8_0001574_X51006387660_OCR_NEG,C00071058_X51006387660,X51006387660,group_0411,train,OCR,42,811,79,835,37,24,115.0,0.0,AUTHENTIC_REGION,0,0,REAL,C:\Users\jay\New folder (2)\Trustrace\data\document_patches\P8_0001574_X51006387660_OCR_NEG.png
P8_0001575_X51005568887_OCR_NEG,C00020986_X51005568887,X51005568887,group_0135,train,OCR,128,682,134,704,6,22,105.0,0.0,AUTHENTIC_REGION,0,0,REAL,C:\Users\jay\New folder (2)\Trustrace\data\document_patches\P8_0001575_X51005568887_OCR_NEG.png
P8_0001576_X51006619545_OCR_NEG,C00107438_X51006619545,X51006619545,group_0603,train,OCR,566,741,642,767,76,26,130.0,0.0,AUTHENTIC_REGION,0,0,REAL,C:\Users\jay\New folder (2)\Trustrace\data\document_patches\P8_0001576_X51006619545_OCR_NEG.png
P8_0001577_X51005337867_OCR_NEG,C00005794_X51005337867,X51005337867,group_0060,train,OCR,273,1428,311,1450,38,22,115.0,0.0,AUTHENTIC_REGION,0,0,REAL,C:\Users\jay\New folder (2)\Trustrace\data\document_patches\P8_0001577_X51005337867_OCR_NEG.png
P8_0001578_X51006388064_OCR_NEG,C00073083_X51006388064,X51006388064,group_0426,train,OCR,84,800,219,825,135,25,96.0,0.0,AUTHENTIC_REGION,0,0,REAL,C:\Users\jay\New folder (2)\Trustrace\data\document_patches\P8_0001578_X51006388064_OCR_NEG.png
P8_0001579_X51006335552_OCR_NEG,C00069750_X51006335552,X51006335552,group_0402,train,OCR,315,706,358,731,43,25,120.0,0.0,AUTHENTIC_REGION,0,0,REAL,C:\Users\jay\New folder (2)\Trustrace\data\document_patches\P8_0001579_X51006335552_OCR_NEG.png
P8_0001580_X51005230659_OCR_NEG,C00002891_X51005230659,X51005230659,group_0051,train,OCR,39,818,174,842,135,24,130.0,0.0,AUTHENTIC_REGION,0,0,REAL,C:\Users\jay\New folder (2)\Trustrace\data\document_patches\P8_0001580_X51005230659_OCR_NEG.png
P8_0001581_X51005568899_OCR_NEG,C00022574_X51005568899,X51005568899,group_0143,train,OCR,157,984,250,1018,93,34,125.0,0.0,AUTHENTIC_REGION,0,0,REAL,C:\Users\jay\New folder (2)\Trustrace\data\document_patches\P8_0001581_X51005568899_OCR_NEG.png
P8_0001582_X51005453729_OCR_NEG,C00018791_X51005453729,X51005453729,group_0014,train,OCR,109,431,339,451,230,20,102.0,0.0,AUTHENTIC_REGION,0,0,REAL,C:\Users\jay\New folder (2)\Trustrace\data\document_patches\P8_0001582_X51005453729_OCR_NEG.png
P8_0001583_X51006387951_OCR_NEG,C00072358_X51006387951,X51006387951,group_0421,train,OCR,94,220,477,248,383,28,96.0,0.0,AUTHENTIC_REGION,0,0,REAL,C:\Users\jay\New folder (2)\Trustrace\data\document_patches\P8_0001583_X51006387951_OCR_NEG.png
P8_0001584_X51005568894_OCR_NEG,C00021953_X51005568894,X51005568894,group_0140,train,OCR,73,2698,162,2724,89,26,125.0,0.0,AUTHENTIC_REGION,0,0,REAL,C:\Users\jay\New folder (2)\Trustrace\data\document_patches\P8_0001584_X51005568894_OCR_NEG.png
P8_0001585_X51005365187_OCR_NEG,C00008499_X51005365187,X51005365187,group_0076,train,OCR,229,437,307,457,78,20,125.0,0.0,AUTHENTIC_REGION,0,0,REAL,C:\Users\jay\New folder (2)\Trustrace\data\document_patches\P8_0001585_X51005365187_OCR_NEG.png
P8_0001586_X51006557199_OCR_NEG,C00104373_X51006557199,X51006557199,group_0583,train,OCR,369,1031,427,1048,58,17,125.0,0.0,AUTHENTIC_REGION,0,0,REAL,C:\Users\jay\New folder (2)\Trustrace\data\document_patches\P8_0001586_X51006557199_OCR_NEG.png
P8_0001587_X51005568899_OCR_NEG,C00022556_X51005568899,X51005568899,group_0143,train,OCR,219,601,643,640,424,39,99.0,0.0,AUTHENTIC_REGION,0,0,REAL,C:\Users\jay\New folder (2)\Trustrace\data\document_patches\P8_0001587_X51005568899_OCR_NEG.png
P8_0001588_X51008164524_OCR_NEG,C00163646_X51008164524,X51008164524,group_0902,train,OCR,229,1027,430,1061,201,34,150.0,0.0,AUTHENTIC_REGION,0,0,REAL,C:\Users\jay\New folder (2)\Trustrace\data\document_patches\P8_0001588_X51008164524_OCR_NEG.png
P8_0001589_X51006401723_OCR_NEG,C00075923_X51006401723,X51006401723,group_0028,train,OCR,325,663,368,691,43,28,115.0,0.0,AUTHENTIC_REGION,0,0,REAL,C:\Users\jay\New folder (2)\Trustrace\data\document_patches\P8_0001589_X51006401723_OCR_NEG.png
P8_0001590_X51006555818_OCR_NEG,C00089022_X51006555818,X51006555818,group_0514,train,OCR,512,780,532,795,20,15,110.0,0.0,AUTHENTIC_REGION,0,0,REAL,C:\Users\jay\New folder (2)\Trustrace\data\document_patches\P8_0001590_X51006555818_OCR_NEG.png
P8_0001591_X51008099087_OCR_NEG,C00155781_X51008099087,X51008099087,group_0861,train,OCR,770,1128,827,1164,57,36,115.0,0.0,AUTHENTIC_REGION,0,0,REAL,C:\Users\jay\New folder (2)\Trustrace\data\document_patches\P8_0001591_X51008099087_OCR_NEG.png
P8_0001592_X51006334741_OCR_NEG,C00068385_X51006334741,X51006334741,group_0393,train,OCR,146,1518,510,1543,364,25,96.0,0.0,AUTHENTIC_REGION,0,0,REAL,C:\Users\jay\New folder (2)\Trustrace\data\document_patches\P8_0001592_X51006334741_OCR_NEG.png
P8_0001593_X51005719895_OCR_NEG,C00044464_X51005719895,X51005719895,group_0265,train,OCR,310,1997,343,2028,33,31,110.0,0.0,AUTHENTIC_REGION,0,0,REAL,C:\Users\jay\New folder (2)\Trustrace\data\document_patches\P8_0001593_X51005719895_OCR_NEG.png
P8_0001594_X51008042787_OCR_NEG,C00152434_X51008042787,X51008042787,group_0841,train,OCR,120,1368,144,1388,24,20,110.0,0.0,AUTHENTIC_REGION,0,0,REAL,C:\Users\jay\New folder (2)\Trustrace\data\document_patches\P8_0001594_X51008042787_OCR_NEG.png
P8_0001595_X51006414425_OCR_NEG,C00077364_X51006414425,X51006414425,group_0456,train,OCR,2507,4154,2657,4201,150,47,120.0,0.0,AUTHENTIC_REGION,0,0,REAL,C:\Users\jay\New folder (2)\Trustrace\data\document_patches\P8_0001595_X51006414425_OCR_NEG.png
P8_0001596_X51008042787_OCR_NEG,C00152474_X51008042787,X51008042787,group_0841,train,OCR,56,1913,168,1935,112,22,135.0,0.0,AUTHENTIC_REGION,0,0,REAL,C:\Users\jay\New folder (2)\Trustrace\data\document_patches\P8_0001596_X51008042787_OCR_NEG.png
P8_0001597_X51007339114_OCR_NEG,C00132522_X51007339114,X51007339114,group_0001,train,OCR,123,1277,213,1294,90,17,130.0,0.0,AUTHENTIC_REGION,0,0,REAL,C:\Users\jay\New folder (2)\Trustrace\data\document_patches\P8_0001597_X51007339114_OCR_NEG.png
P8_0001598_X51006008082_OCR_NEG,C00061575_X51006008082,X51006008082,group_0362,train,OCR,332,824,456,853,124,29,150.0,0.0,AUTHENTIC_REGION,0,0,REAL,C:\Users\jay\New folder (2)\Trustrace\data\document_patches\P8_0001598_X51006008082_OCR_NEG.png
P8_0001599_X51005676547_OCR_NEG,C00032996_X51005676547,X51005676547,group_0200,train,OCR,103,1789,211,1813,108,24,125.0,0.0,AUTHENTIC_REGION,0,0,REAL,C:\Users\jay\New folder (2)\Trustrace\data\document_patches\P8_0001599_X51005676547_OCR_NEG.png
P8_0001600_X51005677327_OCR_NEG,C00033487_X51005677327,X51005677327,group_0203,train,OCR,462,1381,555,1408,93,27,120.0,0.0,AUTHENTIC_REGION,0,0,REAL,C:\Users\jay\New folder (2)\Trustrace\data\document_patches\P8_0001600_X51005677327_OCR_NEG.png
P8_0001601_X51007339167_OCR_NEG,C00139500_X51007339167,X51007339167,group_0001,train,OCR,478,307,591,329,113,22,135.0,0.0,AUTHENTIC_REGION,0,0,REAL,C:\Users\jay\New folder (2)\Trustrace\data\document_patches\P8_0001601_X51007339167_OCR_NEG.png
P8_0001602_X51006620190_OCR_NEG,C00113334_X51006620190,X51006620190,group_0648,train,OCR,544,542,706,581,162,39,145.0,0.0,AUTHENTIC_REGION,0,0,REAL,C:\Users\jay\New folder (2)\Trustrace\data\document_patches\P8_0001602_X51006620190_OCR_NEG.png
P8_0001603_X51007339157_OCR_NEG,C00137376_X51007339157,X51007339157,group_0758,train,OCR,479,311,591,333,112,22,135.0,0.0,AUTHENTIC_REGION,0,0,REAL,C:\Users\jay\New folder (2)\Trustrace\data\document_patches\P8_0001603_X51007339157_OCR_NEG.png
P8_0001604_X51007339120_OCR_NEG,C00133671_X51007339120,X51007339120,group_0001,train,OCR,103,612,116,629,13,17,105.0,0.0,AUTHENTIC_REGION,0,0,REAL,C:\Users\jay\New folder (2)\Trustrace\data\document_patches\P8_0001604_X51007339120_OCR_NEG.png
P8_0001605_X51008030560_OCR_NEG,C00150518_X51008030560,X51008030560,group_0828,train,OCR,466,716,473,735,7,19,105.0,0.0,AUTHENTIC_REGION,0,0,REAL,C:\Users\jay\New folder (2)\Trustrace\data\document_patches\P8_0001605_X51008030560_OCR_NEG.png
P8_0001606_X51005447841_OCR_NEG,C00016891_X51005447841,X51005447841,group_0117,train,OCR,861,784,881,818,20,34,105.0,0.0,AUTHENTIC_REGION,0,0,REAL,C:\Users\jay\New folder (2)\Trustrace\data\document_patches\P8_0001606_X51005447841_OCR_NEG.png
P8_0001607_X51005677332_OCR_NEG,C00034109_X51005677332,X51005677332,group_0207,train,OCR,392,273,544,306,152,33,145.0,0.0,AUTHENTIC_REGION,0,0,REAL,C:\Users\jay\New folder (2)\Trustrace\data\document_patches\P8_0001607_X51005677332_OCR_NEG.png
P8_0001608_X51005568827_OCR_NEG,C00019376_X51005568827,X51005568827,group_0128,train,OCR,480,682,653,715,173,33,125.0,0.0,AUTHENTIC_REGION,0,0,REAL,C:\Users\jay\New folder (2)\Trustrace\data\document_patches\P8_0001608_X51005568827_OCR_NEG.png
P8_0001609_X51007339109_OCR_NEG,C00131547_X51007339109,X51007339109,group_0742,train,OCR,254,1316,298,1333,44,17,115.0,0.0,AUTHENTIC_REGION,0,0,REAL,C:\Users\jay\New folder (2)\Trustrace\data\document_patches\P8_0001609_X51007339109_OCR_NEG.png
P8_0001610_X51006619561_OCR_NEG,C00107843_X51006619561,X51006619561,group_0605,train,OCR,57,1099,324,1138,267,39,150.0,0.0,AUTHENTIC_REGION,0,0,REAL,C:\Users\jay\New folder (2)\Trustrace\data\document_patches\P8_0001610_X51006619561_OCR_NEG.png
P8_0001611_X51005705784_OCR_NEG,C00036955_X51005705784,X51005705784,group_0219,train,OCR,75,144,176,176,101,32,125.0,0.0,AUTHENTIC_REGION,0,0,REAL,C:\Users\jay\New folder (2)\Trustrace\data\document_patches\P8_0001611_X51005705784_OCR_NEG.png
P8_0001612_X51006414671_OCR_NEG,C00080596_X51006414671,X51006414671,group_0467,train,OCR,2158,1642,2447,1706,289,64,150.0,0.0,AUTHENTIC_REGION,0,0,REAL,C:\Users\jay\New folder (2)\Trustrace\data\document_patches\P8_0001612_X51006414671_OCR_NEG.png
P8_0001613_X51006008083_OCR_NEG,C00061780_X51006008083,X51006008083,group_0363,train,OCR,577,782,639,804,62,22,125.0,0.0,AUTHENTIC_REGION,0,0,REAL,C:\Users\jay\New folder (2)\Trustrace\data\document_patches\P8_0001613_X51006008083_OCR_NEG.png
P8_0001614_X51006008082_OCR_NEG,C00061549_X51006008082,X51006008082,group_0362,train,OCR,605,587,662,608,57,21,120.0,0.0,AUTHENTIC_REGION,0,0,REAL,C:\Users\jay\New folder (2)\Trustrace\data\document_patches\P8_0001614_X51006008082_OCR_NEG.png
P8_0001615_X51007846310_OCR_NEG,C00145307_X51007846310,X51007846310,group_0804,train,OCR,2877,2956,3082,3019,205,63,130.0,0.0,AUTHENTIC_REGION,0,0,REAL,C:\Users\jay\New folder (2)\Trustrace\data\document_patches\P8_0001615_X51007846310_OCR_NEG.png
P8_0001616_X51005724621_OCR_NEG,C00047580_X51005724621,X51005724621,group_0282,train,OCR,147,474,206,502,59,28,115.0,0.0,AUTHENTIC_REGION,0,0,REAL,C:\Users\jay\New folder (2)\Trustrace\data\document_patches\P8_0001616_X51005724621_OCR_NEG.png
P8_0001617_X51007339146_OCR_NEG,C00136456_X51007339146,X51007339146,group_0755,train,OCR,197,1171,232,1183,35,12,115.0,0.0,AUTHENTIC_REGION,0,0,REAL,C:\Users\jay\New folder (2)\Trustrace\data\document_patches\P8_0001617_X51007339146_OCR_NEG.png
P8_0001618_X51005806718_OCR_NEG,C00060142_X51005806718,X51005806718,group_0354,train,OCR,79,736,91,759,12,23,105.0,0.0,AUTHENTIC_REGION,0,0,REAL,C:\Users\jay\New folder (2)\Trustrace\data\document_patches\P8_0001618_X51005806718_OCR_NEG.png
P8_0001619_X51006555818_OCR_NEG,C00089031_X51006555818,X51006555818,group_0514,train,OCR,192,636,248,666,56,30,125.0,0.0,AUTHENTIC_REGION,0,0,REAL,C:\Users\jay\New folder (2)\Trustrace\data\document_patches\P8_0001619_X51006555818_OCR_NEG.png
P8_0001620_X51007846397_OCR_NEG,C00149360_X51007846397,X51007846397,group_0823,train,OCR,2498,4030,2585,4069,87,39,115.0,0.0,AUTHENTIC_REGION,0,0,REAL,C:\Users\jay\New folder (2)\Trustrace\data\document_patches\P8_0001620_X51007846397_OCR_NEG.png
P8_0001621_X51006414674_OCR_NEG,C00080797_X51006414674,X51006414674,group_0468,train,OCR,2380,1552,2570,1598,190,46,125.0,0.0,AUTHENTIC_REGION,0,0,REAL,C:\Users\jay\New folder (2)\Trustrace\data\document_patches\P8_0001621_X51006414674_OCR_NEG.png
P8_0001622_X51005587261_OCR_NEG,C00023983_X51005587261,X51005587261,group_0150,train,OCR,148,1557,195,1584,47,27,115.0,0.0,AUTHENTIC_REGION,0,0,REAL,C:\Users\jay\New folder (2)\Trustrace\data\document_patches\P8_0001622_X51005587261_OCR_NEG.png
P8_0001623_X51007846283_OCR_NEG,C00143082_X51007846283,X51007846283,group_0792,train,OCR,1578,2056,2093,2129,515,73,96.0,0.0,AUTHENTIC_REGION,0,0,REAL,C:\Users\jay\New folder (2)\Trustrace\data\document_patches\P8_0001623_X51007846283_OCR_NEG.png
P8_0001624_X51005677331_OCR_NEG,C00033993_X51005677331,X51005677331,group_0206,train,OCR,691,1409,755,1436,64,27,96.0,0.0,AUTHENTIC_REGION,0,0,REAL,C:\Users\jay\New folder (2)\Trustrace\data\document_patches\P8_0001624_X51005677331_OCR_NEG.png
P8_0001625_X51005444044_OCR_NEG,C00015685_X51005444044,X51005444044,group_0110,train,OCR,225,1127,279,1153,54,26,120.0,0.0,AUTHENTIC_REGION,0,0,REAL,C:\Users\jay\New folder (2)\Trustrace\data\document_patches\P8_0001625_X51005444044_OCR_NEG.png
P8_0001626_X51005301666_OCR_NEG,C00004771_X51005301666,X51005301666,group_0010,train,OCR,480,341,502,370,22,29,110.0,0.0,AUTHENTIC_REGION,0,0,REAL,C:\Users\jay\New folder (2)\Trustrace\data\document_patches\P8_0001626_X51005301666_OCR_NEG.png
P8_0001627_X51005676539_OCR_NEG,C00031578_X51005676539,X51005676539,group_0192,train,OCR,678,929,761,957,83,28,96.0,0.0,AUTHENTIC_REGION,0,0,REAL,C:\Users\jay\New folder (2)\Trustrace\data\document_patches\P8_0001627_X51005676539_OCR_NEG.png
P8_0001628_X51006389898_OCR_NEG,C00074769_X51006389898,X51006389898,group_0439,train,OCR,608,1418,836,1453,228,35,102.0,0.0,AUTHENTIC_REGION,0,0,REAL,C:\Users\jay\New folder (2)\Trustrace\data\document_patches\P8_0001628_X51006389898_OCR_NEG.png
P8_0001629_X51005757286_OCR_NEG,C00054923_X51005757286,X51005757286,group_0324,train,OCR,394,1123,432,1141,38,18,120.0,0.0,AUTHENTIC_REGION,0,0,REAL,C:\Users\jay\New folder (2)\Trustrace\data\document_patches\P8_0001629_X51005757286_OCR_NEG.png
P8_0001630_X51007339114_OCR_NEG,C00132437_X51007339114,X51007339114,group_0001,train,OCR,124,550,206,568,82,18,135.0,0.0,AUTHENTIC_REGION,0,0,REAL,C:\Users\jay\New folder (2)\Trustrace\data\document_patches\P8_0001630_X51007339114_OCR_NEG.png
P8_0001631_X51008099088_OCR_NEG,C00155860_X51008099088,X51008099088,group_0862,train,OCR,582,399,700,437,118,38,135.0,0.0,AUTHENTIC_REGION,0,0,REAL,C:\Users\jay\New folder (2)\Trustrace\data\document_patches\P8_0001631_X51008099088_OCR_NEG.png
P8_0001632_X51008099049_OCR_NEG,C00154375_X51008099049,X51008099049,group_0852,train,OCR,432,1657,470,1690,38,33,110.0,0.0,AUTHENTIC_REGION,0,0,REAL,C:\Users\jay\New folder (2)\Trustrace\data\document_patches\P8_0001632_X51008099049_OCR_NEG.png
P8_0001633_X51006334741_OCR_NEG,C00068321_X51006334741,X51006334741,group_0393,train,OCR,35,808,107,833,72,25,125.0,0.0,AUTHENTIC_REGION,0,0,REAL,C:\Users\jay\New folder (2)\Trustrace\data\document_patches\P8_0001633_X51006334741_OCR_NEG.png
P8_0001634_X51007339106_OCR_NEG,C00131084_X51007339106,X51007339106,group_0740,train,OCR,97,981,130,998,33,17,110.0,0.0,AUTHENTIC_REGION,0,0,REAL,C:\Users\jay\New folder (2)\Trustrace\data\document_patches\P8_0001634_X51007339106_OCR_NEG.png
P8_0001635_X51005453729_OCR_NEG,C00018760_X51005453729,X51005453729,group_0014,train,OCR,137,231,190,246,53,15,125.0,0.0,AUTHENTIC_REGION,0,0,REAL,C:\Users\jay\New folder (2)\Trustrace\data\document_patches\P8_0001635_X51005453729_OCR_NEG.png
P8_0001636_X51005757233_OCR_NEG,C00053994_X51005757233,X51005757233,group_0318,train,OCR,294,1084,410,1118,116,34,140.0,0.0,AUTHENTIC_REGION,0,0,REAL,C:\Users\jay\New folder (2)\Trustrace\data\document_patches\P8_0001636_X51005757233_OCR_NEG.png
P8_0001637_X51006913059_OCR_NEG,C00121282_X51006913059,X51006913059,group_0693,train,OCR,1902,2451,1919,2498,17,47,105.0,0.0,AUTHENTIC_REGION,0,0,REAL,C:\Users\jay\New folder (2)\Trustrace\data\document_patches\P8_0001637_X51006913059_OCR_NEG.png
P8_0001638_X00016469671_OCR_NEG,C00000933_X00016469671,X00016469671,group_0040,train,OCR,153,211,206,227,53,16,130.0,0.0,AUTHENTIC_REGION,0,0,REAL,C:\Users\jay\New folder (2)\Trustrace\data\document_patches\P8_0001638_X00016469671_OCR_NEG.png
P8_0001639_X51007225399_OCR_NEG,C00125876_X51007225399,X51007225399,group_0715,train,OCR,229,1299,269,1318,40,19,115.0,0.0,AUTHENTIC_REGION,0,0,REAL,C:\Users\jay\New folder (2)\Trustrace\data\document_patches\P8_0001639_X51007225399_OCR_NEG.png
P8_0001640_X51006414733_OCR_NEG,C00084705_X51006414733,X51006414733,group_0486,train,OCR,2138,733,2344,803,206,70,96.0,0.0,AUTHENTIC_REGION,0,0,REAL,C:\Users\jay\New folder (2)\Trustrace\data\document_patches\P8_0001640_X51006414733_OCR_NEG.png
P8_0001641_X51007846366_OCR_NEG,C00147218_X51007846366,X51007846366,group_0815,train,OCR,2154,4063,2425,4145,271,82,140.0,0.0,AUTHENTIC_REGION,0,0,REAL,C:\Users\jay\New folder (2)\Trustrace\data\document_patches\P8_0001641_X51007846366_OCR_NEG.png
P8_0001642_X51006556604_OCR_NEG,C00090399_X51006556604,X51006556604,group_0521,train,OCR,248,257,295,289,47,32,120.0,0.0,AUTHENTIC_REGION,0,0,REAL,C:\Users\jay\New folder (2)\Trustrace\data\document_patches\P8_0001642_X51006556604_OCR_NEG.png
P8_0001643_X51007339152_OCR_NEG,C00137052_X51007339152,X51007339152,group_0756,train,OCR,203,1098,238,1111,35,13,115.0,0.0,AUTHENTIC_REGION,0,0,REAL,C:\Users\jay\New folder (2)\Trustrace\data\document_patches\P8_0001643_X51007339152_OCR_NEG.png
P8_0001644_X51008099100_OCR_NEG,C00156335_X51008099100,X51008099100,group_0865,train,OCR,312,450,368,484,56,34,115.0,0.0,AUTHENTIC_REGION,0,0,REAL,C:\Users\jay\New folder (2)\Trustrace\data\document_patches\P8_0001644_X51008099100_OCR_NEG.png
P8_0001645_X51005745296_OCR_NEG,C00051170_X51005745296,X51005745296,group_0303,train,OCR,240,387,472,415,232,28,102.0,0.0,AUTHENTIC_REGION,0,0,REAL,C:\Users\jay\New folder (2)\Trustrace\data\document_patches\P8_0001645_X51005745296_OCR_NEG.png
P8_0001646_X51006008082_OCR_NEG,C00061508_X51006008082,X51006008082,group_0362,train,OCR,50,545,165,566,115,21,140.0,0.0,AUTHENTIC_REGION,0,0,REAL,C:\Users\jay\New folder (2)\Trustrace\data\document_patches\P8_0001646_X51006008082_OCR_NEG.png
P8_0001647_X51006556738_OCR_NEG,C00093821_X51006556738,X51006556738,group_0536,train,OCR,226,583,272,599,46,16,120.0,0.0,AUTHENTIC_REGION,0,0,REAL,C:\Users\jay\New folder (2)\Trustrace\data\document_patches\P8_0001647_X51006556738_OCR_NEG.png
P8_0001648_X51006334927_OCR_NEG,C00069270_X51006334927,X51006334927,group_0399,train,OCR,265,409,302,436,37,27,115.0,0.0,AUTHENTIC_REGION,0,0,REAL,C:\Users\jay\New folder (2)\Trustrace\data\document_patches\P8_0001648_X51006334927_OCR_NEG.png
P8_0001649_X51005453729_OCR_NEG,C00018740_X51005453729,X51005453729,group_0014,train,OCR,13,24,123,44,110,20,135.0,0.0,AUTHENTIC_REGION,0,0,REAL,C:\Users\jay\New folder (2)\Trustrace\data\document_patches\P8_0001649_X51005453729_OCR_NEG.png
P8_0001650_X51005568827_OCR_NEG,C00019421_X51005568827,X51005568827,group_0128,train,OCR,337,1153,372,1184,35,31,110.0,0.0,AUTHENTIC_REGION,0,0,REAL,C:\Users\jay\New folder (2)\Trustrace\data\document_patches\P8_0001650_X51005568827_OCR_NEG.png
P8_0001651_X51006556838_OCR_NEG,C00098021_X51006556838,X51006556838,group_0555,train,OCR,357,491,402,507,45,16,120.0,0.0,AUTHENTIC_REGION,0,0,REAL,C:\Users\jay\New folder (2)\Trustrace\data\document_patches\P8_0001651_X51006556838_OCR_NEG.png
P8_0001652_X51005447859_OCR_NEG,C00018222_X51005447859,X51005447859,group_0124,train,OCR,206,1178,370,1212,164,34,140.0,0.0,AUTHENTIC_REGION,0,0,REAL,C:\Users\jay\New folder (2)\Trustrace\data\document_patches\P8_0001652_X51005447859_OCR_NEG.png
P8_0001653_X51005444041_OCR_NEG,C00015577_X51005444041,X51005444041,group_0109,train,OCR,187,1902,625,1925,438,23,105.0,0.0,AUTHENTIC_REGION,0,0,REAL,C:\Users\jay\New folder (2)\Trustrace\data\document_patches\P8_0001653_X51005444041_OCR_NEG.png
P8_0001654_X51008064061_OCR_NEG,C00153224_X51008064061,X51008064061,group_0846,train,OCR,595,875,656,898,61,23,120.0,0.0,AUTHENTIC_REGION,0,0,REAL,C:\Users\jay\New folder (2)\Trustrace\data\document_patches\P8_0001654_X51008064061_OCR_NEG.png
P8_0001655_X51008142030_OCR_NEG,C00160474_X51008142030,X51008142030,group_0888,train,OCR,745,1752,814,1784,69,32,120.0,0.0,AUTHENTIC_REGION,0,0,REAL,C:\Users\jay\New folder (2)\Trustrace\data\document_patches\P8_0001655_X51008142030_OCR_NEG.png
P8_0001656_X51005746203_OCR_NEG,C00051757_X51005746203,X51005746203,group_0306,train,OCR,54,1291,236,1317,182,26,150.0,0.0,AUTHENTIC_REGION,0,0,REAL,C:\Users\jay\New folder (2)\Trustrace\data\document_patches\P8_0001656_X51005746203_OCR_NEG.png
P8_0001657_X51005447859_OCR_NEG,C00018185_X51005447859,X51005447859,group_0124,train,OCR,96,711,209,752,113,41,120.0,0.0,AUTHENTIC_REGION,0,0,REAL,C:\Users\jay\New folder (2)\Trustrace\data\document_patches\P8_0001657_X51005447859_OCR_NEG.png
P8_0001658_X51008142061_OCR_NEG,C00161910_X51008142061,X51008142061,group_0004,train,OCR,47,1301,108,1326,61,25,120.0,0.0,AUTHENTIC_REGION,0,0,REAL,C:\Users\jay\New folder (2)\Trustrace\data\document_patches\P8_0001658_X51008142061_OCR_NEG.png
P8_0001659_X51005663297_OCR_NEG,C00027705_X51005663297,X51005663297,group_0171,train,OCR,47,954,441,986,394,32,102.0,0.0,AUTHENTIC_REGION,0,0,REAL,C:\Users\jay\New folder (2)\Trustrace\data\document_patches\P8_0001659_X51005663297_OCR_NEG.png
P8_0001660_X51005889296_OCR_NEG,C00060598_X51005889296,X51005889296,group_0357,train,OCR,191,220,424,245,233,25,102.0,0.0,AUTHENTIC_REGION,0,0,REAL,C:\Users\jay\New folder (2)\Trustrace\data\document_patches\P8_0001660_X51005889296_OCR_NEG.png
P8_0001661_X51005568895_OCR_NEG,C00022150_X51005568895,X51005568895,group_0141,train,OCR,450,1864,456,1886,6,22,105.0,0.0,AUTHENTIC_REGION,0,0,REAL,C:\Users\jay\New folder (2)\Trustrace\data\document_patches\P8_0001661_X51005568895_OCR_NEG.png
P8_0001662_X51005568895_OCR_NEG,C00022076_X51005568895,X51005568895,group_0141,train,OCR,100,482,277,514,177,32,135.0,0.0,AUTHENTIC_REGION,0,0,REAL,C:\Users\jay\New folder (2)\Trustrace\data\document_patches\P8_0001662_X51005568895_OCR_NEG.png
P8_0001663_X51006389894_OCR_NEG,C00074565_X51006389894,X51006389894,group_0438,train,OCR,63,457,115,489,52,32,115.0,0.0,AUTHENTIC_REGION,0,0,REAL,C:\Users\jay\New folder (2)\Trustrace\data\document_patches\P8_0001663_X51006389894_OCR_NEG.png
P8_0001664_X51007339110_OCR_NEG,C00131748_X51007339110,X51007339110,group_0743,train,OCR,180,1349,202,1362,22,13,110.0,0.0,AUTHENTIC_REGION,0,0,REAL,C:\Users\jay\New folder (2)\Trustrace\data\document_patches\P8_0001664_X51007339110_OCR_NEG.png
P8_0001665_X51005712021_OCR_NEG,C00040424_X51005712021,X51005712021,group_0240,train,OCR,121,673,168,689,47,16,125.0,0.0,AUTHENTIC_REGION,0,0,REAL,C:\Users\jay\New folder (2)\Trustrace\data\document_patches\P8_0001665_X51005712021_OCR_NEG.png
P8_0001666_X51006414532_OCR_NEG,C00078978_X51006414532,X51006414532,group_0461,train,OCR,2736,4855,2789,4914,53,59,110.0,0.0,AUTHENTIC_REGION,0,0,REAL,C:\Users\jay\New folder (2)\Trustrace\data\document_patches\P8_0001666_X51006414532_OCR_NEG.png
P8_0001667_X51005442322_OCR_NEG,C00011610_X51005442322,X51005442322,group_0091,train,OCR,414,679,465,695,51,16,130.0,0.0,AUTHENTIC_REGION,0,0,REAL,C:\Users\jay\New folder (2)\Trustrace\data\document_patches\P8_0001667_X51005442322_OCR_NEG.png
P8_0001668_X51005663298_OCR_NEG,C00028000_X51005663298,X51005663298,group_0172,train,OCR,253,922,354,954,101,32,130.0,0.0,AUTHENTIC_REGION,0,0,REAL,C:\Users\jay\New folder (2)\Trustrace\data\document_patches\P8_0001668_X51005663298_OCR_NEG.png
P8_0001669_X51007339135_OCR_NEG,C00135827_X51007339135,X51007339135,group_0752,train,OCR,386,1138,526,1155,140,17,145.0,0.0,AUTHENTIC_REGION,0,0,REAL,C:\Users\jay\New folder (2)\Trustrace\data\document_patches\P8_0001669_X51007339135_OCR_NEG.png
P8_0001670_X51009568881_OCR_NEG,C00166125_X51009568881,X51009568881,group_0017,train,OCR,196,1548,266,1584,70,36,115.0,0.0,AUTHENTIC_REGION,0,0,REAL,C:\Users\jay\New folder (2)\Trustrace\data\document_patches\P8_0001670_X51009568881_OCR_NEG.png
P8_0001671_X51006557115_OCR_NEG,C00099712_X51006557115,X51006557115,group_0563,train,OCR,25,664,213,680,188,16,150.0,0.0,AUTHENTIC_REGION,0,0,REAL,C:\Users\jay\New folder (2)\Trustrace\data\document_patches\P8_0001671_X51006557115_OCR_NEG.png
P8_0001672_X51006414717_OCR_NEG,C00083636_X51006414717,X51006414717,group_0481,train,OCR,1929,2420,2346,2498,417,78,150.0,0.0,AUTHENTIC_REGION,0,0,REAL,C:\Users\jay\New folder (2)\Trustrace\data\document_patches\P8_0001672_X51006414717_OCR_NEG.png
P8_0001673_X51006327976_OCR_NEG,C00065604_X51006327976,X51006327976,group_0383,train,OCR,521,1368,582,1384,61,16,135.0,0.0,AUTHENTIC_REGION,0,0,REAL,C:\Users\jay\New folder (2)\Trustrace\data\document_patches\P8_0001673_X51006327976_OCR_NEG.png
P8_0001674_X51006556838_OCR_NEG,C00098097_X51006556838,X51006556838,group_0555,train,OCR,134,1014,192,1029,58,15,125.0,0.0,AUTHENTIC_REGION,0,0,REAL,C:\Users\jay\New folder (2)\Trustrace\data\document_patches\P8_0001674_X51006556838_OCR_NEG.png
P8_0001675_X51006401836_OCR_NEG,C00076063_X51006401836,X51006401836,group_0448,train,OCR,90,355,220,382,130,27,96.0,0.0,AUTHENTIC_REGION,0,0,REAL,C:\Users\jay\New folder (2)\Trustrace\data\document_patches\P8_0001675_X51006401836_OCR_NEG.png
P8_0001676_X51006414733_OCR_NEG,C00084759_X51006414733,X51006414733,group_0486,train,OCR,1829,2411,2344,2485,515,74,96.0,0.0,AUTHENTIC_REGION,0,0,REAL,C:\Users\jay\New folder (2)\Trustrace\data\document_patches\P8_0001676_X51006414733_OCR_NEG.png
P8_0001677_X51007231370_OCR_NEG,C00128848_X51007231370,X51007231370,group_0729,train,OCR,2727,1852,2864,1913,137,61,120.0,0.0,AUTHENTIC_REGION,0,0,REAL,C:\Users\jay\New folder (2)\Trustrace\data\document_patches\P8_0001677_X51007231370_OCR_NEG.png
P8_0001678_X51005719889_OCR_NEG,C00044081_X51005719889,X51005719889,group_0263,train,OCR,279,1094,324,1121,45,27,115.0,0.0,AUTHENTIC_REGION,0,0,REAL,C:\Users\jay\New folder (2)\Trustrace\data\document_patches\P8_0001678_X51005719889_OCR_NEG.png
P8_0001679_X51006556809_OCR_NEG,C00094796_X51006556809,X51006556809,group_0540,train,OCR,27,1011,552,1031,525,20,111.0,0.0,AUTHENTIC_REGION,0,0,REAL,C:\Users\jay\New folder (2)\Trustrace\data\document_patches\P8_0001679_X51006556809_OCR_NEG.png
P8_0001680_X51007846372_OCR_NEG,C00147881_X51007846372,X51007846372,group_0005,train,OCR,1400,2958,1595,3007,195,49,130.0,0.0,AUTHENTIC_REGION,0,0,REAL,C:\Users\jay\New folder (2)\Trustrace\data\document_patches\P8_0001680_X51007846372_OCR_NEG.png
P8_0001681_X51006557115_OCR_NEG,C00099686_X51006557115,X51006557115,group_0563,train,OCR,30,447,269,466,239,19,99.0,0.0,AUTHENTIC_REGION,0,0,REAL,C:\Users\jay\New folder (2)\Trustrace\data\document_patches\P8_0001681_X51006557115_OCR_NEG.png
P8_0001682_X51005568913_OCR_NEG,C00023066_X51005568913,X51005568913,group_0146,train,OCR,125,976,635,1013,510,37,102.0,0.0,AUTHENTIC_REGION,0,0,REAL,C:\Users\jay\New folder (2)\Trustrace\data\document_patches\P8_0001682_X51005568913_OCR_NEG.png
P8_0001683_X51005268275_OCR_NEG,C00003505_X51005268275,X51005268275,group_0010,train,OCR,196,331,659,370,463,39,105.0,0.0,AUTHENTIC_REGION,0,0,REAL,C:\Users\jay\New folder (2)\Trustrace\data\document_patches\P8_0001683_X51005268275_OCR_NEG.png
P8_0001684_X51007846379_OCR_NEG,C00148070_X51007846379,X51007846379,group_0818,train,OCR,1690,3010,2105,3084,415,74,150.0,0.0,AUTHENTIC_REGION,0,0,REAL,C:\Users\jay\New folder (2)\Trustrace\data\document_patches\P8_0001684_X51007846379_OCR_NEG.png
P8_0001685_X51005677334_OCR_NEG,C00034559_X51005677334,X51005677334,group_0209,train,OCR,525,1796,616,1825,91,29,125.0,0.0,AUTHENTIC_REGION,0,0,REAL,C:\Users\jay\New folder (2)\Trustrace\data\document_patches\P8_0001685_X51005677334_OCR_NEG.png
P8_0001686_X51005568914_OCR_NEG,C00023210_X51005568914,X51005568914,group_0147,train,OCR,608,974,642,1012,34,38,110.0,0.0,AUTHENTIC_REGION,0,0,REAL,C:\Users\jay\New folder (2)\Trustrace\data\document_patches\P8_0001686_X51005568914_OCR_NEG.png
P8_0001687_X51006334699_OCR_NEG,C00068193_X51006334699,X51006334699,group_0392,train,OCR,140,1931,587,1957,447,26,105.0,0.0,AUTHENTIC_REGION,0,0,REAL,C:\Users\jay\New folder (2)\Trustrace\data\document_patches\P8_0001687_X51006334699_OCR_NEG.png
P8_0001688_X51008142059_OCR_NEG,C00161555_X51008142059,X51008142059,group_0004,train,OCR,461,1658,493,1686,32,28,110.0,0.0,AUTHENTIC_REGION,0,0,REAL,C:\Users\jay\New folder (2)\Trustrace\data\document_patches\P8_0001688_X51008142059_OCR_NEG.png
P8_0001689_X51005719895_OCR_NEG,C00044483_X51005719895,X51005719895,group_0265,train,OCR,377,2343,544,2376,167,33,150.0,0.0,AUTHENTIC_REGION,0,0,REAL,C:\Users\jay\New folder (2)\Trustrace\data\document_patches\P8_0001689_X51005719895_OCR_NEG.png
P8_0001690_X51006619790_OCR_NEG,C00111477_X51006619790,X51006619790,group_0634,train,OCR,340,464,374,494,34,30,110.0,0.0,AUTHENTIC_REGION,0,0,REAL,C:\Users\jay\New folder (2)\Trustrace\data\document_patches\P8_0001690_X51006619790_OCR_NEG.png
P8_0001691_X51005568895_OCR_NEG,C00022185_X51005568895,X51005568895,group_0141,train,OCR,59,2516,103,2542,44,26,115.0,0.0,AUTHENTIC_REGION,0,0,REAL,C:\Users\jay\New folder (2)\Trustrace\data\document_patches\P8_0001691_X51005568895_OCR_NEG.png
P8_0001692_X51006414519_OCR_NEG,C00078675_X51006414519,X51006414519,group_0460,train,OCR,2915,2660,3167,2715,252,55,96.0,0.0,AUTHENTIC_REGION,0,0,REAL,C:\Users\jay\New folder (2)\Trustrace\data\document_patches\P8_0001692_X51006414519_OCR_NEG.png
P8_0001693_X51006912976_OCR_NEG,C00118751_X51006912976,X51006912976,group_0682,train,OCR,2102,1702,2144,1759,42,57,105.0,0.0,AUTHENTIC_REGION,0,0,REAL,C:\Users\jay\New folder (2)\Trustrace\data\document_patches\P8_0001693_X51006912976_OCR_NEG.png
P8_0001694_X51006556596_OCR_NEG,C00090125_X51006556596,X51006556596,group_0519,train,OCR,227,1187,357,1210,130,23,150.0,0.0,AUTHENTIC_REGION,0,0,REAL,C:\Users\jay\New folder (2)\Trustrace\data\document_patches\P8_0001694_X51006556596_OCR_NEG.png
P8_0001695_X51005746203_OCR_NEG,C00051798_X51005746203,X51005746203,group_0306,train,OCR,495,1638,608,1663,113,25,140.0,0.0,AUTHENTIC_REGION,0,0,REAL,C:\Users\jay\New folder (2)\Trustrace\data\document_patches\P8_0001695_X51005746203_OCR_NEG.png
P8_0001696_X51007843145_OCR_NEG,C00142133_X51007843145,X51007843145,group_0786,train,OCR,3084,3564,3277,3632,193,68,125.0,0.0,AUTHENTIC_REGION,0,0,REAL,C:\Users\jay\New folder (2)\Trustrace\data\document_patches\P8_0001696_X51007843145_OCR_NEG.png
P8_0001697_X51006556823_OCR_NEG,C00096118_X51006556823,X51006556823,group_0546,train,OCR,203,979,260,998,57,19,125.0,0.0,AUTHENTIC_REGION,0,0,REAL,C:\Users\jay\New folder (2)\Trustrace\data\document_patches\P8_0001697_X51006556823_OCR_NEG.png
P8_0001698_X51005268200_OCR_NEG,C00003210_X51005268200,X51005268200,group_0053,train,OCR,70,1043,265,1070,195,27,96.0,0.0,AUTHENTIC_REGION,0,0,REAL,C:\Users\jay\New folder (2)\Trustrace\data\document_patches\P8_0001698_X51005268200_OCR_NEG.png
P8_0001699_X51006556809_OCR_NEG,C00094715_X51006556809,X51006556809,group_0540,train,OCR,98,392,120,407,22,15,110.0,0.0,AUTHENTIC_REGION,0,0,REAL,C:\Users\jay\New folder (2)\Trustrace\data\document_patches\P8_0001699_X51006556809_OCR_NEG.png
P8_0001700_X51005684949_OCR_NEG,C00035422_X51005684949,X51005684949,group_0020,train,OCR,150,237,194,256,44,19,115.0,0.0,AUTHENTIC_REGION,0,0,REAL,C:\Users\jay\New folder (2)\Trustrace\data\document_patches\P8_0001700_X51005684949_OCR_NEG.png
P8_0001701_X51005719902_OCR_NEG,C00045091_X51005719902,X51005719902,group_0269,train,OCR,380,1659,453,1691,73,32,120.0,0.0,AUTHENTIC_REGION,0,0,REAL,C:\Users\jay\New folder (2)\Trustrace\data\document_patches\P8_0001701_X51005719902_OCR_NEG.png
P8_0001702_X51006414721_OCR_NEG,C00084429_X51006414721,X51006414721,group_0484,train,OCR,1884,4229,1996,4275,112,46,115.0,0.0,AUTHENTIC_REGION,0,0,REAL,C:\Users\jay\New folder (2)\Trustrace\data\document_patches\P8_0001702_X51006414721_OCR_NEG.png
P8_0001703_X51005711449_OCR_NEG,C00039169_X51005711449,X51005711449,group_0233,train,OCR,145,354,633,393,488,39,105.0,0.0,AUTHENTIC_REGION,0,0,REAL,C:\Users\jay\New folder (2)\Trustrace\data\document_patches\P8_0001703_X51005711449_OCR_NEG.png
P8_0001704_X51005705759_OCR_NEG,C00036562_X51005705759,X51005705759,group_0217,train,OCR,366,1922,383,1944,17,22,105.0,0.0,AUTHENTIC_REGION,0,0,REAL,C:\Users\jay\New folder (2)\Trustrace\data\document_patches\P8_0001704_X51005705759_OCR_NEG.png
P8_0001705_X51005745296_OCR_NEG,C00051255_X51005745296,X51005745296,group_0303,train,OCR,25,1433,393,1467,368,34,102.0,0.0,AUTHENTIC_REGION,0,0,REAL,C:\Users\jay\New folder (2)\Trustrace\data\document_patches\P8_0001705_X51005745296_OCR_NEG.png
P8_0001706_X51006502533_OCR_NEG,C00086856_X51006502533,X51006502533,group_0500,train,OCR,106,768,149,789,43,21,120.0,0.0,AUTHENTIC_REGION,0,0,REAL,C:\Users\jay\New folder (2)\Trustrace\data\document_patches\P8_0001706_X51006502533_OCR_NEG.png
P8_0001707_X51006555835_OCR_NEG,C00089602_X51006555835,X51006555835,group_0517,train,OCR,102,425,171,441,69,16,130.0,0.0,AUTHENTIC_REGION,0,0,REAL,C:\Users\jay\New folder (2)\Trustrace\data\document_patches\P8_0001707_X51006555835_OCR_NEG.png
P8_0001708_X51006332575_OCR_NEG,C00067589_X51006332575,X51006332575,group_0027,train,OCR,40,921,225,946,185,25,150.0,0.0,AUTHENTIC_REGION,0,0,REAL,C:\Users\jay\New folder (2)\Trustrace\data\document_patches\P8_0001708_X51006332575_OCR_NEG.png
P8_0001709_X51006619570_OCR_NEG,C00108696_X51006619570,X51006619570,group_0611,train,OCR,58,1741,808,1774,750,33,108.0,0.0,AUTHENTIC_REGION,0,0,REAL,C:\Users\jay\New folder (2)\Trustrace\data\document_patches\P8_0001709_X51006619570_OCR_NEG.png
P8_0001710_X51006327976_OCR_NEG,C00065517_X51006327976,X51006327976,group_0383,train,OCR,320,1061,347,1079,27,18,110.0,0.0,AUTHENTIC_REGION,0,0,REAL,C:\Users\jay\New folder (2)\Trustrace\data\document_patches\P8_0001710_X51006327976_OCR_NEG.png
P8_0001711_X51006414721_OCR_NEG,C00084365_X51006414721,X51006414721,group_0484,train,OCR,1732,2311,1913,2358,181,47,125.0,0.0,AUTHENTIC_REGION,0,0,REAL,C:\Users\jay\New folder (2)\Trustrace\data\document_patches\P8_0001711_X51006414721_OCR_NEG.png
P8_0001712_X51008142059_OCR_NEG,C00161492_X51008142059,X51008142059,group_0004,train,OCR,272,763,366,791,94,28,125.0,0.0,AUTHENTIC_REGION,0,0,REAL,C:\Users\jay\New folder (2)\Trustrace\data\document_patches\P8_0001712_X51008142059_OCR_NEG.png
P8_0001713_X51008114217_OCR_NEG,C00156835_X51008114217,X51008114217,group_0868,train,OCR,197,891,312,928,115,37,130.0,0.0,AUTHENTIC_REGION,0,0,REAL,C:\Users\jay\New folder (2)\Trustrace\data\document_patches\P8_0001713_X51008114217_OCR_NEG.png
P8_0001714_X51006414679_OCR_NEG,C00081455_X51006414679,X51006414679,group_0471,train,OCR,2620,1335,2929,1415,309,80,135.0,0.0,AUTHENTIC_REGION,0,0,REAL,C:\Users\jay\New folder (2)\Trustrace\data\document_patches\P8_0001714_X51006414679_OCR_NEG.png
P8_0001715_X51005444045_OCR_NEG,C00015763_X51005444045,X51005444045,group_0111,train,OCR,228,499,268,526,40,27,115.0,0.0,AUTHENTIC_REGION,0,0,REAL,C:\Users\jay\New folder (2)\Trustrace\data\document_patches\P8_0001715_X51005444045_OCR_NEG.png
P8_0001716_X51005676538_OCR_NEG,C00031401_X51005676538,X51005676538,group_0191,train,OCR,74,1650,154,1677,80,27,125.0,0.0,AUTHENTIC_REGION,0,0,REAL,C:\Users\jay\New folder (2)\Trustrace\data\document_patches\P8_0001716_X51005676538_OCR_NEG.png
P8_0001717_X51007339157_OCR_NEG,C00137375_X51007339157,X51007339157,group_0758,train,OCR,414,311,469,333,55,22,115.0,0.0,AUTHENTIC_REGION,0,0,REAL,C:\Users\jay\New folder (2)\Trustrace\data\document_patches\P8_0001717_X51007339157_OCR_NEG.png
P8_0001718_X51006555784_OCR_NEG,C00088219_X51006555784,X51006555784,group_0510,train,OCR,150,1047,229,1067,79,20,135.0,0.0,AUTHENTIC_REGION,0,0,REAL,C:\Users\jay\New folder (2)\Trustrace\data\document_patches\P8_0001718_X51006555784_OCR_NEG.png
P8_0001719_X51005442366_OCR_NEG,C00013047_X51005442366,X51005442366,group_0099,train,OCR,559,505,637,516,78,11,150.0,0.0,AUTHENTIC_REGION,0,0,REAL,C:\Users\jay\New folder (2)\Trustrace\data\document_patches\P8_0001719_X51005442366_OCR_NEG.png
P8_0001720_X00016469672_OCR_NEG,C00001165_X00016469672,X00016469672,group_0041,train,OCR,134,829,190,842,56,13,130.0,0.0,AUTHENTIC_REGION,0,0,REAL,C:\Users\jay\New folder (2)\Trustrace\data\document_patches\P8_0001720_X00016469672_OCR_NEG.png
P8_0001721_X51006619328_OCR_NEG,C00106045_X51006619328,X51006619328,group_0591,train,OCR,152,101,688,141,536,40,102.0,0.0,AUTHENTIC_REGION,0,0,REAL,C:\Users\jay\New folder (2)\Trustrace\data\document_patches\P8_0001721_X51006619328_OCR_NEG.png
P8_0001722_X51005719889_OCR_NEG,C00044073_X51005719889,X51005719889,group_0263,train,OCR,209,1003,269,1027,60,24,115.0,0.0,AUTHENTIC_REGION,0,0,REAL,C:\Users\jay\New folder (2)\Trustrace\data\document_patches\P8_0001722_X51005719889_OCR_NEG.png
P8_0001723_X51006414718_OCR_NEG,C00083842_X51006414718,X51006414718,group_0482,train,OCR,2190,1791,2490,1863,300,72,105.0,0.0,AUTHENTIC_REGION,0,0,REAL,C:\Users\jay\New folder (2)\Trustrace\data\document_patches\P8_0001723_X51006414718_OCR_NEG.png
P8_0001724_X51005749895_OCR_NEG,C00052863_X51005749895,X51005749895,group_0311,train,OCR,715,1652,792,1682,77,30,120.0,0.0,AUTHENTIC_REGION,0,0,REAL,C:\Users\jay\New folder (2)\Trustrace\data\document_patches\P8_0001724_X51005749895_OCR_NEG.png
P8_0001725_X51007846270_OCR_NEG,C00142812_X51007846270,X51007846270,group_0790,train,OCR,2395,4095,2453,4156,58,61,110.0,0.0,AUTHENTIC_REGION,0,0,REAL,C:\Users\jay\New folder (2)\Trustrace\data\document_patches\P8_0001725_X51007846270_OCR_NEG.png
P8_0001726_X51007339162_OCR_NEG,C00138470_X51007339162,X51007339162,group_0001,train,OCR,35,1006,133,1029,98,23,96.0,0.0,AUTHENTIC_REGION,0,0,REAL,C:\Users\jay\New folder (2)\Trustrace\data\document_patches\P8_0001726_X51007339162_OCR_NEG.png
P8_0001727_X51005268275_OCR_NEG,C00003552_X51005268275,X51005268275,group_0010,train,OCR,510,1567,577,1594,67,27,120.0,0.0,AUTHENTIC_REGION,0,0,REAL,C:\Users\jay\New folder (2)\Trustrace\data\document_patches\P8_0001727_X51005268275_OCR_NEG.png
P8_0001728_X51005711403_OCR_NEG,C00037831_X51005711403,X51005711403,group_0224,train,OCR,38,864,90,900,52,36,115.0,0.0,AUTHENTIC_REGION,0,0,REAL,C:\Users\jay\New folder (2)\Trustrace\data\document_patches\P8_0001728_X51005711403_OCR_NEG.png
P8_0001729_X51005587261_OCR_NEG,C00023965_X51005587261,X51005587261,group_0150,train,OCR,55,1401,573,1428,518,27,108.0,0.0,AUTHENTIC_REGION,0,0,REAL,C:\Users\jay\New folder (2)\Trustrace\data\document_patches\P8_0001729_X51005587261_OCR_NEG.png
P8_0001730_X51005742110_OCR_NEG,C00049755_X51005742110,X51005742110,group_0294,train,OCR,107,342,153,364,46,22,115.0,0.0,AUTHENTIC_REGION,0,0,REAL,C:\Users\jay\New folder (2)\Trustrace\data\document_patches\P8_0001730_X51005742110_OCR_NEG.png
P8_0001731_X51005441398_OCR_NEG,C00010802_X51005441398,X51005441398,group_0086,train,OCR,104,807,143,827,39,20,115.0,0.0,AUTHENTIC_REGION,0,0,REAL,C:\Users\jay\New folder (2)\Trustrace\data\document_patches\P8_0001731_X51005441398_OCR_NEG.png
P8_0001732_X51006912959_OCR_NEG,C00118193_X51006912959,X51006912959,group_0679,train,OCR,3100,3655,3236,3716,136,61,120.0,0.0,AUTHENTIC_REGION,0,0,REAL,C:\Users\jay\New folder (2)\Trustrace\data\document_patches\P8_0001732_X51006912959_OCR_NEG.png
P8_0001733_X51005741944_OCR_NEG,C00049529_X51005741944,X51005741944,group_0292,train,OCR,190,1486,281,1515,91,29,130.0,0.0,AUTHENTIC_REGION,0,0,REAL,C:\Users\jay\New folder (2)\Trustrace\data\document_patches\P8_0001733_X51005741944_OCR_NEG.png
P8_0001734_X51007339165_OCR_NEG,C00139063_X51007339165,X51007339165,group_0764,train,OCR,112,396,184,415,72,19,125.0,0.0,AUTHENTIC_REGION,0,0,REAL,C:\Users\jay\New folder (2)\Trustrace\data\document_patches\P8_0001734_X51007339165_OCR_NEG.png
P8_0001735_X51005719863_OCR_NEG,C00042913_X51005719863,X51005719863,group_0255,train,OCR,176,1556,344,1586,168,30,140.0,0.0,AUTHENTIC_REGION,0,0,REAL,C:\Users\jay\New folder (2)\Trustrace\data\document_patches\P8_0001735_X51005719863_OCR_NEG.png
P8_0001736_X51005442343_OCR_NEG,C00012441_X51005442343,X51005442343,group_0095,train,OCR,580,568,613,581,33,13,125.0,0.0,AUTHENTIC_REGION,0,0,REAL,C:\Users\jay\New folder (2)\Trustrace\data\document_patches\P8_0001736_X51005442343_OCR_NEG.png
P8_0001737_X51006556827_OCR_NEG,C00097071_X51006556827,X51006556827,group_0550,train,OCR,24,1021,550,1042,526,21,111.0,0.0,AUTHENTIC_REGION,0,0,REAL,C:\Users\jay\New folder (2)\Trustrace\data\document_patches\P8_0001737_X51006556827_OCR_NEG.png
P8_0001738_X51006857265_OCR_NEG,C00117013_X51006857265,X51006857265,group_0673,train,OCR,432,1462,544,1494,112,32,130.0,0.0,AUTHENTIC_REGION,0,0,REAL,C:\Users\jay\New folder (2)\Trustrace\data\document_patches\P8_0001738_X51006857265_OCR_NEG.png
P8_0001739_X51005442322_OCR_NEG,C00011630_X51005442322,X51005442322,group_0091,train,OCR,349,935,374,951,25,16,115.0,0.0,AUTHENTIC_REGION,0,0,REAL,C:\Users\jay\New folder (2)\Trustrace\data\document_patches\P8_0001739_X51005442322_OCR_NEG.png
P8_0001740_X51006620437_OCR_NEG,C00113994_X51006620437,X51006620437,group_0652,train,OCR,497,342,666,376,169,34,145.0,0.0,AUTHENTIC_REGION,0,0,REAL,C:\Users\jay\New folder (2)\Trustrace\data\document_patches\P8_0001740_X51006620437_OCR_NEG.png
P8_0001741_X51006329402_OCR_NEG,C00067467_X51006329402,X51006329402,group_0388,train,OCR,381,1393,542,1419,161,26,150.0,0.0,AUTHENTIC_REGION,0,0,REAL,C:\Users\jay\New folder (2)\Trustrace\data\document_patches\P8_0001741_X51006329402_OCR_NEG.png
P8_0001742_X51006414671_OCR_NEG,C00080711_X51006414671,X51006414671,group_0467,train,OCR,1865,4267,2703,4315,838,48,108.0,0.0,AUTHENTIC_REGION,0,0,REAL,C:\Users\jay\New folder (2)\Trustrace\data\document_patches\P8_0001742_X51006414671_OCR_NEG.png
P8_0001743_X510056849111_OCR_NEG,C00035268_X510056849111,X510056849111,group_0020,train,OCR,260,153,381,172,121,19,96.0,0.0,AUTHENTIC_REGION,0,0,REAL,C:\Users\jay\New folder (2)\Trustrace\data\document_patches\P8_0001743_X510056849111_OCR_NEG.png
P8_0001744_X51006620189_OCR_NEG,C00113203_X51006620189,X51006620189,group_0647,train,OCR,199,833,319,865,120,32,135.0,0.0,AUTHENTIC_REGION,0,0,REAL,C:\Users\jay\New folder (2)\Trustrace\data\document_patches\P8_0001744_X51006620189_OCR_NEG.png
P8_0001745_X51007339114_OCR_NEG,C00132432_X51007339114,X51007339114,group_0001,train,OCR,58,466,74,482,16,16,110.0,0.0,AUTHENTIC_REGION,0,0,REAL,C:\Users\jay\New folder (2)\Trustrace\data\document_patches\P8_0001745_X51007339114_OCR_NEG.png
P8_0001746_X51005745249_OCR_NEG,C00051088_X51005745249,X51005745249,group_0302,train,OCR,613,1422,654,1449,41,27,115.0,0.0,AUTHENTIC_REGION,0,0,REAL,C:\Users\jay\New folder (2)\Trustrace\data\document_patches\P8_0001746_X51005745249_OCR_NEG.png
P8_0001747_X51006392273_OCR_NEG,C00075360_X51006392273,X51006392273,group_0443,train,OCR,67,1010,91,1024,24,14,110.0,0.0,AUTHENTIC_REGION,0,0,REAL,C:\Users\jay\New folder (2)\Trustrace\data\document_patches\P8_0001747_X51006392273_OCR_NEG.png
P8_0001748_X51005749905_OCR_NEG,C00053084_X51005749905,X51005749905,group_0313,train,OCR,176,1109,189,1126,13,17,105.0,0.0,AUTHENTIC_REGION,0,0,REAL,C:\Users\jay\New folder (2)\Trustrace\data\document_patches\P8_0001748_X51005749905_OCR_NEG.png
P8_0001749_X51005764154_OCR_NEG,C00058038_X51005764154,X51005764154,group_0342,train,OCR,50,796,369,821,319,25,99.0,0.0,AUTHENTIC_REGION,0,0,REAL,C:\Users\jay\New folder (2)\Trustrace\data\document_patches\P8_0001749_X51005764154_OCR_NEG.png
P8_0001750_X51007339121_OCR_NEG,C00133878_X51007339121,X51007339121,group_0001,train,OCR,44,403,301,423,257,20,99.0,0.0,AUTHENTIC_REGION,0,0,REAL,C:\Users\jay\New folder (2)\Trustrace\data\document_patches\P8_0001750_X51007339121_OCR_NEG.png
P8_0001751_X51005361895_OCR_NEG,C00006485_X51005361895,X51005361895,group_0064,train,OCR,112,1364,359,1400,247,36,96.0,0.0,AUTHENTIC_REGION,0,0,REAL,C:\Users\jay\New folder (2)\Trustrace\data\document_patches\P8_0001751_X51005361895_OCR_NEG.png
P8_0001752_X51005806679_OCR_NEG,C00058491_X51005806679,X51005806679,group_0345,train,OCR,152,838,164,859,12,21,110.0,0.0,AUTHENTIC_REGION,0,0,REAL,C:\Users\jay\New folder (2)\Trustrace\data\document_patches\P8_0001752_X51005806679_OCR_NEG.png
P8_0001753_X51006557210_OCR_NEG,C00105134_X51006557210,X51006557210,group_0587,train,OCR,118,146,157,164,39,18,120.0,0.0,AUTHENTIC_REGION,0,0,REAL,C:\Users\jay\New folder (2)\Trustrace\data\document_patches\P8_0001753_X51006557210_OCR_NEG.png
P8_0001754_X51007339120_OCR_NEG,C00133752_X51007339120,X51007339120,group_0001,train,OCR,289,1251,357,1268,68,17,120.0,0.0,AUTHENTIC_REGION,0,0,REAL,C:\Users\jay\New folder (2)\Trustrace\data\document_patches\P8_0001754_X51007339120_OCR_NEG.png
P8_0001755_X51006414632_OCR_NEG,C00080099_X51006414632,X51006414632,group_0030,train,OCR,1629,3227,1852,3288,223,61,135.0,0.0,AUTHENTIC_REGION,0,0,REAL,C:\Users\jay\New folder (2)\Trustrace\data\document_patches\P8_0001755_X51006414632_OCR_NEG.png
P8_0001756_X51006438346_OCR_NEG,C00084965_X51006438346,X51006438346,group_0487,train,OCR,346,807,630,831,284,24,99.0,0.0,AUTHENTIC_REGION,0,0,REAL,C:\Users\jay\New folder (2)\Trustrace\data\document_patches\P8_0001756_X51006438346_OCR_NEG.png
P8_0001757_X51005746210_OCR_NEG,C00052501_X51005746210,X51005746210,group_0310,train,OCR,78,692,92,711,14,19,105.0,0.0,AUTHENTIC_REGION,0,0,REAL,C:\Users\jay\New folder (2)\Trustrace\data\document_patches\P8_0001757_X51005746210_OCR_NEG.png
P8_0001758_X51005705760_OCR_NEG,C00036751_X51005705760,X51005705760,group_0218,train,OCR,166,1064,213,1093,47,29,115.0,0.0,AUTHENTIC_REGION,0,0,REAL,C:\Users\jay\New folder (2)\Trustrace\data\document_patches\P8_0001758_X51005705760_OCR_NEG.png
P8_0001759_X51007103643_OCR_NEG,C00123537_X51007103643,X51007103643,group_0704,train,OCR,168,234,261,259,93,25,130.0,0.0,AUTHENTIC_REGION,0,0,REAL,C:\Users\jay\New folder (2)\Trustrace\data\document_patches\P8_0001759_X51007103643_OCR_NEG.png
P8_0001760_X51005441408_OCR_NEG,C00011426_X51005441408,X51005441408,group_0090,train,OCR,416,532,444,556,28,24,115.0,0.0,AUTHENTIC_REGION,0,0,REAL,C:\Users\jay\New folder (2)\Trustrace\data\document_patches\P8_0001760_X51005441408_OCR_NEG.png
P8_0001761_X51008042782_OCR_NEG,C00151950_X51008042782,X51008042782,group_0838,train,OCR,277,414,315,441,38,27,115.0,0.0,AUTHENTIC_REGION,0,0,REAL,C:\Users\jay\New folder (2)\Trustrace\data\document_patches\P8_0001761_X51008042782_OCR_NEG.png
P8_0001762_X51006349086_OCR_NEG,C00070561_X51006349086,X51006349086,group_0407,train,OCR,140,290,166,311,26,21,110.0,0.0,AUTHENTIC_REGION,0,0,REAL,C:\Users\jay\New folder (2)\Trustrace\data\document_patches\P8_0001762_X51006349086_OCR_NEG.png
P8_0001763_X51006311767_OCR_NEG,C00064690_X51006311767,X51006311767,group_0377,train,OCR,407,240,463,265,56,25,120.0,0.0,AUTHENTIC_REGION,0,0,REAL,C:\Users\jay\New folder (2)\Trustrace\data\document_patches\P8_0001763_X51006311767_OCR_NEG.png
P8_0001764_X51007846391_OCR_NEG,C00148597_X51007846391,X51007846391,group_0005,train,OCR,2757,2427,2950,2474,193,47,130.0,0.0,AUTHENTIC_REGION,0,0,REAL,C:\Users\jay\New folder (2)\Trustrace\data\document_patches\P8_0001764_X51007846391_OCR_NEG.png
P8_0001765_X51006619869_OCR_NEG,C00111963_X51006619869,X51006619869,group_0639,train,OCR,59,560,150,590,91,30,125.0,0.0,AUTHENTIC_REGION,0,0,REAL,C:\Users\jay\New folder (2)\Trustrace\data\document_patches\P8_0001765_X51006619869_OCR_NEG.png
P8_0001766_X51006556825_OCR_NEG,C00096568_X51006556825,X51006556825,group_0548,train,OCR,117,698,140,729,23,31,110.0,0.0,AUTHENTIC_REGION,0,0,REAL,C:\Users\jay\New folder (2)\Trustrace\data\document_patches\P8_0001766_X51006556825_OCR_NEG.png
P8_0001767_X51006387847_OCR_NEG,C00071819_X51006387847,X51006387847,group_0416,train,OCR,106,886,203,910,97,24,130.0,0.0,AUTHENTIC_REGION,0,0,REAL,C:\Users\jay\New folder (2)\Trustrace\data\document_patches\P8_0001767_X51006387847_OCR_NEG.png
P8_0001768_X51006350737_OCR_NEG,C00070676_X51006350737,X51006350737,group_0408,train,OCR,112,206,654,233,542,27,108.0,0.0,AUTHENTIC_REGION,0,0,REAL,C:\Users\jay\New folder (2)\Trustrace\data\document_patches\P8_0001768_X51006350737_OCR_NEG.png
P8_0001769_X51005361883_OCR_NEG,C00006288_X51005361883,X51005361883,group_0063,train,OCR,86,1088,104,1094,18,6,105.0,0.0,AUTHENTIC_REGION,0,0,REAL,C:\Users\jay\New folder (2)\Trustrace\data\document_patches\P8_0001769_X51005361883_OCR_NEG.png
P8_0001770_X51006008090_OCR_NEG,C00062479_X51006008090,X51006008090,group_0366,train,OCR,562,1004,682,1030,120,26,96.0,0.0,AUTHENTIC_REGION,0,0,REAL,C:\Users\jay\New folder (2)\Trustrace\data\document_patches\P8_0001770_X51006008090_OCR_NEG.png
P8_0001771_X51007339097_OCR_NEG,C00130259_X51007339097,X51007339097,group_0737,train,OCR,46,267,83,284,37,17,120.0,0.0,AUTHENTIC_REGION,0,0,REAL,C:\Users\jay\New folder (2)\Trustrace\data\document_patches\P8_0001771_X51007339097_OCR_NEG.png
P8_0001772_X51006557196_OCR_NEG,C00103798_X51006557196,X51006557196,group_0581,train,OCR,183,430,238,449,55,19,125.0,0.0,AUTHENTIC_REGION,0,0,REAL,C:\Users\jay\New folder (2)\Trustrace\data\document_patches\P8_0001772_X51006557196_OCR_NEG.png
P8_0001773_X51006555818_OCR_NEG,C00089039_X51006555818,X51006555818,group_0514,train,OCR,441,780,462,796,21,16,110.0,0.0,AUTHENTIC_REGION,0,0,REAL,C:\Users\jay\New folder (2)\Trustrace\data\document_patches\P8_0001773_X51006555818_OCR_NEG.png
P8_0001774_X51005568898_OCR_NEG,C00022318_X51005568898,X51005568898,group_0142,train,OCR,67,1138,234,1166,167,28,145.0,0.0,AUTHENTIC_REGION,0,0,REAL,C:\Users\jay\New folder (2)\Trustrace\data\document_patches\P8_0001774_X51005568898_OCR_NEG.png
P8_0001775_X51006555819_OCR_NEG,C00089157_X51006555819,X51006555819,group_0515,train,OCR,560,72,583,93,23,21,110.0,0.0,AUTHENTIC_REGION,0,0,REAL,C:\Users\jay\New folder (2)\Trustrace\data\document_patches\P8_0001775_X51006555819_OCR_NEG.png
P8_0001776_X51006620176_OCR_NEG,C00112416_X51006620176,X51006620176,group_0642,train,OCR,448,1278,540,1310,92,32,125.0,0.0,AUTHENTIC_REGION,0,0,REAL,C:\Users\jay\New folder (2)\Trustrace\data\document_patches\P8_0001776_X51006620176_OCR_NEG.png
P8_0001777_X51008142065_OCR_NEG,C00162418_X51008142065,X51008142065,group_0896,train,OCR,336,399,489,431,153,32,140.0,0.0,AUTHENTIC_REGION,0,0,REAL,C:\Users\jay\New folder (2)\Trustrace\data\document_patches\P8_0001777_X51008142065_OCR_NEG.png
P8_0001778_X51007339098_OCR_NEG,C00130468_X51007339098,X51007339098,group_0001,train,OCR,146,560,232,579,86,19,145.0,0.0,AUTHENTIC_REGION,0,0,REAL,C:\Users\jay\New folder (2)\Trustrace\data\document_patches\P8_0001778_X51007339098_OCR_NEG.png
P8_0001779_X51006557208_OCR_NEG,C00104739_X51006557208,X51006557208,group_0585,train,OCR,31,424,90,440,59,16,125.0,0.0,AUTHENTIC_REGION,0,0,REAL,C:\Users\jay\New folder (2)\Trustrace\data\document_patches\P8_0001779_X51006557208_OCR_NEG.png
P8_0001780_X51005361907_OCR_NEG,C00007398_X51005361907,X51005361907,group_0069,train,OCR,1355,703,1428,723,73,20,130.0,0.0,AUTHENTIC_REGION,0,0,REAL,C:\Users\jay\New folder (2)\Trustrace\data\document_patches\P8_0001780_X51005361907_OCR_NEG.png
P8_0001781_X51005711446_OCR_NEG,C00038957_X51005711446,X51005711446,group_0231,train,OCR,675,1588,744,1621,69,33,120.0,0.0,AUTHENTIC_REGION,0,0,REAL,C:\Users\jay\New folder (2)\Trustrace\data\document_patches\P8_0001781_X51005711446_OCR_NEG.png
P8_0001782_X51006414717_OCR_NEG,C00083694_X51006414717,X51006414717,group_0481,train,OCR,2292,3698,2956,3775,664,77,150.0,0.0,AUTHENTIC_REGION,0,0,REAL,C:\Users\jay\New folder (2)\Trustrace\data\document_patches\P8_0001782_X51006414717_OCR_NEG.png
P8_0001783_X51005806678_OCR_NEG,C00058337_X51005806678,X51005806678,group_0344,train,OCR,393,1579,507,1604,114,25,140.0,0.0,AUTHENTIC_REGION,0,0,REAL,C:\Users\jay\New folder (2)\Trustrace\data\document_patches\P8_0001783_X51005806678_OCR_NEG.png
P8_0001784_X51006414733_OCR_NEG,C00084740_X51006414733,X51006414733,group_0486,train,OCR,2278,1817,2414,1888,136,71,120.0,0.0,AUTHENTIC_REGION,0,0,REAL,C:\Users\jay\New folder (2)\Trustrace\data\document_patches\P8_0001784_X51006414733_OCR_NEG.png
P8_0001785_X51005441407_OCR_NEG,C00011315_X51005441407,X51005441407,group_0089,train,OCR,537,1023,563,1042,26,19,110.0,0.0,AUTHENTIC_REGION,0,0,REAL,C:\Users\jay\New folder (2)\Trustrace\data\document_patches\P8_0001785_X51005441407_OCR_NEG.png
P8_0001786_X51005705760_OCR_NEG,C00036791_X51005705760,X51005705760,group_0218,train,OCR,33,1689,359,1737,326,48,99.0,0.0,AUTHENTIC_REGION,0,0,REAL,C:\Users\jay\New folder (2)\Trustrace\data\document_patches\P8_0001786_X51005705760_OCR_NEG.png
P8_0001787_X51007339658_OCR_NEG,C00140780_X51007339658,X51007339658,group_0777,train,OCR,166,604,289,624,123,20,150.0,0.0,AUTHENTIC_REGION,0,0,REAL,C:\Users\jay\New folder (2)\Trustrace\data\document_patches\P8_0001787_X51007339658_OCR_NEG.png
P8_0001788_X51006619764_OCR_NEG,C00110046_X51006619764,X51006619764,group_0623,train,OCR,740,1640,828,1671,88,31,125.0,0.0,AUTHENTIC_REGION,0,0,REAL,C:\Users\jay\New folder (2)\Trustrace\data\document_patches\P8_0001788_X51006619764_OCR_NEG.png
P8_0001789_X51006556838_OCR_NEG,C00098031_X51006556838,X51006556838,group_0555,train,OCR,192,528,212,544,20,16,110.0,0.0,AUTHENTIC_REGION,0,0,REAL,C:\Users\jay\New folder (2)\Trustrace\data\document_patches\P8_0001789_X51006556838_OCR_NEG.png
P8_0001790_X51007579726_OCR_NEG,C00141849_X51007579726,X51007579726,group_0785,train,OCR,55,287,98,304,43,17,115.0,0.0,AUTHENTIC_REGION,0,0,REAL,C:\Users\jay\New folder (2)\Trustrace\data\document_patches\P8_0001790_X51007579726_OCR_NEG.png
P8_0001791_X51008145505_OCR_NEG,C00163138_X51008145505,X51008145505,group_0899,train,OCR,157,284,267,307,110,23,135.0,0.0,AUTHENTIC_REGION,0,0,REAL,C:\Users\jay\New folder (2)\Trustrace\data\document_patches\P8_0001791_X51008145505_OCR_NEG.png
P8_0001792_X51005711449_OCR_NEG,C00039197_X51005711449,X51005711449,group_0233,train,OCR,501,698,531,731,30,33,110.0,0.0,AUTHENTIC_REGION,0,0,REAL,C:\Users\jay\New folder (2)\Trustrace\data\document_patches\P8_0001792_X51005711449_OCR_NEG.png
P8_0001793_X51007103687_OCR_NEG,C00124374_X51007103687,X51007103687,group_0709,train,OCR,150,312,195,337,45,25,115.0,0.0,AUTHENTIC_REGION,0,0,REAL,C:\Users\jay\New folder (2)\Trustrace\data\document_patches\P8_0001793_X51007103687_OCR_NEG.png
P8_0001794_X51006008082_OCR_NEG,C00061532_X51006008082,X51006008082,group_0362,train,OCR,431,442,475,473,44,31,115.0,0.0,AUTHENTIC_REGION,0,0,REAL,C:\Users\jay\New folder (2)\Trustrace\data\document_patches\P8_0001794_X51006008082_OCR_NEG.png
P8_0001795_X51006414703_OCR_NEG,C00082246_X51006414703,X51006414703,group_0474,train,OCR,2174,4838,2732,4916,558,78,99.0,0.0,AUTHENTIC_REGION,0,0,REAL,C:\Users\jay\New folder (2)\Trustrace\data\document_patches\P8_0001795_X51006414703_OCR_NEG.png
P8_0001796_X51005442366_OCR_NEG,C00013086_X51005442366,X51005442366,group_0099,train,OCR,366,804,384,818,18,14,110.0,0.0,AUTHENTIC_REGION,0,0,REAL,C:\Users\jay\New folder (2)\Trustrace\data\document_patches\P8_0001796_X51005442366_OCR_NEG.png
P8_0001797_X51007579719_OCR_NEG,C00141615_X51007579719,X51007579719,group_0783,train,OCR,343,1007,389,1027,46,20,120.0,0.0,AUTHENTIC_REGION,0,0,REAL,C:\Users\jay\New folder (2)\Trustrace\data\document_patches\P8_0001797_X51007579719_OCR_NEG.png
P8_0001798_X00016469670_OCR_NEG,C00000822_X00016469670,X00016469670,group_0039,train,OCR,215,678,250,692,35,14,120.0,0.0,AUTHENTIC_REGION,0,0,REAL,C:\Users\jay\New folder (2)\Trustrace\data\document_patches\P8_0001798_X00016469670_OCR_NEG.png
P8_0001799_X51008164999_OCR_NEG,C00165013_X51008164999,X51008164999,group_0910,train,OCR,90,1576,190,1603,100,27,135.0,0.0,AUTHENTIC_REGION,0,0,REAL,C:\Users\jay\New folder (2)\Trustrace\data\document_patches\P8_0001799_X51008164999_OCR_NEG.png
P8_0001800_X51006008166_OCR_NEG,C00063579_X51006008166,X51006008166,group_0370,train,OCR,272,359,390,386,118,27,140.0,0.0,AUTHENTIC_REGION,0,0,REAL,C:\Users\jay\New folder (2)\Trustrace\data\document_patches\P8_0001800_X51006008166_OCR_NEG.png
P8_0001801_X51006857265_OCR_NEG,C00116957_X51006857265,X51006857265,group_0673,train,OCR,320,519,410,560,90,41,125.0,0.0,AUTHENTIC_REGION,0,0,REAL,C:\Users\jay\New folder (2)\Trustrace\data\document_patches\P8_0001801_X51006857265_OCR_NEG.png
P8_0001802_X51007339167_OCR_NEG,C00139533_X51007339167,X51007339167,group_0001,train,OCR,33,838,72,855,39,17,115.0,0.0,AUTHENTIC_REGION,0,0,REAL,C:\Users\jay\New folder (2)\Trustrace\data\document_patches\P8_0001802_X51007339167_OCR_NEG.png
P8_0001803_X51005568898_OCR_NEG,C00022390_X51005568898,X51005568898,group_0142,train,OCR,460,1768,623,1807,163,39,96.0,0.0,AUTHENTIC_REGION,0,0,REAL,C:\Users\jay\New folder (2)\Trustrace\data\document_patches\P8_0001803_X51005568898_OCR_NEG.png
P8_0001804_X51006557199_OCR_NEG,C00104343_X51006557199,X51006557199,group_0583,train,OCR,296,693,319,709,23,16,110.0,0.0,AUTHENTIC_REGION,0,0,REAL,C:\Users\jay\New folder (2)\Trustrace\data\document_patches\P8_0001804_X51006557199_OCR_NEG.png
P8_0001805_X51006556838_OCR_NEG,C00098062_X51006556838,X51006556838,group_0555,train,OCR,218,732,247,764,29,32,115.0,0.0,AUTHENTIC_REGION,0,0,REAL,C:\Users\jay\New folder (2)\Trustrace\data\document_patches\P8_0001805_X51006556838_OCR_NEG.png
P8_0001806_X51005715455_OCR_NEG,C00041481_X51005715455,X51005715455,group_0247,train,OCR,306,795,377,815,71,20,130.0,0.0,AUTHENTIC_REGION,0,0,REAL,C:\Users\jay\New folder (2)\Trustrace\data\document_patches\P8_0001806_X51005715455_OCR_NEG.png
P8_0001807_X51006556810_OCR_NEG,C00094888_X51006556810,X51006556810,group_0541,train,OCR,425,100,471,120,46,20,125.0,0.0,AUTHENTIC_REGION,0,0,REAL,C:\Users\jay\New folder (2)\Trustrace\data\document_patches\P8_0001807_X51006556810_OCR_NEG.png
P8_0001808_X51008142061_OCR_NEG,C00161817_X51008142061,X51008142061,group_0004,train,OCR,596,263,753,298,157,35,125.0,0.0,AUTHENTIC_REGION,0,0,REAL,C:\Users\jay\New folder (2)\Trustrace\data\document_patches\P8_0001808_X51008142061_OCR_NEG.png
P8_0001809_X51006556828_OCR_NEG,C00097255_X51006556828,X51006556828,group_0551,train,OCR,118,795,142,826,24,31,110.0,0.0,AUTHENTIC_REGION,0,0,REAL,C:\Users\jay\New folder (2)\Trustrace\data\document_patches\P8_0001809_X51006556828_OCR_NEG.png
P8_0001810_X51007339116_OCR_NEG,C00132944_X51007339116,X51007339116,group_0746,train,OCR,359,1390,552,1413,193,23,150.0,0.0,AUTHENTIC_REGION,0,0,REAL,C:\Users\jay\New folder (2)\Trustrace\data\document_patches\P8_0001810_X51007339116_OCR_NEG.png
P8_0001811_X51006557185_OCR_NEG,C00102475_X51006557185,X51006557185,group_0575,train,OCR,226,1071,332,1086,106,15,145.0,0.0,AUTHENTIC_REGION,0,0,REAL,C:\Users\jay\New folder (2)\Trustrace\data\document_patches\P8_0001811_X51006557185_OCR_NEG.png
P8_0001812_X51007339109_OCR_NEG,C00131518_X51007339109,X51007339109,group_0742,train,OCR,420,1097,436,1114,16,17,105.0,0.0,AUTHENTIC_REGION,0,0,REAL,C:\Users\jay\New folder (2)\Trustrace\data\document_patches\P8_0001812_X51007339109_OCR_NEG.png
P8_0001813_X51006556732_OCR_NEG,C00093388_X51006556732,X51006556732,group_0534,train,OCR,460,583,506,599,46,16,120.0,0.0,AUTHENTIC_REGION,0,0,REAL,C:\Users\jay\New folder (2)\Trustrace\data\document_patches\P8_0001813_X51006556732_OCR_NEG.png
P8_0001814_X51005719863_OCR_NEG,C00042892_X51005719863,X51005719863,group_0255,train,OCR,172,902,260,933,88,31,120.0,0.0,AUTHENTIC_REGION,0,0,REAL,C:\Users\jay\New folder (2)\Trustrace\data\document_patches\P8_0001814_X51005719863_OCR_NEG.png
P8_0001815_X51006008090_OCR_NEG,C00062310_X51006008090,X51006008090,group_0366,train,OCR,25,523,163,553,138,30,140.0,0.0,AUTHENTIC_REGION,0,0,REAL,C:\Users\jay\New folder (2)\Trustrace\data\document_patches\P8_0001815_X51006008090_OCR_NEG.png
P8_0001816_X51007339136_OCR_NEG,C00136037_X51007339136,X51007339136,group_0753,train,OCR,489,875,533,893,44,18,120.0,0.0,AUTHENTIC_REGION,0,0,REAL,C:\Users\jay\New folder (2)\Trustrace\data\document_patches\P8_0001816_X51007339136_OCR_NEG.png
P8_0001817_X51006913059_OCR_NEG,C00121305_X51006913059,X51006913059,group_0693,train,OCR,1642,3565,1751,3612,109,47,125.0,0.0,AUTHENTIC_REGION,0,0,REAL,C:\Users\jay\New folder (2)\Trustrace\data\document_patches\P8_0001817_X51006913059_OCR_NEG.png
P8_0001818_X51005763999_OCR_NEG,C00057547_X51005763999,X51005763999,group_0340,train,OCR,239,504,294,530,55,26,96.0,0.0,AUTHENTIC_REGION,0,0,REAL,C:\Users\jay\New folder (2)\Trustrace\data\document_patches\P8_0001818_X51005763999_OCR_NEG.png
P8_0001819_X51006556810_OCR_NEG,C00094971_X51006556810,X51006556810,group_0541,train,OCR,272,640,285,655,13,15,105.0,0.0,AUTHENTIC_REGION,0,0,REAL,C:\Users\jay\New folder (2)\Trustrace\data\document_patches\P8_0001819_X51006556810_OCR_NEG.png
P8_0001820_X51007339114_OCR_NEG,C00132393_X51007339114,X51007339114,group_0001,train,OCR,273,186,334,203,61,17,125.0,0.0,AUTHENTIC_REGION,0,0,REAL,C:\Users\jay\New folder (2)\Trustrace\data\document_patches\P8_0001820_X51007339114_OCR_NEG.png
P8_0001821_X00016469620_OCR_NEG,C00000289_X00016469620,X00016469620,group_0035,train,OCR,301,504,340,519,39,15,120.0,0.0,AUTHENTIC_REGION,0,0,REAL,C:\Users\jay\New folder (2)\Trustrace\data\document_patches\P8_0001821_X00016469620_OCR_NEG.png
P8_0001822_X51006556824_OCR_NEG,C00096346_X51006556824,X51006556824,group_0547,train,OCR,187,906,396,945,209,39,102.0,0.0,AUTHENTIC_REGION,0,0,REAL,C:\Users\jay\New folder (2)\Trustrace\data\document_patches\P8_0001822_X51006556824_OCR_NEG.png
P8_0001823_X51006556646_OCR_NEG,C00090864_X51006556646,X51006556646,group_0523,train,OCR,28,505,87,520,59,15,125.0,0.0,AUTHENTIC_REGION,0,0,REAL,C:\Users\jay\New folder (2)\Trustrace\data\document_patches\P8_0001823_X51006556646_OCR_NEG.png
P8_0001824_X51006332575_OCR_NEG,C00067531_X51006332575,X51006332575,group_0027,train,OCR,471,250,512,276,41,26,115.0,0.0,AUTHENTIC_REGION,0,0,REAL,C:\Users\jay\New folder (2)\Trustrace\data\document_patches\P8_0001824_X51006332575_OCR_NEG.png
P8_0001825_X51007339165_OCR_NEG,C00139076_X51007339165,X51007339165,group_0764,train,OCR,84,610,106,628,22,18,110.0,0.0,AUTHENTIC_REGION,0,0,REAL,C:\Users\jay\New folder (2)\Trustrace\data\document_patches\P8_0001825_X51007339165_OCR_NEG.png
P8_0001826_X51006557178_OCR_NEG,C00101809_X51006557178,X51006557178,group_0572,train,OCR,88,1045,120,1060,32,15,115.0,0.0,AUTHENTIC_REGION,0,0,REAL,C:\Users\jay\New folder (2)\Trustrace\data\document_patches\P8_0001826_X51006557178_OCR_NEG.png
P8_0001827_X51007846410_OCR_NEG,C00149982_X51007846410,X51007846410,group_0032,train,OCR,2225,3331,2366,3386,141,55,125.0,0.0,AUTHENTIC_REGION,0,0,REAL,C:\Users\jay\New folder (2)\Trustrace\data\document_patches\P8_0001827_X51007846410_OCR_NEG.png
P8_0001828_X51007846270_OCR_NEG,C00142805_X51007846270,X51007846270,group_0790,train,OCR,1399,4249,1500,4314,101,65,115.0,0.0,AUTHENTIC_REGION,0,0,REAL,C:\Users\jay\New folder (2)\Trustrace\data\document_patches\P8_0001828_X51007846270_OCR_NEG.png
P8_0001829_X51007846282_OCR_NEG,C00142904_X51007846282,X51007846282,group_0791,train,OCR,2015,1578,2211,1645,196,67,130.0,0.0,AUTHENTIC_REGION,0,0,REAL,C:\Users\jay\New folder (2)\Trustrace\data\document_patches\P8_0001829_X51007846282_OCR_NEG.png
P8_0001830_X51006334741_OCR_NEG,C00068315_X51006334741,X51006334741,group_0393,train,OCR,302,688,344,712,42,24,115.0,0.0,AUTHENTIC_REGION,0,0,REAL,C:\Users\jay\New folder (2)\Trustrace\data\document_patches\P8_0001830_X51006334741_OCR_NEG.png
P8_0001831_X51008142068_OCR_NEG,C00162700_X51008142068,X51008142068,group_0004,train,OCR,193,1556,279,1584,86,28,125.0,0.0,AUTHENTIC_REGION,0,0,REAL,C:\Users\jay\New folder (2)\Trustrace\data\document_patches\P8_0001831_X51008142068_OCR_NEG.png
P8_0001832_X51008042787_OCR_NEG,C00152502_X51008042787,X51008042787,group_0841,train,OCR,554,1539,608,1561,54,22,125.0,0.0,AUTHENTIC_REGION,0,0,REAL,C:\Users\jay\New folder (2)\Trustrace\data\document_patches\P8_0001832_X51008042787_OCR_NEG.png
P8_0001833_X51005757323_OCR_NEG,C00055924_X51005757323,X51005757323,group_0330,train,OCR,112,1278,555,1309,443,31,102.0,0.0,AUTHENTIC_REGION,0,0,REAL,C:\Users\jay\New folder (2)\Trustrace\data\document_patches\P8_0001833_X51005757323_OCR_NEG.png
P8_0001834_X51005663307_OCR_NEG,C00028628_X51005663307,X51005663307,group_0175,train,OCR,808,1603,846,1628,38,25,110.0,0.0,AUTHENTIC_REGION,0,0,REAL,C:\Users\jay\New folder (2)\Trustrace\data\document_patches\P8_0001834_X51005663307_OCR_NEG.png
P8_0001835_X51006556591_OCR_NEG,C00089918_X51006556591,X51006556591,group_0518,train,OCR,493,1086,515,1100,22,14,110.0,0.0,AUTHENTIC_REGION,0,0,REAL,C:\Users\jay\New folder (2)\Trustrace\data\document_patches\P8_0001835_X51006556591_OCR_NEG.png
P8_0001836_X51008164969_OCR_NEG,C00164018_X51008164969,X51008164969,group_0904,train,OCR,395,1552,482,1578,87,26,130.0,0.0,AUTHENTIC_REGION,0,0,REAL,C:\Users\jay\New folder (2)\Trustrace\data\document_patches\P8_0001836_X51008164969_OCR_NEG.png
P8_0001837_X51006619342_OCR_NEG,C00106472_X51006619342,X51006619342,group_0594,train,OCR,432,595,521,634,89,39,125.0,0.0,AUTHENTIC_REGION,0,0,REAL,C:\Users\jay\New folder (2)\Trustrace\data\document_patches\P8_0001837_X51006619342_OCR_NEG.png
P8_0001838_X51005676539_OCR_NEG,C00031594_X51005676539,X51005676539,group_0192,train,OCR,303,1687,385,1717,82,30,125.0,0.0,AUTHENTIC_REGION,0,0,REAL,C:\Users\jay\New folder (2)\Trustrace\data\document_patches\P8_0001838_X51005676539_OCR_NEG.png
P8_0001839_X51006389893_OCR_NEG,C00074471_X51006389893,X51006389893,group_0437,train,OCR,51,1384,181,1421,130,37,135.0,0.0,AUTHENTIC_REGION,0,0,REAL,C:\Users\jay\New folder (2)\Trustrace\data\document_patches\P8_0001839_X51006389893_OCR_NEG.png
P8_0001840_X51006556829_OCR_NEG,C00097454_X51006556829,X51006556829,group_0552,train,OCR,165,552,210,568,45,16,120.0,0.0,AUTHENTIC_REGION,0,0,REAL,C:\Users\jay\New folder (2)\Trustrace\data\document_patches\P8_0001840_X51006556829_OCR_NEG.png
P8_0001841_X51006387660_OCR_NEG,C00071051_X51006387660,X51006387660,group_0411,train,OCR,273,578,462,604,189,26,135.0,0.0,AUTHENTIC_REGION,0,0,REAL,C:\Users\jay\New folder (2)\Trustrace\data\document_patches\P8_0001841_X51006387660_OCR_NEG.png
P8_0001842_X51006311758_OCR_NEG,C00064413_X51006311758,X51006311758,group_0375,train,OCR,411,1773,432,1798,21,25,110.0,0.0,AUTHENTIC_REGION,0,0,REAL,C:\Users\jay\New folder (2)\Trustrace\data\document_patches\P8_0001842_X51006311758_OCR_NEG.png
P8_0001843_X51005741944_OCR_NEG,C00049432_X51005741944,X51005741944,group_0292,train,OCR,142,311,219,341,77,30,125.0,0.0,AUTHENTIC_REGION,0,0,REAL,C:\Users\jay\New folder (2)\Trustrace\data\document_patches\P8_0001843_X51005741944_OCR_NEG.png
P8_0001844_X51005361895_OCR_NEG,C00006438_X51005361895,X51005361895,group_0064,train,OCR,322,721,335,755,13,34,105.0,0.0,AUTHENTIC_REGION,0,0,REAL,C:\Users\jay\New folder (2)\Trustrace\data\document_patches\P8_0001844_X51005361895_OCR_NEG.png
P8_0001845_X51005442397_OCR_NEG,C00014742_X51005442397,X51005442397,group_0105,train,OCR,364,635,393,651,29,16,115.0,0.0,AUTHENTIC_REGION,0,0,REAL,C:\Users\jay\New folder (2)\Trustrace\data\document_patches\P8_0001845_X51005442397_OCR_NEG.png
P8_0001846_X51006414532_OCR_NEG,C00078799_X51006414532,X51006414532,group_0461,train,OCR,2327,1271,2469,1341,142,70,115.0,0.0,AUTHENTIC_REGION,0,0,REAL,C:\Users\jay\New folder (2)\Trustrace\data\document_patches\P8_0001846_X51006414532_OCR_NEG.png
P8_0001847_X51008042793_OCR_NEG,C00152908_X51008042793,X51008042793,group_0844,train,OCR,111,542,123,554,12,12,115.0,0.0,AUTHENTIC_REGION,0,0,REAL,C:\Users\jay\New folder (2)\Trustrace\data\document_patches\P8_0001847_X51008042793_OCR_NEG.png
P8_0001848_X51005568913_OCR_NEG,C00023103_X51005568913,X51005568913,group_0146,train,OCR,655,1419,742,1456,87,37,125.0,0.0,AUTHENTIC_REGION,0,0,REAL,C:\Users\jay\New folder (2)\Trustrace\data\document_patches\P8_0001848_X51005568913_OCR_NEG.png
P8_0001849_X51007846370_OCR_NEG,C00147544_X51007846370,X51007846370,group_0005,train,OCR,2076,2148,2308,2198,232,50,135.0,0.0,AUTHENTIC_REGION,0,0,REAL,C:\Users\jay\New folder (2)\Trustrace\data\document_patches\P8_0001849_X51007846370_OCR_NEG.png
P8_0001850_X51007339127_OCR_NEG,C00134614_X51007339127,X51007339127,group_0001,train,OCR,278,349,379,370,101,21,150.0,0.0,AUTHENTIC_REGION,0,0,REAL,C:\Users\jay\New folder (2)\Trustrace\data\document_patches\P8_0001850_X51007339127_OCR_NEG.png
P8_0001851_X51006008092_OCR_NEG,C00062905_X51006008092,X51006008092,group_0367,train,OCR,489,504,496,524,7,20,105.0,0.0,AUTHENTIC_REGION,0,0,REAL,C:\Users\jay\New folder (2)\Trustrace\data\document_patches\P8_0001851_X51006008092_OCR_NEG.png
P8_0001852_X51007103675_OCR_NEG,C00124114_X51007103675,X51007103675,group_0707,train,OCR,584,813,646,837,62,24,120.0,0.0,AUTHENTIC_REGION,0,0,REAL,C:\Users\jay\New folder (2)\Trustrace\data\document_patches\P8_0001852_X51007103675_OCR_NEG.png
P8_0001853_X51008123450_OCR_NEG,C00158700_X51008123450,X51008123450,group_0878,train,OCR,377,623,416,643,39,20,120.0,0.0,AUTHENTIC_REGION,0,0,REAL,C:\Users\jay\New folder (2)\Trustrace\data\document_patches\P8_0001853_X51008123450_OCR_NEG.png
P8_0001854_X51007339098_OCR_NEG,C00130465_X51007339098,X51007339098,group_0001,train,OCR,82,525,190,542,108,17,99.0,0.0,AUTHENTIC_REGION,0,0,REAL,C:\Users\jay\New folder (2)\Trustrace\data\document_patches\P8_0001854_X51007339098_OCR_NEG.png
P8_0001855_X51006414519_OCR_NEG,C00078636_X51006414519,X51006414519,group_0460,train,OCR,2346,1878,3366,1936,1020,58,105.0,0.0,AUTHENTIC_REGION,0,0,REAL,C:\Users\jay\New folder (2)\Trustrace\data\document_patches\P8_0001855_X51006414519_OCR_NEG.png
P8_0001856_X51005741944_OCR_NEG,C00049461_X51005741944,X51005741944,group_0292,train,OCR,47,668,155,696,108,28,135.0,0.0,AUTHENTIC_REGION,0,0,REAL,C:\Users\jay\New folder (2)\Trustrace\data\document_patches\P8_0001856_X51005741944_OCR_NEG.png
P8_0001857_X51005230621_OCR_NEG,C00002419_X51005230621,X51005230621,group_0048,train,OCR,464,1189,508,1209,44,20,120.0,0.0,AUTHENTIC_REGION,0,0,REAL,C:\Users\jay\New folder (2)\Trustrace\data\document_patches\P8_0001857_X51005230621_OCR_NEG.png
P8_0001858_X51005705759_OCR_NEG,C00036503_X51005705759,X51005705759,group_0217,train,OCR,225,988,438,1018,213,30,150.0,0.0,AUTHENTIC_REGION,0,0,REAL,C:\Users\jay\New folder (2)\Trustrace\data\document_patches\P8_0001858_X51005705759_OCR_NEG.png
P8_0001859_X51007339159_OCR_NEG,C00137825_X51007339159,X51007339159,group_0001,train,OCR,489,665,533,682,44,17,120.0,0.0,AUTHENTIC_REGION,0,0,REAL,C:\Users\jay\New folder (2)\Trustrace\data\document_patches\P8_0001859_X51007339159_OCR_NEG.png
P8_0001860_X51006335314_OCR_NEG,C00069469_X51006335314,X51006335314,group_0400,train,OCR,81,866,279,891,198,25,96.0,0.0,AUTHENTIC_REGION,0,0,REAL,C:\Users\jay\New folder (2)\Trustrace\data\document_patches\P8_0001860_X51006335314_OCR_NEG.png
P8_0001861_X51005764031_OCR_NEG,C00057835_X51005764031,X51005764031,group_0341,train,OCR,127,1086,164,1110,37,24,115.0,0.0,AUTHENTIC_REGION,0,0,REAL,C:\Users\jay\New folder (2)\Trustrace\data\document_patches\P8_0001861_X51005764031_OCR_NEG.png
P8_0001862_X51008164996_OCR_NEG,C00164496_X51008164996,X51008164996,group_0907,train,OCR,486,1058,649,1086,163,28,99.0,0.0,AUTHENTIC_REGION,0,0,REAL,C:\Users\jay\New folder (2)\Trustrace\data\document_patches\P8_0001862_X51008164996_OCR_NEG.png
P8_0001863_X51007846410_OCR_NEG,C00149925_X51007846410,X51007846410,group_0032,train,OCR,1974,1678,2196,1736,222,58,125.0,0.0,AUTHENTIC_REGION,0,0,REAL,C:\Users\jay\New folder (2)\Trustrace\data\document_patches\P8_0001863_X51007846410_OCR_NEG.png
P8_0001864_X51005444044_OCR_NEG,C00015637_X51005444044,X51005444044,group_0110,train,OCR,146,335,445,369,299,34,102.0,0.0,AUTHENTIC_REGION,0,0,REAL,C:\Users\jay\New folder (2)\Trustrace\data\document_patches\P8_0001864_X51005444044_OCR_NEG.png
P8_0001865_X51006414671_OCR_NEG,C00080667_X51006414671,X51006414671,group_0467,train,OCR,2645,3063,2857,3110,212,47,135.0,0.0,AUTHENTIC_REGION,0,0,REAL,C:\Users\jay\New folder (2)\Trustrace\data\document_patches\P8_0001865_X51006414671_OCR_NEG.png
P8_0001866_X51005712038_OCR_NEG,C00040667_X51005712038,X51005712038,group_0241,train,OCR,157,1012,444,1032,287,20,105.0,0.0,AUTHENTIC_REGION,0,0,REAL,C:\Users\jay\New folder (2)\Trustrace\data\document_patches\P8_0001866_X51005712038_OCR_NEG.png
P8_0001867_X51007846371_OCR_NEG,C00147731_X51007846371,X51007846371,group_0817,train,OCR,1556,3969,1578,3983,22,14,105.0,0.0,AUTHENTIC_REGION,0,0,REAL,C:\Users\jay\New folder (2)\Trustrace\data\document_patches\P8_0001867_X51007846371_OCR_NEG.png
P8_0001868_X51005719899_OCR_NEG,C00044917_X51005719899,X51005719899,group_0268,train,OCR,659,1319,726,1354,67,35,120.0,0.0,AUTHENTIC_REGION,0,0,REAL,C:\Users\jay\New folder (2)\Trustrace\data\document_patches\P8_0001868_X51005719899_OCR_NEG.png
P8_0001869_X51007846410_OCR_NEG,C00149937_X51007846410,X51007846410,group_0032,train,OCR,1817,1774,2601,1845,784,71,99.0,0.0,AUTHENTIC_REGION,0,0,REAL,C:\Users\jay\New folder (2)\Trustrace\data\document_patches\P8_0001869_X51007846410_OCR_NEG.png
P8_0001870_X51006557161_OCR_NEG,C00100344_X51006557161,X51006557161,group_0566,train,OCR,86,307,106,325,20,18,110.0,0.0,AUTHENTIC_REGION,0,0,REAL,C:\Users\jay\New folder (2)\Trustrace\data\document_patches\P8_0001870_X51006557161_OCR_NEG.png
P8_0001871_X51007846282_OCR_NEG,C00142958_X51007846282,X51007846282,group_0791,train,OCR,2055,3712,2401,3780,346,68,96.0,0.0,AUTHENTIC_REGION,0,0,REAL,C:\Users\jay\New folder (2)\Trustrace\data\document_patches\P8_0001871_X51007846282_OCR_NEG.png
P8_0001872_X51008142058_OCR_NEG,C00161360_X51008142058,X51008142058,group_0894,train,OCR,829,1117,877,1142,48,25,115.0,0.0,AUTHENTIC_REGION,0,0,REAL,C:\Users\jay\New folder (2)\Trustrace\data\document_patches\P8_0001872_X51008142058_OCR_NEG.png
P8_0001873_X51007339160_OCR_NEG,C00138084_X51007339160,X51007339160,group_0760,train,OCR,364,1256,461,1274,97,18,130.0,0.0,AUTHENTIC_REGION,0,0,REAL,C:\Users\jay\New folder (2)\Trustrace\data\document_patches\P8_0001873_X51007339160_OCR_NEG.png
P8_0001874_X51007846302_OCR_NEG,C00144221_X51007846302,X51007846302,group_0798,train,OCR,1553,3141,1826,3205,273,64,140.0,0.0,AUTHENTIC_REGION,0,0,REAL,C:\Users\jay\New folder (2)\Trustrace\data\document_patches\P8_0001874_X51007846302_OCR_NEG.png
P8_0001875_X51005746210_OCR_NEG,C00052496_X51005746210,X51005746210,group_0310,train,OCR,168,643,212,669,44,26,115.0,0.0,AUTHENTIC_REGION,0,0,REAL,C:\Users\jay\New folder (2)\Trustrace\data\document_patches\P8_0001875_X51005746210_OCR_NEG.png
P8_0001876_X51008042792_OCR_NEG,C00152797_X51008042792,X51008042792,group_0843,train,OCR,527,858,585,886,58,28,120.0,0.0,AUTHENTIC_REGION,0,0,REAL,C:\Users\jay\New folder (2)\Trustrace\data\document_patches\P8_0001876_X51008042792_OCR_NEG.png
P8_0001877_X51007846350_OCR_NEG,C00145915_X51007846350,X51007846350,group_0808,train,OCR,2509,1653,2784,1712,275,59,130.0,0.0,AUTHENTIC_REGION,0,0,REAL,C:\Users\jay\New folder (2)\Trustrace\data\document_patches\P8_0001877_X51007846350_OCR_NEG.png
P8_0001878_X51006414713_OCR_NEG,C00083172_X51006414713,X51006414713,group_0478,train,OCR,2235,3982,2369,4044,134,62,120.0,0.0,AUTHENTIC_REGION,0,0,REAL,C:\Users\jay\New folder (2)\Trustrace\data\document_patches\P8_0001878_X51006414713_OCR_NEG.png
P8_0001879_X51006414631_OCR_NEG,C00079928_X51006414631,X51006414631,group_0465,train,OCR,1611,2458,2379,2506,768,48,99.0,0.0,AUTHENTIC_REGION,0,0,REAL,C:\Users\jay\New folder (2)\Trustrace\data\document_patches\P8_0001879_X51006414631_OCR_NEG.png
P8_0001880_X51006555817_OCR_NEG,C00088819_X51006555817,X51006555817,group_0513,train,OCR,250,535,260,549,10,14,105.0,0.0,AUTHENTIC_REGION,0,0,REAL,C:\Users\jay\New folder (2)\Trustrace\data\document_patches\P8_0001880_X51006555817_OCR_NEG.png
P8_0001881_X51009453804_OCR_NEG,C00165880_X51009453804,X51009453804,group_0016,train,OCR,382,228,488,245,106,17,140.0,0.0,AUTHENTIC_REGION,0,0,REAL,C:\Users\jay\New folder (2)\Trustrace\data\document_patches\P8_0001881_X51009453804_OCR_NEG.png
P8_0001882_X51008099086_OCR_NEG,C00155624_X51008099086,X51008099086,group_0860,train,OCR,618,999,687,1033,69,34,120.0,0.0,AUTHENTIC_REGION,0,0,REAL,C:\Users\jay\New folder (2)\Trustrace\data\document_patches\P8_0001882_X51008099086_OCR_NEG.png
P8_0001883_X51006401869_OCR_NEG,C00076367_X51006401869,X51006401869,group_0450,train,OCR,192,391,382,422,190,31,150.0,0.0,AUTHENTIC_REGION,0,0,REAL,C:\Users\jay\New folder (2)\Trustrace\data\document_patches\P8_0001883_X51006401869_OCR_NEG.png
P8_0001884_X51006502540_OCR_NEG,C00087301_X51006502540,X51006502540,group_0503,train,OCR,220,471,364,495,144,24,96.0,0.0,AUTHENTIC_REGION,0,0,REAL,C:\Users\jay\New folder (2)\Trustrace\data\document_patches\P8_0001884_X51006502540_OCR_NEG.png
P8_0001885_X51007846268_OCR_NEG,C00142454_X51007846268,X51007846268,group_0788,train,OCR,2604,3640,2798,3689,194,49,130.0,0.0,AUTHENTIC_REGION,0,0,REAL,C:\Users\jay\New folder (2)\Trustrace\data\document_patches\P8_0001885_X51007846268_OCR_NEG.png
P8_0001886_X51005605287_OCR_NEG,C00024828_X51005605287,X51005605287,group_0155,train,OCR,509,258,590,286,81,28,130.0,0.0,AUTHENTIC_REGION,0,0,REAL,C:\Users\jay\New folder (2)\Trustrace\data\document_patches\P8_0001886_X51005605287_OCR_NEG.png
P8_0001887_X51006556604_OCR_NEG,C00090461_X51006556604,X51006556604,group_0521,train,OCR,448,574,458,589,10,15,105.0,0.0,AUTHENTIC_REGION,0,0,REAL,C:\Users\jay\New folder (2)\Trustrace\data\document_patches\P8_0001887_X51006556604_OCR_NEG.png
P8_0001888_X51006389893_OCR_NEG,C00074422_X51006389893,X51006389893,group_0437,train,OCR,390,423,462,454,72,31,125.0,0.0,AUTHENTIC_REGION,0,0,REAL,C:\Users\jay\New folder (2)\Trustrace\data\document_patches\P8_0001888_X51006389893_OCR_NEG.png
P8_0001889_X51006502529_OCR_NEG,C00086556_X51006502529,X51006502529,group_0498,train,OCR,274,351,369,368,95,17,150.0,0.0,AUTHENTIC_REGION,0,0,REAL,C:\Users\jay\New folder (2)\Trustrace\data\document_patches\P8_0001889_X51006502529_OCR_NEG.png
P8_0001890_X51006619345_OCR_NEG,C00106735_X51006619345,X51006619345,group_0596,train,OCR,543,1972,597,2012,54,40,115.0,0.0,AUTHENTIC_REGION,0,0,REAL,C:\Users\jay\New folder (2)\Trustrace\data\document_patches\P8_0001890_X51006619345_OCR_NEG.png
P8_0001891_X51006557164_OCR_NEG,C00100710_X51006557164,X51006557164,group_0567,train,OCR,377,1098,458,1115,81,17,135.0,0.0,AUTHENTIC_REGION,0,0,REAL,C:\Users\jay\New folder (2)\Trustrace\data\document_patches\P8_0001891_X51006557164_OCR_NEG.png
P8_0001892_X51005663297_OCR_NEG,C00027766_X51005663297,X51005663297,group_0171,train,OCR,298,1768,395,1794,97,26,125.0,0.0,AUTHENTIC_REGION,0,0,REAL,C:\Users\jay\New folder (2)\Trustrace\data\document_patches\P8_0001892_X51005663297_OCR_NEG.png
P8_0001893_X51005724552_OCR_NEG,C00046878_X51005724552,X51005724552,group_0004,train,OCR,240,1199,279,1229,39,30,115.0,0.0,AUTHENTIC_REGION,0,0,REAL,C:\Users\jay\New folder (2)\Trustrace\data\document_patches\P8_0001893_X51005724552_OCR_NEG.png
P8_0001894_X51005745190_OCR_NEG,C00050400_X51005745190,X51005745190,group_0298,train,OCR,376,979,486,1004,110,25,140.0,0.0,AUTHENTIC_REGION,0,0,REAL,C:\Users\jay\New folder (2)\Trustrace\data\document_patches\P8_0001894_X51005745190_OCR_NEG.png
P8_0001895_X51006388082_OCR_NEG,C00073637_X51006388082,X51006388082,group_0432,train,OCR,271,480,451,514,180,34,96.0,0.0,AUTHENTIC_REGION,0,0,REAL,C:\Users\jay\New folder (2)\Trustrace\data\document_patches\P8_0001895_X51006388082_OCR_NEG.png
P8_0001896_X51007103643_OCR_NEG,C00123602_X51007103643,X51007103643,group_0704,train,OCR,50,1039,225,1065,175,26,96.0,0.0,AUTHENTIC_REGION,0,0,REAL,C:\Users\jay\New folder (2)\Trustrace\data\document_patches\P8_0001896_X51007103643_OCR_NEG.png
P8_0001897_X51005745244_OCR_NEG,C00050809_X51005745244,X51005745244,group_0301,train,OCR,47,336,667,368,620,32,108.0,0.0,AUTHENTIC_REGION,0,0,REAL,C:\Users\jay\New folder (2)\Trustrace\data\document_patches\P8_0001897_X51005745244_OCR_NEG.png
P8_0001898_X51006334741_OCR_NEG,C00068348_X51006334741,X51006334741,group_0393,train,OCR,540,926,626,951,86,25,96.0,0.0,AUTHENTIC_REGION,0,0,REAL,C:\Users\jay\New folder (2)\Trustrace\data\document_patches\P8_0001898_X51006334741_OCR_NEG.png
P8_0001899_X51005568887_OCR_NEG,C00021012_X51005568887,X51005568887,group_0135,train,OCR,136,1096,263,1125,127,29,145.0,0.0,AUTHENTIC_REGION,0,0,REAL,C:\Users\jay\New folder (2)\Trustrace\data\document_patches\P8_0001899_X51005568887_OCR_NEG.png
P8_0001900_X51007339127_OCR_NEG,C00134670_X51007339127,X51007339127,group_0001,train,OCR,488,796,532,813,44,17,120.0,0.0,AUTHENTIC_REGION,0,0,REAL,C:\Users\jay\New folder (2)\Trustrace\data\document_patches\P8_0001900_X51007339127_OCR_NEG.png
P8_0001901_X51007339116_OCR_NEG,C00132840_X51007339116,X51007339116,group_0746,train,OCR,187,347,225,363,38,16,115.0,0.0,AUTHENTIC_REGION,0,0,REAL,C:\Users\jay\New folder (2)\Trustrace\data\document_patches\P8_0001901_X51007339116_OCR_NEG.png
P8_0001902_X51006557208_OCR_NEG,C00104704_X51006557208,X51006557208,group_0585,train,OCR,326,144,400,161,74,17,135.0,0.0,AUTHENTIC_REGION,0,0,REAL,C:\Users\jay\New folder (2)\Trustrace\data\document_patches\P8_0001902_X51006557208_OCR_NEG.png
P8_0001903_X51007846412_OCR_NEG,C00150155_X51007846412,X51007846412,group_0826,train,OCR,1813,4258,2247,4324,434,66,102.0,0.0,AUTHENTIC_REGION,0,0,REAL,C:\Users\jay\New folder (2)\Trustrace\data\document_patches\P8_0001903_X51007846412_OCR_NEG.png
P8_0001904_X51007339130_OCR_NEG,C00134839_X51007339130,X51007339130,group_0001,train,OCR,32,558,343,580,311,22,105.0,0.0,AUTHENTIC_REGION,0,0,REAL,C:\Users\jay\New folder (2)\Trustrace\data\document_patches\P8_0001904_X51007339130_OCR_NEG.png
P8_0001905_X51005568829_OCR_NEG,C00019643_X51005568829,X51005568829,group_0129,train,OCR,429,1652,519,1679,90,27,130.0,0.0,AUTHENTIC_REGION,0,0,REAL,C:\Users\jay\New folder (2)\Trustrace\data\document_patches\P8_0001905_X51005568829_OCR_NEG.png
P8_0001906_X51006328913_OCR_NEG,C00066088_X51006328913,X51006328913,group_0024,train,OCR,127,605,287,629,160,24,145.0,0.0,AUTHENTIC_REGION,0,0,REAL,C:\Users\jay\New folder (2)\Trustrace\data\document_patches\P8_0001906_X51006328913_OCR_NEG.png
P8_0001907_X51007339136_OCR_NEG,C00135998_X51007339136,X51007339136,group_0753,train,OCR,278,645,375,662,97,17,135.0,0.0,AUTHENTIC_REGION,0,0,REAL,C:\Users\jay\New folder (2)\Trustrace\data\document_patches\P8_0001907_X51007339136_OCR_NEG.png
P8_0001908_X51007225399_OCR_NEG,C00125752_X51007225399,X51007225399,group_0715,train,OCR,63,561,141,580,78,19,125.0,0.0,AUTHENTIC_REGION,0,0,REAL,C:\Users\jay\New folder (2)\Trustrace\data\document_patches\P8_0001908_X51007225399_OCR_NEG.png
P8_0001909_X51005306399_OCR_NEG,C00005547_X51005306399,X51005306399,group_0059,train,OCR,122,90,168,109,46,19,120.0,0.0,AUTHENTIC_REGION,0,0,REAL,C:\Users\jay\New folder (2)\Trustrace\data\document_patches\P8_0001909_X51005306399_OCR_NEG.png
P8_0001910_X51006913073_OCR_NEG,C00122198_X51006913073,X51006913073,group_0696,train,OCR,2025,2553,2243,2616,218,63,140.0,0.0,AUTHENTIC_REGION,0,0,REAL,C:\Users\jay\New folder (2)\Trustrace\data\document_patches\P8_0001910_X51006913073_OCR_NEG.png
P8_0001911_X51008064061_OCR_NEG,C00153249_X51008064061,X51008064061,group_0846,train,OCR,197,1144,209,1167,12,23,105.0,0.0,AUTHENTIC_REGION,0,0,REAL,C:\Users\jay\New folder (2)\Trustrace\data\document_patches\P8_0001911_X51008064061_OCR_NEG.png
P8_0001912_X51005230657_OCR_NEG,C00002671_X51005230657,X51005230657,group_0050,train,OCR,388,353,438,371,50,18,120.0,0.0,AUTHENTIC_REGION,0,0,REAL,C:\Users\jay\New folder (2)\Trustrace\data\document_patches\P8_0001912_X51005230657_OCR_NEG.png
P8_0001913_X51006620186_OCR_NEG,C00112851_X51006620186,X51006620186,group_0645,train,OCR,272,866,287,874,15,8,105.0,0.0,AUTHENTIC_REGION,0,0,REAL,C:\Users\jay\New folder (2)\Trustrace\data\document_patches\P8_0001913_X51006620186_OCR_NEG.png
P8_0001914_X51006556808_OCR_NEG,C00094564_X51006556808,X51006556808,group_0539,train,OCR,371,1130,429,1146,58,16,125.0,0.0,AUTHENTIC_REGION,0,0,REAL,C:\Users\jay\New folder (2)\Trustrace\data\document_patches\P8_0001914_X51006556808_OCR_NEG.png
P8_0001915_X51007225399_OCR_NEG,C00125819_X51007225399,X51007225399,group_0715,train,OCR,161,1004,362,1026,201,22,96.0,0.0,AUTHENTIC_REGION,0,0,REAL,C:\Users\jay\New folder (2)\Trustrace\data\document_patches\P8_0001915_X51007225399_OCR_NEG.png
P8_0001916_X51007339135_OCR_NEG,C00135800_X51007339135,X51007339135,group_0752,train,OCR,485,560,529,578,44,18,120.0,0.0,AUTHENTIC_REGION,0,0,REAL,C:\Users\jay\New folder (2)\Trustrace\data\document_patches\P8_0001916_X51007339135_OCR_NEG.png
P8_0001917_X51006335552_OCR_NEG,C00069792_X51006335552,X51006335552,group_0402,train,OCR,61,1989,151,2020,90,31,130.0,0.0,AUTHENTIC_REGION,0,0,REAL,C:\Users\jay\New folder (2)\Trustrace\data\document_patches\P8_0001917_X51006335552_OCR_NEG.png
P8_0001918_X51008099102_OCR_NEG,C00156590_X51008099102,X51008099102,group_0866,train,OCR,179,2003,265,2035,86,32,125.0,0.0,AUTHENTIC_REGION,0,0,REAL,C:\Users\jay\New folder (2)\Trustrace\data\document_patches\P8_0001918_X51008099102_OCR_NEG.png
P8_0001919_X51006335547_OCR_NEG,C00069596_X51006335547,X51006335547,group_0401,train,OCR,55,311,561,346,506,35,105.0,0.0,AUTHENTIC_REGION,0,0,REAL,C:\Users\jay\New folder (2)\Trustrace\data\document_patches\P8_0001919_X51006335547_OCR_NEG.png
P8_0001920_X51006502534_OCR_NEG,C00086983_X51006502534,X51006502534,group_0501,train,OCR,274,292,284,312,10,20,105.0,0.0,AUTHENTIC_REGION,0,0,REAL,C:\Users\jay\New folder (2)\Trustrace\data\document_patches\P8_0001920_X51006502534_OCR_NEG.png
P8_0001921_X51007579719_OCR_NEG,C00141586_X51007579719,X51007579719,group_0783,train,OCR,143,798,176,818,33,20,115.0,0.0,AUTHENTIC_REGION,0,0,REAL,C:\Users\jay\New folder (2)\Trustrace\data\document_patches\P8_0001921_X51007579719_OCR_NEG.png
P8_0001922_X51008099088_OCR_NEG,C00155861_X51008099088,X51008099088,group_0862,train,OCR,125,399,700,437,575,38,105.0,0.0,AUTHENTIC_REGION,0,0,REAL,C:\Users\jay\New folder (2)\Trustrace\data\document_patches\P8_0001922_X51008099088_OCR_NEG.png
P8_0001923_X51005361908_OCR_NEG,C00007635_X51005361908,X51005361908,group_0070,train,OCR,761,1602,810,1622,49,20,115.0,0.0,AUTHENTIC_REGION,0,0,REAL,C:\Users\jay\New folder (2)\Trustrace\data\document_patches\P8_0001923_X51005361908_OCR_NEG.png
P8_0001924_X51007225398_OCR_NEG,C00125621_X51007225398,X51007225398,group_0714,train,OCR,200,954,333,972,133,18,96.0,0.0,AUTHENTIC_REGION,0,0,REAL,C:\Users\jay\New folder (2)\Trustrace\data\document_patches\P8_0001924_X51007225398_OCR_NEG.png
P8_0001925_X51006619496_OCR_NEG,C00106885_X51006619496,X51006619496,group_0598,train,OCR,414,637,425,662,11,25,105.0,0.0,AUTHENTIC_REGION,0,0,REAL,C:\Users\jay\New folder (2)\Trustrace\data\document_patches\P8_0001925_X51006619496_OCR_NEG.png
P8_0001926_X51007339111_OCR_NEG,C00131869_X51007339111,X51007339111,group_0001,train,OCR,151,530,238,549,87,19,145.0,0.0,AUTHENTIC_REGION,0,0,REAL,C:\Users\jay\New folder (2)\Trustrace\data\document_patches\P8_0001926_X51007339111_OCR_NEG.png
P8_0001927_X51005757282_OCR_NEG,C00054707_X51005757282,X51005757282,group_0323,train,OCR,250,278,316,306,66,28,125.0,0.0,AUTHENTIC_REGION,0,0,REAL,C:\Users\jay\New folder (2)\Trustrace\data\document_patches\P8_0001927_X51005757282_OCR_NEG.png
P8_0001928_X51008030560_OCR_NEG,C00150566_X51008030560,X51008030560,group_0828,train,OCR,335,1228,391,1250,56,22,115.0,0.0,AUTHENTIC_REGION,0,0,REAL,C:\Users\jay\New folder (2)\Trustrace\data\document_patches\P8_0001928_X51008030560_OCR_NEG.png
P8_0001929_X51005719873_OCR_NEG,C00043143_X51005719873,X51005719873,group_0257,train,OCR,470,200,721,257,251,57,130.0,0.0,AUTHENTIC_REGION,0,0,REAL,C:\Users\jay\New folder (2)\Trustrace\data\document_patches\P8_0001929_X51005719873_OCR_NEG.png
P8_0001930_X51005361907_OCR_NEG,C00007315_X51005361907,X51005361907,group_0069,train,OCR,970,313,998,327,28,14,115.0,0.0,AUTHENTIC_REGION,0,0,REAL,C:\Users\jay\New folder (2)\Trustrace\data\document_patches\P8_0001930_X51005361907_OCR_NEG.png
P8_0001931_X51007231346_OCR_NEG,C00128107_X51007231346,X51007231346,group_0725,train,OCR,1976,2329,2122,2386,146,57,120.0,0.0,AUTHENTIC_REGION,0,0,REAL,C:\Users\jay\New folder (2)\Trustrace\data\document_patches\P8_0001931_X51007231346_OCR_NEG.png
P8_0001932_X51005361907_OCR_NEG,C00007333_X51005361907,X51005361907,group_0069,train,OCR,1002,359,1328,375,326,16,108.0,0.0,AUTHENTIC_REGION,0,0,REAL,C:\Users\jay\New folder (2)\Trustrace\data\document_patches\P8_0001932_X51005361907_OCR_NEG.png
P8_0001933_X51005663307_OCR_NEG,C00028517_X51005663307,X51005663307,group_0175,train,OCR,395,1023,435,1049,40,26,110.0,0.0,AUTHENTIC_REGION,0,0,REAL,C:\Users\jay\New folder (2)\Trustrace\data\document_patches\P8_0001933_X51005663307_OCR_NEG.png
P8_0001934_X51007339163_OCR_NEG,C00138642_X51007339163,X51007339163,group_0762,train,OCR,130,674,199,692,69,18,130.0,0.0,AUTHENTIC_REGION,0,0,REAL,C:\Users\jay\New folder (2)\Trustrace\data\document_patches\P8_0001934_X51007339163_OCR_NEG.png
P8_0001935_X51005719905_OCR_NEG,C00045523_X51005719905,X51005719905,group_0272,train,OCR,695,1745,759,1774,64,29,115.0,0.0,AUTHENTIC_REGION,0,0,REAL,C:\Users\jay\New folder (2)\Trustrace\data\document_patches\P8_0001935_X51005719905_OCR_NEG.png
P8_0001936_X51007846395_OCR_NEG,C00149041_X51007846395,X51007846395,group_0821,train,OCR,1555,1890,3092,1967,1537,77,108.0,0.0,AUTHENTIC_REGION,0,0,REAL,C:\Users\jay\New folder (2)\Trustrace\data\document_patches\P8_0001936_X51007846395_OCR_NEG.png
P8_0001937_X51005806698_OCR_NEG,C00059494_X51005806698,X51005806698,group_0350,train,OCR,241,918,285,940,44,22,115.0,0.0,AUTHENTIC_REGION,0,0,REAL,C:\Users\jay\New folder (2)\Trustrace\data\document_patches\P8_0001937_X51005806698_OCR_NEG.png
P8_0001938_X51005444044_OCR_NEG,C00015645_X51005444044,X51005444044,group_0110,train,OCR,207,461,324,489,117,28,140.0,0.0,AUTHENTIC_REGION,0,0,REAL,C:\Users\jay\New folder (2)\Trustrace\data\document_patches\P8_0001938_X51005444044_OCR_NEG.png
P8_0001939_X51006414714_OCR_NEG,C00083349_X51006414714,X51006414714,group_0479,train,OCR,1755,4802,1933,4853,178,51,130.0,0.0,AUTHENTIC_REGION,0,0,REAL,C:\Users\jay\New folder (2)\Trustrace\data\document_patches\P8_0001939_X51006414714_OCR_NEG.png
P8_0001940_X51006913059_OCR_NEG,C00121299_X51006913059,X51006913059,group_0693,train,OCR,1460,3469,1522,3508,62,39,110.0,0.0,AUTHENTIC_REGION,0,0,REAL,C:\Users\jay\New folder (2)\Trustrace\data\document_patches\P8_0001940_X51006913059_OCR_NEG.png
P8_0001941_X51006557188_OCR_NEG,C00102906_X51006557188,X51006557188,group_0577,train,OCR,27,969,116,985,89,16,140.0,0.0,AUTHENTIC_REGION,0,0,REAL,C:\Users\jay\New folder (2)\Trustrace\data\document_patches\P8_0001941_X51006557188_OCR_NEG.png
P8_0001942_X51006334139_OCR_NEG,C00067947_X51006334139,X51006334139,group_0391,train,OCR,57,316,623,348,566,32,108.0,0.0,AUTHENTIC_REGION,0,0,REAL,C:\Users\jay\New folder (2)\Trustrace\data\document_patches\P8_0001942_X51006334139_OCR_NEG.png
P8_0001943_X51007846366_OCR_NEG,C00147178_X51007846366,X51007846366,group_0815,train,OCR,1745,3178,1983,3247,238,69,135.0,0.0,AUTHENTIC_REGION,0,0,REAL,C:\Users\jay\New folder (2)\Trustrace\data\document_patches\P8_0001943_X51007846366_OCR_NEG.png
P8_0001944_X51006557188_OCR_NEG,C00102840_X51006557188,X51006557188,group_0577,train,OCR,181,417,235,436,54,19,125.0,0.0,AUTHENTIC_REGION,0,0,REAL,C:\Users\jay\New folder (2)\Trustrace\data\document_patches\P8_0001944_X51006557188_OCR_NEG.png
P8_0001945_X51006619506_OCR_NEG,C00107164_X51006619506,X51006619506,group_0600,train,OCR,288,288,744,321,456,33,102.0,0.0,AUTHENTIC_REGION,0,0,REAL,C:\Users\jay\New folder (2)\Trustrace\data\document_patches\P8_0001945_X51006619506_OCR_NEG.png
P8_0001946_X51006913059_OCR_NEG,C00121302_X51006913059,X51006913059,group_0693,train,OCR,1416,3564,1479,3602,63,38,110.0,0.0,AUTHENTIC_REGION,0,0,REAL,C:\Users\jay\New folder (2)\Trustrace\data\document_patches\P8_0001946_X51006913059_OCR_NEG.png
P8_0001947_X51006555818_OCR_NEG,C00088993_X51006555818,X51006555818,group_0514,train,OCR,284,233,295,263,11,30,105.0,0.0,AUTHENTIC_REGION,0,0,REAL,C:\Users\jay\New folder (2)\Trustrace\data\document_patches\P8_0001947_X51006555818_OCR_NEG.png
P8_0001948_X51007339146_OCR_NEG,C00136415_X51007339146,X51007339146,group_0755,train,OCR,147,645,233,662,86,17,145.0,0.0,AUTHENTIC_REGION,0,0,REAL,C:\Users\jay\New folder (2)\Trustrace\data\document_patches\P8_0001948_X51007339146_OCR_NEG.png
P8_0001949_X51006414680_OCR_NEG,C00081656_X51006414680,X51006414680,group_0472,train,OCR,2173,2961,2261,3028,88,67,115.0,0.0,AUTHENTIC_REGION,0,0,REAL,C:\Users\jay\New folder (2)\Trustrace\data\document_patches\P8_0001949_X51006414680_OCR_NEG.png
P8_0001950_X51005663298_OCR_NEG,C00027990_X51005663298,X51005663298,group_0172,train,OCR,303,667,367,703,64,36,120.0,0.0,AUTHENTIC_REGION,0,0,REAL,C:\Users\jay\New folder (2)\Trustrace\data\document_patches\P8_0001950_X51005663298_OCR_NEG.png
P8_0001951_X51008042781_OCR_NEG,C00151850_X51008042781,X51008042781,group_0837,train,OCR,342,1046,412,1076,70,30,125.0,0.0,AUTHENTIC_REGION,0,0,REAL,C:\Users\jay\New folder (2)\Trustrace\data\document_patches\P8_0001951_X51008042781_OCR_NEG.png
P8_0001952_X51005303661_OCR_NEG,C00005477_X51005303661,X51005303661,group_0011,train,OCR,393,1769,457,1795,64,26,96.0,0.0,AUTHENTIC_REGION,0,0,REAL,C:\Users\jay\New folder (2)\Trustrace\data\document_patches\P8_0001952_X51005303661_OCR_NEG.png
P8_0001953_X51005444046_OCR_NEG,C00015981_X51005444046,X51005444046,group_0112,train,OCR,439,1201,554,1226,115,25,140.0,0.0,AUTHENTIC_REGION,0,0,REAL,C:\Users\jay\New folder (2)\Trustrace\data\document_patches\P8_0001953_X51005444046_OCR_NEG.png
P8_0001954_X51006619869_OCR_NEG,C00112003_X51006619869,X51006619869,group_0639,train,OCR,322,1764,488,1795,166,31,96.0,0.0,AUTHENTIC_REGION,0,0,REAL,C:\Users\jay\New folder (2)\Trustrace\data\document_patches\P8_0001954_X51006619869_OCR_NEG.png
P8_0001955_X51006350763_OCR_NEG,C00070946_X51006350763,X51006350763,group_0410,train,OCR,92,970,300,994,208,24,99.0,0.0,AUTHENTIC_REGION,0,0,REAL,C:\Users\jay\New folder (2)\Trustrace\data\document_patches\P8_0001955_X51006350763_OCR_NEG.png
P8_0001956_X51005568895_OCR_NEG,C00022162_X51005568895,X51005568895,group_0141,train,OCR,346,2045,458,2086,112,41,125.0,0.0,AUTHENTIC_REGION,0,0,REAL,C:\Users\jay\New folder (2)\Trustrace\data\document_patches\P8_0001956_X51005568895_OCR_NEG.png
P8_0001957_X51005442322_OCR_NEG,C00011677_X51005442322,X51005442322,group_0091,train,OCR,493,1140,501,1154,8,14,105.0,0.0,AUTHENTIC_REGION,0,0,REAL,C:\Users\jay\New folder (2)\Trustrace\data\document_patches\P8_0001957_X51005442322_OCR_NEG.png
P8_0001958_X51005361950_OCR_NEG,C00008219_X51005361950,X51005361950,group_0074,train,OCR,293,1253,357,1285,64,32,120.0,0.0,AUTHENTIC_REGION,0,0,REAL,C:\Users\jay\New folder (2)\Trustrace\data\document_patches\P8_0001958_X51005361950_OCR_NEG.png
P8_0001959_X51006414631_OCR_NEG,C00079933_X51006414631,X51006414631,group_0465,train,OCR,1610,2666,2374,2726,764,60,96.0,0.0,AUTHENTIC_REGION,0,0,REAL,C:\Users\jay\New folder (2)\Trustrace\data\document_patches\P8_0001959_X51006414631_OCR_NEG.png
P8_0001960_X51006311767_OCR_NEG,C00064662_X51006311767,X51006311767,group_0377,train,OCR,163,1025,204,1049,41,24,115.0,0.0,AUTHENTIC_REGION,0,0,REAL,C:\Users\jay\New folder (2)\Trustrace\data\document_patches\P8_0001960_X51006311767_OCR_NEG.png
P8_0001961_X51005337867_OCR_NEG,C00005708_X51005337867,X51005337867,group_0060,train,OCR,25,804,260,853,235,49,96.0,0.0,AUTHENTIC_REGION,0,0,REAL,C:\Users\jay\New folder (2)\Trustrace\data\document_patches\P8_0001961_X51005337867_OCR_NEG.png
P8_0001962_X51005745214_OCR_NEG,C00050704_X51005745214,X51005745214,group_0300,train,OCR,439,955,466,980,27,25,110.0,0.0,AUTHENTIC_REGION,0,0,REAL,C:\Users\jay\New folder (2)\Trustrace\data\document_patches\P8_0001962_X51005745214_OCR_NEG.png
P8_0001963_X51006401723_OCR_NEG,C00075994_X51006401723,X51006401723,group_0028,train,OCR,606,1466,628,1494,22,28,110.0,0.0,AUTHENTIC_REGION,0,0,REAL,C:\Users\jay\New folder (2)\Trustrace\data\document_patches\P8_0001963_X51006401723_OCR_NEG.png
P8_0001964_X51005719857_OCR_NEG,C00042653_X51005719857,X51005719857,group_0253,train,OCR,51,1393,103,1426,52,33,115.0,0.0,AUTHENTIC_REGION,0,0,REAL,C:\Users\jay\New folder (2)\Trustrace\data\document_patches\P8_0001964_X51005719857_OCR_NEG.png
P8_0001965_X51008042791_OCR_NEG,C00152601_X51008042791,X51008042791,group_0842,train,OCR,271,338,359,367,88,29,130.0,0.0,AUTHENTIC_REGION,0,0,REAL,C:\Users\jay\New folder (2)\Trustrace\data\document_patches\P8_0001965_X51008042791_OCR_NEG.png
P8_0001966_X51005711445_OCR_NEG,C00038782_X51005711445,X51005711445,group_0230,train,OCR,152,1292,323,1330,171,38,150.0,0.0,AUTHENTIC_REGION,0,0,REAL,C:\Users\jay\New folder (2)\Trustrace\data\document_patches\P8_0001966_X51005711445_OCR_NEG.png
P8_0001967_X51006334927_OCR_NEG,C00069305_X51006334927,X51006334927,group_0399,train,OCR,81,888,220,919,139,31,96.0,0.0,AUTHENTIC_REGION,0,0,REAL,C:\Users\jay\New folder (2)\Trustrace\data\document_patches\P8_0001967_X51006334927_OCR_NEG.png
P8_0001968_X51007846410_OCR_NEG,C00149988_X51007846410,X51007846410,group_0032,train,OCR,1944,3544,2256,3610,312,66,150.0,0.0,AUTHENTIC_REGION,0,0,REAL,C:\Users\jay\New folder (2)\Trustrace\data\document_patches\P8_0001968_X51007846410_OCR_NEG.png
P8_0001969_X51006414711_OCR_NEG,C00082686_X51006414711,X51006414711,group_0476,train,OCR,1977,5223,2132,5267,155,44,120.0,0.0,AUTHENTIC_REGION,0,0,REAL,C:\Users\jay\New folder (2)\Trustrace\data\document_patches\P8_0001969_X51006414711_OCR_NEG.png
P8_0001970_X51006912959_OCR_NEG,C00118151_X51006912959,X51006912959,group_0679,train,OCR,1679,2814,1693,2876,14,62,105.0,0.0,AUTHENTIC_REGION,0,0,REAL,C:\Users\jay\New folder (2)\Trustrace\data\document_patches\P8_0001970_X51006912959_OCR_NEG.png
P8_0001971_X51005757292_OCR_NEG,C00055217_X51005757292,X51005757292,group_0326,train,OCR,7,964,400,990,393,26,102.0,0.0,AUTHENTIC_REGION,0,0,REAL,C:\Users\jay\New folder (2)\Trustrace\data\document_patches\P8_0001971_X51005757292_OCR_NEG.png
P8_0001972_X51005711445_OCR_NEG,C00038801_X51005711445,X51005711445,group_0230,train,OCR,655,1336,745,1370,90,34,115.0,0.0,AUTHENTIC_REGION,0,0,REAL,C:\Users\jay\New folder (2)\Trustrace\data\document_patches\P8_0001972_X51005711445_OCR_NEG.png
P8_0001973_X51005757201_OCR_NEG,C00053654_X51005757201,X51005757201,group_0316,train,OCR,66,1909,107,1938,41,29,115.0,0.0,AUTHENTIC_REGION,0,0,REAL,C:\Users\jay\New folder (2)\Trustrace\data\document_patches\P8_0001973_X51005757201_OCR_NEG.png
P8_0001974_X51006556829_OCR_NEG,C00097535_X51006556829,X51006556829,group_0552,train,OCR,29,1061,464,1082,435,21,114.0,0.0,AUTHENTIC_REGION,0,0,REAL,C:\Users\jay\New folder (2)\Trustrace\data\document_patches\P8_0001974_X51006556829_OCR_NEG.png
P8_0001975_X51005361897_OCR_NEG,C00006652_X51005361897,X51005361897,group_0065,train,OCR,979,1174,1072,1215,93,41,120.0,0.0,AUTHENTIC_REGION,0,0,REAL,C:\Users\jay\New folder (2)\Trustrace\data\document_patches\P8_0001975_X51005361897_OCR_NEG.png
P8_0001976_X51006556830_OCR_NEG,C00097705_X51006556830,X51006556830,group_0553,train,OCR,371,1060,421,1081,50,21,120.0,0.0,AUTHENTIC_REGION,0,0,REAL,C:\Users\jay\New folder (2)\Trustrace\data\document_patches\P8_0001976_X51006556830_OCR_NEG.png
P8_0001977_X51006913032_OCR_NEG,C00120602_X51006913032,X51006913032,group_0689,train,OCR,1429,3035,1503,3080,74,45,110.0,0.0,AUTHENTIC_REGION,0,0,REAL,C:\Users\jay\New folder (2)\Trustrace\data\document_patches\P8_0001977_X51006913032_OCR_NEG.png
P8_0001978_X51007262328_OCR_NEG,C00129561_X51007262328,X51007262328,group_0733,train,OCR,259,662,318,681,59,19,120.0,0.0,AUTHENTIC_REGION,0,0,REAL,C:\Users\jay\New folder (2)\Trustrace\data\document_patches\P8_0001978_X51007262328_OCR_NEG.png
P8_0001979_X51006311758_OCR_NEG,C00064308_X51006311758,X51006311758,group_0375,train,OCR,283,353,488,380,205,27,99.0,0.0,AUTHENTIC_REGION,0,0,REAL,C:\Users\jay\New folder (2)\Trustrace\data\document_patches\P8_0001979_X51006311758_OCR_NEG.png
P8_0001980_X51005605284_OCR_NEG,C00024362_X51005605284,X51005605284,group_0152,train,OCR,147,781,160,802,13,21,105.0,0.0,AUTHENTIC_REGION,0,0,REAL,C:\Users\jay\New folder (2)\Trustrace\data\document_patches\P8_0001980_X51005605284_OCR_NEG.png
P8_0001981_X51006414425_OCR_NEG,C00077344_X51006414425,X51006414425,group_0456,train,OCR,3139,3780,3160,3817,21,37,105.0,0.0,AUTHENTIC_REGION,0,0,REAL,C:\Users\jay\New folder (2)\Trustrace\data\document_patches\P8_0001981_X51006414425_OCR_NEG.png
P8_0001982_X51005677337_OCR_NEG,C00034961_X51005677337,X51005677337,group_0019,train,OCR,314,319,376,351,62,32,120.0,0.0,AUTHENTIC_REGION,0,0,REAL,C:\Users\jay\New folder (2)\Trustrace\data\document_patches\P8_0001982_X51005677337_OCR_NEG.png
P8_0001983_X51006556823_OCR_NEG,C00095996_X51006556823,X51006556823,group_0546,train,OCR,560,76,584,97,24,21,110.0,0.0,AUTHENTIC_REGION,0,0,REAL,C:\Users\jay\New folder (2)\Trustrace\data\document_patches\P8_0001983_X51006556823_OCR_NEG.png
P8_0001984_X51005712038_OCR_NEG,C00040627_X51005712038,X51005712038,group_0241,train,OCR,369,444,426,464,57,20,130.0,0.0,AUTHENTIC_REGION,0,0,REAL,C:\Users\jay\New folder (2)\Trustrace\data\document_patches\P8_0001984_X51005712038_OCR_NEG.png
P8_0001985_X51005442333_OCR_NEG,C00011990_X51005442333,X51005442333,group_0093,train,OCR,629,749,660,763,31,14,125.0,0.0,AUTHENTIC_REGION,0,0,REAL,C:\Users\jay\New folder (2)\Trustrace\data\document_patches\P8_0001985_X51005442333_OCR_NEG.png
P8_0001986_X51006619765_OCR_NEG,C00110295_X51006619765,X51006619765,group_0624,train,OCR,447,2556,521,2590,74,34,120.0,0.0,AUTHENTIC_REGION,0,0,REAL,C:\Users\jay\New folder (2)\Trustrace\data\document_patches\P8_0001986_X51006619765_OCR_NEG.png
P8_0001987_X51007339163_OCR_NEG,C00138611_X51007339163,X51007339163,group_0762,train,OCR,112,322,135,342,23,20,110.0,0.0,AUTHENTIC_REGION,0,0,REAL,C:\Users\jay\New folder (2)\Trustrace\data\document_patches\P8_0001987_X51007339163_OCR_NEG.png
P8_0001988_X51006912998_OCR_NEG,C00118938_X51006912998,X51006912998,group_0683,train,OCR,2373,1543,2566,1614,193,71,125.0,0.0,AUTHENTIC_REGION,0,0,REAL,C:\Users\jay\New folder (2)\Trustrace\data\document_patches\P8_0001988_X51006912998_OCR_NEG.png
P8_0001989_X51005568895_OCR_NEG,C00022207_X51005568895,X51005568895,group_0141,train,OCR,458,2598,474,2624,16,26,105.0,0.0,AUTHENTIC_REGION,0,0,REAL,C:\Users\jay\New folder (2)\Trustrace\data\document_patches\P8_0001989_X51005568895_OCR_NEG.png
P8_0001990_X51008142059_OCR_NEG,C00161565_X51008142059,X51008142059,group_0004,train,OCR,300,2009,381,2038,81,29,125.0,0.0,AUTHENTIC_REGION,0,0,REAL,C:\Users\jay\New folder (2)\Trustrace\data\document_patches\P8_0001990_X51008142059_OCR_NEG.png
P8_0001991_X51006619569_OCR_NEG,C00108429_X51006619569,X51006619569,group_0610,train,OCR,633,330,688,362,55,32,120.0,0.0,AUTHENTIC_REGION,0,0,REAL,C:\Users\jay\New folder (2)\Trustrace\data\document_patches\P8_0001991_X51006619569_OCR_NEG.png
P8_0001992_X51005301659_OCR_NEG,C00004395_X51005301659,X51005301659,group_0009,train,OCR,187,838,291,859,104,21,135.0,0.0,AUTHENTIC_REGION,0,0,REAL,C:\Users\jay\New folder (2)\Trustrace\data\document_patches\P8_0001992_X51005301659_OCR_NEG.png
P8_0001993_X51007339136_OCR_NEG,C00135986_X51007339136,X51007339136,group_0753,train,OCR,486,524,530,542,44,18,120.0,0.0,AUTHENTIC_REGION,0,0,REAL,C:\Users\jay\New folder (2)\Trustrace\data\document_patches\P8_0001993_X51007339136_OCR_NEG.png
P8_0001994_X51008114266_OCR_NEG,C00157285_X51008114266,X51008114266,group_0871,train,OCR,219,719,323,749,104,30,135.0,0.0,AUTHENTIC_REGION,0,0,REAL,C:\Users\jay\New folder (2)\Trustrace\data\document_patches\P8_0001994_X51008114266_OCR_NEG.png
P8_0001995_X51005705727_OCR_NEG,C00036132_X51005705727,X51005705727,group_0215,train,OCR,851,904,923,932,72,28,125.0,0.0,AUTHENTIC_REGION,0,0,REAL,C:\Users\jay\New folder (2)\Trustrace\data\document_patches\P8_0001995_X51005705727_OCR_NEG.png
P8_0001996_X51007339653_OCR_NEG,C00140448_X51007339653,X51007339653,group_0774,train,OCR,461,111,504,132,43,21,110.0,0.0,AUTHENTIC_REGION,0,0,REAL,C:\Users\jay\New folder (2)\Trustrace\data\document_patches\P8_0001996_X51007339653_OCR_NEG.png
P8_0001997_X51006828200_OCR_NEG,C00115864_X51006828200,X51006828200,group_0664,train,OCR,410,1672,419,1708,9,36,105.0,0.0,AUTHENTIC_REGION,0,0,REAL,C:\Users\jay\New folder (2)\Trustrace\data\document_patches\P8_0001997_X51006828200_OCR_NEG.png
P8_0001998_X51007846388_OCR_NEG,C00148473_X51007846388,X51007846388,group_0005,train,OCR,2224,4056,2283,4091,59,35,110.0,0.0,AUTHENTIC_REGION,0,0,REAL,C:\Users\jay\New folder (2)\Trustrace\data\document_patches\P8_0001998_X51007846388_OCR_NEG.png
P8_0001999_X51005745244_OCR_NEG,C00050833_X51005745244,X51005745244,group_0301,train,OCR,163,608,224,635,61,27,120.0,0.0,AUTHENTIC_REGION,0,0,REAL,C:\Users\jay\New folder (2)\Trustrace\data\document_patches\P8_0001999_X51005745244_OCR_NEG.png
P8_0002000_X51007579719_OCR_NEG,C00141541_X51007579719,X51007579719,group_0783,train,OCR,366,305,443,326,77,21,135.0,0.0,AUTHENTIC_REGION,0,0,REAL,C:\Users\jay\New folder (2)\Trustrace\data\document_patches\P8_0002000_X51007579719_OCR_NEG.png
P8_0002001_X51005764031_OCR_NEG,C00057868_X51005764031,X51005764031,group_0341,train,OCR,511,1122,609,1147,98,25,96.0,0.0,AUTHENTIC_REGION,0,0,REAL,C:\Users\jay\New folder (2)\Trustrace\data\document_patches\P8_0002001_X51005764031_OCR_NEG.png
P8_0002002_X51009453804_OCR_NEG,C00165939_X51009453804,X51009453804,group_0016,train,OCR,321,773,365,788,44,15,125.0,0.0,AUTHENTIC_REGION,0,0,REAL,C:\Users\jay\New folder (2)\Trustrace\data\document_patches\P8_0002002_X51009453804_OCR_NEG.png
P8_0002003_X51006466062_OCR_NEG,C00085835_X51006466062,X51006466062,group_0493,train,OCR,322,484,413,503,91,19,96.0,0.0,AUTHENTIC_REGION,0,0,REAL,C:\Users\jay\New folder (2)\Trustrace\data\document_patches\P8_0002003_X51006466062_OCR_NEG.png
P8_0002004_X51008099085_OCR_NEG,C00155429_X51008099085,X51008099085,group_0859,train,OCR,56,1204,438,1244,382,40,99.0,0.0,AUTHENTIC_REGION,0,0,REAL,C:\Users\jay\New folder (2)\Trustrace\data\document_patches\P8_0002004_X51008099085_OCR_NEG.png
P8_0002005_X51007846410_OCR_NEG,C00149967_X51007846410,X51007846410,group_0032,train,OCR,2272,2795,2286,2842,14,47,105.0,0.0,AUTHENTIC_REGION,0,0,REAL,C:\Users\jay\New folder (2)\Trustrace\data\document_patches\P8_0002005_X51007846410_OCR_NEG.png
P8_0002006_X51007579719_OCR_NEG,C00141552_X51007579719,X51007579719,group_0783,train,OCR,284,365,424,386,140,21,150.0,0.0,AUTHENTIC_REGION,0,0,REAL,C:\Users\jay\New folder (2)\Trustrace\data\document_patches\P8_0002006_X51007579719_OCR_NEG.png
P8_0002007_X51006466056_OCR_NEG,C00085514_X51006466056,X51006466056,group_0491,train,OCR,41,319,134,344,93,25,140.0,0.0,AUTHENTIC_REGION,0,0,REAL,C:\Users\jay\New folder (2)\Trustrace\data\document_patches\P8_0002007_X51006466056_OCR_NEG.png
P8_0002008_X51006557178_OCR_NEG,C00101817_X51006557178,X51006557178,group_0572,train,OCR,16,1068,73,1087,57,19,125.0,0.0,AUTHENTIC_REGION,0,0,REAL,C:\Users\jay\New folder (2)\Trustrace\data\document_patches\P8_0002008_X51006557178_OCR_NEG.png
P8_0002009_X51006414532_OCR_NEG,C00078884_X51006414532,X51006414532,group_0461,train,OCR,1970,3430,2321,3489,351,59,96.0,0.0,AUTHENTIC_REGION,0,0,REAL,C:\Users\jay\New folder (2)\Trustrace\data\document_patches\P8_0002009_X51006414532_OCR_NEG.png
P8_0002010_X51005663324_OCR_NEG,C00029460_X51005663324,X51005663324,group_0181,train,OCR,565,696,838,725,273,29,96.0,0.0,AUTHENTIC_REGION,0,0,REAL,C:\Users\jay\New folder (2)\Trustrace\data\document_patches\P8_0002010_X51005663324_OCR_NEG.png
P8_0002011_X51006555818_OCR_NEG,C00089081_X51006555818,X51006555818,group_0514,train,OCR,138,1141,335,1157,197,16,96.0,0.0,AUTHENTIC_REGION,0,0,REAL,C:\Users\jay\New folder (2)\Trustrace\data\document_patches\P8_0002011_X51006555818_OCR_NEG.png
P8_0002012_X51007846350_OCR_NEG,C00146011_X51007846350,X51007846350,group_0808,train,OCR,1567,4449,1702,4507,135,58,115.0,0.0,AUTHENTIC_REGION,0,0,REAL,C:\Users\jay\New folder (2)\Trustrace\data\document_patches\P8_0002012_X51007846350_OCR_NEG.png
P8_0002013_X51006414485_OCR_NEG,C00078441_X51006414485,X51006414485,group_0030,train,OCR,1918,4181,2664,4247,746,66,150.0,0.0,AUTHENTIC_REGION,0,0,REAL,C:\Users\jay\New folder (2)\Trustrace\data\document_patches\P8_0002013_X51006414485_OCR_NEG.png
P8_0002014_X51007846410_OCR_NEG,C00149946_X51007846410,X51007846410,group_0032,train,OCR,1844,2052,2570,2111,726,59,102.0,0.0,AUTHENTIC_REGION,0,0,REAL,C:\Users\jay\New folder (2)\Trustrace\data\document_patches\P8_0002014_X51007846410_OCR_NEG.png
P8_0002015_X51006913059_OCR_NEG,C00121284_X51006913059,X51006913059,group_0693,train,OCR,1945,2572,2155,2634,210,62,135.0,0.0,AUTHENTIC_REGION,0,0,REAL,C:\Users\jay\New folder (2)\Trustrace\data\document_patches\P8_0002015_X51006913059_OCR_NEG.png
P8_0002016_X51006619496_OCR_NEG,C00106920_X51006619496,X51006619496,group_0598,train,OCR,93,1126,164,1160,71,34,120.0,0.0,AUTHENTIC_REGION,0,0,REAL,C:\Users\jay\New folder (2)\Trustrace\data\document_patches\P8_0002016_X51006619496_OCR_NEG.png
P8_0002017_X51005361908_OCR_NEG,C00007592_X51005361908,X51005361908,group_0070,train,OCR,738,995,821,1018,83,23,125.0,0.0,AUTHENTIC_REGION,0,0,REAL,C:\Users\jay\New folder (2)\Trustrace\data\document_patches\P8_0002017_X51005361908_OCR_NEG.png
P8_0002018_X51008123450_OCR_NEG,C00158690_X51008123450,X51008123450,group_0878,train,OCR,326,587,376,608,50,21,125.0,0.0,AUTHENTIC_REGION,0,0,REAL,C:\Users\jay\New folder (2)\Trustrace\data\document_patches\P8_0002018_X51008123450_OCR_NEG.png
P8_0002019_X51006557184_OCR_NEG,C00102272_X51006557184,X51006557184,group_0574,train,OCR,37,1108,497,1128,460,20,111.0,0.0,AUTHENTIC_REGION,0,0,REAL,C:\Users\jay\New folder (2)\Trustrace\data\document_patches\P8_0002019_X51006557184_OCR_NEG.png
P8_0002020_X51005806698_OCR_NEG,C00059509_X51005806698,X51005806698,group_0350,train,OCR,421,914,479,937,58,23,115.0,0.0,AUTHENTIC_REGION,0,0,REAL,C:\Users\jay\New folder (2)\Trustrace\data\document_patches\P8_0002020_X51005806698_OCR_NEG.png
P8_0002021_X51008099102_OCR_NEG,C00156501_X51008099102,X51008099102,group_0866,train,OCR,654,792,670,824,16,32,105.0,0.0,AUTHENTIC_REGION,0,0,REAL,C:\Users\jay\New folder (2)\Trustrace\data\document_patches\P8_0002021_X51008099102_OCR_NEG.png
P8_0002022_X51006334139_OCR_NEG,C00068007_X51006334139,X51006334139,group_0391,train,OCR,538,554,639,579,101,25,96.0,0.0,AUTHENTIC_REGION,0,0,REAL,C:\Users\jay\New folder (2)\Trustrace\data\document_patches\P8_0002022_X51006334139_OCR_NEG.png
P8_0002023_X51006620190_OCR_NEG,C00113403_X51006620190,X51006620190,group_0648,train,OCR,714,1399,806,1430,92,31,125.0,0.0,AUTHENTIC_REGION,0,0,REAL,C:\Users\jay\New folder (2)\Trustrace\data\document_patches\P8_0002023_X51006620190_OCR_NEG.png
P8_0002024_X51006414713_OCR_NEG,C00083062_X51006414713,X51006414713,group_0478,train,OCR,2070,797,2208,856,138,59,120.0,0.0,AUTHENTIC_REGION,0,0,REAL,C:\Users\jay\New folder (2)\Trustrace\data\document_patches\P8_0002024_X51006414713_OCR_NEG.png
P8_0002025_X51006619566_OCR_NEG,C00108212_X51006619566,X51006619566,group_0608,train,OCR,252,547,619,579,367,32,96.0,0.0,AUTHENTIC_REGION,0,0,REAL,C:\Users\jay\New folder (2)\Trustrace\data\document_patches\P8_0002025_X51006619566_OCR_NEG.png
P8_0002026_X51006555819_OCR_NEG,C00089227_X51006555819,X51006555819,group_0515,train,OCR,304,907,393,947,89,40,135.0,0.0,AUTHENTIC_REGION,0,0,REAL,C:\Users\jay\New folder (2)\Trustrace\data\document_patches\P8_0002026_X51006555819_OCR_NEG.png
P8_0002027_X51006555784_OCR_NEG,C00088165_X51006555784,X51006555784,group_0510,train,OCR,122,696,146,727,24,31,110.0,0.0,AUTHENTIC_REGION,0,0,REAL,C:\Users\jay\New folder (2)\Trustrace\data\document_patches\P8_0002027_X51006555784_OCR_NEG.png
P8_0002028_X51005268275_OCR_NEG,C00003615_X51005268275,X51005268275,group_0010,train,OCR,589,1639,625,1666,36,27,110.0,0.0,AUTHENTIC_REGION,0,0,REAL,C:\Users\jay\New folder (2)\Trustrace\data\document_patches\P8_0002028_X51005268275_OCR_NEG.png
P8_0002029_X51008164992_OCR_NEG,C00164272_X51008164992,X51008164992,group_0906,train,OCR,92,1451,222,1480,130,29,96.0,0.0,AUTHENTIC_REGION,0,0,REAL,C:\Users\jay\New folder (2)\Trustrace\data\document_patches\P8_0002029_X51008164992_OCR_NEG.png
P8_0002030_X51006008083_OCR_NEG,C00061710_X51006008083,X51006008083,group_0363,train,OCR,277,302,462,326,185,24,96.0,0.0,AUTHENTIC_REGION,0,0,REAL,C:\Users\jay\New folder (2)\Trustrace\data\document_patches\P8_0002030_X51006008083_OCR_NEG.png
P8_0002031_X51005663310_OCR_NEG,C00028835_X51005663310,X51005663310,group_0177,train,OCR,358,322,381,347,23,25,110.0,0.0,AUTHENTIC_REGION,0,0,REAL,C:\Users\jay\New folder (2)\Trustrace\data\document_patches\P8_0002031_X51005663310_OCR_NEG.png
P8_0002032_X51006414392_OCR_NEG,C00076895_X51006414392,X51006414392,group_0454,train,OCR,2187,2018,2363,2071,176,53,120.0,0.0,AUTHENTIC_REGION,0,0,REAL,C:\Users\jay\New folder (2)\Trustrace\data\document_patches\P8_0002032_X51006414392_OCR_NEG.png
P8_0002033_X51007339114_OCR_NEG,C00132439_X51007339114,X51007339114,group_0001,train,OCR,276,466,372,483,96,17,135.0,0.0,AUTHENTIC_REGION,0,0,REAL,C:\Users\jay\New folder (2)\Trustrace\data\document_patches\P8_0002033_X51007339114_OCR_NEG.png
P8_0002034_X51008114217_OCR_NEG,C00156841_X51008114217,X51008114217,group_0868,train,OCR,235,978,333,1010,98,32,125.0,0.0,AUTHENTIC_REGION,0,0,REAL,C:\Users\jay\New folder (2)\Trustrace\data\document_patches\P8_0002034_X51008114217_OCR_NEG.png
P8_0002035_X51006401940_OCR_NEG,C00076558_X51006401940,X51006401940,group_0451,train,OCR,621,1001,651,1022,30,21,110.0,0.0,AUTHENTIC_REGION,0,0,REAL,C:\Users\jay\New folder (2)\Trustrace\data\document_patches\P8_0002035_X51006401940_OCR_NEG.png
P8_0002036_X51008063849_OCR_NEG,C00153083_X51008063849,X51008063849,group_0845,train,OCR,416,480,557,506,141,26,96.0,0.0,AUTHENTIC_REGION,0,0,REAL,C:\Users\jay\New folder (2)\Trustrace\data\document_patches\P8_0002036_X51008063849_OCR_NEG.png
P8_0002037_X51008114281_OCR_NEG,C00157416_X51008114281,X51008114281,group_0872,train,OCR,213,538,599,572,386,34,99.0,0.0,AUTHENTIC_REGION,0,0,REAL,C:\Users\jay\New folder (2)\Trustrace\data\document_patches\P8_0002037_X51008114281_OCR_NEG.png
P8_0002038_X51007846310_OCR_NEG,C00145250_X51007846310,X51007846310,group_0804,train,OCR,1585,2012,1822,2075,237,63,135.0,0.0,AUTHENTIC_REGION,0,0,REAL,C:\Users\jay\New folder (2)\Trustrace\data\document_patches\P8_0002038_X51007846310_OCR_NEG.png
P8_0002039_X51005301667_OCR_NEG,C00005147_X51005301667,X51005301667,group_0058,train,OCR,186,1485,192,1492,6,7,105.0,0.0,AUTHENTIC_REGION,0,0,REAL,C:\Users\jay\New folder (2)\Trustrace\data\document_patches\P8_0002039_X51005301667_OCR_NEG.png
P8_0002040_X51005676539_OCR_NEG,C00031550_X51005676539,X51005676539,group_0192,train,OCR,811,930,854,956,43,26,110.0,0.0,AUTHENTIC_REGION,0,0,REAL,C:\Users\jay\New folder (2)\Trustrace\data\document_patches\P8_0002040_X51005676539_OCR_NEG.png
P8_0002041_X51006556723_OCR_NEG,C00092535_X51006556723,X51006556723,group_0530,train,OCR,479,498,512,517,33,19,115.0,0.0,AUTHENTIC_REGION,0,0,REAL,C:\Users\jay\New folder (2)\Trustrace\data\document_patches\P8_0002041_X51006556723_OCR_NEG.png
P8_0002042_X51006335818_OCR_NEG,C00069981_X51006335818,X51006335818,group_0403,train,OCR,208,1550,262,1575,54,25,120.0,0.0,AUTHENTIC_REGION,0,0,REAL,C:\Users\jay\New folder (2)\Trustrace\data\document_patches\P8_0002042_X51006335818_OCR_NEG.png
P8_0002043_X51007339111_OCR_NEG,C00131880_X51007339111,X51007339111,group_0001,train,OCR,250,637,350,660,100,23,96.0,0.0,AUTHENTIC_REGION,0,0,REAL,C:\Users\jay\New folder (2)\Trustrace\data\document_patches\P8_0002043_X51007339111_OCR_NEG.png
P8_0002044_X51006414485_OCR_NEG,C00078368_X51006414485,X51006414485,group_0030,train,OCR,1597,2220,2406,2274,809,54,105.0,0.0,AUTHENTIC_REGION,0,0,REAL,C:\Users\jay\New folder (2)\Trustrace\data\document_patches\P8_0002044_X51006414485_OCR_NEG.png
P8_0002045_X51006556826_OCR_NEG,C00096752_X51006556826,X51006556826,group_0549,train,OCR,132,409,197,428,65,19,130.0,0.0,AUTHENTIC_REGION,0,0,REAL,C:\Users\jay\New folder (2)\Trustrace\data\document_patches\P8_0002045_X51006556826_OCR_NEG.png
P8_0002046_X51006912959_OCR_NEG,C00118168_X51006912959,X51006912959,group_0679,train,OCR,3002,3066,3131,3126,129,60,110.0,0.0,AUTHENTIC_REGION,0,0,REAL,C:\Users\jay\New folder (2)\Trustrace\data\document_patches\P8_0002046_X51006912959_OCR_NEG.png
P8_0002047_X51008042787_OCR_NEG,C00152512_X51008042787,X51008042787,group_0841,train,OCR,640,1878,670,1900,30,22,110.0,0.0,AUTHENTIC_REGION,0,0,REAL,C:\Users\jay\New folder (2)\Trustrace\data\document_patches\P8_0002047_X51008042787_OCR_NEG.png
P8_0002048_X51006619694_OCR_NEG,C00108860_X51006619694,X51006619694,group_0612,train,OCR,32,1960,736,2001,704,41,108.0,0.0,AUTHENTIC_REGION,0,0,REAL,C:\Users\jay\New folder (2)\Trustrace\data\document_patches\P8_0002048_X51006619694_OCR_NEG.png
P8_0002049_X51007339159_OCR_NEG,C00137872_X51007339159,X51007339159,group_0001,train,OCR,110,1312,190,1329,80,17,130.0,0.0,AUTHENTIC_REGION,0,0,REAL,C:\Users\jay\New folder (2)\Trustrace\data\document_patches\P8_0002049_X51007339159_OCR_NEG.png
P8_0002050_X51006557208_OCR_NEG,C00104692_X51006557208,X51006557208,group_0585,train,OCR,196,99,214,114,18,15,110.0,0.0,AUTHENTIC_REGION,0,0,REAL,C:\Users\jay\New folder (2)\Trustrace\data\document_patches\P8_0002050_X51006557208_OCR_NEG.png
P8_0002051_X51006620186_OCR_NEG,C00112858_X51006620186,X51006620186,group_0645,train,OCR,345,955,418,987,73,32,120.0,0.0,AUTHENTIC_REGION,0,0,REAL,C:\Users\jay\New folder (2)\Trustrace\data\document_patches\P8_0002051_X51006620186_OCR_NEG.png
P8_0002052_X51007846361_OCR_NEG,C00147003_X51007846361,X51007846361,group_0814,train,OCR,1922,3376,2420,3449,498,73,96.0,0.0,AUTHENTIC_REGION,0,0,REAL,C:\Users\jay\New folder (2)\Trustrace\data\document_patches\P8_0002052_X51007846361_OCR_NEG.png
P8_0002053_X51006466066_OCR_NEG,C00086154_X51006466066,X51006466066,group_0495,train,OCR,18,992,80,1013,62,21,125.0,0.0,AUTHENTIC_REGION,0,0,REAL,C:\Users\jay\New folder (2)\Trustrace\data\document_patches\P8_0002053_X51006466066_OCR_NEG.png
P8_0002054_X51006556826_OCR_NEG,C00096806_X51006556826,X51006556826,group_0549,train,OCR,292,844,393,885,101,41,145.0,0.0,AUTHENTIC_REGION,0,0,REAL,C:\Users\jay\New folder (2)\Trustrace\data\document_patches\P8_0002054_X51006556826_OCR_NEG.png
P8_0002055_X51006414679_OCR_NEG,C00081492_X51006414679,X51006414679,group_0471,train,OCR,1818,2540,2051,2601,233,61,135.0,0.0,AUTHENTIC_REGION,0,0,REAL,C:\Users\jay\New folder (2)\Trustrace\data\document_patches\P8_0002055_X51006414679_OCR_NEG.png
P8_0002056_X51006388064_OCR_NEG,C00073139_X51006388064,X51006388064,group_0426,train,OCR,131,1630,240,1659,109,29,130.0,0.0,AUTHENTIC_REGION,0,0,REAL,C:\Users\jay\New folder (2)\Trustrace\data\document_patches\P8_0002056_X51006388064_OCR_NEG.png
P8_0002057_X51005712038_OCR_NEG,C00040575_X51005712038,X51005712038,group_0241,train,OCR,70,515,118,535,48,20,125.0,0.0,AUTHENTIC_REGION,0,0,REAL,C:\Users\jay\New folder (2)\Trustrace\data\document_patches\P8_0002057_X51005712038_OCR_NEG.png
P8_0002058_X51006008090_OCR_NEG,C00062408_X51006008090,X51006008090,group_0366,train,OCR,311,324,425,352,114,28,140.0,0.0,AUTHENTIC_REGION,0,0,REAL,C:\Users\jay\New folder (2)\Trustrace\data\document_patches\P8_0002058_X51006008090_OCR_NEG.png
P8_0002059_X51006557115_OCR_NEG,C00099604_X51006557115,X51006557115,group_0563,train,OCR,303,469,411,486,108,17,150.0,0.0,AUTHENTIC_REGION,0,0,REAL,C:\Users\jay\New folder (2)\Trustrace\data\document_patches\P8_0002059_X51006557115_OCR_NEG.png
P8_0002060_X51005712021_OCR_NEG,C00040381_X51005712021,X51005712021,group_0240,train,OCR,332,230,393,254,61,24,125.0,0.0,AUTHENTIC_REGION,0,0,REAL,C:\Users\jay\New folder (2)\Trustrace\data\document_patches\P8_0002060_X51005712021_OCR_NEG.png
P8_0002061_X51005806720_OCR_NEG,C00060459_X51005806720,X51005806720,group_0356,train,OCR,329,383,456,413,127,30,135.0,0.0,AUTHENTIC_REGION,0,0,REAL,C:\Users\jay\New folder (2)\Trustrace\data\document_patches\P8_0002061_X51005806720_OCR_NEG.png
P8_0002062_X51006008083_OCR_NEG,C00061773_X51006008083,X51006008083,group_0363,train,OCR,560,575,640,597,80,22,125.0,0.0,AUTHENTIC_REGION,0,0,REAL,C:\Users\jay\New folder (2)\Trustrace\data\document_patches\P8_0002062_X51006008083_OCR_NEG.png
P8_0002063_X51006334770_OCR_NEG,C00068816_X51006334770,X51006334770,group_0396,train,OCR,203,544,515,577,312,33,150.0,0.0,AUTHENTIC_REGION,0,0,REAL,C:\Users\jay\New folder (2)\Trustrace\data\document_patches\P8_0002063_X51006334770_OCR_NEG.png
P8_0002064_X51008099086_OCR_NEG,C00155571_X51008099086,X51008099086,group_0860,train,OCR,58,656,106,688,48,32,115.0,0.0,AUTHENTIC_REGION,0,0,REAL,C:\Users\jay\New folder (2)\Trustrace\data\document_patches\P8_0002064_X51008099086_OCR_NEG.png
P8_0002065_X51006555784_OCR_NEG,C00088195_X51006555784,X51006555784,group_0510,train,OCR,138,978,196,994,58,16,125.0,0.0,AUTHENTIC_REGION,0,0,REAL,C:\Users\jay\New folder (2)\Trustrace\data\document_patches\P8_0002065_X51006555784_OCR_NEG.png
P8_0002066_X51006556591_OCR_NEG,C00089815_X51006556591,X51006556591,group_0518,train,OCR,243,436,255,451,12,15,105.0,0.0,AUTHENTIC_REGION,0,0,REAL,C:\Users\jay\New folder (2)\Trustrace\data\document_patches\P8_0002066_X51006556591_OCR_NEG.png
P8_0002067_X51005677335_OCR_NEG,C00034681_X51005677335,X51005677335,group_0019,train,OCR,499,1032,532,1061,33,29,110.0,0.0,AUTHENTIC_REGION,0,0,REAL,C:\Users\jay\New folder (2)\Trustrace\data\document_patches\P8_0002067_X51005677335_OCR_NEG.png
P8_0002068_X51006008092_OCR_NEG,C00062863_X51006008092,X51006008092,group_0367,train,OCR,44,1600,125,1626,81,26,125.0,0.0,AUTHENTIC_REGION,0,0,REAL,C:\Users\jay\New folder (2)\Trustrace\data\document_patches\P8_0002068_X51006008092_OCR_NEG.png
P8_0002069_X51006556738_OCR_NEG,C00093760_X51006556738,X51006556738,group_0536,train,OCR,140,210,175,241,35,31,115.0,0.0,AUTHENTIC_REGION,0,0,REAL,C:\Users\jay\New folder (2)\Trustrace\data\document_patches\P8_0002069_X51006556738_OCR_NEG.png
P8_0002070_X51006387847_OCR_NEG,C00071804_X51006387847,X51006387847,group_0416,train,OCR,241,748,302,772,61,24,120.0,0.0,AUTHENTIC_REGION,0,0,REAL,C:\Users\jay\New folder (2)\Trustrace\data\document_patches\P8_0002070_X51006387847_OCR_NEG.png
P8_0002071_X51006733495_OCR_NEG,C00115593_X51006733495,X51006733495,group_0662,train,OCR,197,702,688,738,491,36,102.0,0.0,AUTHENTIC_REGION,0,0,REAL,C:\Users\jay\New folder (2)\Trustrace\data\document_patches\P8_0002071_X51006733495_OCR_NEG.png
P8_0002072_X51005806679_OCR_NEG,C00058501_X51005806679,X51005806679,group_0345,train,OCR,442,1431,501,1451,59,20,125.0,0.0,AUTHENTIC_REGION,0,0,REAL,C:\Users\jay\New folder (2)\Trustrace\data\document_patches\P8_0002072_X51005806679_OCR_NEG.png
P8_0002073_X51006556823_OCR_NEG,C00096085_X51006556823,X51006556823,group_0546,train,OCR,45,697,102,729,57,32,125.0,0.0,AUTHENTIC_REGION,0,0,REAL,C:\Users\jay\New folder (2)\Trustrace\data\document_patches\P8_0002073_X51006556823_OCR_NEG.png
P8_0002074_X51005301661_OCR_NEG,C00004641_X51005301661,X51005301661,group_0011,train,OCR,64,1489,147,1515,83,26,125.0,0.0,AUTHENTIC_REGION,0,0,REAL,C:\Users\jay\New folder (2)\Trustrace\data\document_patches\P8_0002074_X51005301661_OCR_NEG.png
P8_0002075_X51005719857_OCR_NEG,C00042700_X51005719857,X51005719857,group_0253,train,OCR,262,2139,561,2178,299,39,99.0,0.0,AUTHENTIC_REGION,0,0,REAL,C:\Users\jay\New folder (2)\Trustrace\data\document_patches\P8_0002075_X51005719857_OCR_NEG.png
P8_0002076_X51006502540_OCR_NEG,C00087263_X51006502540,X51006502540,group_0503,train,OCR,191,88,427,134,236,46,145.0,0.0,AUTHENTIC_REGION,0,0,REAL,C:\Users\jay\New folder (2)\Trustrace\data\document_patches\P8_0002076_X51006502540_OCR_NEG.png
P8_0002077_X51005442392_OCR_NEG,C00014458_X51005442392,X51005442392,group_0104,train,OCR,506,510,523,520,17,10,110.0,0.0,AUTHENTIC_REGION,0,0,REAL,C:\Users\jay\New folder (2)\Trustrace\data\document_patches\P8_0002077_X51005442392_OCR_NEG.png
P8_0002078_X51005447841_OCR_NEG,C00016937_X51005447841,X51005447841,group_0117,train,OCR,837,1643,881,1674,44,31,110.0,0.0,AUTHENTIC_REGION,0,0,REAL,C:\Users\jay\New folder (2)\Trustrace\data\document_patches\P8_0002078_X51005447841_OCR_NEG.png
P8_0002079_X51006556658_OCR_NEG,C00092209_X51006556658,X51006556658,group_0529,train,OCR,222,131,239,152,17,21,110.0,0.0,AUTHENTIC_REGION,0,0,REAL,C:\Users\jay\New folder (2)\Trustrace\data\document_patches\P8_0002079_X51006556658_OCR_NEG.png
P8_0002080_X51005719857_OCR_NEG,C00042660_X51005719857,X51005719857,group_0253,train,OCR,459,1137,528,1171,69,34,120.0,0.0,AUTHENTIC_REGION,0,0,REAL,C:\Users\jay\New folder (2)\Trustrace\data\document_patches\P8_0002080_X51005719857_OCR_NEG.png
P8_0002081_X51008114281_OCR_NEG,C00157424_X51008114281,X51008114281,group_0872,train,OCR,316,640,351,673,35,33,110.0,0.0,AUTHENTIC_REGION,0,0,REAL,C:\Users\jay\New folder (2)\Trustrace\data\document_patches\P8_0002081_X51008114281_OCR_NEG.png
P8_0002082_X51005677337_OCR_NEG,C00035051_X51005677337,X51005677337,group_0019,train,OCR,471,1695,619,1730,148,35,96.0,0.0,AUTHENTIC_REGION,0,0,REAL,C:\Users\jay\New folder (2)\Trustrace\data\document_patches\P8_0002082_X51005677337_OCR_NEG.png
P8_0002083_X51005301659_OCR_NEG,C00004344_X51005301659,X51005301659,group_0009,train,OCR,256,205,364,229,108,24,135.0,0.0,AUTHENTIC_REGION,0,0,REAL,C:\Users\jay\New folder (2)\Trustrace\data\document_patches\P8_0002083_X51005301659_OCR_NEG.png
P8_0002084_X51006556596_OCR_NEG,C00090040_X51006556596,X51006556596,group_0519,train,OCR,50,491,271,511,221,20,99.0,0.0,AUTHENTIC_REGION,0,0,REAL,C:\Users\jay\New folder (2)\Trustrace\data\document_patches\P8_0002084_X51006556596_OCR_NEG.png
P8_0002085_X51008042779_OCR_NEG,C00151524_X51008042779,X51008042779,group_0835,train,OCR,229,1122,244,1153,15,31,105.0,0.0,AUTHENTIC_REGION,0,0,REAL,C:\Users\jay\New folder (2)\Trustrace\data\document_patches\P8_0002085_X51008042779_OCR_NEG.png
P8_0002086_X51008099044_OCR_NEG,C00153728_X51008099044,X51008099044,group_0849,train,OCR,132,1381,250,1414,118,33,120.0,0.0,AUTHENTIC_REGION,0,0,REAL,C:\Users\jay\New folder (2)\Trustrace\data\document_patches\P8_0002086_X51008099044_OCR_NEG.png
P8_0002087_X51007846269_OCR_NEG,C00142583_X51007846269,X51007846269,group_0789,train,OCR,1380,4233,1592,4273,212,40,99.0,0.0,AUTHENTIC_REGION,0,0,REAL,C:\Users\jay\New folder (2)\Trustrace\data\document_patches\P8_0002087_X51007846269_OCR_NEG.png
P8_0002088_X51006619566_OCR_NEG,C00108261_X51006619566,X51006619566,group_0608,train,OCR,182,1445,674,1488,492,43,105.0,0.0,AUTHENTIC_REGION,0,0,REAL,C:\Users\jay\New folder (2)\Trustrace\data\document_patches\P8_0002088_X51006619566_OCR_NEG.png
P8_0002089_X51005806719_OCR_NEG,C00060306_X51005806719,X51005806719,group_0355,train,OCR,299,429,460,452,161,23,150.0,0.0,AUTHENTIC_REGION,0,0,REAL,C:\Users\jay\New folder (2)\Trustrace\data\document_patches\P8_0002089_X51005806719_OCR_NEG.png
P8_0002090_X51005444046_OCR_NEG,C00015889_X51005444046,X51005444046,group_0112,train,OCR,50,305,94,325,44,20,115.0,0.0,AUTHENTIC_REGION,0,0,REAL,C:\Users\jay\New folder (2)\Trustrace\data\document_patches\P8_0002090_X51005444046_OCR_NEG.png
P8_0002091_X51006414680_OCR_NEG,C00081683_X51006414680,X51006414680,group_0472,train,OCR,2093,3754,2193,3823,100,69,115.0,0.0,AUTHENTIC_REGION,0,0,REAL,C:\Users\jay\New folder (2)\Trustrace\data\document_patches\P8_0002091_X51006414680_OCR_NEG.png
P8_0002092_X51008099041_OCR_NEG,C00153397_X51008099041,X51008099041,group_0847,train,OCR,213,654,327,687,114,33,135.0,0.0,AUTHENTIC_REGION,0,0,REAL,C:\Users\jay\New folder (2)\Trustrace\data\document_patches\P8_0002092_X51008099041_OCR_NEG.png
P8_0002093_X51005711445_OCR_NEG,C00038742_X51005711445,X51005711445,group_0230,train,OCR,452,699,535,733,83,34,125.0,0.0,AUTHENTIC_REGION,0,0,REAL,C:\Users\jay\New folder (2)\Trustrace\data\document_patches\P8_0002093_X51005711445_OCR_NEG.png
P8_0002094_X51005568891_OCR_NEG,C00021525_X51005568891,X51005568891,group_0138,train,OCR,112,1456,170,1480,58,24,120.0,0.0,AUTHENTIC_REGION,0,0,REAL,C:\Users\jay\New folder (2)\Trustrace\data\document_patches\P8_0002094_X51005568891_OCR_NEG.png
P8_0002095_X51007339106_OCR_NEG,C00131040_X51007339106,X51007339106,group_0740,train,OCR,46,398,108,418,62,20,120.0,0.0,AUTHENTIC_REGION,0,0,REAL,C:\Users\jay\New folder (2)\Trustrace\data\document_patches\P8_0002095_X51007339106_OCR_NEG.png
P8_0002096_X51008114284_OCR_NEG,C00157909_X51008114284,X51008114284,group_0875,train,OCR,37,1017,115,1049,78,32,120.0,0.0,AUTHENTIC_REGION,0,0,REAL,C:\Users\jay\New folder (2)\Trustrace\data\document_patches\P8_0002096_X51008114284_OCR_NEG.png
P8_0002097_X51005577192_OCR_NEG,C00023418_X51005577192,X51005577192,group_0018,train,OCR,62,665,167,689,105,24,135.0,0.0,AUTHENTIC_REGION,0,0,REAL,C:\Users\jay\New folder (2)\Trustrace\data\document_patches\P8_0002097_X51005577192_OCR_NEG.png
P8_0002098_X51005447841_OCR_NEG,C00016817_X51005447841,X51005447841,group_0117,train,OCR,409,394,511,424,102,30,125.0,0.0,AUTHENTIC_REGION,0,0,REAL,C:\Users\jay\New folder (2)\Trustrace\data\document_patches\P8_0002098_X51005447841_OCR_NEG.png
P8_0002099_X51005745213_OCR_NEG,C00050568_X51005745213,X51005745213,group_0299,train,OCR,155,1038,416,1067,261,29,102.0,0.0,AUTHENTIC_REGION,0,0,REAL,C:\Users\jay\New folder (2)\Trustrace\data\document_patches\P8_0002099_X51005745213_OCR_NEG.png
P8_0002100_X51005742110_OCR_NEG,C00049774_X51005742110,X51005742110,group_0294,train,OCR,40,605,104,627,64,22,120.0,0.0,AUTHENTIC_REGION,0,0,REAL,C:\Users\jay\New folder (2)\Trustrace\data\document_patches\P8_0002100_X51005742110_OCR_NEG.png
P8_0002101_X51006556824_OCR_NEG,C00096341_X51006556824,X51006556824,group_0547,train,OCR,57,859,396,899,339,40,105.0,0.0,AUTHENTIC_REGION,0,0,REAL,C:\Users\jay\New folder (2)\Trustrace\data\document_patches\P8_0002101_X51006556824_OCR_NEG.png
P8_0002102_X51005663309_OCR_NEG,C00028728_X51005663309,X51005663309,group_0176,train,OCR,84,949,154,980,70,31,120.0,0.0,AUTHENTIC_REGION,0,0,REAL,C:\Users\jay\New folder (2)\Trustrace\data\document_patches\P8_0002102_X51005663309_OCR_NEG.png
P8_0002103_X51006414632_OCR_NEG,C00080102_X51006414632,X51006414632,group_0030,train,OCR,1627,3322,1787,3369,160,47,120.0,0.0,AUTHENTIC_REGION,0,0,REAL,C:\Users\jay\New folder (2)\Trustrace\data\document_patches\P8_0002103_X51006414632_OCR_NEG.png
P8_0002104_X51005711453_OCR_NEG,C00039715_X51005711453,X51005711453,group_0236,train,OCR,644,1278,713,1308,69,30,120.0,0.0,AUTHENTIC_REGION,0,0,REAL,C:\Users\jay\New folder (2)\Trustrace\data\document_patches\P8_0002104_X51005711453_OCR_NEG.png
P8_0002105_X51007339130_OCR_NEG,C00134891_X51007339130,X51007339130,group_0001,train,OCR,120,1140,525,1157,405,17,105.0,0.0,AUTHENTIC_REGION,0,0,REAL,C:\Users\jay\New folder (2)\Trustrace\data\document_patches\P8_0002105_X51007339130_OCR_NEG.png
P8_0002106_X51006387812_OCR_NEG,C00071469_X51006387812,X51006387812,group_0414,train,OCR,320,476,348,499,28,23,110.0,0.0,AUTHENTIC_REGION,0,0,REAL,C:\Users\jay\New folder (2)\Trustrace\data\document_patches\P8_0002106_X51006387812_OCR_NEG.png
P8_0002107_X51009568881_OCR_NEG,C00166097_X51009568881,X51009568881,group_0017,train,OCR,296,1344,348,1372,52,28,115.0,0.0,AUTHENTIC_REGION,0,0,REAL,C:\Users\jay\New folder (2)\Trustrace\data\document_patches\P8_0002107_X51009568881_OCR_NEG.png
P8_0002108_X51006913073_OCR_NEG,C00122197_X51006913073,X51006913073,group_0696,train,OCR,2030,2336,2448,2399,418,63,105.0,0.0,AUTHENTIC_REGION,0,0,REAL,C:\Users\jay\New folder (2)\Trustrace\data\document_patches\P8_0002108_X51006913073_OCR_NEG.png
P8_0002109_X51007846350_OCR_NEG,C00145973_X51007846350,X51007846350,group_0808,train,OCR,1485,2867,2291,2924,806,57,102.0,0.0,AUTHENTIC_REGION,0,0,REAL,C:\Users\jay\New folder (2)\Trustrace\data\document_patches\P8_0002109_X51007846350_OCR_NEG.png
P8_0002110_X51007846282_OCR_NEG,C00142978_X51007846282,X51007846282,group_0791,train,OCR,2448,3145,2584,3208,136,63,120.0,0.0,AUTHENTIC_REGION,0,0,REAL,C:\Users\jay\New folder (2)\Trustrace\data\document_patches\P8_0002110_X51007846282_OCR_NEG.png
P8_0002111_X51006556738_OCR_NEG,C00093905_X51006556738,X51006556738,group_0536,train,OCR,30,1096,558,1115,528,19,111.0,0.0,AUTHENTIC_REGION,0,0,REAL,C:\Users\jay\New folder (2)\Trustrace\data\document_patches\P8_0002111_X51006556738_OCR_NEG.png
P8_0002112_X51007339163_OCR_NEG,C00138670_X51007339163,X51007339163,group_0762,train,OCR,480,915,536,932,56,17,125.0,0.0,AUTHENTIC_REGION,0,0,REAL,C:\Users\jay\New folder (2)\Trustrace\data\document_patches\P8_0002112_X51007339163_OCR_NEG.png
P8_0002113_X51006556825_OCR_NEG,C00096593_X51006556825,X51006556825,group_0548,train,OCR,447,699,504,729,57,30,125.0,0.0,AUTHENTIC_REGION,0,0,REAL,C:\Users\jay\New folder (2)\Trustrace\data\document_patches\P8_0002113_X51006556825_OCR_NEG.png
P8_0002114_X51005453804_OCR_NEG,C00019276_X51005453804,X51005453804,group_0016,train,OCR,466,610,501,626,35,16,115.0,0.0,AUTHENTIC_REGION,0,0,REAL,C:\Users\jay\New folder (2)\Trustrace\data\document_patches\P8_0002114_X51005453804_OCR_NEG.png
P8_0002115_X51005677334_OCR_NEG,C00034461_X51005677334,X51005677334,group_0209,train,OCR,510,415,659,443,149,28,135.0,0.0,AUTHENTIC_REGION,0,0,REAL,C:\Users\jay\New folder (2)\Trustrace\data\document_patches\P8_0002115_X51005677334_OCR_NEG.png
P8_0002116_X51006328920_OCR_NEG,C00066389_X51006328920,X51006328920,group_0386,train,OCR,296,1220,347,1245,51,25,120.0,0.0,AUTHENTIC_REGION,0,0,REAL,C:\Users\jay\New folder (2)\Trustrace\data\document_patches\P8_0002116_X51006328920_OCR_NEG.png
P8_0002117_X51006332575_OCR_NEG,C00067641_X51006332575,X51006332575,group_0027,train,OCR,197,1448,238,1472,41,24,115.0,0.0,AUTHENTIC_REGION,0,0,REAL,C:\Users\jay\New folder (2)\Trustrace\data\document_patches\P8_0002117_X51006332575_OCR_NEG.png
P8_0002118_X51006414721_OCR_NEG,C00084452_X51006414721,X51006414721,group_0484,train,OCR,2252,4659,2474,4720,222,61,130.0,0.0,AUTHENTIC_REGION,0,0,REAL,C:\Users\jay\New folder (2)\Trustrace\data\document_patches\P8_0002118_X51006414721_OCR_NEG.png
P8_0002119_X51005663297_OCR_NEG,C00027846_X51005663297,X51005663297,group_0171,train,OCR,700,1411,787,1436,87,25,120.0,0.0,AUTHENTIC_REGION,0,0,REAL,C:\Users\jay\New folder (2)\Trustrace\data\document_patches\P8_0002119_X51005663297_OCR_NEG.png
P8_0002120_X51005746203_OCR_NEG,C00051707_X51005746203,X51005746203,group_0306,train,OCR,266,1044,349,1070,83,26,130.0,0.0,AUTHENTIC_REGION,0,0,REAL,C:\Users\jay\New folder (2)\Trustrace\data\document_patches\P8_0002120_X51005746203_OCR_NEG.png
P8_0002121_X51006401940_OCR_NEG,C00076498_X51006401940,X51006401940,group_0451,train,OCR,548,591,574,612,26,21,115.0,0.0,AUTHENTIC_REGION,0,0,REAL,C:\Users\jay\New folder (2)\Trustrace\data\document_patches\P8_0002121_X51006401940_OCR_NEG.png
P8_0002122_X51005763999_OCR_NEG,C00057519_X51005763999,X51005763999,group_0340,train,OCR,235,216,309,247,74,31,125.0,0.0,AUTHENTIC_REGION,0,0,REAL,C:\Users\jay\New folder (2)\Trustrace\data\document_patches\P8_0002122_X51005763999_OCR_NEG.png
P8_0002123_X51005587261_OCR_NEG,C00023941_X51005587261,X51005587261,group_0150,train,OCR,56,1248,126,1274,70,26,125.0,0.0,AUTHENTIC_REGION,0,0,REAL,C:\Users\jay\New folder (2)\Trustrace\data\document_patches\P8_0002123_X51005587261_OCR_NEG.png
P8_0002124_X51005746140_OCR_NEG,C00051589_X51005746140,X51005746140,group_0305,train,OCR,38,1141,213,1164,175,23,96.0,0.0,AUTHENTIC_REGION,0,0,REAL,C:\Users\jay\New folder (2)\Trustrace\data\document_patches\P8_0002124_X51005746140_OCR_NEG.png
P8_0002125_X00016469671_OCR_NEG,C00001001_X00016469671,X00016469671,group_0040,train,OCR,35,733,75,746,40,13,125.0,0.0,AUTHENTIC_REGION,0,0,REAL,C:\Users\jay\New folder (2)\Trustrace\data\document_patches\P8_0002125_X00016469671_OCR_NEG.png
P8_0002126_X51007339118_OCR_NEG,C00133233_X51007339118,X51007339118,group_0001,train,OCR,51,206,244,224,193,18,99.0,0.0,AUTHENTIC_REGION,0,0,REAL,C:\Users\jay\New folder (2)\Trustrace\data\document_patches\P8_0002126_X51007339118_OCR_NEG.png
P8_0002127_X51007846350_OCR_NEG,C00145972_X51007846350,X51007846350,group_0808,train,OCR,2154,2877,2291,2924,137,47,120.0,0.0,AUTHENTIC_REGION,0,0,REAL,C:\Users\jay\New folder (2)\Trustrace\data\document_patches\P8_0002127_X51007846350_OCR_NEG.png
P8_0002128_X51008042781_OCR_NEG,C00151798_X51008042781,X51008042781,group_0837,train,OCR,491,358,591,389,100,31,135.0,0.0,AUTHENTIC_REGION,0,0,REAL,C:\Users\jay\New folder (2)\Trustrace\data\document_patches\P8_0002128_X51008042781_OCR_NEG.png
P8_0002129_X51006556656_OCR_NEG,C00091815_X51006556656,X51006556656,group_0527,train,OCR,361,261,391,290,30,29,115.0,0.0,AUTHENTIC_REGION,0,0,REAL,C:\Users\jay\New folder (2)\Trustrace\data\document_patches\P8_0002129_X51006556656_OCR_NEG.png
P8_0002130_X51005365187_OCR_NEG,C00008660_X51005365187,X51005365187,group_0076,train,OCR,328,1582,476,1600,148,18,150.0,0.0,AUTHENTIC_REGION,0,0,REAL,C:\Users\jay\New folder (2)\Trustrace\data\document_patches\P8_0002130_X51005365187_OCR_NEG.png
P8_0002131_X51006388082_OCR_NEG,C00073666_X51006388082,X51006388082,group_0432,train,OCR,557,859,609,879,52,20,120.0,0.0,AUTHENTIC_REGION,0,0,REAL,C:\Users\jay\New folder (2)\Trustrace\data\document_patches\P8_0002131_X51006388082_OCR_NEG.png
P8_0002132_X51006556648_OCR_NEG,C00091070_X51006556648,X51006556648,group_0524,train,OCR,259,275,306,307,47,32,120.0,0.0,AUTHENTIC_REGION,0,0,REAL,C:\Users\jay\New folder (2)\Trustrace\data\document_patches\P8_0002132_X51006556648_OCR_NEG.png
P8_0002133_X51006556591_OCR_NEG,C00089778_X51006556591,X51006556591,group_0518,train,OCR,361,178,458,200,97,22,145.0,0.0,AUTHENTIC_REGION,0,0,REAL,C:\Users\jay\New folder (2)\Trustrace\data\document_patches\P8_0002133_X51006556591_OCR_NEG.png
P8_0002134_X51007846361_OCR_NEG,C00147040_X51007846361,X51007846361,group_0814,train,OCR,1929,4693,3319,4761,1390,68,150.0,0.0,AUTHENTIC_REGION,0,0,REAL,C:\Users\jay\New folder (2)\Trustrace\data\document_patches\P8_0002134_X51007846361_OCR_NEG.png
P8_0002135_X51005568899_OCR_NEG,C00022598_X51005568899,X51005568899,group_0143,train,OCR,774,1030,853,1063,79,33,120.0,0.0,AUTHENTIC_REGION,0,0,REAL,C:\Users\jay\New folder (2)\Trustrace\data\document_patches\P8_0002135_X51005568899_OCR_NEG.png
P8_0002136_X51006389888_OCR_NEG,C00074232_X51006389888,X51006389888,group_0436,train,OCR,479,542,568,577,89,35,125.0,0.0,AUTHENTIC_REGION,0,0,REAL,C:\Users\jay\New folder (2)\Trustrace\data\document_patches\P8_0002136_X51006389888_OCR_NEG.png
P8_0002137_X51006414721_OCR_NEG,C00084440_X51006414721,X51006414721,group_0484,train,OCR,1911,4425,2091,4471,180,46,125.0,0.0,AUTHENTIC_REGION,0,0,REAL,C:\Users\jay\New folder (2)\Trustrace\data\document_patches\P8_0002137_X51006414721_OCR_NEG.png
P8_0002138_X51006008197_OCR_NEG,C00063732_X51006008197,X51006008197,group_0371,train,OCR,351,306,604,331,253,25,150.0,0.0,AUTHENTIC_REGION,0,0,REAL,C:\Users\jay\New folder (2)\Trustrace\data\document_patches\P8_0002138_X51006008197_OCR_NEG.png
P8_0002139_X51007339159_OCR_NEG,C00137824_X51007339159,X51007339159,group_0001,train,OCR,489,634,533,651,44,17,120.0,0.0,AUTHENTIC_REGION,0,0,REAL,C:\Users\jay\New folder (2)\Trustrace\data\document_patches\P8_0002139_X51007339159_OCR_NEG.png
P8_0002140_X51005711446_OCR_NEG,C00038882_X51005711446,X51005711446,group_0231,train,OCR,325,570,485,605,160,35,125.0,0.0,AUTHENTIC_REGION,0,0,REAL,C:\Users\jay\New folder (2)\Trustrace\data\document_patches\P8_0002140_X51005711446_OCR_NEG.png
P8_0002141_X51006387660_OCR_NEG,C00071073_X51006387660,X51006387660,group_0411,train,OCR,39,1083,265,1115,226,32,99.0,0.0,AUTHENTIC_REGION,0,0,REAL,C:\Users\jay\New folder (2)\Trustrace\data\document_patches\P8_0002141_X51006387660_OCR_NEG.png
P8_0002142_X51005742110_OCR_NEG,C00049747_X51005742110,X51005742110,group_0294,train,OCR,220,277,253,298,33,21,110.0,0.0,AUTHENTIC_REGION,0,0,REAL,C:\Users\jay\New folder (2)\Trustrace\data\document_patches\P8_0002142_X51005742110_OCR_NEG.png
P8_0002143_X51006414733_OCR_NEG,C00084761_X51006414733,X51006414733,group_0486,train,OCR,2173,2508,2345,2579,172,71,125.0,0.0,AUTHENTIC_REGION,0,0,REAL,C:\Users\jay\New folder (2)\Trustrace\data\document_patches\P8_0002143_X51006414733_OCR_NEG.png
P8_0002144_X51005724625_OCR_NEG,C00048334_X51005724625,X51005724625,group_0286,train,OCR,569,474,771,503,202,29,150.0,0.0,AUTHENTIC_REGION,0,0,REAL,C:\Users\jay\New folder (2)\Trustrace\data\document_patches\P8_0002144_X51005724625_OCR_NEG.png
P8_0002145_X51005568900_OCR_NEG,C00022678_X51005568900,X51005568900,group_0144,train,OCR,585,347,642,379,57,32,115.0,0.0,AUTHENTIC_REGION,0,0,REAL,C:\Users\jay\New folder (2)\Trustrace\data\document_patches\P8_0002145_X51005568900_OCR_NEG.png
P8_0002146_X51005453804_OCR_NEG,C00019198_X51005453804,X51005453804,group_0016,train,OCR,372,205,427,222,55,17,125.0,0.0,AUTHENTIC_REGION,0,0,REAL,C:\Users\jay\New folder (2)\Trustrace\data\document_patches\P8_0002146_X51005453804_OCR_NEG.png
P8_0002147_X51005757286_OCR_NEG,C00054872_X51005757286,X51005757286,group_0324,train,OCR,155,377,561,409,406,32,102.0,0.0,AUTHENTIC_REGION,0,0,REAL,C:\Users\jay\New folder (2)\Trustrace\data\document_patches\P8_0002147_X51005757286_OCR_NEG.png
P8_0002148_X51006556827_OCR_NEG,C00096986_X51006556827,X51006556827,group_0550,train,OCR,251,466,291,484,40,18,120.0,0.0,AUTHENTIC_REGION,0,0,REAL,C:\Users\jay\New folder (2)\Trustrace\data\document_patches\P8_0002148_X51006556827_OCR_NEG.png
P8_0002149_X51006556648_OCR_NEG,C00091136_X51006556648,X51006556648,group_0524,train,OCR,35,673,141,689,106,16,145.0,0.0,AUTHENTIC_REGION,0,0,REAL,C:\Users\jay\New folder (2)\Trustrace\data\document_patches\P8_0002149_X51006556648_OCR_NEG.png
P8_0002150_X51007846266_OCR_NEG,C00142310_X51007846266,X51007846266,group_0787,train,OCR,2122,3752,2182,3788,60,36,110.0,0.0,AUTHENTIC_REGION,0,0,REAL,C:\Users\jay\New folder (2)\Trustrace\data\document_patches\P8_0002150_X51007846266_OCR_NEG.png
P8_0002151_X51005715451_OCR_NEG,C00041396_X51005715451,X51005715451,group_0246,train,OCR,98,1182,493,1205,395,23,102.0,0.0,AUTHENTIC_REGION,0,0,REAL,C:\Users\jay\New folder (2)\Trustrace\data\document_patches\P8_0002151_X51005715451_OCR_NEG.png
P8_0002152_X51008042777_OCR_NEG,C00151252_X51008042777,X51008042777,group_0833,train,OCR,376,669,480,701,104,32,135.0,0.0,AUTHENTIC_REGION,0,0,REAL,C:\Users\jay\New folder (2)\Trustrace\data\document_patches\P8_0002152_X51008042777_OCR_NEG.png
P8_0002153_X51006556824_OCR_NEG,C00096374_X51006556824,X51006556824,group_0547,train,OCR,26,1067,485,1089,459,22,108.0,0.0,AUTHENTIC_REGION,0,0,REAL,C:\Users\jay\New folder (2)\Trustrace\data\document_patches\P8_0002153_X51006556824_OCR_NEG.png
P8_0002154_X51007339109_OCR_NEG,C00131532_X51007339109,X51007339109,group_0742,train,OCR,222,1232,286,1249,64,17,125.0,0.0,AUTHENTIC_REGION,0,0,REAL,C:\Users\jay\New folder (2)\Trustrace\data\document_patches\P8_0002154_X51007339109_OCR_NEG.png
P8_0002155_X51006502533_OCR_NEG,C00086842_X51006502533,X51006502533,group_0500,train,OCR,35,564,339,587,304,23,102.0,0.0,AUTHENTIC_REGION,0,0,REAL,C:\Users\jay\New folder (2)\Trustrace\data\document_patches\P8_0002155_X51006502533_OCR_NEG.png
P8_0002156_X51008128065_OCR_NEG,C00160062_X51008128065,X51008128065,group_0886,train,OCR,235,569,622,601,387,32,99.0,0.0,AUTHENTIC_REGION,0,0,REAL,C:\Users\jay\New folder (2)\Trustrace\data\document_patches\P8_0002156_X51008128065_OCR_NEG.png
P8_0002157_X51008123446_OCR_NEG,C00158436_X51008123446,X51008123446,group_0008,train,OCR,137,849,281,871,144,22,96.0,0.0,AUTHENTIC_REGION,0,0,REAL,C:\Users\jay\New folder (2)\Trustrace\data\document_patches\P8_0002157_X51008123446_OCR_NEG.png
P8_0002158_X51007843145_OCR_NEG,C00142077_X51007843145,X51007843145,group_0786,train,OCR,1751,2310,2262,2380,511,70,96.0,0.0,AUTHENTIC_REGION,0,0,REAL,C:\Users\jay\New folder (2)\Trustrace\data\document_patches\P8_0002158_X51007843145_OCR_NEG.png
P8_0002159_X51005663297_OCR_NEG,C00027748_X51005663297,X51005663297,group_0171,train,OCR,401,1410,431,1434,30,24,110.0,0.0,AUTHENTIC_REGION,0,0,REAL,C:\Users\jay\New folder (2)\Trustrace\data\document_patches\P8_0002159_X51005663297_OCR_NEG.png
P8_0002160_X51005442322_OCR_NEG,C00011625_X51005442322,X51005442322,group_0091,train,OCR,351,850,393,866,42,16,125.0,0.0,AUTHENTIC_REGION,0,0,REAL,C:\Users\jay\New folder (2)\Trustrace\data\document_patches\P8_0002160_X51005442322_OCR_NEG.png
P8_0002161_X51007339167_OCR_NEG,C00139628_X51007339167,X51007339167,group_0001,train,OCR,356,1433,549,1455,193,22,150.0,0.0,AUTHENTIC_REGION,0,0,REAL,C:\Users\jay\New folder (2)\Trustrace\data\document_patches\P8_0002161_X51007339167_OCR_NEG.png
P8_0002162_X51006557178_OCR_NEG,C00101819_X51006557178,X51006557178,group_0572,train,OCR,231,1071,252,1082,21,11,110.0,0.0,AUTHENTIC_REGION,0,0,REAL,C:\Users\jay\New folder (2)\Trustrace\data\document_patches\P8_0002162_X51006557178_OCR_NEG.png
P8_0002163_X51006414674_OCR_NEG,C00080871_X51006414674,X51006414674,group_0468,train,OCR,1878,3812,1991,3855,113,43,115.0,0.0,AUTHENTIC_REGION,0,0,REAL,C:\Users\jay\New folder (2)\Trustrace\data\document_patches\P8_0002163_X51006414674_OCR_NEG.png
P8_0002164_X51005361897_OCR_NEG,C00006677_X51005361897,X51005361897,group_0065,train,OCR,691,2065,760,2094,69,29,115.0,0.0,AUTHENTIC_REGION,0,0,REAL,C:\Users\jay\New folder (2)\Trustrace\data\document_patches\P8_0002164_X51005361897_OCR_NEG.png
P8_0002165_X51005676534_OCR_NEG,C00030685_X51005676534,X51005676534,group_0187,train,OCR,515,1835,607,1864,92,29,120.0,0.0,AUTHENTIC_REGION,0,0,REAL,C:\Users\jay\New folder (2)\Trustrace\data\document_patches\P8_0002165_X51005676534_OCR_NEG.png
P8_0002166_X51006387951_OCR_NEG,C00072356_X51006387951,X51006387951,group_0421,train,OCR,94,223,207,245,113,22,125.0,0.0,AUTHENTIC_REGION,0,0,REAL,C:\Users\jay\New folder (2)\Trustrace\data\document_patches\P8_0002166_X51006387951_OCR_NEG.png
P8_0002167_X51005337867_OCR_NEG,C00005756_X51005337867,X51005337867,group_0060,train,OCR,198,987,235,1008,37,21,115.0,0.0,AUTHENTIC_REGION,0,0,REAL,C:\Users\jay\New folder (2)\Trustrace\data\document_patches\P8_0002167_X51005337867_OCR_NEG.png
P8_0002168_X51006466060_OCR_NEG,C00085710_X51006466060,X51006466060,group_0492,train,OCR,85,591,176,611,91,20,96.0,0.0,AUTHENTIC_REGION,0,0,REAL,C:\Users\jay\New folder (2)\Trustrace\data\document_patches\P8_0002168_X51006466060_OCR_NEG.png
P8_0002169_X51005442322_OCR_NEG,C00011674_X51005442322,X51005442322,group_0091,train,OCR,579,1117,622,1133,43,16,125.0,0.0,AUTHENTIC_REGION,0,0,REAL,C:\Users\jay\New folder (2)\Trustrace\data\document_patches\P8_0002169_X51005442322_OCR_NEG.png
P8_0002170_X51005763999_OCR_NEG,C00057699_X51005763999,X51005763999,group_0340,train,OCR,355,1785,636,1817,281,32,99.0,0.0,AUTHENTIC_REGION,0,0,REAL,C:\Users\jay\New folder (2)\Trustrace\data\document_patches\P8_0002170_X51005763999_OCR_NEG.png
P8_0002171_X51008042781_OCR_NEG,C00151875_X51008042781,X51008042781,group_0837,train,OCR,585,1154,640,1182,55,28,96.0,0.0,AUTHENTIC_REGION,0,0,REAL,C:\Users\jay\New folder (2)\Trustrace\data\document_patches\P8_0002171_X51008042781_OCR_NEG.png
P8_0002172_X51008164997_OCR_NEG,C00164678_X51008164997,X51008164997,group_0908,train,OCR,529,1463,536,1491,7,28,105.0,0.0,AUTHENTIC_REGION,0,0,REAL,C:\Users\jay\New folder (2)\Trustrace\data\document_patches\P8_0002172_X51008164997_OCR_NEG.png
P8_0002173_X51007846282_OCR_NEG,C00142913_X51007846282,X51007846282,group_0791,train,OCR,2118,1664,2359,1739,241,75,135.0,0.0,AUTHENTIC_REGION,0,0,REAL,C:\Users\jay\New folder (2)\Trustrace\data\document_patches\P8_0002173_X51007846282_OCR_NEG.png
P8_0002174_X51006555818_OCR_NEG,C00088980_X51006555818,X51006555818,group_0514,train,OCR,361,144,458,165,97,21,145.0,0.0,AUTHENTIC_REGION,0,0,REAL,C:\Users\jay\New folder (2)\Trustrace\data\document_patches\P8_0002174_X51006555818_OCR_NEG.png
P8_0002175_X51005806698_OCR_NEG,C00059463_X51005806698,X51005806698,group_0350,train,OCR,180,546,255,569,75,23,120.0,0.0,AUTHENTIC_REGION,0,0,REAL,C:\Users\jay\New folder (2)\Trustrace\data\document_patches\P8_0002175_X51005806698_OCR_NEG.png
P8_0002176_X51007579719_OCR_NEG,C00141593_X51007579719,X51007579719,group_0783,train,OCR,143,916,176,937,33,21,115.0,0.0,AUTHENTIC_REGION,0,0,REAL,C:\Users\jay\New folder (2)\Trustrace\data\document_patches\P8_0002176_X51007579719_OCR_NEG.png
P8_0002177_X51008114284_OCR_NEG,C00157906_X51008114284,X51008114284,group_0875,train,OCR,162,974,255,1008,93,34,125.0,0.0,AUTHENTIC_REGION,0,0,REAL,C:\Users\jay\New folder (2)\Trustrace\data\document_patches\P8_0002177_X51008114284_OCR_NEG.png
P8_0002178_X51005676534_OCR_NEG,C00030674_X51005676534,X51005676534,group_0187,train,OCR,189,1728,376,1758,187,30,135.0,0.0,AUTHENTIC_REGION,0,0,REAL,C:\Users\jay\New folder (2)\Trustrace\data\document_patches\P8_0002178_X51005676534_OCR_NEG.png
P8_0002179_X51008042781_OCR_NEG,C00151811_X51008042781,X51008042781,group_0837,train,OCR,387,868,445,894,58,26,120.0,0.0,AUTHENTIC_REGION,0,0,REAL,C:\Users\jay\New folder (2)\Trustrace\data\document_patches\P8_0002179_X51008042781_OCR_NEG.png
P8_0002180_X51006619785_OCR_NEG,C00111289_X51006619785,X51006619785,group_0633,train,OCR,296,293,613,328,317,35,99.0,0.0,AUTHENTIC_REGION,0,0,REAL,C:\Users\jay\New folder (2)\Trustrace\data\document_patches\P8_0002180_X51006619785_OCR_NEG.png
P8_0002181_X51007339116_OCR_NEG,C00132939_X51007339116,X51007339116,group_0746,train,OCR,254,1339,358,1354,104,15,135.0,0.0,AUTHENTIC_REGION,0,0,REAL,C:\Users\jay\New folder (2)\Trustrace\data\document_patches\P8_0002181_X51007339116_OCR_NEG.png
P8_0002182_X51006557210_OCR_NEG,C00105281_X51006557210,X51006557210,group_0587,train,OCR,226,1055,331,1071,105,16,145.0,0.0,AUTHENTIC_REGION,0,0,REAL,C:\Users\jay\New folder (2)\Trustrace\data\document_patches\P8_0002182_X51006557210_OCR_NEG.png
P8_0002183_X51006557173_OCR_NEG,C00101603_X51006557173,X51006557173,group_0571,train,OCR,397,1068,421,1084,24,16,110.0,0.0,AUTHENTIC_REGION,0,0,REAL,C:\Users\jay\New folder (2)\Trustrace\data\document_patches\P8_0002183_X51006557173_OCR_NEG.png
P8_0002184_X51005685355_OCR_NEG,C00035605_X51005685355,X51005685355,group_0212,train,OCR,21,815,78,839,57,24,125.0,0.0,AUTHENTIC_REGION,0,0,REAL,C:\Users\jay\New folder (2)\Trustrace\data\document_patches\P8_0002184_X51005685355_OCR_NEG.png
P8_0002185_X51005749895_OCR_NEG,C00052764_X51005749895,X51005749895,group_0311,train,OCR,569,472,746,507,177,35,145.0,0.0,AUTHENTIC_REGION,0,0,REAL,C:\Users\jay\New folder (2)\Trustrace\data\document_patches\P8_0002185_X51005749895_OCR_NEG.png
P8_0002186_X51006557199_OCR_NEG,C00104292_X51006557199,X51006557199,group_0583,train,OCR,182,429,237,448,55,19,125.0,0.0,AUTHENTIC_REGION,0,0,REAL,C:\Users\jay\New folder (2)\Trustrace\data\document_patches\P8_0002186_X51006557199_OCR_NEG.png
P8_0002187_X51007339120_OCR_NEG,C00133743_X51007339120,X51007339120,group_0001,train,OCR,443,1167,572,1185,129,18,150.0,0.0,AUTHENTIC_REGION,0,0,REAL,C:\Users\jay\New folder (2)\Trustrace\data\document_patches\P8_0002187_X51007339120_OCR_NEG.png
P8_0002188_X51008123580_OCR_NEG,C00159107_X51008123580,X51008123580,group_0880,train,OCR,18,618,54,639,36,21,125.0,0.0,AUTHENTIC_REGION,0,0,REAL,C:\Users\jay\New folder (2)\Trustrace\data\document_patches\P8_0002188_X51008123580_OCR_NEG.png
P8_0002189_X51006556648_OCR_NEG,C00091085_X51006556648,X51006556648,group_0524,train,OCR,204,388,235,403,31,15,115.0,0.0,AUTHENTIC_REGION,0,0,REAL,C:\Users\jay\New folder (2)\Trustrace\data\document_patches\P8_0002189_X51006556648_OCR_NEG.png
P8_0002190_X51007339106_OCR_NEG,C00131007_X51007339106,X51007339106,group_0740,train,OCR,343,184,410,200,67,16,125.0,0.0,AUTHENTIC_REGION,0,0,REAL,C:\Users\jay\New folder (2)\Trustrace\data\document_patches\P8_0002190_X51007339106_OCR_NEG.png
P8_0002191_X51005441402_OCR_NEG,C00011060_X51005441402,X51005441402,group_0088,train,OCR,126,482,206,504,80,22,135.0,0.0,AUTHENTIC_REGION,0,0,REAL,C:\Users\jay\New folder (2)\Trustrace\data\document_patches\P8_0002191_X51005441402_OCR_NEG.png
P8_0002192_X51007846366_OCR_NEG,C00147194_X51007846366,X51007846366,group_0815,train,OCR,2337,3371,2508,3442,171,71,99.0,0.0,AUTHENTIC_REGION,0,0,REAL,C:\Users\jay\New folder (2)\Trustrace\data\document_patches\P8_0002192_X51007846366_OCR_NEG.png
P8_0002193_X51005675095_OCR_NEG,C00029693_X51005675095,X51005675095,group_0182,train,OCR,397,470,504,494,107,24,145.0,0.0,AUTHENTIC_REGION,0,0,REAL,C:\Users\jay\New folder (2)\Trustrace\data\document_patches\P8_0002193_X51005675095_OCR_NEG.png
P8_0002194_X51006556838_OCR_NEG,C00098141_X51006556838,X51006556838,group_0555,train,OCR,184,1150,354,1173,170,23,96.0,0.0,AUTHENTIC_REGION,0,0,REAL,C:\Users\jay\New folder (2)\Trustrace\data\document_patches\P8_0002194_X51006556838_OCR_NEG.png
P8_0002195_X51006414680_OCR_NEG,C00081673_X51006414680,X51006414680,group_0472,train,OCR,2564,3252,2654,3323,90,71,115.0,0.0,AUTHENTIC_REGION,0,0,REAL,C:\Users\jay\New folder (2)\Trustrace\data\document_patches\P8_0002195_X51006414680_OCR_NEG.png
P8_0002196_X51006557179_OCR_NEG,C00101994_X51006557179,X51006557179,group_0573,train,OCR,462,525,509,541,47,16,120.0,0.0,AUTHENTIC_REGION,0,0,REAL,C:\Users\jay\New folder (2)\Trustrace\data\document_patches\P8_0002196_X51006557179_OCR_NEG.png
P8_0002197_X51005711449_OCR_NEG,C00039234_X51005711449,X51005711449,group_0233,train,OCR,38,1161,332,1200,294,39,99.0,0.0,AUTHENTIC_REGION,0,0,REAL,C:\Users\jay\New folder (2)\Trustrace\data\document_patches\P8_0002197_X51005711449_OCR_NEG.png
P8_0002198_X51007339111_OCR_NEG,C00131851_X51007339111,X51007339111,group_0001,train,OCR,106,497,119,514,13,17,105.0,0.0,AUTHENTIC_REGION,0,0,REAL,C:\Users\jay\New folder (2)\Trustrace\data\document_patches\P8_0002198_X51007339111_OCR_NEG.png
P8_0002199_X51008164524_OCR_NEG,C00163704_X51008164524,X51008164524,group_0902,train,OCR,203,1617,360,1652,157,35,140.0,0.0,AUTHENTIC_REGION,0,0,REAL,C:\Users\jay\New folder (2)\Trustrace\data\document_patches\P8_0002199_X51008164524_OCR_NEG.png
P8_0002200_X00016469670_OCR_NEG,C00000751_X00016469670,X00016469670,group_0039,train,OCR,104,27,309,68,205,41,99.0,0.0,AUTHENTIC_REGION,0,0,REAL,C:\Users\jay\New folder (2)\Trustrace\data\document_patches\P8_0002200_X00016469670_OCR_NEG.png
P8_0002201_X51007846395_OCR_NEG,C00149078_X51007846395,X51007846395,group_0821,train,OCR,1756,4050,2028,4115,272,65,135.0,0.0,AUTHENTIC_REGION,0,0,REAL,C:\Users\jay\New folder (2)\Trustrace\data\document_patches\P8_0002201_X51007846395_OCR_NEG.png
P8_0002202_X51007339122_OCR_NEG,C00134053_X51007339122,X51007339122,group_0747,train,OCR,177,296,325,313,148,17,150.0,0.0,AUTHENTIC_REGION,0,0,REAL,C:\Users\jay\New folder (2)\Trustrace\data\document_patches\P8_0002202_X51007339122_OCR_NEG.png
P8_0002203_X51005447841_OCR_NEG,C00016895_X51005447841,X51005447841,group_0117,train,OCR,117,864,284,896,167,32,96.0,0.0,AUTHENTIC_REGION,0,0,REAL,C:\Users\jay\New folder (2)\Trustrace\data\document_patches\P8_0002203_X51005447841_OCR_NEG.png
P8_0002204_X51006008057_OCR_NEG,C00060878_X51006008057,X51006008057,group_0358,train,OCR,41,1855,176,1876,135,21,99.0,0.0,AUTHENTIC_REGION,0,0,REAL,C:\Users\jay\New folder (2)\Trustrace\data\document_patches\P8_0002204_X51006008057_OCR_NEG.png
P8_0002205_X51008164997_OCR_NEG,C00164609_X51008164997,X51008164997,group_0908,train,OCR,93,562,238,594,145,32,125.0,0.0,AUTHENTIC_REGION,0,0,REAL,C:\Users\jay\New folder (2)\Trustrace\data\document_patches\P8_0002205_X51008164997_OCR_NEG.png
P8_0002206_X51006828199_OCR_NEG,C00115761_X51006828199,X51006828199,group_0663,train,OCR,677,1264,741,1295,64,31,135.0,0.0,AUTHENTIC_REGION,0,0,REAL,C:\Users\jay\New folder (2)\Trustrace\data\document_patches\P8_0002206_X51006828199_OCR_NEG.png
P8_0002207_X51008123604_OCR_NEG,C00159653_X51008123604,X51008123604,group_0883,train,OCR,81,1231,170,1252,89,21,135.0,0.0,AUTHENTIC_REGION,0,0,REAL,C:\Users\jay\New folder (2)\Trustrace\data\document_patches\P8_0002207_X51008123604_OCR_NEG.png
P8_0002208_X51007846282_OCR_NEG,C00142889_X51007846282,X51007846282,group_0791,train,OCR,2141,1404,2585,1478,444,74,150.0,0.0,AUTHENTIC_REGION,0,0,REAL,C:\Users\jay\New folder (2)\Trustrace\data\document_patches\P8_0002208_X51007846282_OCR_NEG.png
P8_0002209_X51005444046_OCR_NEG,C00015919_X51005444046,X51005444046,group_0112,train,OCR,51,520,662,546,611,26,108.0,0.0,AUTHENTIC_REGION,0,0,REAL,C:\Users\jay\New folder (2)\Trustrace\data\document_patches\P8_0002209_X51005444046_OCR_NEG.png
P8_0002210_X51006327976_OCR_NEG,C00065512_X51006327976,X51006327976,group_0383,train,OCR,197,1021,289,1043,92,22,140.0,0.0,AUTHENTIC_REGION,0,0,REAL,C:\Users\jay\New folder (2)\Trustrace\data\document_patches\P8_0002210_X51006327976_OCR_NEG.png
P8_0002211_X51006438346_OCR_NEG,C00084998_X51006438346,X51006438346,group_0487,train,OCR,477,1092,539,1113,62,21,125.0,0.0,AUTHENTIC_REGION,0,0,REAL,C:\Users\jay\New folder (2)\Trustrace\data\document_patches\P8_0002211_X51006438346_OCR_NEG.png
P8_0002212_X51005719889_OCR_NEG,C00044099_X51005719889,X51005719889,group_0263,train,OCR,260,1418,342,1447,82,29,120.0,0.0,AUTHENTIC_REGION,0,0,REAL,C:\Users\jay\New folder (2)\Trustrace\data\document_patches\P8_0002212_X51005719889_OCR_NEG.png
P8_0002213_X51006556648_OCR_NEG,C00091060_X51006556648,X51006556648,group_0524,train,OCR,258,175,291,193,33,18,120.0,0.0,AUTHENTIC_REGION,0,0,REAL,C:\Users\jay\New folder (2)\Trustrace\data\document_patches\P8_0002213_X51006556648_OCR_NEG.png
P8_0002214_X51007843145_OCR_NEG,C00142124_X51007843145,X51007843145,group_0786,train,OCR,2566,3849,2799,3922,233,73,130.0,0.0,AUTHENTIC_REGION,0,0,REAL,C:\Users\jay\New folder (2)\Trustrace\data\document_patches\P8_0002214_X51007843145_OCR_NEG.png
P8_0002215_X51008099087_OCR_NEG,C00155689_X51008099087,X51008099087,group_0861,train,OCR,155,378,202,413,47,35,115.0,0.0,AUTHENTIC_REGION,0,0,REAL,C:\Users\jay\New folder (2)\Trustrace\data\document_patches\P8_0002215_X51008099087_OCR_NEG.png
P8_0002216_X51005712038_OCR_NEG,C00040676_X51005712038,X51005712038,group_0241,train,OCR,287,1059,326,1080,39,21,120.0,0.0,AUTHENTIC_REGION,0,0,REAL,C:\Users\jay\New folder (2)\Trustrace\data\document_patches\P8_0002216_X51005712038_OCR_NEG.png
P8_0002217_X51005361908_OCR_NEG,C00007614_X51005361908,X51005361908,group_0070,train,OCR,1201,897,1275,918,74,21,130.0,0.0,AUTHENTIC_REGION,0,0,REAL,C:\Users\jay\New folder (2)\Trustrace\data\document_patches\P8_0002217_X51005361908_OCR_NEG.png
P8_0002218_X51006392299_MORPHOLOGY_NEG,C00075496_X51006392299,X51006392299,group_0444,train,MORPHOLOGY,228,419,241,433,13,14,246.489,0.0,AUTHENTIC_REGION,0,0,EDITED,C:\Users\jay\New folder (2)\Trustrace\data\document_patches\P8_0002218_X51006392299_MORPHOLOGY_NEG.png
P8_0002219_X51005711402_MORPHOLOGY_NEG,C00037748_X51005711402,X51005711402,group_0223,train,MORPHOLOGY,718,1163,749,1199,31,36,208.0224,0.0,AUTHENTIC_REGION,0,0,EDITED,C:\Users\jay\New folder (2)\Trustrace\data\document_patches\P8_0002219_X51005711402_MORPHOLOGY_NEG.png
P8_0002220_X51006557169_OCR_NEG,C00101103_X51006557169,X51006557169,group_0569,train,OCR,135,976,194,992,59,16,125.0,0.0,AUTHENTIC_REGION,0,0,EDITED,C:\Users\jay\New folder (2)\Trustrace\data\document_patches\P8_0002220_X51006557169_OCR_NEG.png
P8_0002221_X51008142063_OCR_NEG,C00162217_X51008142063,X51008142063,group_0895,train,OCR,334,427,487,459,153,32,140.0,0.0,AUTHENTIC_REGION,0,0,EDITED,C:\Users\jay\New folder (2)\Trustrace\data\document_patches\P8_0002221_X51008142063_OCR_NEG.png
P8_0002222_X51005230617_OCR_NEG,C00002260_X51005230617,X51005230617,group_0047,train,OCR,8,717,379,745,371,28,102.0,0.0,AUTHENTIC_REGION,0,0,EDITED,C:\Users\jay\New folder (2)\Trustrace\data\document_patches\P8_0002222_X51005230617_OCR_NEG.png
P8_0002223_X51008142063_OCR_NEG,C00162264_X51008142063,X51008142063,group_0895,train,OCR,118,1327,135,1352,17,25,105.0,0.0,AUTHENTIC_REGION,0,0,EDITED,C:\Users\jay\New folder (2)\Trustrace\data\document_patches\P8_0002223_X51008142063_OCR_NEG.png
P8_0002224_X51007225417_OCR_NEG,C00126222_X51007225417,X51007225417,group_0717,train,OCR,75,1062,174,1079,99,17,96.0,0.0,AUTHENTIC_REGION,0,0,EDITED,C:\Users\jay\New folder (2)\Trustrace\data\document_patches\P8_0002224_X51007225417_OCR_NEG.png
P8_0002225_X51005605295_MORPHOLOGY_NEG,C00025074_X51005605295,X51005605295,group_0156,train,MORPHOLOGY,438,806,458,837,20,31,233.8581,0.0,AUTHENTIC_REGION,0,0,EDITED,C:\Users\jay\New folder (2)\Trustrace\data\document_patches\P8_0002225_X51005605295_MORPHOLOGY_NEG.png
P8_0002226_X51006329183_OCR_NEG,C00066826_X51006329183,X51006329183,group_0387,train,OCR,433,460,478,476,45,16,125.0,0.0,AUTHENTIC_REGION,0,0,EDITED,C:\Users\jay\New folder (2)\Trustrace\data\document_patches\P8_0002226_X51006329183_OCR_NEG.png
P8_0002227_X51005663278_OCR_NEG,C00027029_X51005663278,X51005663278,group_0167,train,OCR,126,1746,325,1777,199,31,99.0,0.0,AUTHENTIC_REGION,0,0,EDITED,C:\Users\jay\New folder (2)\Trustrace\data\document_patches\P8_0002227_X51005663278_OCR_NEG.png
P8_0002228_X51007339158_OCR_NEG,C00137652_X51007339158,X51007339158,group_0759,train,OCR,310,1144,376,1160,66,16,120.0,0.0,AUTHENTIC_REGION,0,0,EDITED,C:\Users\jay\New folder (2)\Trustrace\data\document_patches\P8_0002228_X51007339158_OCR_NEG.png
P8_0002229_X51005663293_OCR_NEG,C00027550_X51005663293,X51005663293,group_0170,train,OCR,278,1074,318,1100,40,26,110.0,0.0,AUTHENTIC_REGION,0,0,EDITED,C:\Users\jay\New folder (2)\Trustrace\data\document_patches\P8_0002229_X51005663293_OCR_NEG.png
P8_0002230_X51005710963_MORPHOLOGY_NEG,C00037435_X51005710963,X51005710963,group_0221,train,MORPHOLOGY,603,2010,616,2023,13,13,158.7456,0.0,AUTHENTIC_REGION,0,0,EDITED,C:\Users\jay\New folder (2)\Trustrace\data\document_patches\P8_0002230_X51005710963_MORPHOLOGY_NEG.png
P8_0002231_X51007846353_OCR_NEG,C00146157_X51007846353,X51007846353,group_0809,train,OCR,2299,2566,2487,2625,188,59,120.0,0.0,AUTHENTIC_REGION,0,0,EDITED,C:\Users\jay\New folder (2)\Trustrace\data\document_patches\P8_0002231_X51007846353_OCR_NEG.png
P8_0002232_X51006556728_OCR_NEG,C00092985_X51006556728,X51006556728,group_0532,train,OCR,435,731,457,747,22,16,110.0,0.0,AUTHENTIC_REGION,0,0,EDITED,C:\Users\jay\New folder (2)\Trustrace\data\document_patches\P8_0002232_X51006556728_OCR_NEG.png
P8_0002233_X51008030565_OCR_NEG,C00150903_X51008030565,X51008030565,group_0831,train,OCR,40,909,99,937,59,28,120.0,0.0,AUTHENTIC_REGION,0,0,EDITED,C:\Users\jay\New folder (2)\Trustrace\data\document_patches\P8_0002233_X51008030565_OCR_NEG.png
P8_0002234_X51006555125_OCR_NEG,C00087743_X51006555125,X51006555125,group_0507,train,OCR,220,259,298,280,78,21,120.0,0.0,AUTHENTIC_REGION,0,0,EDITED,C:\Users\jay\New folder (2)\Trustrace\data\document_patches\P8_0002234_X51006555125_OCR_NEG.png
P8_0002235_X51007231331_MORPHOLOGY_NEG,C00127249_X51007231331,X51007231331,group_0722,train,MORPHOLOGY,4575,5985,4588,5995,13,10,212.5231,0.0,AUTHENTIC_REGION,0,0,EDITED,C:\Users\jay\New folder (2)\Trustrace\data\document_patches\P8_0002235_X51007231331_MORPHOLOGY_NEG.png
P8_0002236_X51007433809_MORPHOLOGY_NEG,C00141347_X51007433809,X51007433809,group_0781,train,MORPHOLOGY,488,1200,507,1213,19,13,240.7976,0.0,AUTHENTIC_REGION,0,0,EDITED,C:\Users\jay\New folder (2)\Trustrace\data\document_patches\P8_0002236_X51007433809_MORPHOLOGY_NEG.png
P8_0002237_X51007339643_MORPHOLOGY_NEG,C00139907_X51007339643,X51007339643,group_0769,train,MORPHOLOGY,133,1370,153,1385,20,15,212.8133,0.0,AUTHENTIC_REGION,0,0,EDITED,C:\Users\jay\New folder (2)\Trustrace\data\document_patches\P8_0002237_X51007339643_MORPHOLOGY_NEG.png
P8_0002238_X51006393377_MORPHOLOGY_NEG,C00075852_X51006393377,X51006393377,group_0447,train,MORPHOLOGY,454,567,467,580,13,13,165.7041,0.0,AUTHENTIC_REGION,0,0,EDITED,C:\Users\jay\New folder (2)\Trustrace\data\document_patches\P8_0002238_X51006393377_MORPHOLOGY_NEG.png
P8_0002239_X51007339151_MORPHOLOGY_NEG,C00136901_X51007339151,X51007339151,group_0001,train,MORPHOLOGY,550,528,579,550,29,22,239.9028,0.0,AUTHENTIC_REGION,0,0,EDITED,C:\Users\jay\New folder (2)\Trustrace\data\document_patches\P8_0002239_X51007339151_MORPHOLOGY_NEG.png
P8_0002240_X51008142063_OCR_NEG,C00162231_X51008142063,X51008142063,group_0895,train,OCR,340,610,572,641,232,31,96.0,0.0,AUTHENTIC_REGION,0,0,EDITED,C:\Users\jay\New folder (2)\Trustrace\data\document_patches\P8_0002240_X51008142063_OCR_NEG.png
P8_0002241_X51005677333_OCR_NEG,C00034362_X51005677333,X51005677333,group_0208,train,OCR,171,1527,258,1553,87,26,125.0,0.0,AUTHENTIC_REGION,0,0,EDITED,C:\Users\jay\New folder (2)\Trustrace\data\document_patches\P8_0002241_X51005677333_OCR_NEG.png
P8_0002242_X51006913018_OCR_NEG,C00119309_X51006913018,X51006913018,group_0685,train,OCR,2313,1027,2802,1103,489,76,96.0,0.0,AUTHENTIC_REGION,0,0,EDITED,C:\Users\jay\New folder (2)\Trustrace\data\document_patches\P8_0002242_X51006913018_OCR_NEG.png
P8_0002243_X51005757199_OCR_NEG,C00053397_X51005757199,X51005757199,group_0315,train,OCR,18,862,102,890,84,28,125.0,0.0,AUTHENTIC_REGION,0,0,EDITED,C:\Users\jay\New folder (2)\Trustrace\data\document_patches\P8_0002243_X51005757199_OCR_NEG.png
P8_0002244_X51007846396_MORPHOLOGY_NEG,C00149277_X51007846396,X51007846396,group_0822,train,MORPHOLOGY,3844,4213,3877,4246,33,33,205.8825,0.0,AUTHENTIC_REGION,0,0,EDITED,C:\Users\jay\New folder (2)\Trustrace\data\document_patches\P8_0002244_X51007846396_MORPHOLOGY_NEG.png
P8_0002245_X51005676541_OCR_NEG,C00031903_X51005676541,X51005676541,group_0194,train,OCR,44,978,72,1007,28,29,110.0,0.0,AUTHENTIC_REGION,0,0,EDITED,C:\Users\jay\New folder (2)\Trustrace\data\document_patches\P8_0002245_X51005676541_OCR_NEG.png
P8_0002246_X51005568855_OCR_NEG,C00019980_X51005568855,X51005568855,group_0130,train,OCR,723,2796,807,2828,84,32,96.0,0.0,AUTHENTIC_REGION,0,0,EDITED,C:\Users\jay\New folder (2)\Trustrace\data\document_patches\P8_0002246_X51005568855_OCR_NEG.png
P8_0002247_X51006556603_OCR_NEG,C00090191_X51006556603,X51006556603,group_0520,train,OCR,163,121,458,143,295,22,102.0,0.0,AUTHENTIC_REGION,0,0,EDITED,C:\Users\jay\New folder (2)\Trustrace\data\document_patches\P8_0002247_X51006556603_OCR_NEG.png
P8_0002248_X51007231331_MORPHOLOGY_NEG,C00127231_X51007231331,X51007231331,group_0722,train,MORPHOLOGY,3447,71,3465,87,18,16,220.8889,0.0,AUTHENTIC_REGION,0,0,EDITED,C:\Users\jay\New folder (2)\Trustrace\data\document_patches\P8_0002248_X51007231331_MORPHOLOGY_NEG.png
P8_0002249_X51006619709_OCR_NEG,C00109539_X51006619709,X51006619709,group_0619,train,OCR,795,1989,828,2020,33,31,110.0,0.0,AUTHENTIC_REGION,0,0,EDITED,C:\Users\jay\New folder (2)\Trustrace\data\document_patches\P8_0002249_X51006619709_OCR_NEG.png
P8_0002250_X51007846396_MORPHOLOGY_NEG,C00149260_X51007846396,X51007846396,group_0822,train,MORPHOLOGY,4684,4206,4700,4222,16,16,223.707,0.0,AUTHENTIC_REGION,0,0,EDITED,C:\Users\jay\New folder (2)\Trustrace\data\document_patches\P8_0002250_X51007846396_MORPHOLOGY_NEG.png
P8_0002251_X51006414728_OCR_NEG,C00084579_X51006414728,X51006414728,group_0485,train,OCR,2608,2925,2874,2988,266,63,140.0,0.0,AUTHENTIC_REGION,0,0,EDITED,C:\Users\jay\New folder (2)\Trustrace\data\document_patches\P8_0002251_X51006414728_OCR_NEG.png
P8_0002252_X00016469612_MORPHOLOGY_NEG,C00000089_X00016469612,X00016469612,group_0033,train,MORPHOLOGY,290,147,384,165,94,18,217.9214,0.0,AUTHENTIC_REGION,0,0,EDITED,C:\Users\jay\New folder (2)\Trustrace\data\document_patches\P8_0002252_X00016469612_MORPHOLOGY_NEG.png
P8_0002253_X51006556726_OCR_NEG,C00092684_X51006556726,X51006556726,group_0531,train,OCR,33,329,328,361,295,32,102.0,0.0,AUTHENTIC_REGION,0,0,EDITED,C:\Users\jay\New folder (2)\Trustrace\data\document_patches\P8_0002253_X51006556726_OCR_NEG.png
P8_0002254_X51006556851_OCR_NEG,C00098944_X51006556851,X51006556851,group_0559,train,OCR,59,871,327,913,268,42,102.0,0.0,AUTHENTIC_REGION,0,0,EDITED,C:\Users\jay\New folder (2)\Trustrace\data\document_patches\P8_0002254_X51006556851_OCR_NEG.png
P8_0002255_X51007579725_OCR_NEG,C00141769_X51007579725,X51007579725,group_0784,train,OCR,296,238,342,259,46,21,120.0,0.0,AUTHENTIC_REGION,0,0,EDITED,C:\Users\jay\New folder (2)\Trustrace\data\document_patches\P8_0002255_X51007579725_OCR_NEG.png
P8_0002256_X51005677339_OCR_NEG,C00035164_X51005677339,X51005677339,group_0211,train,OCR,249,1161,330,1188,81,27,125.0,0.0,AUTHENTIC_REGION,0,0,EDITED,C:\Users\jay\New folder (2)\Trustrace\data\document_patches\P8_0002256_X51005677339_OCR_NEG.png
P8_0002257_X51007339150_OCR_NEG,C00136560_X51007339150,X51007339150,group_0001,train,OCR,433,188,501,211,68,23,130.0,0.0,AUTHENTIC_REGION,0,0,EDITED,C:\Users\jay\New folder (2)\Trustrace\data\document_patches\P8_0002257_X51007339150_OCR_NEG.png
P8_0002258_X51008142031_OCR_NEG,C00160625_X51008142031,X51008142031,group_0889,train,OCR,640,1317,709,1349,69,32,120.0,0.0,AUTHENTIC_REGION,0,0,EDITED,C:\Users\jay\New folder (2)\Trustrace\data\document_patches\P8_0002258_X51008142031_OCR_NEG.png
P8_0002259_X51007579714_OCR_NEG,C00141410_X51007579714,X51007579714,group_0782,train,OCR,477,1160,498,1181,21,21,110.0,0.0,AUTHENTIC_REGION,0,0,EDITED,C:\Users\jay\New folder (2)\Trustrace\data\document_patches\P8_0002259_X51007579714_OCR_NEG.png
P8_0002260_X51006619766_OCR_NEG,C00110444_X51006619766,X51006619766,group_0625,train,OCR,155,1754,170,1761,15,7,105.0,0.0,AUTHENTIC_REGION,0,0,EDITED,C:\Users\jay\New folder (2)\Trustrace\data\document_patches\P8_0002260_X51006619766_OCR_NEG.png
P8_0002261_X51006619697_OCR_NEG,C00108979_X51006619697,X51006619697,group_0614,train,OCR,249,223,565,258,316,35,102.0,0.0,AUTHENTIC_REGION,0,0,EDITED,C:\Users\jay\New folder (2)\Trustrace\data\document_patches\P8_0002261_X51006619697_OCR_NEG.png
P8_0002262_X51008142063_OCR_NEG,C00162253_X51008142063,X51008142063,group_0895,train,OCR,42,886,244,916,202,30,150.0,0.0,AUTHENTIC_REGION,0,0,EDITED,C:\Users\jay\New folder (2)\Trustrace\data\document_patches\P8_0002262_X51008142063_OCR_NEG.png
P8_0002263_X51008142032_OCR_NEG,C00160784_X51008142032,X51008142032,group_0890,train,OCR,566,1141,583,1172,17,31,105.0,0.0,AUTHENTIC_REGION,0,0,EDITED,C:\Users\jay\New folder (2)\Trustrace\data\document_patches\P8_0002263_X51008142032_OCR_NEG.png
P8_0002264_X51006857660_OCR_NEG,C00117406_X51006857660,X51006857660,group_0675,train,OCR,456,556,531,586,75,30,125.0,0.0,AUTHENTIC_REGION,0,0,EDITED,C:\Users\jay\New folder (2)\Trustrace\data\document_patches\P8_0002264_X51006857660_OCR_NEG.png
P8_0002265_X51007339151_OCR_NEG,C00136854_X51007339151,X51007339151,group_0001,train,OCR,142,1097,186,1115,44,18,120.0,0.0,AUTHENTIC_REGION,0,0,EDITED,C:\Users\jay\New folder (2)\Trustrace\data\document_patches\P8_0002265_X51007339151_OCR_NEG.png
P8_0002266_X51006557195_OCR_NEG,C00103518_X51006557195,X51006557195,group_0580,train,OCR,296,604,308,620,12,16,105.0,0.0,AUTHENTIC_REGION,0,0,EDITED,C:\Users\jay\New folder (2)\Trustrace\data\document_patches\P8_0002266_X51006557195_OCR_NEG.png
P8_0002267_X51005745183_MORPHOLOGY_NEG,C00049966_X51005745183,X51005745183,group_0295,train,MORPHOLOGY,145,88,155,99,10,11,241.7545,0.0,AUTHENTIC_REGION,0,0,EDITED,C:\Users\jay\New folder (2)\Trustrace\data\document_patches\P8_0002267_X51005745183_MORPHOLOGY_NEG.png
P8_0002268_X51006392299_OCR_NEG,C00075479_X51006392299,X51006392299,group_0444,train,OCR,584,969,632,993,48,24,115.0,0.0,AUTHENTIC_REGION,0,0,EDITED,C:\Users\jay\New folder (2)\Trustrace\data\document_patches\P8_0002268_X51006392299_OCR_NEG.png
P8_0002269_X51006913018_OCR_NEG,C00119289_X51006913018,X51006913018,group_0685,train,OCR,2069,529,3009,613,940,84,105.0,0.0,AUTHENTIC_REGION,0,0,EDITED,C:\Users\jay\New folder (2)\Trustrace\data\document_patches\P8_0002269_X51006913018_OCR_NEG.png
P8_0002270_X51006349085_MORPHOLOGY_NEG,C00070504_X51006349085,X51006349085,group_0406,train,MORPHOLOGY,56,731,87,745,31,14,242.5,0.0,AUTHENTIC_REGION,0,0,EDITED,C:\Users\jay\New folder (2)\Trustrace\data\document_patches\P8_0002270_X51006349085_MORPHOLOGY_NEG.png
P8_0002271_X51007225417_MORPHOLOGY_NEG,C00126313_X51007225417,X51007225417,group_0717,train,MORPHOLOGY,359,731,386,740,27,9,205.5309,0.0,AUTHENTIC_REGION,0,0,EDITED,C:\Users\jay\New folder (2)\Trustrace\data\document_patches\P8_0002271_X51007225417_MORPHOLOGY_NEG.png
P8_0002272_X51005447840_OCR_NEG,C00016698_X51005447840,X51005447840,group_0116,train,OCR,92,1576,470,1618,378,42,96.0,0.0,AUTHENTIC_REGION,0,0,EDITED,C:\Users\jay\New folder (2)\Trustrace\data\document_patches\P8_0002272_X51005447840_OCR_NEG.png
P8_0002273_X51006557187_OCR_NEG,C00102705_X51006557187,X51006557187,group_0576,train,OCR,25,1068,554,1091,529,23,108.0,0.0,AUTHENTIC_REGION,0,0,EDITED,C:\Users\jay\New folder (2)\Trustrace\data\document_patches\P8_0002273_X51006557187_OCR_NEG.png
P8_0002274_X51007339643_MORPHOLOGY_NEG,C00139932_X51007339643,X51007339643,group_0769,train,MORPHOLOGY,153,1394,171,1415,18,21,198.3492,0.0,AUTHENTIC_REGION,0,0,EDITED,C:\Users\jay\New folder (2)\Trustrace\data\document_patches\P8_0002274_X51007339643_MORPHOLOGY_NEG.png
P8_0002275_X51006857660_OCR_NEG,C00117540_X51006857660,X51006857660,group_0675,train,OCR,820,1798,838,1820,18,22,105.0,0.0,AUTHENTIC_REGION,0,0,EDITED,C:\Users\jay\New folder (2)\Trustrace\data\document_patches\P8_0002275_X51006857660_OCR_NEG.png
P8_0002276_X51006913018_OCR_NEG,C00119396_X51006913018,X51006913018,group_0685,train,OCR,2092,3812,2573,3893,481,81,96.0,0.0041,AUTHENTIC_REGION,0,0,EDITED,C:\Users\jay\New folder (2)\Trustrace\data\document_patches\P8_0002276_X51006913018_OCR_NEG.png
P8_0002277_X51005710963_OCR_NEG,C00037374_X51005710963,X51005710963,group_0221,train,OCR,126,1448,344,1480,218,32,130.0,0.0,AUTHENTIC_REGION,0,0,EDITED,C:\Users\jay\New folder (2)\Trustrace\data\document_patches\P8_0002277_X51005710963_OCR_NEG.png
P8_0002278_X51007846303_MORPHOLOGY_NEG,C00144438_X51007846303,X51007846303,group_0799,train,MORPHOLOGY,4481,4205,4496,4220,15,15,224.4178,0.0,AUTHENTIC_REGION,0,0,EDITED,C:\Users\jay\New folder (2)\Trustrace\data\document_patches\P8_0002278_X51007846303_MORPHOLOGY_NEG.png
P8_0002279_X51005442327_OCR_NEG,C00011826_X51005442327,X51005442327,group_0092,train,OCR,559,643,605,654,46,11,130.0,0.0,AUTHENTIC_REGION,0,0,EDITED,C:\Users\jay\New folder (2)\Trustrace\data\document_patches\P8_0002279_X51005442327_OCR_NEG.png
P8_0002280_X51005676535_OCR_NEG,C00030818_X51005676535,X51005676535,group_0188,train,OCR,719,1257,755,1284,36,27,110.0,0.0,AUTHENTIC_REGION,0,0,EDITED,C:\Users\jay\New folder (2)\Trustrace\data\document_patches\P8_0002280_X51005676535_OCR_NEG.png
P8_0002281_X51007846357_OCR_NEG,C00146496_X51007846357,X51007846357,group_0811,train,OCR,1932,2149,1988,2216,56,67,110.0,0.0,AUTHENTIC_REGION,0,0,EDITED,C:\Users\jay\New folder (2)\Trustrace\data\document_patches\P8_0002281_X51007846357_OCR_NEG.png
P8_0002282_X51006619343_MORPHOLOGY_NEG,C00106690_X51006619343,X51006619343,group_0595,train,MORPHOLOGY,282,841,341,876,59,35,134.4073,0.0,AUTHENTIC_REGION,0,0,EDITED,C:\Users\jay\New folder (2)\Trustrace\data\document_patches\P8_0002282_X51006619343_MORPHOLOGY_NEG.png
P8_0002283_X51005605335_OCR_NEG,C00025690_X51005605335,X51005605335,group_0160,train,OCR,319,328,374,353,55,25,120.0,0.0,AUTHENTIC_REGION,0,0,EDITED,C:\Users\jay\New folder (2)\Trustrace\data\document_patches\P8_0002283_X51005605335_OCR_NEG.png
P8_0002284_X51007339117_MORPHOLOGY_NEG,C00133207_X51007339117,X51007339117,group_0001,train,MORPHOLOGY,324,792,351,801,27,9,249.0247,0.0,AUTHENTIC_REGION,0,0,EDITED,C:\Users\jay\New folder (2)\Trustrace\data\document_patches\P8_0002284_X51007339117_MORPHOLOGY_NEG.png
P8_0002285_X51005605335_OCR_NEG,C00025669_X51005605335,X51005605335,group_0160,train,OCR,128,684,223,709,95,25,96.0,0.0,AUTHENTIC_REGION,0,0,EDITED,C:\Users\jay\New folder (2)\Trustrace\data\document_patches\P8_0002285_X51005605335_OCR_NEG.png
P8_0002286_X51008114283_MORPHOLOGY_NEG,C00157824_X51008114283,X51008114283,group_0874,train,MORPHOLOGY,712,1018,756,1052,44,34,208.8356,0.0,AUTHENTIC_REGION,0,0,EDITED,C:\Users\jay\New folder (2)\Trustrace\data\document_patches\P8_0002286_X51008114283_MORPHOLOGY_NEG.png
P8_0002287_X51007339151_MORPHOLOGY_NEG,C00136906_X51007339151,X51007339151,group_0001,train,MORPHOLOGY,156,843,170,863,14,20,218.8393,0.0,AUTHENTIC_REGION,0,0,EDITED,C:\Users\jay\New folder (2)\Trustrace\data\document_patches\P8_0002287_X51007339151_MORPHOLOGY_NEG.png
P8_0002288_X51005230617_MORPHOLOGY_NEG,C00002320_X51005230617,X51005230617,group_0047,train,MORPHOLOGY,126,1366,201,1399,75,33,222.7475,0.0,AUTHENTIC_REGION,0,0,EDITED,C:\Users\jay\New folder (2)\Trustrace\data\document_patches\P8_0002288_X51005230617_MORPHOLOGY_NEG.png
P8_0002289_X51005677333_OCR_NEG,C00034346_X51005677333,X51005677333,group_0208,train,OCR,398,1184,539,1218,141,34,135.0,0.0,AUTHENTIC_REGION,0,0,EDITED,C:\Users\jay\New folder (2)\Trustrace\data\document_patches\P8_0002289_X51005677333_OCR_NEG.png
P8_0002290_X51007225417_MORPHOLOGY_NEG,C00126287_X51007225417,X51007225417,group_0717,train,MORPHOLOGY,536,562,569,583,33,21,223.6032,0.0,AUTHENTIC_REGION,0,0,EDITED,C:\Users\jay\New folder (2)\Trustrace\data\document_patches\P8_0002290_X51007225417_MORPHOLOGY_NEG.png
P8_0002291_X51005710963_MORPHOLOGY_NEG,C00037448_X51005710963,X51005710963,group_0221,train,MORPHOLOGY,753,1218,772,1235,19,17,157.8731,0.0,AUTHENTIC_REGION,0,0,EDITED,C:\Users\jay\New folder (2)\Trustrace\data\document_patches\P8_0002291_X51005710963_MORPHOLOGY_NEG.png
P8_0002292_X51005568881_OCR_NEG,C00020590_X51005568881,X51005568881,group_0017,train,OCR,57,1454,130,1483,73,29,125.0,0.0,AUTHENTIC_REGION,0,0,EDITED,C:\Users\jay\New folder (2)\Trustrace\data\document_patches\P8_0002292_X51005568881_OCR_NEG.png
P8_0002293_X51007339166_MORPHOLOGY_NEG,C00139446_X51007339166,X51007339166,group_0765,train,MORPHOLOGY,508,638,533,656,25,18,174.9844,0.0,AUTHENTIC_REGION,0,0,EDITED,C:\Users\jay\New folder (2)\Trustrace\data\document_patches\P8_0002293_X51007339166_MORPHOLOGY_NEG.png
P8_0002294_X51006414715_MORPHOLOGY_NEG,C00083539_X51006414715,X51006414715,group_0480,train,MORPHOLOGY,4582,5969,4593,5979,11,10,224.1455,0.0,AUTHENTIC_REGION,0,0,EDITED,C:\Users\jay\New folder (2)\Trustrace\data\document_patches\P8_0002294_X51006414715_MORPHOLOGY_NEG.png
P8_0002295_X51006619709_OCR_NEG,C00109495_X51006619709,X51006619709,group_0619,train,OCR,269,1583,306,1614,37,31,110.0,0.0,AUTHENTIC_REGION,0,0,EDITED,C:\Users\jay\New folder (2)\Trustrace\data\document_patches\P8_0002295_X51006619709_OCR_NEG.png
P8_0002296_X51007103668_OCR_NEG,C00123965_X51007103668,X51007103668,group_0706,train,OCR,199,1173,310,1199,111,26,135.0,0.0,AUTHENTIC_REGION,0,0,EDITED,C:\Users\jay\New folder (2)\Trustrace\data\document_patches\P8_0002296_X51007103668_OCR_NEG.png
P8_0002297_X51005568885_MORPHOLOGY_NEG,C00020933_X51005568885,X51005568885,group_0134,train,MORPHOLOGY,111,1067,344,1098,233,31,177.2805,0.0,AUTHENTIC_REGION,0,0,EDITED,C:\Users\jay\New folder (2)\Trustrace\data\document_patches\P8_0002297_X51005568885_MORPHOLOGY_NEG.png
P8_0002298_X51006619343_OCR_NEG,C00106578_X51006619343,X51006619343,group_0595,train,OCR,400,336,540,373,140,37,140.0,0.0,AUTHENTIC_REGION,0,0,EDITED,C:\Users\jay\New folder (2)\Trustrace\data\document_patches\P8_0002298_X51006619343_OCR_NEG.png
P8_0002299_X51008123451_OCR_NEG,C00158861_X51008123451,X51008123451,group_0879,train,OCR,577,786,629,807,52,21,120.0,0.0,AUTHENTIC_REGION,0,0,EDITED,C:\Users\jay\New folder (2)\Trustrace\data\document_patches\P8_0002299_X51008123451_OCR_NEG.png
P8_0002300_X51006857660_OCR_NEG,C00117498_X51006857660,X51006857660,group_0675,train,OCR,456,1536,512,1567,56,31,115.0,0.0,AUTHENTIC_REGION,0,0,EDITED,C:\Users\jay\New folder (2)\Trustrace\data\document_patches\P8_0002300_X51006857660_OCR_NEG.png
P8_0002301_X51006557187_OCR_NEG,C00102655_X51006557187,X51006557187,group_0576,train,OCR,113,741,136,771,23,30,110.0,0.0,AUTHENTIC_REGION,0,0,EDITED,C:\Users\jay\New folder (2)\Trustrace\data\document_patches\P8_0002301_X51006557187_OCR_NEG.png
P8_0002302_X51007579725_OCR_NEG,C00141714_X51007579725,X51007579725,group_0784,train,OCR,167,458,247,479,80,21,135.0,0.0,AUTHENTIC_REGION,0,0,EDITED,C:\Users\jay\New folder (2)\Trustrace\data\document_patches\P8_0002302_X51007579725_OCR_NEG.png
P8_0002303_X51008142031_MORPHOLOGY_NEG,C00160705_X51008142031,X51008142031,group_0889,train,MORPHOLOGY,152,699,165,712,13,13,188.213,0.0,AUTHENTIC_REGION,0,0,EDITED,C:\Users\jay\New folder (2)\Trustrace\data\document_patches\P8_0002303_X51008142031_MORPHOLOGY_NEG.png
P8_0002304_X51005442327_OCR_NEG,C00011789_X51005442327,X51005442327,group_0092,train,OCR,544,416,575,426,31,10,125.0,0.0,AUTHENTIC_REGION,0,0,EDITED,C:\Users\jay\New folder (2)\Trustrace\data\document_patches\P8_0002304_X51005442327_OCR_NEG.png
P8_0002305_X51005568855_OCR_NEG,C00019933_X51005568855,X51005568855,group_0130,train,OCR,458,2844,510,2876,52,32,115.0,0.0,AUTHENTIC_REGION,0,0,EDITED,C:\Users\jay\New folder (2)\Trustrace\data\document_patches\P8_0002305_X51005568855_OCR_NEG.png
P8_0002306_X51006388044_OCR_NEG,C00072946_X51006388044,X51006388044,group_0425,train,OCR,59,936,277,970,218,34,96.0,0.0,AUTHENTIC_REGION,0,0,EDITED,C:\Users\jay\New folder (2)\Trustrace\data\document_patches\P8_0002306_X51006388044_OCR_NEG.png
P8_0002307_X51006556726_MORPHOLOGY_NEG,C00092833_X51006556726,X51006556726,group_0531,train,MORPHOLOGY,492,1020,505,1033,13,13,248.8107,0.0,AUTHENTIC_REGION,0,0,EDITED,C:\Users\jay\New folder (2)\Trustrace\data\document_patches\P8_0002307_X51006556726_MORPHOLOGY_NEG.png
P8_0002308_X51006329183_OCR_NEG,C00066922_X51006329183,X51006329183,group_0387,train,OCR,276,2052,349,2075,73,23,125.0,0.0,AUTHENTIC_REGION,0,0,EDITED,C:\Users\jay\New folder (2)\Trustrace\data\document_patches\P8_0002308_X51006329183_OCR_NEG.png
P8_0002309_X51005605295_OCR_NEG,C00024978_X51005605295,X51005605295,group_0156,train,OCR,61,201,89,223,28,22,115.0,0.0,AUTHENTIC_REGION,0,0,EDITED,C:\Users\jay\New folder (2)\Trustrace\data\document_patches\P8_0002309_X51005605295_OCR_NEG.png
P8_0002310_X51007231365_MORPHOLOGY_NEG,C00128795_X51007231365,X51007231365,group_0728,train,MORPHOLOGY,2069,6543,2086,6559,17,16,210.2059,0.0,AUTHENTIC_REGION,0,0,EDITED,C:\Users\jay\New folder (2)\Trustrace\data\document_patches\P8_0002310_X51007231365_MORPHOLOGY_NEG.png
P8_0002311_X51005605333_MORPHOLOGY_NEG,C00025427_X51005605333,X51005605333,group_0158,train,MORPHOLOGY,311,686,355,696,44,10,248.9182,0.0,AUTHENTIC_REGION,0,0,EDITED,C:\Users\jay\New folder (2)\Trustrace\data\document_patches\P8_0002311_X51005605333_MORPHOLOGY_NEG.png
P8_0002312_X51005605335_OCR_NEG,C00025695_X51005605335,X51005605335,group_0160,train,OCR,457,365,593,391,136,26,140.0,0.0,AUTHENTIC_REGION,0,0,EDITED,C:\Users\jay\New folder (2)\Trustrace\data\document_patches\P8_0002312_X51005605335_OCR_NEG.png
P8_0002313_X51007339133_OCR_NEG,C00135455_X51007339133,X51007339133,group_0001,train,OCR,205,1144,254,1160,49,16,115.0,0.0,AUTHENTIC_REGION,0,0,EDITED,C:\Users\jay\New folder (2)\Trustrace\data\document_patches\P8_0002313_X51007339133_OCR_NEG.png
P8_0002314_X51005719823_OCR_NEG,C00042086_X51005719823,X51005719823,group_0251,train,OCR,254,474,398,514,144,40,140.0,0.0,AUTHENTIC_REGION,0,0,EDITED,C:\Users\jay\New folder (2)\Trustrace\data\document_patches\P8_0002314_X51005719823_OCR_NEG.png
P8_0002315_X51006556851_OCR_NEG,C00098973_X51006556851,X51006556851,group_0559,train,OCR,490,1111,511,1125,21,14,110.0,0.0,AUTHENTIC_REGION,0,0,EDITED,C:\Users\jay\New folder (2)\Trustrace\data\document_patches\P8_0002315_X51006556851_OCR_NEG.png
P8_0002316_X51005433556_OCR_NEG,C00010657_X51005433556,X51005433556,group_0085,train,OCR,259,641,418,657,159,16,99.0,0.0,AUTHENTIC_REGION,0,0,EDITED,C:\Users\jay\New folder (2)\Trustrace\data\document_patches\P8_0002316_X51005433556_OCR_NEG.png
P8_0002317_X51005447840_MORPHOLOGY_NEG,C00016776_X51005447840,X51005447840,group_0116,train,MORPHOLOGY,231,864,259,899,28,35,215.048,0.0,AUTHENTIC_REGION,0,0,EDITED,C:\Users\jay\New folder (2)\Trustrace\data\document_patches\P8_0002317_X51005447840_MORPHOLOGY_NEG.png
P8_0002318_X51006557195_OCR_NEG,C00103605_X51006557195,X51006557195,group_0580,train,OCR,381,711,403,728,22,17,110.0,0.0,AUTHENTIC_REGION,0,0,EDITED,C:\Users\jay\New folder (2)\Trustrace\data\document_patches\P8_0002318_X51006557195_OCR_NEG.png
P8_0002319_X51005447861_OCR_NEG,C00018540_X51005447861,X51005447861,group_0126,train,OCR,392,435,533,470,141,35,135.0,0.0,AUTHENTIC_REGION,0,0,EDITED,C:\Users\jay\New folder (2)\Trustrace\data\document_patches\P8_0002319_X51005447861_OCR_NEG.png
P8_0002320_X51006556728_OCR_NEG,C00093035_X51006556728,X51006556728,group_0532,train,OCR,96,1115,129,1129,33,14,115.0,0.0,AUTHENTIC_REGION,0,0,EDITED,C:\Users\jay\New folder (2)\Trustrace\data\document_patches\P8_0002320_X51006556728_OCR_NEG.png
P8_0002321_X51006620181_OCR_NEG,C00112538_X51006620181,X51006620181,group_0643,train,OCR,47,706,236,739,189,33,150.0,0.0,AUTHENTIC_REGION,0,0,EDITED,C:\Users\jay\New folder (2)\Trustrace\data\document_patches\P8_0002321_X51006620181_OCR_NEG.png
P8_0002322_X51006828201_MORPHOLOGY_NEG,C00116061_X51006828201,X51006828201,group_0665,train,MORPHOLOGY,340,319,370,351,30,32,182.8698,0.0,AUTHENTIC_REGION,0,0,EDITED,C:\Users\jay\New folder (2)\Trustrace\data\document_patches\P8_0002322_X51006828201_MORPHOLOGY_NEG.png
P8_0002323_X51007231365_OCR_NEG,C00128685_X51007231365,X51007231365,group_0728,train,OCR,1451,3457,1563,3529,112,72,115.0,0.0,AUTHENTIC_REGION,0,0,EDITED,C:\Users\jay\New folder (2)\Trustrace\data\document_patches\P8_0002323_X51007231365_OCR_NEG.png
P8_0002324_X51005677333_OCR_NEG,C00034393_X51005677333,X51005677333,group_0208,train,OCR,658,1993,751,2016,93,23,125.0,0.0,AUTHENTIC_REGION,0,0,EDITED,C:\Users\jay\New folder (2)\Trustrace\data\document_patches\P8_0002324_X51005677333_OCR_NEG.png
P8_0002325_X51006393377_MORPHOLOGY_NEG,C00075867_X51006393377,X51006393377,group_0447,train,MORPHOLOGY,491,1031,513,1039,22,8,152.0795,0.0,AUTHENTIC_REGION,0,0,EDITED,C:\Users\jay\New folder (2)\Trustrace\data\document_patches\P8_0002325_X51006393377_MORPHOLOGY_NEG.png
P8_0002326_X51008123451_OCR_NEG,C00158779_X51008123451,X51008123451,group_0879,train,OCR,235,230,308,250,73,20,125.0,0.0,AUTHENTIC_REGION,0,0,EDITED,C:\Users\jay\New folder (2)\Trustrace\data\document_patches\P8_0002326_X51008123451_OCR_NEG.png
P8_0002327_X51007231331_OCR_NEG,C00127126_X51007231331,X51007231331,group_0722,train,OCR,1470,2075,1608,2131,138,56,125.0,0.0,AUTHENTIC_REGION,0,0,EDITED,C:\Users\jay\New folder (2)\Trustrace\data\document_patches\P8_0002327_X51007231331_OCR_NEG.png
P8_0002328_X51009447842_OCR_NEG,C00165438_X51009447842,X51009447842,group_0013,train,OCR,463,354,566,383,103,29,125.0,0.0,AUTHENTIC_REGION,0,0,EDITED,C:\Users\jay\New folder (2)\Trustrace\data\document_patches\P8_0002328_X51009447842_OCR_NEG.png
P8_0002329_X51005722699_MORPHOLOGY_NEG,C00046813_X51005722699,X51005722699,group_0278,train,MORPHOLOGY,600,764,610,774,10,10,183.56,0.0,AUTHENTIC_REGION,0,0,EDITED,C:\Users\jay\New folder (2)\Trustrace\data\document_patches\P8_0002329_X51005722699_MORPHOLOGY_NEG.png
P8_0002330_X51005719823_MORPHOLOGY_NEG,C00042208_X51005719823,X51005719823,group_0251,train,MORPHOLOGY,447,2027,460,2040,13,13,205.3905,0.0,AUTHENTIC_REGION,0,0,EDITED,C:\Users\jay\New folder (2)\Trustrace\data\document_patches\P8_0002330_X51005719823_MORPHOLOGY_NEG.png
P8_0002331_X51005722699_OCR_NEG,C00046645_X51005722699,X51005722699,group_0278,train,OCR,172,192,696,256,524,64,96.0,0.0,AUTHENTIC_REGION,0,0,EDITED,C:\Users\jay\New folder (2)\Trustrace\data\document_patches\P8_0002331_X51005722699_OCR_NEG.png
P8_0002332_X51005568885_OCR_NEG,C00020887_X51005568885,X51005568885,group_0134,train,OCR,235,1406,518,1429,283,23,99.0,0.0,AUTHENTIC_REGION,0,0,EDITED,C:\Users\jay\New folder (2)\Trustrace\data\document_patches\P8_0002332_X51005568885_OCR_NEG.png
P8_0002333_X51006857660_MORPHOLOGY_NEG,C00117583_X51006857660,X51006857660,group_0675,train,MORPHOLOGY,405,956,417,966,12,10,209.8833,0.0,AUTHENTIC_REGION,0,0,EDITED,C:\Users\jay\New folder (2)\Trustrace\data\document_patches\P8_0002333_X51006857660_MORPHOLOGY_NEG.png
P8_0002334_X51006393377_OCR_NEG,C00075757_X51006393377,X51006393377,group_0447,train,OCR,161,628,207,648,46,20,120.0,0.0,AUTHENTIC_REGION,0,0,EDITED,C:\Users\jay\New folder (2)\Trustrace\data\document_patches\P8_0002334_X51006393377_OCR_NEG.png
P8_0002335_X51007846353_OCR_NEG,C00146134_X51007846353,X51007846353,group_0809,train,OCR,2547,1791,2959,1857,412,66,150.0,0.0,AUTHENTIC_REGION,0,0,EDITED,C:\Users\jay\New folder (2)\Trustrace\data\document_patches\P8_0002335_X51007846353_OCR_NEG.png
P8_0002336_X51005677333_OCR_NEG,C00034312_X51005677333,X51005677333,group_0208,train,OCR,681,931,765,957,84,26,120.0,0.0,AUTHENTIC_REGION,0,0,EDITED,C:\Users\jay\New folder (2)\Trustrace\data\document_patches\P8_0002336_X51005677333_OCR_NEG.png
P8_0002337_X51006349085_OCR_NEG,C00070454_X51006349085,X51006349085,group_0406,train,OCR,622,1099,699,1121,77,22,130.0,0.0,AUTHENTIC_REGION,0,0,EDITED,C:\Users\jay\New folder (2)\Trustrace\data\document_patches\P8_0002337_X51006349085_OCR_NEG.png
P8_0002338_X51007339158_OCR_NEG,C00137642_X51007339158,X51007339158,group_0759,train,OCR,148,1091,193,1109,45,18,120.0,0.0,AUTHENTIC_REGION,0,0,EDITED,C:\Users\jay\New folder (2)\Trustrace\data\document_patches\P8_0002338_X51007339158_OCR_NEG.png
P8_0002339_X51006414433_MORPHOLOGY_NEG,C00077995_X51006414433,X51006414433,group_0458,train,MORPHOLOGY,3941,1982,3958,2000,17,18,225.2614,0.0,AUTHENTIC_REGION,0,0,EDITED,C:\Users\jay\New folder (2)\Trustrace\data\document_patches\P8_0002339_X51006414433_MORPHOLOGY_NEG.png
P8_0002340_X51007339158_OCR_NEG,C00137591_X51007339158,X51007339158,group_0759,train,OCR,58,465,190,483,132,18,96.0,0.0,AUTHENTIC_REGION,0,0,EDITED,C:\Users\jay\New folder (2)\Trustrace\data\document_patches\P8_0002340_X51007339158_OCR_NEG.png
P8_0002341_X51006414636_MORPHOLOGY_NEG,C00080368_X51006414636,X51006414636,group_0466,train,MORPHOLOGY,3832,5190,3842,5200,10,10,226.22,0.0,AUTHENTIC_REGION,0,0,EDITED,C:\Users\jay\New folder (2)\Trustrace\data\document_patches\P8_0002341_X51006414636_MORPHOLOGY_NEG.png
P8_0002342_X51005230616_MORPHOLOGY_NEG,C00002119_X51005230616,X51005230616,group_0046,train,MORPHOLOGY,258,370,273,379,15,9,227.1704,0.0,AUTHENTIC_REGION,0,0,EDITED,C:\Users\jay\New folder (2)\Trustrace\data\document_patches\P8_0002342_X51005230616_MORPHOLOGY_NEG.png
P8_0002343_X51007339166_OCR_NEG,C00139292_X51007339166,X51007339166,group_0765,train,OCR,277,351,379,371,102,20,150.0,0.0,AUTHENTIC_REGION,0,0,EDITED,C:\Users\jay\New folder (2)\Trustrace\data\document_patches\P8_0002343_X51007339166_OCR_NEG.png
P8_0002344_X51006556726_MORPHOLOGY_NEG,C00092842_X51006556726,X51006556726,group_0531,train,MORPHOLOGY,185,1088,198,1101,13,13,241.3136,0.0,AUTHENTIC_REGION,0,0,EDITED,C:\Users\jay\New folder (2)\Trustrace\data\document_patches\P8_0002344_X51006556726_MORPHOLOGY_NEG.png
P8_0002345_X51008142038_OCR_NEG,C00161139_X51008142038,X51008142038,group_0893,train,OCR,504,347,671,382,167,35,145.0,0.0,AUTHENTIC_REGION,0,0,EDITED,C:\Users\jay\New folder (2)\Trustrace\data\document_patches\P8_0002345_X51008142038_OCR_NEG.png
P8_0002346_X51005711402_MORPHOLOGY_NEG,C00037735_X51005711402,X51005711402,group_0223,train,MORPHOLOGY,478,1186,491,1201,13,15,211.1795,0.0,AUTHENTIC_REGION,0,0,EDITED,C:\Users\jay\New folder (2)\Trustrace\data\document_patches\P8_0002346_X51005711402_MORPHOLOGY_NEG.png
P8_0002347_X51005568881_OCR_NEG,C00020552_X51005568881,X51005568881,group_0017,train,OCR,132,785,298,819,166,34,150.0,0.0,AUTHENTIC_REGION,0,0,EDITED,C:\Users\jay\New folder (2)\Trustrace\data\document_patches\P8_0002347_X51005568881_OCR_NEG.png
P8_0002348_X51007339133_OCR_NEG,C00135388_X51007339133,X51007339133,group_0001,train,OCR,44,401,105,420,61,19,120.0,0.0,AUTHENTIC_REGION,0,0,EDITED,C:\Users\jay\New folder (2)\Trustrace\data\document_patches\P8_0002348_X51007339133_OCR_NEG.png
P8_0002349_X51006619766_OCR_NEG,C00110458_X51006619766,X51006619766,group_0625,train,OCR,174,2145,261,2177,87,32,125.0,0.0,AUTHENTIC_REGION,0,0,EDITED,C:\Users\jay\New folder (2)\Trustrace\data\document_patches\P8_0002349_X51006619766_OCR_NEG.png
P8_0002350_X51006556851_OCR_NEG,C00098963_X51006556851,X51006556851,group_0559,train,OCR,193,1082,216,1099,23,17,110.0,0.0,AUTHENTIC_REGION,0,0,EDITED,C:\Users\jay\New folder (2)\Trustrace\data\document_patches\P8_0002350_X51006556851_OCR_NEG.png
P8_0002351_X51007231361_OCR_NEG,C00128344_X51007231361,X51007231361,group_0726,train,OCR,2558,2808,2903,2867,345,59,140.0,0.0,AUTHENTIC_REGION,0,0,EDITED,C:\Users\jay\New folder (2)\Trustrace\data\document_patches\P8_0002351_X51007231361_OCR_NEG.png
P8_0002352_X51006414394_MORPHOLOGY_NEG,C00077240_X51006414394,X51006414394,group_0455,train,MORPHOLOGY,432,4912,451,4933,19,21,211.1078,0.0,AUTHENTIC_REGION,0,0,EDITED,C:\Users\jay\New folder (2)\Trustrace\data\document_patches\P8_0002352_X51006414394_MORPHOLOGY_NEG.png
P8_0002353_X51007339151_MORPHOLOGY_NEG,C00136903_X51007339151,X51007339151,group_0001,train,MORPHOLOGY,515,642,529,660,14,18,237.4603,0.0,AUTHENTIC_REGION,0,0,EDITED,C:\Users\jay\New folder (2)\Trustrace\data\document_patches\P8_0002353_X51007339151_MORPHOLOGY_NEG.png
P8_0002354_X51006556865_OCR_NEG,C00099434_X51006556865,X51006556865,group_0562,train,OCR,410,210,504,237,94,27,145.0,0.0,AUTHENTIC_REGION,0,0,EDITED,C:\Users\jay\New folder (2)\Trustrace\data\document_patches\P8_0002354_X51006556865_OCR_NEG.png
P8_0002355_X51005757349_MORPHOLOGY_NEG,C00056620_X51005757349,X51005757349,group_0334,train,MORPHOLOGY,55,900,89,937,34,37,245.8967,0.0,AUTHENTIC_REGION,0,0,EDITED,C:\Users\jay\New folder (2)\Trustrace\data\document_patches\P8_0002355_X51005757349_MORPHOLOGY_NEG.png
P8_0002356_X51006913018_OCR_NEG,C00119345_X51006913018,X51006913018,group_0685,train,OCR,1956,2622,2127,2697,171,75,125.0,0.0014,AUTHENTIC_REGION,0,0,EDITED,C:\Users\jay\New folder (2)\Trustrace\data\document_patches\P8_0002356_X51006913018_OCR_NEG.png
P8_0002357_X51007433809_MORPHOLOGY_NEG,C00141371_X51007433809,X51007433809,group_0781,train,MORPHOLOGY,375,1675,424,1683,49,8,230.8827,0.0,AUTHENTIC_REGION,0,0,EDITED,C:\Users\jay\New folder (2)\Trustrace\data\document_patches\P8_0002357_X51007433809_MORPHOLOGY_NEG.png
P8_0002358_X51005663274_OCR_NEG,C00026501_X51005663274,X51005663274,group_0164,train,OCR,156,498,427,530,271,32,99.0,0.0,AUTHENTIC_REGION,0,0,EDITED,C:\Users\jay\New folder (2)\Trustrace\data\document_patches\P8_0002358_X51005663274_OCR_NEG.png
P8_0002359_X51006392299_OCR_NEG,C00075423_X51006392299,X51006392299,group_0444,train,OCR,455,256,475,278,20,22,105.0,0.0,AUTHENTIC_REGION,0,0,EDITED,C:\Users\jay\New folder (2)\Trustrace\data\document_patches\P8_0002359_X51006392299_OCR_NEG.png
P8_0002360_X51006857660_MORPHOLOGY_NEG,C00117544_X51006857660,X51006857660,group_0675,train,MORPHOLOGY,252,352,266,372,14,20,229.7321,0.0,AUTHENTIC_REGION,0,0,EDITED,C:\Users\jay\New folder (2)\Trustrace\data\document_patches\P8_0002360_X51006857660_MORPHOLOGY_NEG.png
P8_0002361_X51006620181_OCR_NEG,C00112554_X51006620181,X51006620181,group_0643,train,OCR,661,576,733,608,72,32,120.0,0.0,AUTHENTIC_REGION,0,0,EDITED,C:\Users\jay\New folder (2)\Trustrace\data\document_patches\P8_0002361_X51006620181_OCR_NEG.png
P8_0002362_X51006556851_OCR_NEG,C00098853_X51006556851,X51006556851,group_0559,train,OCR,47,427,92,444,45,17,120.0,0.0,AUTHENTIC_REGION,0,0,EDITED,C:\Users\jay\New folder (2)\Trustrace\data\document_patches\P8_0002362_X51006556851_OCR_NEG.png
P8_0002363_X51006556728_MORPHOLOGY_NEG,C00093096_X51006556728,X51006556728,group_0532,train,MORPHOLOGY,445,690,458,698,13,8,212.0385,0.0,AUTHENTIC_REGION,0,0,EDITED,C:\Users\jay\New folder (2)\Trustrace\data\document_patches\P8_0002363_X51006556728_MORPHOLOGY_NEG.png
P8_0002364_X51005361946_OCR_NEG,C00007986_X51005361946,X51005361946,group_0073,train,OCR,946,403,982,428,36,25,115.0,0.0,AUTHENTIC_REGION,0,0,EDITED,C:\Users\jay\New folder (2)\Trustrace\data\document_patches\P8_0002364_X51005361946_OCR_NEG.png
P8_0002365_X51007103668_OCR_NEG,C00123909_X51007103668,X51007103668,group_0706,train,OCR,367,304,521,332,154,28,150.0,0.0,AUTHENTIC_REGION,0,0,EDITED,C:\Users\jay\New folder (2)\Trustrace\data\document_patches\P8_0002365_X51007103668_OCR_NEG.png
P8_0002366_X51006555125_MORPHOLOGY_NEG,C00087783_X51006555125,X51006555125,group_0507,train,MORPHOLOGY,260,396,364,435,104,39,207.967,0.0,AUTHENTIC_REGION,0,0,EDITED,C:\Users\jay\New folder (2)\Trustrace\data\document_patches\P8_0002366_X51006555125_MORPHOLOGY_NEG.png
P8_0002367_X51005230616_OCR_NEG,C00002076_X51005230616,X51005230616,group_0046,train,OCR,288,1648,325,1672,37,24,115.0,0.0,AUTHENTIC_REGION,0,0,EDITED,C:\Users\jay\New folder (2)\Trustrace\data\document_patches\P8_0002367_X51005230616_OCR_NEG.png
P8_0002368_X51005447851_OCR_NEG,C00017826_X51005447851,X51005447851,group_0121,train,OCR,96,1427,343,1465,247,38,96.0,0.0,AUTHENTIC_REGION,0,0,EDITED,C:\Users\jay\New folder (2)\Trustrace\data\document_patches\P8_0002368_X51005447851_OCR_NEG.png
P8_0002369_X51007846353_OCR_NEG,C00146103_X51007846353,X51007846353,group_0809,train,OCR,2148,1236,2350,1291,202,55,125.0,0.0,AUTHENTIC_REGION,0,0,EDITED,C:\Users\jay\New folder (2)\Trustrace\data\document_patches\P8_0002369_X51007846353_OCR_NEG.png
P8_0002370_X51006556726_OCR_NEG,C00092795_X51006556726,X51006556726,group_0531,train,OCR,139,1019,162,1032,23,13,110.0,0.0,AUTHENTIC_REGION,0,0,EDITED,C:\Users\jay\New folder (2)\Trustrace\data\document_patches\P8_0002370_X51006556726_OCR_NEG.png
P8_0002371_X51006349085_OCR_NEG,C00070382_X51006349085,X51006349085,group_0406,train,OCR,423,448,653,472,230,24,96.0,0.0,AUTHENTIC_REGION,0,0,EDITED,C:\Users\jay\New folder (2)\Trustrace\data\document_patches\P8_0002371_X51006349085_OCR_NEG.png
P8_0002372_X51006619777_MORPHOLOGY_NEG,C00110850_X51006619777,X51006619777,group_0627,train,MORPHOLOGY,98,1418,129,1431,31,13,140.8809,0.0,AUTHENTIC_REGION,0,0,EDITED,C:\Users\jay\New folder (2)\Trustrace\data\document_patches\P8_0002372_X51006619777_MORPHOLOGY_NEG.png
P8_0002373_X51006248253_MORPHOLOGY_NEG,C00064126_X51006248253,X51006248253,group_0373,train,MORPHOLOGY,448,278,603,304,155,26,217.8615,0.0,AUTHENTIC_REGION,0,0,EDITED,C:\Users\jay\New folder (2)\Trustrace\data\document_patches\P8_0002373_X51006248253_MORPHOLOGY_NEG.png
P8_0002374_X51005757199_OCR_NEG,C00053382_X51005757199,X51005757199,group_0315,train,OCR,412,539,455,565,43,26,115.0,0.0,AUTHENTIC_REGION,0,0,EDITED,C:\Users\jay\New folder (2)\Trustrace\data\document_patches\P8_0002374_X51005757199_OCR_NEG.png
P8_0002375_X51006414433_OCR_NEG,C00077880_X51006414433,X51006414433,group_0458,train,OCR,2241,1859,2811,1913,570,54,150.0,0.0,AUTHENTIC_REGION,0,0,EDITED,C:\Users\jay\New folder (2)\Trustrace\data\document_patches\P8_0002375_X51006414433_OCR_NEG.png
P8_0002376_X51005676541_OCR_NEG,C00031912_X51005676541,X51005676541,group_0194,train,OCR,359,931,376,957,17,26,105.0,0.0,AUTHENTIC_REGION,0,0,EDITED,C:\Users\jay\New folder (2)\Trustrace\data\document_patches\P8_0002376_X51005676541_OCR_NEG.png
P8_0002377_X51005605333_OCR_NEG,C00025385_X51005605333,X51005605333,group_0158,train,OCR,507,1117,572,1141,65,24,125.0,0.0,AUTHENTIC_REGION,0,0,EDITED,C:\Users\jay\New folder (2)\Trustrace\data\document_patches\P8_0002377_X51005605333_OCR_NEG.png
P8_0002378_X51005442327_MORPHOLOGY_NEG,C00011904_X51005442327,X51005442327,group_0092,train,MORPHOLOGY,603,555,647,582,44,27,200.7357,0.0,AUTHENTIC_REGION,0,0,EDITED,C:\Users\jay\New folder (2)\Trustrace\data\document_patches\P8_0002378_X51005442327_MORPHOLOGY_NEG.png
P8_0002379_X51006557169_OCR_NEG,C00101041_X51006557169,X51006557169,group_0569,train,OCR,102,418,171,433,69,15,130.0,0.0,AUTHENTIC_REGION,0,0,EDITED,C:\Users\jay\New folder (2)\Trustrace\data\document_patches\P8_0002379_X51006557169_OCR_NEG.png
P8_0002380_X51007339133_OCR_NEG,C00135353_X51007339133,X51007339133,group_0001,train,OCR,273,186,334,204,61,18,125.0,0.0,AUTHENTIC_REGION,0,0,EDITED,C:\Users\jay\New folder (2)\Trustrace\data\document_patches\P8_0002380_X51007339133_OCR_NEG.png
P8_0002381_X51005441401_OCR_NEG,C00010959_X51005441401,X51005441401,group_0087,train,OCR,196,624,278,645,82,21,135.0,0.0,AUTHENTIC_REGION,0,0,EDITED,C:\Users\jay\New folder (2)\Trustrace\data\document_patches\P8_0002381_X51005441401_OCR_NEG.png
P8_0002382_X51006620182_OCR_NEG,C00112757_X51006620182,X51006620182,group_0644,train,OCR,723,2049,810,2080,87,31,120.0,0.0,AUTHENTIC_REGION,0,0,EDITED,C:\Users\jay\New folder (2)\Trustrace\data\document_patches\P8_0002382_X51006620182_OCR_NEG.png
P8_0002383_X51005676540_OCR_NEG,C00031734_X51005676540,X51005676540,group_0193,train,OCR,50,1078,450,1107,400,29,102.0,0.0,AUTHENTIC_REGION,0,0,EDITED,C:\Users\jay\New folder (2)\Trustrace\data\document_patches\P8_0002383_X51005676540_OCR_NEG.png
P8_0002384_X51005605295_OCR_NEG,C00024970_X51005605295,X51005605295,group_0156,train,OCR,371,123,470,145,99,22,150.0,0.0,AUTHENTIC_REGION,0,0,EDITED,C:\Users\jay\New folder (2)\Trustrace\data\document_patches\P8_0002384_X51005605295_OCR_NEG.png
P8_0002385_X51006556728_MORPHOLOGY_NEG,C00093092_X51006556728,X51006556728,group_0532,train,MORPHOLOGY,422,102,436,119,14,17,223.3992,0.0,AUTHENTIC_REGION,0,0,EDITED,C:\Users\jay\New folder (2)\Trustrace\data\document_patches\P8_0002385_X51006556728_MORPHOLOGY_NEG.png
P8_0002386_X51006557195_OCR_NEG,C00103681_X51006557195,X51006557195,group_0580,train,OCR,29,1217,146,1240,117,23,150.0,0.0,AUTHENTIC_REGION,0,0,EDITED,C:\Users\jay\New folder (2)\Trustrace\data\document_patches\P8_0002386_X51006557195_OCR_NEG.png
P8_0002387_X51007231331_MORPHOLOGY_NEG,C00127250_X51007231331,X51007231331,group_0722,train,MORPHOLOGY,3805,5659,3823,5678,18,19,211.4825,0.0,AUTHENTIC_REGION,0,0,EDITED,C:\Users\jay\New folder (2)\Trustrace\data\document_patches\P8_0002387_X51007231331_MORPHOLOGY_NEG.png
P8_0002388_X51005722699_OCR_NEG,C00046664_X51005722699,X51005722699,group_0278,train,OCR,196,459,300,491,104,32,125.0,0.0,AUTHENTIC_REGION,0,0,EDITED,C:\Users\jay\New folder (2)\Trustrace\data\document_patches\P8_0002388_X51005722699_OCR_NEG.png
P8_0002389_X51005806702_OCR_NEG,C00059624_X51005806702,X51005806702,group_0351,train,OCR,578,552,611,575,33,23,110.0,0.0,AUTHENTIC_REGION,0,0,EDITED,C:\Users\jay\New folder (2)\Trustrace\data\document_patches\P8_0002389_X51005806702_OCR_NEG.png
P8_0002390_X51005676540_OCR_NEG,C00031758_X51005676540,X51005676540,group_0193,train,OCR,724,1464,760,1491,36,27,110.0,0.0,AUTHENTIC_REGION,0,0,EDITED,C:\Users\jay\New folder (2)\Trustrace\data\document_patches\P8_0002390_X51005676540_OCR_NEG.png
P8_0002391_X51008142031_OCR_NEG,C00160652_X51008142031,X51008142031,group_0889,train,OCR,463,1881,635,1918,172,37,99.0,0.0,AUTHENTIC_REGION,0,0,EDITED,C:\Users\jay\New folder (2)\Trustrace\data\document_patches\P8_0002391_X51008142031_OCR_NEG.png
P8_0002392_X51006620182_MORPHOLOGY_NEG,C00112792_X51006620182,X51006620182,group_0644,train,MORPHOLOGY,634,1387,664,1410,30,23,127.4203,0.0,AUTHENTIC_REGION,0,0,EDITED,C:\Users\jay\New folder (2)\Trustrace\data\document_patches\P8_0002392_X51006620182_MORPHOLOGY_NEG.png
P8_0002393_X51008123447_MORPHOLOGY_NEG,C00158632_X51008123447,X51008123447,group_0008,train,MORPHOLOGY,354,914,396,935,42,21,155.4478,0.0,AUTHENTIC_REGION,0,0,EDITED,C:\Users\jay\New folder (2)\Trustrace\data\document_patches\P8_0002393_X51008123447_MORPHOLOGY_NEG.png
P8_0002394_X51007846357_OCR_NEG,C00146479_X51007846357,X51007846357,group_0811,train,OCR,2453,1490,2659,1563,206,73,125.0,0.0,AUTHENTIC_REGION,0,0,EDITED,C:\Users\jay\New folder (2)\Trustrace\data\document_patches\P8_0002394_X51007846357_OCR_NEG.png
P8_0002395_X51006554841_MORPHOLOGY_NEG,C00087618_X51006554841,X51006554841,group_0505,train,MORPHOLOGY,82,520,95,533,13,13,167.8698,0.0,AUTHENTIC_REGION,0,0,EDITED,C:\Users\jay\New folder (2)\Trustrace\data\document_patches\P8_0002395_X51006554841_MORPHOLOGY_NEG.png
P8_0002396_X51005711454_MORPHOLOGY_NEG,C00039953_X51005711454,X51005711454,group_0237,train,MORPHOLOGY,647,750,665,771,18,21,207.172,0.0,AUTHENTIC_REGION,0,0,EDITED,C:\Users\jay\New folder (2)\Trustrace\data\document_patches\P8_0002396_X51005711454_MORPHOLOGY_NEG.png
P8_0002397_X51006414702_OCR_NEG,C00081924_X51006414702,X51006414702,group_0473,train,OCR,2202,1593,2426,1646,224,53,130.0,0.0,AUTHENTIC_REGION,0,0,EDITED,C:\Users\jay\New folder (2)\Trustrace\data\document_patches\P8_0002397_X51006414702_OCR_NEG.png
P8_0002398_X51007433809_OCR_NEG,C00141326_X51007433809,X51007433809,group_0781,train,OCR,392,2081,502,2114,110,33,125.0,0.0,AUTHENTIC_REGION,0,0,EDITED,C:\Users\jay\New folder (2)\Trustrace\data\document_patches\P8_0002398_X51007433809_OCR_NEG.png
P8_0002399_X51006556728_MORPHOLOGY_NEG,C00093093_X51006556728,X51006556728,group_0532,train,MORPHOLOGY,493,787,507,799,14,12,223.1488,0.0,AUTHENTIC_REGION,0,0,EDITED,C:\Users\jay\New folder (2)\Trustrace\data\document_patches\P8_0002399_X51006556728_MORPHOLOGY_NEG.png
P8_0002400_X51006619709_OCR_NEG,C00109501_X51006619709,X51006619709,group_0619,train,OCR,81,1684,435,1716,354,32,99.0,0.0,AUTHENTIC_REGION,0,0,EDITED,C:\Users\jay\New folder (2)\Trustrace\data\document_patches\P8_0002400_X51006619709_OCR_NEG.png
P8_0002401_X51005663278_MORPHOLOGY_NEG,C00027085_X51005663278,X51005663278,group_0167,train,MORPHOLOGY,431,243,476,273,45,30,241.4978,0.0,AUTHENTIC_REGION,0,0,EDITED,C:\Users\jay\New folder (2)\Trustrace\data\document_patches\P8_0002401_X51005663278_MORPHOLOGY_NEG.png
P8_0002402_X51007339166_OCR_NEG,C00139408_X51007339166,X51007339166,group_0765,train,OCR,543,1318,572,1335,29,17,110.0,0.0,AUTHENTIC_REGION,0,0,EDITED,C:\Users\jay\New folder (2)\Trustrace\data\document_patches\P8_0002402_X51007339166_OCR_NEG.png
P8_0002403_X51005568881_OCR_NEG,C00020606_X51005568881,X51005568881,group_0017,train,OCR,684,836,809,864,125,28,96.0,0.0,AUTHENTIC_REGION,0,0,EDITED,C:\Users\jay\New folder (2)\Trustrace\data\document_patches\P8_0002403_X51005568881_OCR_NEG.png
P8_0002404_X51005676541_MORPHOLOGY_NEG,C00032045_X51005676541,X51005676541,group_0194,train,MORPHOLOGY,822,1843,835,1856,13,13,218.4379,0.0,AUTHENTIC_REGION,0,0,EDITED,C:\Users\jay\New folder (2)\Trustrace\data\document_patches\P8_0002404_X51005676541_MORPHOLOGY_NEG.png
P8_0002405_X51006329183_OCR_NEG,C00066858_X51006329183,X51006329183,group_0387,train,OCR,49,854,214,880,165,26,99.0,0.0,AUTHENTIC_REGION,0,0,EDITED,C:\Users\jay\New folder (2)\Trustrace\data\document_patches\P8_0002405_X51006329183_OCR_NEG.png
P8_0002406_X51007103668_OCR_NEG,C00123963_X51007103668,X51007103668,group_0706,train,OCR,51,1140,442,1167,391,27,102.0,0.0,AUTHENTIC_REGION,0,0,EDITED,C:\Users\jay\New folder (2)\Trustrace\data\document_patches\P8_0002406_X51007103668_OCR_NEG.png
P8_0002407_X51008164998_OCR_NEG,C00164759_X51008164998,X51008164998,group_0909,train,OCR,185,495,600,527,415,32,102.0,0.0,AUTHENTIC_REGION,0,0,EDITED,C:\Users\jay\New folder (2)\Trustrace\data\document_patches\P8_0002407_X51008164998_OCR_NEG.png
P8_0002408_X51006620182_MORPHOLOGY_NEG,C00112789_X51006620182,X51006620182,group_0644,train,MORPHOLOGY,362,2675,375,2689,13,14,127.6429,0.0,AUTHENTIC_REGION,0,0,EDITED,C:\Users\jay\New folder (2)\Trustrace\data\document_patches\P8_0002408_X51006620182_MORPHOLOGY_NEG.png
P8_0002409_X51005605295_OCR_NEG,C00024976_X51005605295,X51005605295,group_0156,train,OCR,337,162,386,185,49,23,125.0,0.0,AUTHENTIC_REGION,0,0,EDITED,C:\Users\jay\New folder (2)\Trustrace\data\document_patches\P8_0002409_X51005605295_OCR_NEG.png
P8_0002410_X51007103639_MORPHOLOGY_NEG,C00123313_X51007103639,X51007103639,group_0702,train,MORPHOLOGY,108,337,190,366,82,29,219.5833,0.0,AUTHENTIC_REGION,0,0,EDITED,C:\Users\jay\New folder (2)\Trustrace\data\document_patches\P8_0002410_X51007103639_MORPHOLOGY_NEG.png
P8_0002411_X51005230617_OCR_NEG,C00002270_X51005230617,X51005230617,group_0047,train,OCR,499,1046,525,1068,26,22,110.0,0.0,AUTHENTIC_REGION,0,0,EDITED,C:\Users\jay\New folder (2)\Trustrace\data\document_patches\P8_0002411_X51005230617_OCR_NEG.png
P8_0002412_X51006414715_OCR_NEG,C00083520_X51006414715,X51006414715,group_0480,train,OCR,2714,4280,2780,4341,66,61,110.0,0.0,AUTHENTIC_REGION,0,0,EDITED,C:\Users\jay\New folder (2)\Trustrace\data\document_patches\P8_0002412_X51006414715_OCR_NEG.png
P8_0002413_X51008142031_OCR_NEG,C00160559_X51008142031,X51008142031,group_0889,train,OCR,110,1181,335,1219,225,38,99.0,0.0,AUTHENTIC_REGION,0,0,EDITED,C:\Users\jay\New folder (2)\Trustrace\data\document_patches\P8_0002413_X51008142031_OCR_NEG.png
P8_0002414_X51005663317_MORPHOLOGY_NEG,C00029245_X51005663317,X51005663317,group_0179,train,MORPHOLOGY,151,1298,262,1324,111,26,155.3309,0.0,AUTHENTIC_REGION,0,0,EDITED,C:\Users\jay\New folder (2)\Trustrace\data\document_patches\P8_0002414_X51005663317_MORPHOLOGY_NEG.png
P8_0002415_X51007339151_OCR_NEG,C00136835_X51007339151,X51007339151,group_0001,train,OCR,551,531,577,548,26,17,110.0,0.0,AUTHENTIC_REGION,0,0,EDITED,C:\Users\jay\New folder (2)\Trustrace\data\document_patches\P8_0002415_X51007339151_OCR_NEG.png
P8_0002416_X51006647932_OCR_NEG,C00114182_X51006647932,X51006647932,group_0653,train,OCR,317,993,433,1013,116,20,145.0,0.0,AUTHENTIC_REGION,0,0,EDITED,C:\Users\jay\New folder (2)\Trustrace\data\document_patches\P8_0002416_X51006647932_OCR_NEG.png
P8_0002417_X51006414715_OCR_NEG,C00083437_X51006414715,X51006414715,group_0480,train,OCR,2220,1571,2284,1631,64,60,110.0,0.0,AUTHENTIC_REGION,0,0,EDITED,C:\Users\jay\New folder (2)\Trustrace\data\document_patches\P8_0002417_X51006414715_OCR_NEG.png
P8_0002418_X51006857660_OCR_NEG,C00117531_X51006857660,X51006857660,group_0675,train,OCR,744,1428,856,1459,112,31,130.0,0.0,AUTHENTIC_REGION,0,0,EDITED,C:\Users\jay\New folder (2)\Trustrace\data\document_patches\P8_0002418_X51006857660_OCR_NEG.png
P8_0002419_X51006828201_OCR_NEG,C00115949_X51006828201,X51006828201,group_0665,train,OCR,441,520,534,549,93,29,130.0,0.0,AUTHENTIC_REGION,0,0,EDITED,C:\Users\jay\New folder (2)\Trustrace\data\document_patches\P8_0002419_X51006828201_OCR_NEG.png
P8_0002420_X51005663274_OCR_NEG,C00026559_X51005663274,X51005663274,group_0164,train,OCR,147,1176,332,1208,185,32,96.0,0.0,AUTHENTIC_REGION,0,0,EDITED,C:\Users\jay\New folder (2)\Trustrace\data\document_patches\P8_0002420_X51005663274_OCR_NEG.png
P8_0002421_X51006349085_MORPHOLOGY_NEG,C00070512_X51006349085,X51006349085,group_0406,train,MORPHOLOGY,56,1323,105,1353,49,30,239.7503,0.0,AUTHENTIC_REGION,0,0,EDITED,C:\Users\jay\New folder (2)\Trustrace\data\document_patches\P8_0002421_X51006349085_MORPHOLOGY_NEG.png
P8_0002422_X51007339643_OCR_NEG,C00139883_X51007339643,X51007339643,group_0769,train,OCR,378,1198,389,1218,11,20,105.0,0.0,AUTHENTIC_REGION,0,0,EDITED,C:\Users\jay\New folder (2)\Trustrace\data\document_patches\P8_0002422_X51007339643_OCR_NEG.png
P8_0002423_X51005361946_OCR_NEG,C00008098_X51005361946,X51005361946,group_0073,train,OCR,914,1324,1022,1346,108,22,140.0,0.0,AUTHENTIC_REGION,0,0,EDITED,C:\Users\jay\New folder (2)\Trustrace\data\document_patches\P8_0002423_X51005361946_OCR_NEG.png
P8_0002424_X51008164998_MORPHOLOGY_NEG,C00164894_X51008164998,X51008164998,group_0909,train,MORPHOLOGY,230,681,395,712,165,31,160.6899,0.0,AUTHENTIC_REGION,0,0,EDITED,C:\Users\jay\New folder (2)\Trustrace\data\document_patches\P8_0002424_X51008164998_MORPHOLOGY_NEG.png
P8_0002425_X51006557195_MORPHOLOGY_NEG,C00103725_X51006557195,X51006557195,group_0580,train,MORPHOLOGY,392,588,405,602,13,14,239.5275,0.0,AUTHENTIC_REGION,0,0,EDITED,C:\Users\jay\New folder (2)\Trustrace\data\document_patches\P8_0002425_X51006557195_MORPHOLOGY_NEG.png
P8_0002426_X51006311764_OCR_NEG,C00064575_X51006311764,X51006311764,group_0376,train,OCR,446,1229,643,1256,197,27,150.0,0.0,AUTHENTIC_REGION,0,0,EDITED,C:\Users\jay\New folder (2)\Trustrace\data\document_patches\P8_0002426_X51006311764_OCR_NEG.png
P8_0002427_X51005568855_OCR_NEG,C00019761_X51005568855,X51005568855,group_0130,train,OCR,435,1498,478,1532,43,34,110.0,0.0,AUTHENTIC_REGION,0,0,EDITED,C:\Users\jay\New folder (2)\Trustrace\data\document_patches\P8_0002427_X51005568855_OCR_NEG.png
P8_0002428_X51007339166_OCR_NEG,C00139260_X51007339166,X51007339166,group_0765,train,OCR,344,192,410,209,66,17,125.0,0.0,AUTHENTIC_REGION,0,0,EDITED,C:\Users\jay\New folder (2)\Trustrace\data\document_patches\P8_0002428_X51007339166_OCR_NEG.png
P8_0002429_X51006556865_OCR_NEG,C00099437_X51006556865,X51006556865,group_0562,train,OCR,252,242,284,259,32,17,115.0,0.0,AUTHENTIC_REGION,0,0,EDITED,C:\Users\jay\New folder (2)\Trustrace\data\document_patches\P8_0002429_X51006556865_OCR_NEG.png
P8_0002430_X51007225417_OCR_NEG,C00126232_X51007225417,X51007225417,group_0717,train,OCR,509,721,533,739,24,18,110.0,0.0,AUTHENTIC_REGION,0,0,EDITED,C:\Users\jay\New folder (2)\Trustrace\data\document_patches\P8_0002430_X51007225417_OCR_NEG.png
P8_0002431_X51005663293_OCR_NEG,C00027524_X51005663293,X51005663293,group_0170,train,OCR,85,734,126,760,41,26,115.0,0.0,AUTHENTIC_REGION,0,0,EDITED,C:\Users\jay\New folder (2)\Trustrace\data\document_patches\P8_0002431_X51005663293_OCR_NEG.png
P8_0002432_X51005676541_OCR_NEG,C00032013_X51005676541,X51005676541,group_0194,train,OCR,442,2112,636,2139,194,27,150.0,0.0,AUTHENTIC_REGION,0,0,EDITED,C:\Users\jay\New folder (2)\Trustrace\data\document_patches\P8_0002432_X51005676541_OCR_NEG.png
P8_0002433_X51005447840_MORPHOLOGY_NEG,C00016753_X51005447840,X51005447840,group_0116,train,MORPHOLOGY,397,1255,411,1269,14,14,219.6786,0.0,AUTHENTIC_REGION,0,0,EDITED,C:\Users\jay\New folder (2)\Trustrace\data\document_patches\P8_0002433_X51005447840_MORPHOLOGY_NEG.png
P8_0002434_X51005442327_OCR_NEG,C00011832_X51005442327,X51005442327,group_0092,train,OCR,551,679,572,689,21,10,120.0,0.0,AUTHENTIC_REGION,0,0,EDITED,C:\Users\jay\New folder (2)\Trustrace\data\document_patches\P8_0002434_X51005442327_OCR_NEG.png
P8_0002435_X51006556865_OCR_NEG,C00099508_X51006556865,X51006556865,group_0562,train,OCR,466,845,511,875,45,30,96.0,0.0,AUTHENTIC_REGION,0,0,EDITED,C:\Users\jay\New folder (2)\Trustrace\data\document_patches\P8_0002435_X51006556865_OCR_NEG.png
P8_0002436_X51007846303_OCR_NEG,C00144350_X51007846303,X51007846303,group_0799,train,OCR,1841,1904,2702,1967,861,63,99.0,0.0,AUTHENTIC_REGION,0,0,EDITED,C:\Users\jay\New folder (2)\Trustrace\data\document_patches\P8_0002436_X51007846303_OCR_NEG.png
P8_0002437_X51005663293_OCR_NEG,C00027506_X51005663293,X51005663293,group_0170,train,OCR,434,429,532,454,98,25,135.0,0.0,AUTHENTIC_REGION,0,0,EDITED,C:\Users\jay\New folder (2)\Trustrace\data\document_patches\P8_0002437_X51005663293_OCR_NEG.png
P8_0002438_X51005605333_OCR_NEG,C00025386_X51005605333,X51005605333,group_0158,train,OCR,520,1197,531,1220,11,23,105.0,0.0,AUTHENTIC_REGION,0,0,EDITED,C:\Users\jay\New folder (2)\Trustrace\data\document_patches\P8_0002438_X51005605333_OCR_NEG.png
P8_0002439_X51006388044_OCR_NEG,C00072947_X51006388044,X51006388044,group_0425,train,OCR,58,975,102,1001,44,26,115.0,0.0,AUTHENTIC_REGION,0,0,EDITED,C:\Users\jay\New folder (2)\Trustrace\data\document_patches\P8_0002439_X51006388044_OCR_NEG.png
P8_0002440_X51008142031_OCR_NEG,C00160591_X51008142031,X51008142031,group_0889,train,OCR,516,524,670,557,154,33,145.0,0.0,AUTHENTIC_REGION,0,0,EDITED,C:\Users\jay\New folder (2)\Trustrace\data\document_patches\P8_0002440_X51008142031_OCR_NEG.png
P8_0002441_X51005676541_OCR_NEG,C00031875_X51005676541,X51005676541,group_0194,train,OCR,376,318,478,346,102,28,125.0,0.0,AUTHENTIC_REGION,0,0,EDITED,C:\Users\jay\New folder (2)\Trustrace\data\document_patches\P8_0002441_X51005676541_OCR_NEG.png
P8_0002442_X51006913018_MORPHOLOGY_NEG,C00119480_X51006913018,X51006913018,group_0685,train,MORPHOLOGY,4317,1182,4334,1199,17,17,223.3114,0.0,AUTHENTIC_REGION,0,0,EDITED,C:\Users\jay\New folder (2)\Trustrace\data\document_patches\P8_0002442_X51006913018_MORPHOLOGY_NEG.png
P8_0002443_X51007339151_OCR_NEG,C00136797_X51007339151,X51007339151,group_0001,train,OCR,51,471,67,488,16,17,110.0,0.0,AUTHENTIC_REGION,0,0,EDITED,C:\Users\jay\New folder (2)\Trustrace\data\document_patches\P8_0002443_X51007339151_OCR_NEG.png
P8_0002444_X51006828201_OCR_NEG,C00115934_X51006828201,X51006828201,group_0665,train,OCR,376,369,470,397,94,28,130.0,0.0,AUTHENTIC_REGION,0,0,EDITED,C:\Users\jay\New folder (2)\Trustrace\data\document_patches\P8_0002444_X51006828201_OCR_NEG.png
P8_0002445_X51008142031_MORPHOLOGY_NEG,C00160678_X51008142031,X51008142031,group_0889,train,MORPHOLOGY,107,1903,120,1916,13,13,196.284,0.0,AUTHENTIC_REGION,0,0,EDITED,C:\Users\jay\New folder (2)\Trustrace\data\document_patches\P8_0002445_X51008142031_MORPHOLOGY_NEG.png
P8_0002446_X51007231338_OCR_NEG,C00127526_X51007231338,X51007231338,group_0032,train,OCR,2884,2654,3010,2706,126,52,115.0,0.0,AUTHENTIC_REGION,0,0,EDITED,C:\Users\jay\New folder (2)\Trustrace\data\document_patches\P8_0002446_X51007231338_OCR_NEG.png
P8_0002447_X51005710963_MORPHOLOGY_NEG,C00037453_X51005710963,X51005710963,group_0221,train,MORPHOLOGY,437,386,549,420,112,34,148.2363,0.0,AUTHENTIC_REGION,0,0,EDITED,C:\Users\jay\New folder (2)\Trustrace\data\document_patches\P8_0002447_X51005710963_MORPHOLOGY_NEG.png
P8_0002448_X51007231331_MORPHOLOGY_NEG,C00127229_X51007231331,X51007231331,group_0722,train,MORPHOLOGY,237,5150,255,5167,18,17,221.3366,0.0,AUTHENTIC_REGION,0,0,EDITED,C:\Users\jay\New folder (2)\Trustrace\data\document_patches\P8_0002448_X51007231331_MORPHOLOGY_NEG.png
P8_0002449_X51005605333_MORPHOLOGY_NEG,C00025446_X51005605333,X51005605333,group_0158,train,MORPHOLOGY,60,766,130,775,70,9,244.3857,0.0,AUTHENTIC_REGION,0,0,EDITED,C:\Users\jay\New folder (2)\Trustrace\data\document_patches\P8_0002449_X51005605333_MORPHOLOGY_NEG.png
P8_0002450_X51007579725_OCR_NEG,C00141759_X51007579725,X51007579725,group_0784,train,OCR,237,181,248,202,11,21,105.0,0.0,AUTHENTIC_REGION,0,0,EDITED,C:\Users\jay\New folder (2)\Trustrace\data\document_patches\P8_0002450_X51007579725_OCR_NEG.png
P8_0002451_X51007225417_OCR_NEG,C00126226_X51007225417,X51007225417,group_0717,train,OCR,539,562,563,579,24,17,110.0,0.0,AUTHENTIC_REGION,0,0,EDITED,C:\Users\jay\New folder (2)\Trustrace\data\document_patches\P8_0002451_X51007225417_OCR_NEG.png
P8_0002452_X51006556603_OCR_NEG,C00090306_X51006556603,X51006556603,group_0520,train,OCR,33,830,467,850,434,20,114.0,0.0,AUTHENTIC_REGION,0,0,EDITED,C:\Users\jay\New folder (2)\Trustrace\data\document_patches\P8_0002452_X51006556603_OCR_NEG.png
P8_0002453_X51005441401_OCR_NEG,C00010938_X51005441401,X51005441401,group_0087,train,OCR,126,289,159,310,33,21,115.0,0.0,AUTHENTIC_REGION,0,0,EDITED,C:\Users\jay\New folder (2)\Trustrace\data\document_patches\P8_0002453_X51005441401_OCR_NEG.png
P8_0002454_X51006828201_OCR_NEG,C00115918_X51006828201,X51006828201,group_0665,train,OCR,86,873,93,901,7,28,105.0,0.0,AUTHENTIC_REGION,0,0,EDITED,C:\Users\jay\New folder (2)\Trustrace\data\document_patches\P8_0002454_X51006828201_OCR_NEG.png
P8_0002455_X51006248253_OCR_NEG,C00064069_X51006248253,X51006248253,group_0373,train,OCR,538,1311,562,1334,24,23,105.0,0.0,AUTHENTIC_REGION,0,0,EDITED,C:\Users\jay\New folder (2)\Trustrace\data\document_patches\P8_0002455_X51006248253_OCR_NEG.png
P8_0002456_X51007339133_OCR_NEG,C00135445_X51007339133,X51007339133,group_0001,train,OCR,34,947,290,964,256,17,99.0,0.0,AUTHENTIC_REGION,0,0,EDITED,C:\Users\jay\New folder (2)\Trustrace\data\document_patches\P8_0002456_X51007339133_OCR_NEG.png
P8_0002457_X51007339133_OCR_NEG,C00135488_X51007339133,X51007339133,group_0001,train,OCR,206,1393,225,1411,19,18,110.0,0.0,AUTHENTIC_REGION,0,0,EDITED,C:\Users\jay\New folder (2)\Trustrace\data\document_patches\P8_0002457_X51007339133_OCR_NEG.png
P8_0002458_X51006388044_MORPHOLOGY_NEG,C00072993_X51006388044,X51006388044,group_0425,train,MORPHOLOGY,342,0,357,8,15,8,244.5667,0.0,AUTHENTIC_REGION,0,0,EDITED,C:\Users\jay\New folder (2)\Trustrace\data\document_patches\P8_0002458_X51006388044_MORPHOLOGY_NEG.png
P8_0002459_X51006620182_OCR_NEG,C00112679_X51006620182,X51006620182,group_0644,train,OCR,76,1085,138,1115,62,30,115.0,0.0,AUTHENTIC_REGION,0,0,EDITED,C:\Users\jay\New folder (2)\Trustrace\data\document_patches\P8_0002459_X51006620182_OCR_NEG.png
P8_0002460_X51005605333_MORPHOLOGY_NEG,C00025457_X51005605333,X51005605333,group_0158,train,MORPHOLOGY,190,742,206,750,16,8,242.1641,0.0,AUTHENTIC_REGION,0,0,EDITED,C:\Users\jay\New folder (2)\Trustrace\data\document_patches\P8_0002460_X51005605333_MORPHOLOGY_NEG.png
P8_0002461_X51006647932_OCR_NEG,C00114141_X51006647932,X51006647932,group_0653,train,OCR,52,391,113,410,61,19,96.0,0.0,AUTHENTIC_REGION,0,0,EDITED,C:\Users\jay\New folder (2)\Trustrace\data\document_patches\P8_0002461_X51006647932_OCR_NEG.png
P8_0002462_X51008142032_OCR_NEG,C00160818_X51008142032,X51008142032,group_0890,train,OCR,106,1881,158,1912,52,31,115.0,0.0,AUTHENTIC_REGION,0,0,EDITED,C:\Users\jay\New folder (2)\Trustrace\data\document_patches\P8_0002462_X51008142032_OCR_NEG.png
P8_0002463_X51006620181_OCR_NEG,C00112545_X51006620181,X51006620181,group_0643,train,OCR,46,795,197,826,151,31,140.0,0.0,AUTHENTIC_REGION,0,0,EDITED,C:\Users\jay\New folder (2)\Trustrace\data\document_patches\P8_0002463_X51006620181_OCR_NEG.png
P8_0002464_X51005447861_OCR_NEG,C00018688_X51005447861,X51005447861,group_0126,train,OCR,659,2418,700,2442,41,24,110.0,0.0,AUTHENTIC_REGION,0,0,EDITED,C:\Users\jay\New folder (2)\Trustrace\data\document_patches\P8_0002464_X51005447861_OCR_NEG.png
P8_0002465_X51007103668_OCR_NEG,C00123987_X51007103668,X51007103668,group_0706,train,OCR,363,1240,475,1265,112,25,135.0,0.0,AUTHENTIC_REGION,0,0,EDITED,C:\Users\jay\New folder (2)\Trustrace\data\document_patches\P8_0002465_X51007103668_OCR_NEG.png
P8_0002466_X51006556603_OCR_NEG,C00090179_X51006556603,X51006556603,group_0520,train,OCR,423,76,473,94,50,18,115.0,0.0,AUTHENTIC_REGION,0,0,EDITED,C:\Users\jay\New folder (2)\Trustrace\data\document_patches\P8_0002466_X51006556603_OCR_NEG.png
P8_0002467_X51005745183_MORPHOLOGY_NEG,C00050006_X51005745183,X51005745183,group_0295,train,MORPHOLOGY,347,325,546,350,199,25,140.9686,0.0,AUTHENTIC_REGION,0,0,EDITED,C:\Users\jay\New folder (2)\Trustrace\data\document_patches\P8_0002467_X51005745183_MORPHOLOGY_NEG.png
P8_0002468_X51005663317_OCR_NEG,C00029198_X51005663317,X51005663317,group_0179,train,OCR,206,987,322,1012,116,25,150.0,0.0,AUTHENTIC_REGION,0,0,EDITED,C:\Users\jay\New folder (2)\Trustrace\data\document_patches\P8_0002468_X51005663317_OCR_NEG.png
P8_0002469_X51007339151_OCR_NEG,C00136833_X51007339151,X51007339151,group_0001,train,OCR,336,872,379,890,43,18,120.0,0.0,AUTHENTIC_REGION,0,0,EDITED,C:\Users\jay\New folder (2)\Trustrace\data\document_patches\P8_0002469_X51007339151_OCR_NEG.png
P8_0002470_X51005605295_OCR_NEG,C00025020_X51005605295,X51005605295,group_0156,train,OCR,159,611,200,633,41,22,120.0,0.0,AUTHENTIC_REGION,0,0,EDITED,C:\Users\jay\New folder (2)\Trustrace\data\document_patches\P8_0002470_X51005605295_OCR_NEG.png
P8_0002471_X51006008206_OCR_NEG,C00063897_X51006008206,X51006008206,group_0372,train,OCR,357,893,413,918,56,25,120.0,0.0,AUTHENTIC_REGION,0,0,EDITED,C:\Users\jay\New folder (2)\Trustrace\data\document_patches\P8_0002471_X51006008206_OCR_NEG.png
P8_0002472_X51005361906_MORPHOLOGY_NEG,C00007293_X51005361906,X51005361906,group_0068,train,MORPHOLOGY,847,244,862,259,15,15,231.7156,0.0,AUTHENTIC_REGION,0,0,EDITED,C:\Users\jay\New folder (2)\Trustrace\data\document_patches\P8_0002472_X51005361906_MORPHOLOGY_NEG.png
P8_0002473_X51005447851_MORPHOLOGY_NEG,C00017883_X51005447851,X51005447851,group_0121,train,MORPHOLOGY,298,1115,311,1128,13,13,202.8225,0.0,AUTHENTIC_REGION,0,0,EDITED,C:\Users\jay\New folder (2)\Trustrace\data\document_patches\P8_0002473_X51005447851_MORPHOLOGY_NEG.png
P8_0002474_X51006619697_OCR_NEG,C00109014_X51006619697,X51006619697,group_0614,train,OCR,211,1551,378,1586,167,35,96.0,0.0,AUTHENTIC_REGION,0,0,EDITED,C:\Users\jay\New folder (2)\Trustrace\data\document_patches\P8_0002474_X51006619697_OCR_NEG.png
P8_0002475_X51006393377_MORPHOLOGY_NEG,C00075847_X51006393377,X51006393377,group_0447,train,MORPHOLOGY,270,526,283,540,13,14,166.8077,0.0,AUTHENTIC_REGION,0,0,EDITED,C:\Users\jay\New folder (2)\Trustrace\data\document_patches\P8_0002475_X51006393377_MORPHOLOGY_NEG.png
P8_0002476_X51005676535_OCR_NEG,C00030808_X51005676535,X51005676535,group_0188,train,OCR,486,934,566,960,80,26,96.0,0.0,AUTHENTIC_REGION,0,0,EDITED,C:\Users\jay\New folder (2)\Trustrace\data\document_patches\P8_0002476_X51005676535_OCR_NEG.png
P8_0002477_X51009008095_MORPHOLOGY_NEG,C00165394_X51009008095,X51009008095,group_0023,train,MORPHOLOGY,416,940,436,957,20,17,251.0294,0.0,AUTHENTIC_REGION,0,0,EDITED,C:\Users\jay\New folder (2)\Trustrace\data\document_patches\P8_0002477_X51009008095_MORPHOLOGY_NEG.png
P8_0002478_X51006008086_OCR_NEG,C00061920_X51006008086,X51006008086,group_0364,train,OCR,91,693,178,722,87,29,130.0,0.0,AUTHENTIC_REGION,0,0,EDITED,C:\Users\jay\New folder (2)\Trustrace\data\document_patches\P8_0002478_X51006008086_OCR_NEG.png
P8_0002479_X51005568855_OCR_NEG,C00019939_X51005568855,X51005568855,group_0130,train,OCR,703,1150,807,1182,104,32,125.0,0.0,AUTHENTIC_REGION,0,0,EDITED,C:\Users\jay\New folder (2)\Trustrace\data\document_patches\P8_0002479_X51005568855_OCR_NEG.png
P8_0002480_X51008142063_OCR_NEG,C00162328_X51008142063,X51008142063,group_0895,train,OCR,429,1672,579,1701,150,29,96.0,0.0,AUTHENTIC_REGION,0,0,EDITED,C:\Users\jay\New folder (2)\Trustrace\data\document_patches\P8_0002480_X51008142063_OCR_NEG.png
P8_0002481_X51006008086_OCR_NEG,C00061984_X51006008086,X51006008086,group_0364,train,OCR,595,1298,662,1323,67,25,96.0,0.0,AUTHENTIC_REGION,0,0,EDITED,C:\Users\jay\New folder (2)\Trustrace\data\document_patches\P8_0002481_X51006008086_OCR_NEG.png
P8_0002482_X51006248253_OCR_NEG,C00064026_X51006248253,X51006248253,group_0373,train,OCR,277,887,395,916,118,29,150.0,0.0,AUTHENTIC_REGION,0,0,EDITED,C:\Users\jay\New folder (2)\Trustrace\data\document_patches\P8_0002482_X51006248253_OCR_NEG.png
P8_0002483_X51006349085_OCR_NEG,C00070484_X51006349085,X51006349085,group_0406,train,OCR,187,1422,605,1454,418,32,111.0,0.0,AUTHENTIC_REGION,0,0,EDITED,C:\Users\jay\New folder (2)\Trustrace\data\document_patches\P8_0002483_X51006349085_OCR_NEG.png
P8_0002484_X51005677339_OCR_NEG,C00035130_X51005677339,X51005677339,group_0211,train,OCR,390,419,448,447,58,28,115.0,0.0,AUTHENTIC_REGION,0,0,EDITED,C:\Users\jay\New folder (2)\Trustrace\data\document_patches\P8_0002484_X51005677339_OCR_NEG.png
P8_0002485_X00016469612_MORPHOLOGY_NEG,C00000097_X00016469612,X00016469612,group_0033,train,MORPHOLOGY,201,168,298,186,97,18,199.9261,0.0,AUTHENTIC_REGION,0,0,EDITED,C:\Users\jay\New folder (2)\Trustrace\data\document_patches\P8_0002485_X00016469612_MORPHOLOGY_NEG.png
P8_0002486_X51006556603_OCR_NEG,C00090224_X51006556603,X51006556603,group_0520,train,OCR,196,380,227,396,31,16,115.0,0.0,AUTHENTIC_REGION,0,0,EDITED,C:\Users\jay\New folder (2)\Trustrace\data\document_patches\P8_0002486_X51006556603_OCR_NEG.png
P8_0002487_X51005677333_OCR_NEG,C00034364_X51005677333,X51005677333,group_0208,train,OCR,439,1527,470,1554,31,27,110.0,0.0,AUTHENTIC_REGION,0,0,EDITED,C:\Users\jay\New folder (2)\Trustrace\data\document_patches\P8_0002487_X51005677333_OCR_NEG.png
P8_0002488_X51005676540_OCR_NEG,C00031684_X51005676540,X51005676540,group_0193,train,OCR,250,318,683,349,433,31,105.0,0.0,AUTHENTIC_REGION,0,0,EDITED,C:\Users\jay\New folder (2)\Trustrace\data\document_patches\P8_0002488_X51005676540_OCR_NEG.png
P8_0002489_X51006414433_OCR_NEG,C00077881_X51006414433,X51006414433,group_0458,train,OCR,2837,1858,2985,1912,148,54,115.0,0.0,AUTHENTIC_REGION,0,0,EDITED,C:\Users\jay\New folder (2)\Trustrace\data\document_patches\P8_0002489_X51006414433_OCR_NEG.png
P8_0002490_X51005719898_MORPHOLOGY_NEG,C00044799_X51005719898,X51005719898,group_0267,train,MORPHOLOGY,646,806,668,823,22,17,170.2326,0.0,AUTHENTIC_REGION,0,0,EDITED,C:\Users\jay\New folder (2)\Trustrace\data\document_patches\P8_0002490_X51005719898_MORPHOLOGY_NEG.png
P8_0002491_X51005663274_MORPHOLOGY_NEG,C00026611_X51005663274,X51005663274,group_0164,train,MORPHOLOGY,600,993,613,1007,13,14,188.7747,0.0,AUTHENTIC_REGION,0,0,EDITED,C:\Users\jay\New folder (2)\Trustrace\data\document_patches\P8_0002491_X51005663274_MORPHOLOGY_NEG.png
P8_0002492_X51005361946_MORPHOLOGY_NEG,C00008122_X51005361946,X51005361946,group_0073,train,MORPHOLOGY,663,1035,676,1048,13,13,251.1598,0.0,AUTHENTIC_REGION,0,0,EDITED,C:\Users\jay\New folder (2)\Trustrace\data\document_patches\P8_0002492_X51005361946_MORPHOLOGY_NEG.png
P8_0002493_X51005676540_OCR_NEG,C00031746_X51005676540,X51005676540,group_0193,train,OCR,698,930,762,957,64,27,120.0,0.0,AUTHENTIC_REGION,0,0,EDITED,C:\Users\jay\New folder (2)\Trustrace\data\document_patches\P8_0002493_X51005676540_OCR_NEG.png
P8_0002494_X51005230617_MORPHOLOGY_NEG,C00002303_X51005230617,X51005230617,group_0047,train,MORPHOLOGY,469,986,482,999,13,13,235.1006,0.0,AUTHENTIC_REGION,0,0,EDITED,C:\Users\jay\New folder (2)\Trustrace\data\document_patches\P8_0002494_X51005230617_MORPHOLOGY_NEG.png
P8_0002495_X51006620181_OCR_NEG,C00112530_X51006620181,X51006620181,group_0643,train,OCR,46,573,115,607,69,34,120.0,0.0,AUTHENTIC_REGION,0,0,EDITED,C:\Users\jay\New folder (2)\Trustrace\data\document_patches\P8_0002495_X51006620181_OCR_NEG.png
P8_0002496_X51006392299_OCR_NEG,C00075447_X51006392299,X51006392299,group_0444,train,OCR,324,548,343,578,19,30,110.0,0.0,AUTHENTIC_REGION,0,0,EDITED,C:\Users\jay\New folder (2)\Trustrace\data\document_patches\P8_0002496_X51006392299_OCR_NEG.png
P8_0002497_X51006557195_OCR_NEG,C00103585_X51006557195,X51006557195,group_0580,train,OCR,191,735,308,751,117,16,96.0,0.0,AUTHENTIC_REGION,0,0,EDITED,C:\Users\jay\New folder (2)\Trustrace\data\document_patches\P8_0002497_X51006557195_OCR_NEG.png
P8_0002498_X51005361906_OCR_NEG,C00007109_X51005361906,X51005361906,group_0068,train,OCR,897,336,925,349,28,13,115.0,0.0,AUTHENTIC_REGION,0,0,EDITED,C:\Users\jay\New folder (2)\Trustrace\data\document_patches\P8_0002498_X51005361906_OCR_NEG.png
P8_0002499_X51005719898_MORPHOLOGY_NEG,C00044791_X51005719898,X51005719898,group_0267,train,MORPHOLOGY,759,1020,781,1049,22,29,174.6426,0.0,AUTHENTIC_REGION,0,0,EDITED,C:\Users\jay\New folder (2)\Trustrace\data\document_patches\P8_0002499_X51005719898_MORPHOLOGY_NEG.png
P8_0002500_X51006414715_MORPHOLOGY_NEG,C00083550_X51006414715,X51006414715,group_0480,train,MORPHOLOGY,1407,4882,1417,4891,10,9,222.5778,0.0,AUTHENTIC_REGION,0,0,EDITED,C:\Users\jay\New folder (2)\Trustrace\data\document_patches\P8_0002500_X51006414715_MORPHOLOGY_NEG.png
P8_0002501_X51005447853_OCR_NEG,C00018072_X51005447853,X51005447853,group_0123,train,OCR,264,936,349,970,85,34,125.0,0.0,AUTHENTIC_REGION,0,0,EDITED,C:\Users\jay\New folder (2)\Trustrace\data\document_patches\P8_0002501_X51005447853_OCR_NEG.png
P8_0002502_X51005676535_OCR_NEG,C00030835_X51005676535,X51005676535,group_0188,train,OCR,218,1204,299,1230,81,26,125.0,0.0,AUTHENTIC_REGION,0,0,EDITED,C:\Users\jay\New folder (2)\Trustrace\data\document_patches\P8_0002502_X51005676535_OCR_NEG.png
P8_0002503_X51007231338_MORPHOLOGY_NEG,C00127587_X51007231338,X51007231338,group_0032,train,MORPHOLOGY,3112,5980,3125,5994,13,14,220.044,0.0,AUTHENTIC_REGION,0,0,EDITED,C:\Users\jay\New folder (2)\Trustrace\data\document_patches\P8_0002503_X51007231338_MORPHOLOGY_NEG.png
P8_0002504_X51008114283_MORPHOLOGY_NEG,C00157828_X51008114283,X51008114283,group_0874,train,MORPHOLOGY,245,995,258,1008,13,13,207.1538,0.0,AUTHENTIC_REGION,0,0,EDITED,C:\Users\jay\New folder (2)\Trustrace\data\document_patches\P8_0002504_X51008114283_MORPHOLOGY_NEG.png
P8_0002505_X51005663278_OCR_NEG,C00027036_X51005663278,X51005663278,group_0167,train,OCR,556,1745,627,1774,71,29,125.0,0.0,AUTHENTIC_REGION,0,0,EDITED,C:\Users\jay\New folder (2)\Trustrace\data\document_patches\P8_0002505_X51005663278_OCR_NEG.png
P8_0002506_X51005568855_OCR_NEG,C00019772_X51005568855,X51005568855,group_0130,train,OCR,304,1698,456,1733,152,35,135.0,0.0,AUTHENTIC_REGION,0,0,EDITED,C:\Users\jay\New folder (2)\Trustrace\data\document_patches\P8_0002506_X51005568855_OCR_NEG.png
P8_0002507_X51007419197_OCR_NEG,C00141139_X51007419197,X51007419197,group_0780,train,OCR,101,795,136,810,35,15,115.0,0.0042,AUTHENTIC_REGION,0,0,EDITED,C:\Users\jay\New folder (2)\Trustrace\data\document_patches\P8_0002507_X51007419197_OCR_NEG.png
P8_0002508_X51007339150_OCR_NEG,C00136620_X51007339150,X51007339150,group_0001,train,OCR,36,901,62,918,26,17,110.0,0.0,AUTHENTIC_REGION,0,0,EDITED,C:\Users\jay\New folder (2)\Trustrace\data\document_patches\P8_0002508_X51007339150_OCR_NEG.png
P8_0002509_X51006620182_OCR_NEG,C00112658_X51006620182,X51006620182,group_0644,train,OCR,189,730,226,761,37,31,110.0,0.0,AUTHENTIC_REGION,0,0,EDITED,C:\Users\jay\New folder (2)\Trustrace\data\document_patches\P8_0002509_X51006620182_OCR_NEG.png
P8_0002510_X51008099071_OCR_NEG,C00154626_X51008099071,X51008099071,group_0854,train,OCR,252,438,327,470,75,32,120.0,0.0,AUTHENTIC_REGION,0,0,EDITED,C:\Users\jay\New folder (2)\Trustrace\data\document_patches\P8_0002510_X51008099071_OCR_NEG.png
P8_0002511_X51005663274_OCR_NEG,C00026582_X51005663274,X51005663274,group_0164,train,OCR,237,1587,328,1612,91,25,120.0,0.0,AUTHENTIC_REGION,0,0,EDITED,C:\Users\jay\New folder (2)\Trustrace\data\document_patches\P8_0002511_X51005663274_OCR_NEG.png
P8_0002512_X51007339150_MORPHOLOGY_NEG,C00136744_X51007339150,X51007339150,group_0001,train,MORPHOLOGY,541,1404,560,1430,19,26,246.249,0.0,AUTHENTIC_REGION,0,0,EDITED,C:\Users\jay\New folder (2)\Trustrace\data\document_patches\P8_0002512_X51007339150_MORPHOLOGY_NEG.png
P8_0002513_X51007846357_MORPHOLOGY_NEG,C00146546_X51007846357,X51007846357,group_0811,train,MORPHOLOGY,2626,6607,2639,6620,13,13,217.1124,0.0,AUTHENTIC_REGION,0,0,EDITED,C:\Users\jay\New folder (2)\Trustrace\data\document_patches\P8_0002513_X51007846357_MORPHOLOGY_NEG.png
P8_0002514_X51006311764_OCR_NEG,C00064581_X51006311764,X51006311764,group_0376,train,OCR,163,1235,219,1260,56,25,120.0,0.0,AUTHENTIC_REGION,0,0,EDITED,C:\Users\jay\New folder (2)\Trustrace\data\document_patches\P8_0002514_X51006311764_OCR_NEG.png
P8_0002515_X51005447840_OCR_NEG,C00016688_X51005447840,X51005447840,group_0116,train,OCR,531,1362,549,1390,18,28,105.0,0.0,AUTHENTIC_REGION,0,0,EDITED,C:\Users\jay\New folder (2)\Trustrace\data\document_patches\P8_0002515_X51005447840_OCR_NEG.png
P8_0002516_X51008114260_MORPHOLOGY_NEG,C00157153_X51008114260,X51008114260,group_0869,train,MORPHOLOGY,309,625,402,656,93,31,135.7489,0.0,AUTHENTIC_REGION,0,0,EDITED,C:\Users\jay\New folder (2)\Trustrace\data\document_patches\P8_0002516_X51008114260_MORPHOLOGY_NEG.png
P8_0002517_X51006556865_OCR_NEG,C00099418_X51006556865,X51006556865,group_0562,train,OCR,492,149,559,166,67,17,130.0,0.0,AUTHENTIC_REGION,0,0,EDITED,C:\Users\jay\New folder (2)\Trustrace\data\document_patches\P8_0002517_X51006556865_OCR_NEG.png
P8_0002518_X51007339151_MORPHOLOGY_NEG,C00136944_X51007339151,X51007339151,group_0001,train,MORPHOLOGY,44,191,80,209,36,18,156.9769,0.0,AUTHENTIC_REGION,0,0,EDITED,C:\Users\jay\New folder (2)\Trustrace\data\document_patches\P8_0002518_X51007339151_MORPHOLOGY_NEG.png
P8_0002519_X51005433556_MORPHOLOGY_NEG,C00010729_X51005433556,X51005433556,group_0085,train,MORPHOLOGY,836,975,850,988,14,13,216.3846,0.0,AUTHENTIC_REGION,0,0,EDITED,C:\Users\jay\New folder (2)\Trustrace\data\document_patches\P8_0002519_X51005433556_MORPHOLOGY_NEG.png
P8_0002520_X51005447861_MORPHOLOGY_NEG,C00018697_X51005447861,X51005447861,group_0126,train,MORPHOLOGY,391,596,415,620,24,24,207.9913,0.0,AUTHENTIC_REGION,0,0,EDITED,C:\Users\jay\New folder (2)\Trustrace\data\document_patches\P8_0002520_X51005447861_MORPHOLOGY_NEG.png
P8_0002521_X51007433809_OCR_NEG,C00141229_X51007433809,X51007433809,group_0781,train,OCR,481,504,577,544,96,40,125.0,0.0,AUTHENTIC_REGION,0,0,EDITED,C:\Users\jay\New folder (2)\Trustrace\data\document_patches\P8_0002521_X51007433809_OCR_NEG.png
P8_0002522_X51007103688_OCR_NEG,C00124570_X51007103688,X51007103688,group_0710,train,OCR,604,728,698,757,94,29,130.0,0.0,AUTHENTIC_REGION,0,0,EDITED,C:\Users\jay\New folder (2)\Trustrace\data\document_patches\P8_0002522_X51007103688_OCR_NEG.png
P8_0002523_X51007231361_OCR_NEG,C00128409_X51007231361,X51007231361,group_0726,train,OCR,2146,4750,2181,4803,35,53,105.0,0.0,AUTHENTIC_REGION,0,0,EDITED,C:\Users\jay\New folder (2)\Trustrace\data\document_patches\P8_0002523_X51007231361_OCR_NEG.png
P8_0002524_X51005663274_OCR_NEG,C00026546_X51005663274,X51005663274,group_0164,train,OCR,73,935,106,960,33,25,110.0,0.0,AUTHENTIC_REGION,0,0,EDITED,C:\Users\jay\New folder (2)\Trustrace\data\document_patches\P8_0002524_X51005663274_OCR_NEG.png
P8_0002525_X51007579725_OCR_NEG,C00141790_X51007579725,X51007579725,group_0784,train,OCR,439,780,506,800,67,20,130.0,0.0098,AUTHENTIC_REGION,0,0,EDITED,C:\Users\jay\New folder (2)\Trustrace\data\document_patches\P8_0002525_X51007579725_OCR_NEG.png
P8_0002526_X51007339133_OCR_NEG,C00135451_X51007339133,X51007339133,group_0001,train,OCR,324,948,383,965,59,17,125.0,0.0,AUTHENTIC_REGION,0,0,EDITED,C:\Users\jay\New folder (2)\Trustrace\data\document_patches\P8_0002526_X51007339133_OCR_NEG.png
P8_0002527_X51005568881_OCR_NEG,C00020540_X51005568881,X51005568881,group_0017,train,OCR,290,507,349,542,59,35,115.0,0.0,AUTHENTIC_REGION,0,0,EDITED,C:\Users\jay\New folder (2)\Trustrace\data\document_patches\P8_0002527_X51005568881_OCR_NEG.png
P8_0002528_X51005568890_OCR_NEG,C00021289_X51005568890,X51005568890,group_0137,train,OCR,54,264,779,307,725,43,102.0,0.0,AUTHENTIC_REGION,0,0,EDITED,C:\Users\jay\New folder (2)\Trustrace\data\document_patches\P8_0002528_X51005568890_OCR_NEG.png
P8_0002529_X51006557195_OCR_NEG,C00103528_X51006557195,X51006557195,group_0580,train,OCR,249,286,507,319,258,33,102.0,0.0,AUTHENTIC_REGION,0,0,EDITED,C:\Users\jay\New folder (2)\Trustrace\data\document_patches\P8_0002529_X51006557195_OCR_NEG.png
P8_0002530_X51005677339_OCR_NEG,C00035155_X51005677339,X51005677339,group_0211,train,OCR,600,780,678,808,78,28,125.0,0.0,AUTHENTIC_REGION,0,0,EDITED,C:\Users\jay\New folder (2)\Trustrace\data\document_patches\P8_0002530_X51005677339_OCR_NEG.png
P8_0002531_X51005568855_OCR_NEG,C00019842_X51005568855,X51005568855,group_0130,train,OCR,242,344,314,381,72,37,120.0,0.0,AUTHENTIC_REGION,0,0,EDITED,C:\Users\jay\New folder (2)\Trustrace\data\document_patches\P8_0002531_X51005568855_OCR_NEG.png
P8_0002532_X51005676535_OCR_NEG,C00030817_X51005676535,X51005676535,group_0188,train,OCR,691,1257,708,1284,17,27,105.0,0.0,AUTHENTIC_REGION,0,0,EDITED,C:\Users\jay\New folder (2)\Trustrace\data\document_patches\P8_0002532_X51005676535_OCR_NEG.png
P8_0002533_X51006555125_MORPHOLOGY_NEG,C00087800_X51006555125,X51006555125,group_0507,train,MORPHOLOGY,56,744,146,791,90,47,194.4083,0.0,AUTHENTIC_REGION,0,0,EDITED,C:\Users\jay\New folder (2)\Trustrace\data\document_patches\P8_0002533_X51006555125_MORPHOLOGY_NEG.png
P8_0002534_X51008142038_OCR_NEG,C00161200_X51008142038,X51008142038,group_0893,train,OCR,681,1094,770,1127,89,33,125.0,0.0,AUTHENTIC_REGION,0,0,EDITED,C:\Users\jay\New folder (2)\Trustrace\data\document_patches\P8_0002534_X51008142038_OCR_NEG.png
P8_0002535_X51006557195_OCR_NEG,C00103631_X51006557195,X51006557195,group_0580,train,OCR,485,711,507,727,22,16,110.0,0.0,AUTHENTIC_REGION,0,0,EDITED,C:\Users\jay\New folder (2)\Trustrace\data\document_patches\P8_0002535_X51006557195_OCR_NEG.png
P8_0002536_X51006857660_OCR_NEG,C00117527_X51006857660,X51006857660,group_0675,train,OCR,744,1248,856,1279,112,31,130.0,0.0,AUTHENTIC_REGION,0,0,EDITED,C:\Users\jay\New folder (2)\Trustrace\data\document_patches\P8_0002536_X51006857660_OCR_NEG.png
P8_0002537_X51008123447_MORPHOLOGY_NEG,C00158623_X51008123447,X51008123447,group_0008,train,MORPHOLOGY,46,147,89,169,43,22,161.5127,0.0,AUTHENTIC_REGION,0,0,EDITED,C:\Users\jay\New folder (2)\Trustrace\data\document_patches\P8_0002537_X51008123447_MORPHOLOGY_NEG.png
P8_0002538_X51006556728_MORPHOLOGY_NEG,C00093085_X51006556728,X51006556728,group_0532,train,MORPHOLOGY,442,965,456,982,14,17,224.9706,0.0,AUTHENTIC_REGION,0,0,EDITED,C:\Users\jay\New folder (2)\Trustrace\data\document_patches\P8_0002538_X51006556728_MORPHOLOGY_NEG.png
P8_0002539_X51007339151_OCR_NEG,C00136800_X51007339151,X51007339151,group_0001,train,OCR,77,528,87,545,10,17,105.0,0.0,AUTHENTIC_REGION,0,0,EDITED,C:\Users\jay\New folder (2)\Trustrace\data\document_patches\P8_0002539_X51007339151_OCR_NEG.png
P8_0002540_X51007846396_OCR_NEG,C00149185_X51007846396,X51007846396,group_0822,train,OCR,2882,2078,3155,2153,273,75,135.0,0.0,AUTHENTIC_REGION,0,0,EDITED,C:\Users\jay\New folder (2)\Trustrace\data\document_patches\P8_0002540_X51007846396_OCR_NEG.png
P8_0002541_X51007231365_OCR_NEG,C00128669_X51007231365,X51007231365,group_0728,train,OCR,1492,3163,1604,3236,112,73,115.0,0.0,AUTHENTIC_REGION,0,0,EDITED,C:\Users\jay\New folder (2)\Trustrace\data\document_patches\P8_0002541_X51007231365_OCR_NEG.png
P8_0002542_X51005605333_MORPHOLOGY_NEG,C00025451_X51005605333,X51005605333,group_0158,train,MORPHOLOGY,319,925,337,933,18,8,243.2292,0.0,AUTHENTIC_REGION,0,0,EDITED,C:\Users\jay\New folder (2)\Trustrace\data\document_patches\P8_0002542_X51005605333_MORPHOLOGY_NEG.png
P8_0002543_X51005663278_MORPHOLOGY_NEG,C00027061_X51005663278,X51005663278,group_0167,train,MORPHOLOGY,595,871,608,882,13,11,250.3636,0.0,AUTHENTIC_REGION,0,0,EDITED,C:\Users\jay\New folder (2)\Trustrace\data\document_patches\P8_0002543_X51005663278_MORPHOLOGY_NEG.png
P8_0002544_X51008142063_OCR_NEG,C00162234_X51008142063,X51008142063,group_0895,train,OCR,44,652,131,680,87,28,96.0,0.0,AUTHENTIC_REGION,0,0,EDITED,C:\Users\jay\New folder (2)\Trustrace\data\document_patches\P8_0002544_X51008142063_OCR_NEG.png
P8_0002545_X51006248253_OCR_NEG,C00063994_X51006248253,X51006248253,group_0373,train,OCR,124,498,245,520,121,22,140.0,0.0,AUTHENTIC_REGION,0,0,EDITED,C:\Users\jay\New folder (2)\Trustrace\data\document_patches\P8_0002545_X51006248253_OCR_NEG.png
P8_0002546_X51007231365_OCR_NEG,C00128665_X51007231365,X51007231365,group_0728,train,OCR,1729,2965,1881,3030,152,65,120.0,0.0,AUTHENTIC_REGION,0,0,EDITED,C:\Users\jay\New folder (2)\Trustrace\data\document_patches\P8_0002546_X51007231365_OCR_NEG.png
P8_0002547_X51007339150_MORPHOLOGY_NEG,C00136729_X51007339150,X51007339150,group_0001,train,MORPHOLOGY,331,870,394,891,63,21,250.5797,0.0,AUTHENTIC_REGION,0,0,EDITED,C:\Users\jay\New folder (2)\Trustrace\data\document_patches\P8_0002547_X51007339150_MORPHOLOGY_NEG.png
P8_0002548_X51006329183_MORPHOLOGY_NEG,C00066955_X51006329183,X51006329183,group_0387,train,MORPHOLOGY,141,696,154,720,13,24,163.0064,0.0,AUTHENTIC_REGION,0,0,EDITED,C:\Users\jay\New folder (2)\Trustrace\data\document_patches\P8_0002548_X51006329183_MORPHOLOGY_NEG.png
P8_0002549_X51007231331_OCR_NEG,C00127194_X51007231331,X51007231331,group_0722,train,OCR,1716,4044,2645,4094,929,50,102.0,0.0,AUTHENTIC_REGION,0,0,EDITED,C:\Users\jay\New folder (2)\Trustrace\data\document_patches\P8_0002549_X51007231331_OCR_NEG.png
P8_0002550_X51006619709_OCR_NEG,C00109508_X51006619709,X51006619709,group_0619,train,OCR,496,1635,508,1666,12,31,105.0,0.0,AUTHENTIC_REGION,0,0,EDITED,C:\Users\jay\New folder (2)\Trustrace\data\document_patches\P8_0002550_X51006619709_OCR_NEG.png
P8_0002551_X51007339151_OCR_NEG,C00136793_X51007339151,X51007339151,group_0001,train,OCR,37,406,98,426,61,20,120.0,0.0,AUTHENTIC_REGION,0,0,EDITED,C:\Users\jay\New folder (2)\Trustrace\data\document_patches\P8_0002551_X51007339151_OCR_NEG.png
P8_0002552_X51007103668_MORPHOLOGY_NEG,C00124007_X51007103668,X51007103668,group_0706,train,MORPHOLOGY,542,1306,561,1334,19,28,250.4793,0.0,AUTHENTIC_REGION,0,0,EDITED,C:\Users\jay\New folder (2)\Trustrace\data\document_patches\P8_0002552_X51007103668_MORPHOLOGY_NEG.png
P8_0002553_X51007231338_OCR_NEG,C00127423_X51007231338,X51007231338,group_0032,train,OCR,2503,1177,2680,1244,177,67,115.0,0.0,AUTHENTIC_REGION,0,0,EDITED,C:\Users\jay\New folder (2)\Trustrace\data\document_patches\P8_0002553_X51007231338_OCR_NEG.png
P8_0002554_X51005605333_OCR_NEG,C00025317_X51005605333,X51005605333,group_0158,train,OCR,531,177,629,229,98,52,115.0,0.0,AUTHENTIC_REGION,0,0,EDITED,C:\Users\jay\New folder (2)\Trustrace\data\document_patches\P8_0002554_X51005605333_OCR_NEG.png
P8_0002555_X51006557169_MORPHOLOGY_NEG,C00101162_X51006557169,X51006557169,group_0569,train,MORPHOLOGY,115,984,128,997,13,13,236.4083,0.0,AUTHENTIC_REGION,0,0,EDITED,C:\Users\jay\New folder (2)\Trustrace\data\document_patches\P8_0002555_X51006557169_MORPHOLOGY_NEG.png
P8_0002556_X51007231361_OCR_NEG,C00128425_X51007231361,X51007231361,group_0726,train,OCR,2969,4921,3040,4975,71,54,110.0,0.0,AUTHENTIC_REGION,0,0,EDITED,C:\Users\jay\New folder (2)\Trustrace\data\document_patches\P8_0002556_X51007231361_OCR_NEG.png
P8_0002557_X51006557169_MORPHOLOGY_NEG,C00101161_X51006557169,X51006557169,group_0569,train,MORPHOLOGY,103,1026,116,1039,13,13,236.4379,0.0,AUTHENTIC_REGION,0,0,EDITED,C:\Users\jay\New folder (2)\Trustrace\data\document_patches\P8_0002557_X51006557169_MORPHOLOGY_NEG.png
P8_0002558_X51006414433_MORPHOLOGY_NEG,C00078025_X51006414433,X51006414433,group_0458,train,MORPHOLOGY,2102,1164,2116,1178,14,14,219.5306,0.0,AUTHENTIC_REGION,0,0,EDITED,C:\Users\jay\New folder (2)\Trustrace\data\document_patches\P8_0002558_X51006414433_MORPHOLOGY_NEG.png
P8_0002559_X51006828201_MORPHOLOGY_NEG,C00116044_X51006828201,X51006828201,group_0665,train,MORPHOLOGY,470,819,488,846,18,27,192.7243,0.0,AUTHENTIC_REGION,0,0,EDITED,C:\Users\jay\New folder (2)\Trustrace\data\document_patches\P8_0002559_X51006828201_MORPHOLOGY_NEG.png
P8_0002560_X51005710963_OCR_NEG,C00037391_X51005710963,X51005710963,group_0221,train,OCR,685,1410,829,1441,144,31,120.0,0.0,AUTHENTIC_REGION,0,0,EDITED,C:\Users\jay\New folder (2)\Trustrace\data\document_patches\P8_0002560_X51005710963_OCR_NEG.png
P8_0002561_X51007419197_OCR_NEG,C00141074_X51007419197,X51007419197,group_0780,train,OCR,86,209,141,226,55,17,125.0,0.0,AUTHENTIC_REGION,0,0,EDITED,C:\Users\jay\New folder (2)\Trustrace\data\document_patches\P8_0002561_X51007419197_OCR_NEG.png
P8_0002562_X51005568855_OCR_NEG,C00019889_X51005568855,X51005568855,group_0130,train,OCR,702,2048,755,2082,53,34,115.0,0.0,AUTHENTIC_REGION,0,0,EDITED,C:\Users\jay\New folder (2)\Trustrace\data\document_patches\P8_0002562_X51005568855_OCR_NEG.png
P8_0002563_X51005605295_OCR_NEG,C00025006_X51005605295,X51005605295,group_0156,train,OCR,189,398,411,420,222,22,150.0,0.0,AUTHENTIC_REGION,0,0,EDITED,C:\Users\jay\New folder (2)\Trustrace\data\document_patches\P8_0002563_X51005605295_OCR_NEG.png
P8_0002564_X51005605285_OCR_NEG,C00024488_X51005605285,X51005605285,group_0153,train,OCR,506,148,533,174,27,26,110.0,0.0,AUTHENTIC_REGION,0,0,EDITED,C:\Users\jay\New folder (2)\Trustrace\data\document_patches\P8_0002564_X51005605285_OCR_NEG.png
P8_0002565_X51007231365_OCR_NEG,C00128726_X51007231365,X51007231365,group_0728,train,OCR,2000,4921,2111,4987,111,66,115.0,0.0,AUTHENTIC_REGION,0,0,EDITED,C:\Users\jay\New folder (2)\Trustrace\data\document_patches\P8_0002565_X51007231365_OCR_NEG.png
P8_0002566_X51005605333_OCR_NEG,C00025366_X51005605333,X51005605333,group_0158,train,OCR,59,1031,126,1056,67,25,125.0,0.0,AUTHENTIC_REGION,0,0,EDITED,C:\Users\jay\New folder (2)\Trustrace\data\document_patches\P8_0002566_X51005605333_OCR_NEG.png
P8_0002567_X51006828201_OCR_NEG,C00115987_X51006828201,X51006828201,group_0665,train,OCR,150,1576,260,1608,110,32,135.0,0.0,AUTHENTIC_REGION,0,0,EDITED,C:\Users\jay\New folder (2)\Trustrace\data\document_patches\P8_0002567_X51006828201_OCR_NEG.png
P8_0002568_X51005676540_OCR_NEG,C00031688_X51005676540,X51005676540,group_0193,train,OCR,509,412,658,441,149,29,135.0,0.0,AUTHENTIC_REGION,0,0,EDITED,C:\Users\jay\New folder (2)\Trustrace\data\document_patches\P8_0002568_X51005676540_OCR_NEG.png
P8_0002569_X51008142063_MORPHOLOGY_NEG,C00162399_X51008142063,X51008142063,group_0895,train,MORPHOLOGY,840,1385,879,1412,39,27,177.2251,0.0,AUTHENTIC_REGION,0,0,EDITED,C:\Users\jay\New folder (2)\Trustrace\data\document_patches\P8_0002569_X51008142063_MORPHOLOGY_NEG.png
P8_0002570_X51005447861_OCR_NEG,C00018669_X51005447861,X51005447861,group_0126,train,OCR,528,2260,611,2292,83,32,120.0,0.0,AUTHENTIC_REGION,0,0,EDITED,C:\Users\jay\New folder (2)\Trustrace\data\document_patches\P8_0002570_X51005447861_OCR_NEG.png
P8_0002571_X51009008095_OCR_NEG,C00165296_X51009008095,X51009008095,group_0023,train,OCR,434,153,488,175,54,22,115.0,0.0,AUTHENTIC_REGION,0,0,EDITED,C:\Users\jay\New folder (2)\Trustrace\data\document_patches\P8_0002571_X51009008095_OCR_NEG.png
P8_0002572_X51009008095_OCR_NEG,C00165299_X51009008095,X51009008095,group_0023,train,OCR,188,183,220,209,32,26,115.0,0.0,AUTHENTIC_REGION,0,0,EDITED,C:\Users\jay\New folder (2)\Trustrace\data\document_patches\P8_0002572_X51009008095_OCR_NEG.png
P8_0002573_X51006619343_OCR_NEG,C00106613_X51006619343,X51006619343,group_0595,train,OCR,232,1360,242,1382,10,22,105.0,0.0,AUTHENTIC_REGION,0,0,EDITED,C:\Users\jay\New folder (2)\Trustrace\data\document_patches\P8_0002573_X51006619343_OCR_NEG.png
P8_0002574_X51005663317_OCR_NEG,C00029201_X51005663317,X51005663317,group_0179,train,OCR,274,1074,339,1099,65,25,115.0,0.0,AUTHENTIC_REGION,0,0,EDITED,C:\Users\jay\New folder (2)\Trustrace\data\document_patches\P8_0002574_X51005663317_OCR_NEG.png
P8_0002575_X51007225417_MORPHOLOGY_NEG,C00126314_X51007225417,X51007225417,group_0717,train,MORPHOLOGY,521,984,535,1002,14,18,204.1905,0.0,AUTHENTIC_REGION,0,0,EDITED,C:\Users\jay\New folder (2)\Trustrace\data\document_patches\P8_0002575_X51007225417_MORPHOLOGY_NEG.png
P8_0002576_X51006619782_MORPHOLOGY_NEG,C00111127_X51006619782,X51006619782,group_0630,train,MORPHOLOGY,482,1398,505,1412,23,14,126.9068,0.0,AUTHENTIC_REGION,0,0,EDITED,C:\Users\jay\New folder (2)\Trustrace\data\document_patches\P8_0002576_X51006619782_MORPHOLOGY_NEG.png
P8_0002577_X51007231361_OCR_NEG,C00128299_X51007231361,X51007231361,group_0726,train,OCR,2108,1509,2206,1569,98,60,115.0,0.0,AUTHENTIC_REGION,0,0,EDITED,C:\Users\jay\New folder (2)\Trustrace\data\document_patches\P8_0002577_X51007231361_OCR_NEG.png
P8_0002578_X51005447851_MORPHOLOGY_NEG,C00017911_X51005447851,X51005447851,group_0121,train,MORPHOLOGY,253,975,364,1007,111,32,178.6548,0.0,AUTHENTIC_REGION,0,0,EDITED,C:\Users\jay\New folder (2)\Trustrace\data\document_patches\P8_0002578_X51005447851_MORPHOLOGY_NEG.png
P8_0002579_X51006557169_MORPHOLOGY_NEG,C00101159_X51006557169,X51006557169,group_0569,train,MORPHOLOGY,462,556,475,569,13,13,236.5621,0.0,AUTHENTIC_REGION,0,0,EDITED,C:\Users\jay\New folder (2)\Trustrace\data\document_patches\P8_0002579_X51006557169_MORPHOLOGY_NEG.png
P8_0002580_X51006619777_MORPHOLOGY_NEG,C00110828_X51006619777,X51006619777,group_0627,train,MORPHOLOGY,464,1443,482,1456,18,13,147.2991,0.0,AUTHENTIC_REGION,0,0,EDITED,C:\Users\jay\New folder (2)\Trustrace\data\document_patches\P8_0002580_X51006619777_MORPHOLOGY_NEG.png
P8_0002581_X51005605335_OCR_NEG,C00025796_X51005605335,X51005605335,group_0160,train,OCR,516,1464,610,1488,94,24,130.0,0.0,AUTHENTIC_REGION,0,0,EDITED,C:\Users\jay\New folder (2)\Trustrace\data\document_patches\P8_0002581_X51005605335_OCR_NEG.png
P8_0002582_X51007846396_MORPHOLOGY_NEG,C00149249_X51007846396,X51007846396,group_0822,train,MORPHOLOGY,1045,546,1062,565,17,19,225.2446,0.0,AUTHENTIC_REGION,0,0,EDITED,C:\Users\jay\New folder (2)\Trustrace\data\document_patches\P8_0002582_X51007846396_MORPHOLOGY_NEG.png
P8_0002583_X51006008206_OCR_NEG,C00063918_X51006008206,X51006008206,group_0372,train,OCR,32,1138,179,1160,147,22,150.0,0.0,AUTHENTIC_REGION,0,0,EDITED,C:\Users\jay\New folder (2)\Trustrace\data\document_patches\P8_0002583_X51006008206_OCR_NEG.png
P8_0002584_X51005711402_OCR_NEG,C00037625_X51005711402,X51005711402,group_0223,train,OCR,233,270,373,304,140,34,140.0,0.0,AUTHENTIC_REGION,0,0,EDITED,C:\Users\jay\New folder (2)\Trustrace\data\document_patches\P8_0002584_X51005711402_OCR_NEG.png
P8_0002585_X51007433809_MORPHOLOGY_NEG,C00141337_X51007433809,X51007433809,group_0781,train,MORPHOLOGY,334,1018,347,1031,13,13,246.1479,0.0,AUTHENTIC_REGION,0,0,EDITED,C:\Users\jay\New folder (2)\Trustrace\data\document_patches\P8_0002585_X51007433809_MORPHOLOGY_NEG.png
P8_0002586_X51006329183_OCR_NEG,C00066812_X51006329183,X51006329183,group_0387,train,OCR,77,374,115,396,38,22,115.0,0.0,AUTHENTIC_REGION,0,0,EDITED,C:\Users\jay\New folder (2)\Trustrace\data\document_patches\P8_0002586_X51006329183_OCR_NEG.png
P8_0002587_X51005663274_OCR_NEG,C00026555_X51005663274,X51005663274,group_0164,train,OCR,94,1077,350,1102,256,25,102.0,0.0,AUTHENTIC_REGION,0,0,EDITED,C:\Users\jay\New folder (2)\Trustrace\data\document_patches\P8_0002587_X51005663274_OCR_NEG.png
P8_0002588_X51006619777_OCR_NEG,C00110778_X51006619777,X51006619777,group_0627,train,OCR,485,896,516,928,31,32,110.0,0.0,AUTHENTIC_REGION,0,0,EDITED,C:\Users\jay\New folder (2)\Trustrace\data\document_patches\P8_0002588_X51006619777_OCR_NEG.png
P8_0002589_X51008142063_MORPHOLOGY_NEG,C00162395_X51008142063,X51008142063,group_0895,train,MORPHOLOGY,545,1145,612,1165,67,20,195.9485,0.0,AUTHENTIC_REGION,0,0,EDITED,C:\Users\jay\New folder (2)\Trustrace\data\document_patches\P8_0002589_X51008142063_MORPHOLOGY_NEG.png
P8_0002590_X51006647932_OCR_NEG,C00114149_X51006647932,X51006647932,group_0653,train,OCR,242,424,358,447,116,23,150.0,0.0,AUTHENTIC_REGION,0,0,EDITED,C:\Users\jay\New folder (2)\Trustrace\data\document_patches\P8_0002590_X51006647932_OCR_NEG.png
P8_0002591_X51005663278_MORPHOLOGY_NEG,C00027076_X51005663278,X51005663278,group_0167,train,MORPHOLOGY,440,1796,473,1811,33,15,247.7434,0.0,AUTHENTIC_REGION,0,0,EDITED,C:\Users\jay\New folder (2)\Trustrace\data\document_patches\P8_0002591_X51005663278_MORPHOLOGY_NEG.png
P8_0002592_X51006556603_OCR_NEG,C00090268_X51006556603,X51006556603,group_0520,train,OCR,170,582,215,599,45,17,120.0,0.0,AUTHENTIC_REGION,0,0,EDITED,C:\Users\jay\New folder (2)\Trustrace\data\document_patches\P8_0002592_X51006556603_OCR_NEG.png
P8_0002593_X51006329183_OCR_NEG,C00066878_X51006329183,X51006329183,group_0387,train,OCR,524,1125,538,1145,14,20,105.0,0.0,AUTHENTIC_REGION,0,0,EDITED,C:\Users\jay\New folder (2)\Trustrace\data\document_patches\P8_0002593_X51006329183_OCR_NEG.png
P8_0002594_X51007231365_OCR_NEG,C00128632_X51007231365,X51007231365,group_0728,train,OCR,2368,1435,2431,1506,63,71,110.0,0.0,AUTHENTIC_REGION,0,0,EDITED,C:\Users\jay\New folder (2)\Trustrace\data\document_patches\P8_0002594_X51007231365_OCR_NEG.png
P8_0002595_X51008164998_MORPHOLOGY_NEG,C00164879_X51008164998,X51008164998,group_0909,train,MORPHOLOGY,525,681,633,716,108,35,175.8728,0.0,AUTHENTIC_REGION,0,0,EDITED,C:\Users\jay\New folder (2)\Trustrace\data\document_patches\P8_0002595_X51008164998_MORPHOLOGY_NEG.png
P8_0002596_X51008164998_OCR_NEG,C00164740_X51008164998,X51008164998,group_0909,train,OCR,423,346,571,374,148,28,150.0,0.0,AUTHENTIC_REGION,0,0,EDITED,C:\Users\jay\New folder (2)\Trustrace\data\document_patches\P8_0002596_X51008164998_OCR_NEG.png
P8_0002597_X51005361946_MORPHOLOGY_NEG,C00008138_X51005361946,X51005361946,group_0073,train,MORPHOLOGY,534,811,547,824,13,13,250.4734,0.0,AUTHENTIC_REGION,0,0,EDITED,C:\Users\jay\New folder (2)\Trustrace\data\document_patches\P8_0002597_X51005361946_MORPHOLOGY_NEG.png
P8_0002598_X51006414728_OCR_NEG,C00084588_X51006414728,X51006414728,group_0485,train,OCR,2326,2994,2594,3059,268,65,140.0,0.0,AUTHENTIC_REGION,0,0,EDITED,C:\Users\jay\New folder (2)\Trustrace\data\document_patches\P8_0002598_X51006414728_OCR_NEG.png
P8_0002599_X51005724609_OCR_NEG,C00047201_X51005724609,X51005724609,group_0280,train,OCR,194,706,269,735,75,29,120.0,0.0,AUTHENTIC_REGION,0,0,EDITED,C:\Users\jay\New folder (2)\Trustrace\data\document_patches\P8_0002599_X51005724609_OCR_NEG.png
P8_0002600_X51006555125_OCR_NEG,C00087738_X51006555125,X51006555125,group_0507,train,OCR,59,190,119,214,60,24,115.0,0.0,AUTHENTIC_REGION,0,0,EDITED,C:\Users\jay\New folder (2)\Trustrace\data\document_patches\P8_0002600_X51006555125_OCR_NEG.png
P8_0002601_X51006557169_OCR_NEG,C00101042_X51006557169,X51006557169,group_0569,train,OCR,184,418,238,437,54,19,125.0,0.0,AUTHENTIC_REGION,0,0,EDITED,C:\Users\jay\New folder (2)\Trustrace\data\document_patches\P8_0002601_X51006557169_OCR_NEG.png
P8_0002602_X51006619709_OCR_NEG,C00109537_X51006619709,X51006619709,group_0619,train,OCR,624,1988,730,2028,106,40,130.0,0.0,AUTHENTIC_REGION,0,0,EDITED,C:\Users\jay\New folder (2)\Trustrace\data\document_patches\P8_0002602_X51006619709_OCR_NEG.png
P8_0002603_X51006619777_OCR_NEG,C00110808_X51006619777,X51006619777,group_0627,train,OCR,715,1446,782,1478,67,32,120.0,0.0,AUTHENTIC_REGION,0,0,EDITED,C:\Users\jay\New folder (2)\Trustrace\data\document_patches\P8_0002603_X51006619777_OCR_NEG.png
P8_0002604_X51005230616_OCR_NEG,C00002010_X51005230616,X51005230616,group_0046,train,OCR,113,524,148,549,35,25,115.0,0.0,AUTHENTIC_REGION,0,0,EDITED,C:\Users\jay\New folder (2)\Trustrace\data\document_patches\P8_0002604_X51005230616_OCR_NEG.png
P8_0002605_X51005724609_OCR_NEG,C00047236_X51005724609,X51005724609,group_0280,train,OCR,118,284,250,320,132,36,135.0,0.0,AUTHENTIC_REGION,0,0,EDITED,C:\Users\jay\New folder (2)\Trustrace\data\document_patches\P8_0002605_X51005724609_OCR_NEG.png
P8_0002606_X51005677333_OCR_NEG,C00034317_X51005677333,X51005677333,group_0208,train,OCR,728,1135,765,1163,37,28,110.0,0.0,AUTHENTIC_REGION,0,0,EDITED,C:\Users\jay\New folder (2)\Trustrace\data\document_patches\P8_0002606_X51005677333_OCR_NEG.png
P8_0002607_X51009447842_OCR_NEG,C00165451_X51009447842,X51009447842,group_0013,train,OCR,404,503,524,533,120,30,96.0,0.0,AUTHENTIC_REGION,0,0,EDITED,C:\Users\jay\New folder (2)\Trustrace\data\document_patches\P8_0002607_X51009447842_OCR_NEG.png
P8_0002608_X51007103688_OCR_NEG,C00124542_X51007103688,X51007103688,group_0710,train,OCR,229,448,636,485,407,37,102.0,0.0233,AUTHENTIC_REGION,0,0,EDITED,C:\Users\jay\New folder (2)\Trustrace\data\document_patches\P8_0002608_X51007103688_OCR_NEG.png
P8_0002609_X51005568855_OCR_NEG,C00019971_X51005568855,X51005568855,group_0130,train,OCR,834,2398,853,2432,19,34,105.0,0.0,AUTHENTIC_REGION,0,0,EDITED,C:\Users\jay\New folder (2)\Trustrace\data\document_patches\P8_0002609_X51005568855_OCR_NEG.png
P8_0002610_X51005677333_OCR_NEG,C00034271_X51005677333,X51005677333,group_0208,train,OCR,284,520,352,547,68,27,115.0,0.0,AUTHENTIC_REGION,0,0,EDITED,C:\Users\jay\New folder (2)\Trustrace\data\document_patches\P8_0002610_X51005677333_OCR_NEG.png
P8_0002611_X51005433556_MORPHOLOGY_NEG,C00010713_X51005433556,X51005433556,group_0085,train,MORPHOLOGY,904,1140,917,1153,13,13,220.4201,0.0,AUTHENTIC_REGION,0,0,EDITED,C:\Users\jay\New folder (2)\Trustrace\data\document_patches\P8_0002611_X51005433556_MORPHOLOGY_NEG.png
P8_0002612_X51005605295_OCR_NEG,C00025023_X51005605295,X51005605295,group_0156,train,OCR,85,652,115,674,30,22,115.0,0.0,AUTHENTIC_REGION,0,0,EDITED,C:\Users\jay\New folder (2)\Trustrace\data\document_patches\P8_0002612_X51005605295_OCR_NEG.png
P8_0002613_X51008123447_MORPHOLOGY_NEG,C00158620_X51008123447,X51008123447,group_0008,train,MORPHOLOGY,46,1016,67,1033,21,17,164.1064,0.0,AUTHENTIC_REGION,0,0,EDITED,C:\Users\jay\New folder (2)\Trustrace\data\document_patches\P8_0002613_X51008123447_MORPHOLOGY_NEG.png
P8_0002614_X51006248253_OCR_NEG,C00063998_X51006248253,X51006248253,group_0373,train,OCR,124,538,179,559,55,21,120.0,0.0,AUTHENTIC_REGION,0,0,EDITED,C:\Users\jay\New folder (2)\Trustrace\data\document_patches\P8_0002614_X51006248253_OCR_NEG.png
P8_0002615_X51006857660_OCR_NEG,C00117373_X51006857660,X51006857660,group_0675,train,OCR,186,337,723,371,537,34,99.0,0.0,AUTHENTIC_REGION,0,0,EDITED,C:\Users\jay\New folder (2)\Trustrace\data\document_patches\P8_0002615_X51006857660_OCR_NEG.png
P8_0002616_X51007231338_OCR_NEG,C00127550_X51007231338,X51007231338,group_0032,train,OCR,1768,4423,2857,4482,1089,59,114.0,0.0,AUTHENTIC_REGION,0,0,EDITED,C:\Users\jay\New folder (2)\Trustrace\data\document_patches\P8_0002616_X51007231338_OCR_NEG.png
P8_0002617_X51007339151_OCR_NEG,C00136798_X51007339151,X51007339151,group_0001,train,OCR,77,471,184,489,107,18,145.0,0.0,AUTHENTIC_REGION,0,0,EDITED,C:\Users\jay\New folder (2)\Trustrace\data\document_patches\P8_0002617_X51007339151_OCR_NEG.png
P8_0003913_X00016469612_P6ANCHOR,P0000001_X00016469612_FORGED,X00016469612,group_0033,train,P6_ANCHOR,174,374,183,388,9,14,200.0,1.0,FORGED_REGION,1,0,EDITED,C:\Users\jay\New folder (2)\Trustrace\data\document_patches\P0000001_X00016469612_FORGED.png
P8_0003914_X00016469612_P6ANCHOR,P0000002_X00016469612_FORGED,X00016469612,group_0033,train,P6_ANCHOR,164,373,173,388,9,15,200.0,1.0,FORGED_REGION,1,0,EDITED,C:\Users\jay\New folder (2)\Trustrace\data\document_patches\P0000002_X00016469612_FORGED.png
P8_0003915_X00016469612_P6ANCHOR,P0000003_X00016469612_FORGED,X00016469612,group_0033,train,P6_ANCHOR,318,372,331,388,13,16,200.0,1.0,FORGED_REGION,1,0,EDITED,C:\Users\jay\New folder (2)\Trustrace\data\document_patches\P0000003_X00016469612_FORGED.png
P8_0003916_X00016469612_P6ANCHOR,P0000004_X00016469612_FORGED,X00016469612,group_0033,train,P6_ANCHOR,179,396,189,414,10,18,200.0,1.0,FORGED_REGION,1,0,EDITED,C:\Users\jay\New folder (2)\Trustrace\data\document_patches\P0000004_X00016469612_FORGED.png
P8_0003925_X51005230616_P6ANCHOR,P0000047_X51005230616_FORGED,X51005230616,group_0046,train,P6_ANCHOR,27,875,56,918,29,43,200.0,1.0,FORGED_REGION,1,0,EDITED,C:\Users\jay\New folder (2)\Trustrace\data\document_patches\P0000047_X51005230616_FORGED.png
P8_0003926_X51005230616_P6ANCHOR,P0000048_X51005230616_FORGED,X51005230616,group_0046,train,P6_ANCHOR,458,883,493,920,35,37,200.0,1.0,FORGED_REGION,1,0,EDITED,C:\Users\jay\New folder (2)\Trustrace\data\document_patches\P0000048_X51005230616_FORGED.png
P8_0003927_X51005230617_P6ANCHOR,P0000051_X51005230617_FORGED,X51005230617,group_0047,train,P6_ANCHOR,449,1043,479,1075,30,32,200.0,1.0,FORGED_REGION,1,0,EDITED,C:\Users\jay\New folder (2)\Trustrace\data\document_patches\P0000051_X51005230617_FORGED.png
P8_0003928_X51005230617_P6ANCHOR,P0000052_X51005230617_FORGED,X51005230617,group_0047,train,P6_ANCHOR,464,814,491,846,27,32,200.0,1.0,FORGED_REGION,1,0,EDITED,C:\Users\jay\New folder (2)\Trustrace\data\document_patches\P0000052_X51005230617_FORGED.png
P8_0003929_X51005361906_P6ANCHOR,P0000107_X51005361906_FORGED,X51005361906,group_0068,train,P6_ANCHOR,1298,592,1311,610,13,18,200.0,1.0,FORGED_REGION,1,0,EDITED,C:\Users\jay\New folder (2)\Trustrace\data\document_patches\P0000107_X51005361906_FORGED.png
P8_0003930_X51005361906_P6ANCHOR,P0000108_X51005361906_FORGED,X51005361906,group_0068,train,P6_ANCHOR,1288,593,1295,611,7,18,200.0,1.0,FORGED_REGION,1,0,EDITED,C:\Users\jay\New folder (2)\Trustrace\data\document_patches\P0000108_X51005361906_FORGED.png
P8_0003931_X51005361906_P6ANCHOR,P0000109_X51005361906_FORGED,X51005361906,group_0068,train,P6_ANCHOR,1286,591,1294,611,8,20,200.0,1.0,FORGED_REGION,1,0,EDITED,C:\Users\jay\New folder (2)\Trustrace\data\document_patches\P0000109_X51005361906_FORGED.png
P8_0003932_X51005361906_P6ANCHOR,P0000110_X51005361906_FORGED,X51005361906,group_0068,train,P6_ANCHOR,1298,592,1312,611,14,19,200.0,1.0,FORGED_REGION,1,0,EDITED,C:\Users\jay\New folder (2)\Trustrace\data\document_patches\P0000110_X51005361906_FORGED.png
P8_0003933_X51005361946_P6ANCHOR,P0000123_X51005361946_FORGED,X51005361946,group_0073,train,P6_ANCHOR,1149,842,1170,874,21,32,200.0,1.0,FORGED_REGION,1,0,EDITED,C:\Users\jay\New folder (2)\Trustrace\data\document_patches\P0000123_X51005361946_FORGED.png
P8_0003934_X51005361946_P6ANCHOR,P0000124_X51005361946_FORGED,X51005361946,group_0073,train,P6_ANCHOR,1243,841,1265,874,22,33,200.0,1.0,FORGED_REGION,1,0,EDITED,C:\Users\jay\New folder (2)\Trustrace\data\document_patches\P0000124_X51005361946_FORGED.png
P8_0003935_X51005361946_P6ANCHOR,P0000125_X51005361946_FORGED,X51005361946,group_0073,train,P6_ANCHOR,1278,953,1294,986,16,33,200.0,1.0,FORGED_REGION,1,0,EDITED,C:\Users\jay\New folder (2)\Trustrace\data\document_patches\P0000125_X51005361946_FORGED.png
P8_0003936_X51005361946_P6ANCHOR,P0000126_X51005361946_FORGED,X51005361946,group_0073,train,P6_ANCHOR,1094,1095,1177,1125,83,30,200.0,1.0,FORGED_REGION,1,0,EDITED,C:\Users\jay\New folder (2)\Trustrace\data\document_patches\P0000126_X51005361946_FORGED.png
P8_0003937_X51005361946_P6ANCHOR,P0000127_X51005361946_FORGED,X51005361946,group_0073,train,P6_ANCHOR,1279,1093,1311,1125,32,32,200.0,1.0,FORGED_REGION,1,0,EDITED,C:\Users\jay\New folder (2)\Trustrace\data\document_patches\P0000127_X51005361946_FORGED.png
P8_0003938_X51005361946_P6ANCHOR,P0000128_X51005361946_FORGED,X51005361946,group_0073,train,P6_ANCHOR,1275,1011,1291,1041,16,30,200.0,1.0,FORGED_REGION,1,0,EDITED,C:\Users\jay\New folder (2)\Trustrace\data\document_patches\P0000128_X51005361946_FORGED.png
P8_0003949_X51005433556_P6ANCHOR,P0000179_X51005433556_FORGED,X51005433556,group_0085,train,P6_ANCHOR,471,413,480,429,9,16,200.0,1.0,FORGED_REGION,1,0,EDITED,C:\Users\jay\New folder (2)\Trustrace\data\document_patches\P0000179_X51005433556_FORGED.png
P8_0003950_X51005433556_P6ANCHOR,P0000180_X51005433556_FORGED,X51005433556,group_0085,train,P6_ANCHOR,487,413,497,430,10,17,200.0,1.0,FORGED_REGION,1,0,EDITED,C:\Users\jay\New folder (2)\Trustrace\data\document_patches\P0000180_X51005433556_FORGED.png
P8_0003951_X51005433556_P6ANCHOR,P0000181_X51005433556_FORGED,X51005433556,group_0085,train,P6_ANCHOR,497,413,504,429,7,16,200.0,1.0,FORGED_REGION,1,0,EDITED,C:\Users\jay\New folder (2)\Trustrace\data\document_patches\P0000181_X51005433556_FORGED.png
P8_0003952_X51005441401_P6ANCHOR,P0000187_X51005441401_FORGED,X51005441401,group_0087,train,P6_ANCHOR,418,595,430,619,12,24,200.0,1.0,FORGED_REGION,1,0,EDITED,C:\Users\jay\New folder (2)\Trustrace\data\document_patches\P0000187_X51005441401_FORGED.png
P8_0003953_X51005441401_P6ANCHOR,P0000188_X51005441401_FORGED,X51005441401,group_0087,train,P6_ANCHOR,416,623,431,650,15,27,200.0,1.0,FORGED_REGION,1,0,EDITED,C:\Users\jay\New folder (2)\Trustrace\data\document_patches\P0000188_X51005441401_FORGED.png
P8_0003954_X51005441401_P6ANCHOR,P0000189_X51005441401_FORGED,X51005441401,group_0087,train,P6_ANCHOR,417,674,429,711,12,37,200.0,1.0,FORGED_REGION,1,0,EDITED,C:\Users\jay\New folder (2)\Trustrace\data\document_patches\P0000189_X51005441401_FORGED.png
P8_0003955_X51005441401_P6ANCHOR,P0000190_X51005441401_FORGED,X51005441401,group_0087,train,P6_ANCHOR,414,717,428,737,14,20,200.0,1.0,FORGED_REGION,1,0,EDITED,C:\Users\jay\New folder (2)\Trustrace\data\document_patches\P0000190_X51005441401_FORGED.png
P8_0003956_X51005441401_P6ANCHOR,P0000191_X51005441401_FORGED,X51005441401,group_0087,train,P6_ANCHOR,416,743,430,760,14,17,200.0,1.0,FORGED_REGION,1,0,EDITED,C:\Users\jay\New folder (2)\Trustrace\data\document_patches\P0000191_X51005441401_FORGED.png
P8_0003957_X51005441401_P6ANCHOR,P0000192_X51005441401_FORGED,X51005441401,group_0087,train,P6_ANCHOR,418,815,431,857,13,42,200.0,1.0,FORGED_REGION,1,0,EDITED,C:\Users\jay\New folder (2)\Trustrace\data\document_patches\P0000192_X51005441401_FORGED.png
P8_0003958_X51005441401_P6ANCHOR,P0000193_X51005441401_FORGED,X51005441401,group_0087,train,P6_ANCHOR,430,764,444,788,14,24,200.0,1.0,FORGED_REGION,1,0,EDITED,C:\Users\jay\New folder (2)\Trustrace\data\document_patches\P0000193_X51005441401_FORGED.png
P8_0003959_X51005442327_P6ANCHOR,P0000209_X51005442327_FORGED,X51005442327,group_0092,train,P6_ANCHOR,435,360,443,374,8,14,200.0,1.0,FORGED_REGION,1,0,EDITED,C:\Users\jay\New folder (2)\Trustrace\data\document_patches\P0000209_X51005442327_FORGED.png
P8_0003960_X51005442327_P6ANCHOR,P0000210_X51005442327_FORGED,X51005442327,group_0092,train,P6_ANCHOR,364,397,373,412,9,15,200.0,1.0,FORGED_REGION,1,0,EDITED,C:\Users\jay\New folder (2)\Trustrace\data\document_patches\P0000210_X51005442327_FORGED.png
P8_0003970_X51005447840_P6ANCHOR,P0000287_X51005447840_FORGED,X51005447840,group_0116,train,P6_ANCHOR,273,581,323,619,50,38,200.0,1.0,FORGED_REGION,1,0,EDITED,C:\Users\jay\New folder (2)\Trustrace\data\document_patches\P0000287_X51005447840_FORGED.png
P8_0003973_X51005447851_P6ANCHOR,P0000301_X51005447851_FORGED,X51005447851,group_0121,train,P6_ANCHOR,342,1021,368,1058,26,37,200.0,1.0,FORGED_REGION,1,0,EDITED,C:\Users\jay\New folder (2)\Trustrace\data\document_patches\P0000301_X51005447851_FORGED.png
P8_0003974_X51005447851_P6ANCHOR,P0000302_X51005447851_FORGED,X51005447851,group_0121,train,P6_ANCHOR,508,1019,532,1055,24,36,200.0,1.0,FORGED_REGION,1,0,EDITED,C:\Users\jay\New folder (2)\Trustrace\data\document_patches\P0000302_X51005447851_FORGED.png
P8_0003975_X51005447851_P6ANCHOR,P0000303_X51005447851_FORGED,X51005447851,group_0121,train,P6_ANCHOR,669,1022,692,1056,23,34,200.0,1.0,FORGED_REGION,1,0,EDITED,C:\Users\jay\New folder (2)\Trustrace\data\document_patches\P0000303_X51005447851_FORGED.png
P8_0003976_X51005447851_P6ANCHOR,P0000304_X51005447851_FORGED,X51005447851,group_0121,train,P6_ANCHOR,753,1109,783,1147,30,38,200.0,1.0,FORGED_REGION,1,0,EDITED,C:\Users\jay\New folder (2)\Trustrace\data\document_patches\P0000304_X51005447851_FORGED.png
P8_0003977_X51005447851_P6ANCHOR,P0000305_X51005447851_FORGED,X51005447851,group_0121,train,P6_ANCHOR,752,1174,782,1212,30,38,200.0,1.0,FORGED_REGION,1,0,EDITED,C:\Users\jay\New folder (2)\Trustrace\data\document_patches\P0000305_X51005447851_FORGED.png
P8_0003978_X51005447851_P6ANCHOR,P0000306_X51005447851_FORGED,X51005447851,group_0121,train,P6_ANCHOR,566,1490,587,1521,21,31,200.0,1.0,FORGED_REGION,1,0,EDITED,C:\Users\jay\New folder (2)\Trustrace\data\document_patches\P0000306_X51005447851_FORGED.png
P8_0003979_X51005447853_P6ANCHOR,P0000315_X51005447853_FORGED,X51005447853,group_0123,train,P6_ANCHOR,717,781,741,813,24,32,200.0,1.0,FORGED_REGION,1,0,EDITED,C:\Users\jay\New folder (2)\Trustrace\data\document_patches\P0000315_X51005447853_FORGED.png
P8_0003980_X51005447853_P6ANCHOR,P0000316_X51005447853_FORGED,X51005447853,group_0123,train,P6_ANCHOR,771,778,788,815,17,37,200.0,1.0,FORGED_REGION,1,0,EDITED,C:\Users\jay\New folder (2)\Trustrace\data\document_patches\P0000316_X51005447853_FORGED.png
P8_0003981_X51005447853_P6ANCHOR,P0000317_X51005447853_FORGED,X51005447853,group_0123,train,P6_ANCHOR,750,777,768,812,18,35,200.0,1.0,FORGED_REGION,1,0,EDITED,C:\Users\jay\New folder (2)\Trustrace\data\document_patches\P0000317_X51005447853_FORGED.png
P8_0003982_X51005447853_P6ANCHOR,P0000318_X51005447853_FORGED,X51005447853,group_0123,train,P6_ANCHOR,411,686,432,722,21,36,200.0,1.0,FORGED_REGION,1,0,EDITED,C:\Users\jay\New folder (2)\Trustrace\data\document_patches\P0000318_X51005447853_FORGED.png
P8_0003983_X51005447853_P6ANCHOR,P0000319_X51005447853_FORGED,X51005447853,group_0123,train,P6_ANCHOR,696,779,717,814,21,35,200.0,1.0,FORGED_REGION,1,0,EDITED,C:\Users\jay\New folder (2)\Trustrace\data\document_patches\P0000319_X51005447853_FORGED.png
P8_0003984_X51005447861_P6ANCHOR,P0000329_X51005447861_FORGED,X51005447861,group_0126,train,P6_ANCHOR,429,881,483,916,54,35,200.0,1.0,FORGED_REGION,1,0,EDITED,C:\Users\jay\New folder (2)\Trustrace\data\document_patches\P0000329_X51005447861_FORGED.png
P8_0003985_X51005447861_P6ANCHOR,P0000330_X51005447861_FORGED,X51005447861,group_0126,train,P6_ANCHOR,427,826,479,865,52,39,200.0,1.0,FORGED_REGION,1,0,EDITED,C:\Users\jay\New folder (2)\Trustrace\data\document_patches\P0000330_X51005447861_FORGED.png
P8_0003986_X51005568855_P6ANCHOR,P0000345_X51005568855_FORGED,X51005568855,group_0130,train,P6_ANCHOR,699,2596,723,2634,24,38,200.0,1.0,FORGED_REGION,1,0,EDITED,C:\Users\jay\New folder (2)\Trustrace\data\document_patches\P0000345_X51005568855_FORGED.png
P8_0003987_X51005568855_P6ANCHOR,P0000346_X51005568855_FORGED,X51005568855,group_0130,train,P6_ANCHOR,784,2695,808,2731,24,36,200.0,1.0,FORGED_REGION,1,0,EDITED,C:\Users\jay\New folder (2)\Trustrace\data\document_patches\P0000346_X51005568855_FORGED.png
P8_0003988_X51005568855_P6ANCHOR,P0000347_X51005568855_FORGED,X51005568855,group_0130,train,P6_ANCHOR,701,2549,721,2584,20,35,200.0,1.0,FORGED_REGION,1,0,EDITED,C:\Users\jay\New folder (2)\Trustrace\data\document_patches\P0000347_X51005568855_FORGED.png
P8_0004011_X51005568881_P6ANCHOR,P0000397_X51005568881_FORGED,X51005568881,group_0017,train,P6_ANCHOR,87,882,113,918,26,36,200.0,1.0,FORGED_REGION,1,0,EDITED,C:\Users\jay\New folder (2)\Trustrace\data\document_patches\P0000397_X51005568881_FORGED.png
P8_0004012_X51005568881_P6ANCHOR,P0000398_X51005568881_FORGED,X51005568881,group_0017,train,P6_ANCHOR,419,648,444,685,25,37,200.0,1.0,FORGED_REGION,1,0,EDITED,C:\Users\jay\New folder (2)\Trustrace\data\document_patches\P0000398_X51005568881_FORGED.png
P8_0004013_X51005568881_P6ANCHOR,P0000399_X51005568881_FORGED,X51005568881,group_0017,train,P6_ANCHOR,131,926,154,954,23,28,200.0,1.0,FORGED_REGION,1,0,EDITED,C:\Users\jay\New folder (2)\Trustrace\data\document_patches\P0000399_X51005568881_FORGED.png
P8_0004014_X51005568881_P6ANCHOR,P0000400_X51005568881_FORGED,X51005568881,group_0017,train,P6_ANCHOR,247,975,269,1003,22,28,200.0,1.0,FORGED_REGION,1,0,EDITED,C:\Users\jay\New folder (2)\Trustrace\data\document_patches\P0000400_X51005568881_FORGED.png
P8_0004015_X51005568885_P6ANCHOR,P0000407_X51005568885_FORGED,X51005568885,group_0134,train,P6_ANCHOR,769,1169,799,1216,30,47,200.0,1.0,FORGED_REGION,1,0,EDITED,C:\Users\jay\New folder (2)\Trustrace\data\document_patches\P0000407_X51005568885_FORGED.png
P8_0004016_X51005568885_P6ANCHOR,P0000408_X51005568885_FORGED,X51005568885,group_0134,train,P6_ANCHOR,695,1167,724,1213,29,46,200.0,1.0,FORGED_REGION,1,0,EDITED,C:\Users\jay\New folder (2)\Trustrace\data\document_patches\P0000408_X51005568885_FORGED.png
P8_0004017_X51005568885_P6ANCHOR,P0000409_X51005568885_FORGED,X51005568885,group_0134,train,P6_ANCHOR,667,1167,692,1213,25,46,200.0,1.0,FORGED_REGION,1,0,EDITED,C:\Users\jay\New folder (2)\Trustrace\data\document_patches\P0000409_X51005568885_FORGED.png
P8_0004018_X51005568885_P6ANCHOR,P0000410_X51005568885_FORGED,X51005568885,group_0134,train,P6_ANCHOR,695,1247,728,1292,33,45,200.0,1.0,FORGED_REGION,1,0,EDITED,C:\Users\jay\New folder (2)\Trustrace\data\document_patches\P0000410_X51005568885_FORGED.png
P8_0004019_X51005568885_P6ANCHOR,P0000411_X51005568885_FORGED,X51005568885,group_0134,train,P6_ANCHOR,691,1324,724,1369,33,45,200.0,1.0,FORGED_REGION,1,0,EDITED,C:\Users\jay\New folder (2)\Trustrace\data\document_patches\P0000411_X51005568885_FORGED.png
P8_0004026_X51005568890_P6ANCHOR,P0000431_X51005568890_FORGED,X51005568890,group_0137,train,P6_ANCHOR,462,637,485,672,23,35,200.0,1.0,FORGED_REGION,1,0,EDITED,C:\Users\jay\New folder (2)\Trustrace\data\document_patches\P0000431_X51005568890_FORGED.png
P8_0004028_X51005605285_P6ANCHOR,P0000467_X51005605285_FORGED,X51005605285,group_0153,train,P6_ANCHOR,99,448,118,484,19,36,200.0,1.0,FORGED_REGION,1,0,EDITED,C:\Users\jay\New folder (2)\Trustrace\data\document_patches\P0000467_X51005605285_FORGED.png
P8_0004029_X51005605285_P6ANCHOR,P0000468_X51005605285_FORGED,X51005605285,group_0153,train,P6_ANCHOR,528,453,585,493,57,40,200.0,1.0,FORGED_REGION,1,0,EDITED,C:\Users\jay\New folder (2)\Trustrace\data\document_patches\P0000468_X51005605285_FORGED.png
P8_0004030_X51005605285_P6ANCHOR,P0000469_X51005605285_FORGED,X51005605285,group_0153,train,P6_ANCHOR,556,577,612,611,56,34,200.0,1.0,FORGED_REGION,1,0,EDITED,C:\Users\jay\New folder (2)\Trustrace\data\document_patches\P0000469_X51005605285_FORGED.png
P8_0004031_X51005605285_P6ANCHOR,P0000470_X51005605285_FORGED,X51005605285,group_0153,train,P6_ANCHOR,556,616,611,650,55,34,200.0,1.0,FORGED_REGION,1,0,EDITED,C:\Users\jay\New folder (2)\Trustrace\data\document_patches\P0000470_X51005605285_FORGED.png
P8_0004032_X51005605285_P6ANCHOR,P0000471_X51005605285_FORGED,X51005605285,group_0153,train,P6_ANCHOR,552,650,611,689,59,39,200.0,1.0,FORGED_REGION,1,0,EDITED,C:\Users\jay\New folder (2)\Trustrace\data\document_patches\P0000471_X51005605285_FORGED.png
P8_0004033_X51005605285_P6ANCHOR,P0000472_X51005605285_FORGED,X51005605285,group_0153,train,P6_ANCHOR,546,728,610,767,64,39,200.0,1.0,FORGED_REGION,1,0,EDITED,C:\Users\jay\New folder (2)\Trustrace\data\document_patches\P0000472_X51005605285_FORGED.png
P8_0004034_X51005605285_P6ANCHOR,P0000473_X51005605285_FORGED,X51005605285,group_0153,train,P6_ANCHOR,352,843,426,882,74,39,200.0,1.0,FORGED_REGION,1,0,EDITED,C:\Users\jay\New folder (2)\Trustrace\data\document_patches\P0000473_X51005605285_FORGED.png
P8_0004035_X51005605285_P6ANCHOR,P0000474_X51005605285_FORGED,X51005605285,group_0153,train,P6_ANCHOR,351,883,426,923,75,40,200.0,1.0,FORGED_REGION,1,0,EDITED,C:\Users\jay\New folder (2)\Trustrace\data\document_patches\P0000474_X51005605285_FORGED.png
P8_0004036_X51005605285_P6ANCHOR,P0000475_X51005605285_FORGED,X51005605285,group_0153,train,P6_ANCHOR,590,846,624,883,34,37,200.0,1.0,FORGED_REGION,1,0,EDITED,C:\Users\jay\New folder (2)\Trustrace\data\document_patches\P0000475_X51005605285_FORGED.png
P8_0004037_X51005605285_P6ANCHOR,P0000476_X51005605285_FORGED,X51005605285,group_0153,train,P6_ANCHOR,587,886,624,923,37,37,200.0,1.0,FORGED_REGION,1,0,EDITED,C:\Users\jay\New folder (2)\Trustrace\data\document_patches\P0000476_X51005605285_FORGED.png
P8_0004038_X51005605295_P6ANCHOR,P0000491_X51005605295_FORGED,X51005605295,group_0156,train,P6_ANCHOR,410,726,458,757,48,31,200.0,1.0,FORGED_REGION,1,0,EDITED,C:\Users\jay\New folder (2)\Trustrace\data\document_patches\P0000491_X51005605295_FORGED.png
P8_0004039_X51005605295_P6ANCHOR,P0000492_X51005605295_FORGED,X51005605295,group_0156,train,P6_ANCHOR,413,531,462,562,49,31,200.0,1.0,FORGED_REGION,1,0,EDITED,C:\Users\jay\New folder (2)\Trustrace\data\document_patches\P0000492_X51005605295_FORGED.png
P8_0004040_X51005605333_P6ANCHOR,P0000497_X51005605333_FORGED,X51005605333,group_0158,train,P6_ANCHOR,500,1032,536,1066,36,34,200.0,1.0,FORGED_REGION,1,0,EDITED,C:\Users\jay\New folder (2)\Trustrace\data\document_patches\P0000497_X51005605333_FORGED.png
P8_0004041_X51005605335_P6ANCHOR,P0000501_X51005605335_FORGED,X51005605335,group_0160,train,P6_ANCHOR,28,564,46,592,18,28,200.0,1.0,FORGED_REGION,1,0,EDITED,C:\Users\jay\New folder (2)\Trustrace\data\document_patches\P0000501_X51005605335_FORGED.png
P8_0004042_X51005605335_P6ANCHOR,P0000502_X51005605335_FORGED,X51005605335,group_0160,train,P6_ANCHOR,50,566,67,594,17,28,200.0,1.0,FORGED_REGION,1,0,EDITED,C:\Users\jay\New folder (2)\Trustrace\data\document_patches\P0000502_X51005605335_FORGED.png
P8_0004043_X51005663274_P6ANCHOR,P0000511_X51005663274_FORGED,X51005663274,group_0164,train,P6_ANCHOR,491,400,512,432,21,32,200.0,1.0,FORGED_REGION,1,0,EDITED,C:\Users\jay\New folder (2)\Trustrace\data\document_patches\P0000511_X51005663274_FORGED.png
P8_0004044_X51005663274_P6ANCHOR,P0000512_X51005663274_FORGED,X51005663274,group_0164,train,P6_ANCHOR,288,723,307,755,19,32,200.0,1.0,FORGED_REGION,1,0,EDITED,C:\Users\jay\New folder (2)\Trustrace\data\document_patches\P0000512_X51005663274_FORGED.png
P8_0004045_X51005663278_P6ANCHOR,P0000519_X51005663278_FORGED,X51005663278,group_0167,train,P6_ANCHOR,406,700,424,735,18,35,200.0,1.0,FORGED_REGION,1,0,EDITED,C:\Users\jay\New folder (2)\Trustrace\data\document_patches\P0000519_X51005663278_FORGED.png
P8_0004046_X51005663278_P6ANCHOR,P0000520_X51005663278_FORGED,X51005663278,group_0167,train,P6_ANCHOR,424,699,436,737,12,38,200.0,1.0,FORGED_REGION,1,0,EDITED,C:\Users\jay\New folder (2)\Trustrace\data\document_patches\P0000520_X51005663278_FORGED.png
P8_0004047_X51005663293_P6ANCHOR,P0000527_X51005663293_FORGED,X51005663293,group_0170,train,P6_ANCHOR,554,1413,569,1444,15,31,200.0,1.0,FORGED_REGION,1,0,EDITED,C:\Users\jay\New folder (2)\Trustrace\data\document_patches\P0000527_X51005663293_FORGED.png
P8_0004048_X51005663293_P6ANCHOR,P0000528_X51005663293_FORGED,X51005663293,group_0170,train,P6_ANCHOR,612,1415,625,1443,13,28,200.0,1.0,FORGED_REGION,1,0,EDITED,C:\Users\jay\New folder (2)\Trustrace\data\document_patches\P0000528_X51005663293_FORGED.png
P8_0004049_X51005663293_P6ANCHOR,P0000529_X51005663293_FORGED,X51005663293,group_0170,train,P6_ANCHOR,465,1485,496,1538,31,53,200.0,1.0,FORGED_REGION,1,0,EDITED,C:\Users\jay\New folder (2)\Trustrace\data\document_patches\P0000529_X51005663293_FORGED.png
P8_0004050_X51005663293_P6ANCHOR,P0000530_X51005663293_FORGED,X51005663293,group_0170,train,P6_ANCHOR,579,1490,607,1542,28,52,200.0,1.0,FORGED_REGION,1,0,EDITED,C:\Users\jay\New folder (2)\Trustrace\data\document_patches\P0000530_X51005663293_FORGED.png
P8_0004051_X51005663293_P6ANCHOR,P0000531_X51005663293_FORGED,X51005663293,group_0170,train,P6_ANCHOR,304,1731,348,1795,44,64,200.0,1.0,FORGED_REGION,1,0,EDITED,C:\Users\jay\New folder (2)\Trustrace\data\document_patches\P0000531_X51005663293_FORGED.png
P8_0004052_X51005663293_P6ANCHOR,P0000532_X51005663293_FORGED,X51005663293,group_0170,train,P6_ANCHOR,347,1736,389,1797,42,61,200.0,1.0,FORGED_REGION,1,0,EDITED,C:\Users\jay\New folder (2)\Trustrace\data\document_patches\P0000532_X51005663293_FORGED.png
P8_0004053_X51005663317_P6ANCHOR,P0000555_X51005663317_FORGED,X51005663317,group_0179,train,P6_ANCHOR,344,721,368,755,24,34,200.0,1.0,FORGED_REGION,1,0,EDITED,C:\Users\jay\New folder (2)\Trustrace\data\document_patches\P0000555_X51005663317_FORGED.png
P8_0004054_X51005663317_P6ANCHOR,P0000556_X51005663317_FORGED,X51005663317,group_0179,train,P6_ANCHOR,411,722,431,755,20,33,200.0,1.0,FORGED_REGION,1,0,EDITED,C:\Users\jay\New folder (2)\Trustrace\data\document_patches\P0000556_X51005663317_FORGED.png
P8_0004055_X51005663317_P6ANCHOR,P0000557_X51005663317_FORGED,X51005663317,group_0179,train,P6_ANCHOR,432,722,452,755,20,33,200.0,1.0,FORGED_REGION,1,0,EDITED,C:\Users\jay\New folder (2)\Trustrace\data\document_patches\P0000557_X51005663317_FORGED.png
P8_0004058_X51005676535_P6ANCHOR,P0000579_X51005676535_FORGED,X51005676535,group_0188,train,P6_ANCHOR,416,321,435,352,19,31,200.0,1.0,FORGED_REGION,1,0,EDITED,C:\Users\jay\New folder (2)\Trustrace\data\document_patches\P0000579_X51005676535_FORGED.png
P8_0004059_X51005676535_P6ANCHOR,P0000580_X51005676535_FORGED,X51005676535,group_0188,train,P6_ANCHOR,455,319,483,351,28,32,200.0,1.0,FORGED_REGION,1,0,EDITED,C:\Users\jay\New folder (2)\Trustrace\data\document_patches\P0000580_X51005676535_FORGED.png
P8_0004060_X51005676535_P6ANCHOR,P0000581_X51005676535_FORGED,X51005676535,group_0188,train,P6_ANCHOR,273,515,303,551,30,36,200.0,1.0,FORGED_REGION,1,0,EDITED,C:\Users\jay\New folder (2)\Trustrace\data\document_patches\P0000581_X51005676535_FORGED.png
P8_0004061_X51005676535_P6ANCHOR,P0000582_X51005676535_FORGED,X51005676535,group_0188,train,P6_ANCHOR,403,412,425,446,22,34,200.0,1.0,FORGED_REGION,1,0,EDITED,C:\Users\jay\New folder (2)\Trustrace\data\document_patches\P0000582_X51005676535_FORGED.png
P8_0004062_X51005676535_P6ANCHOR,P0000583_X51005676535_FORGED,X51005676535,group_0188,train,P6_ANCHOR,450,413,473,446,23,33,200.0,1.0,FORGED_REGION,1,0,EDITED,C:\Users\jay\New folder (2)\Trustrace\data\document_patches\P0000583_X51005676535_FORGED.png
P8_0004063_X51005676535_P6ANCHOR,P0000584_X51005676535_FORGED,X51005676535,group_0188,train,P6_ANCHOR,475,413,496,443,21,30,200.0,1.0,FORGED_REGION,1,0,EDITED,C:\Users\jay\New folder (2)\Trustrace\data\document_patches\P0000584_X51005676535_FORGED.png
P8_0004064_X51005676535_P6ANCHOR,P0000585_X51005676535_FORGED,X51005676535,group_0188,train,P6_ANCHOR,498,415,633,444,135,29,200.0,1.0,FORGED_REGION,1,0,EDITED,C:\Users\jay\New folder (2)\Trustrace\data\document_patches\P0000585_X51005676535_FORGED.png
P8_0004065_X51005676540_P6ANCHOR,P0000601_X51005676540_FORGED,X51005676540,group_0193,train,P6_ANCHOR,369,1024,393,1059,24,35,200.0,1.0,FORGED_REGION,1,0,EDITED,C:\Users\jay\New folder (2)\Trustrace\data\document_patches\P0000601_X51005676540_FORGED.png
P8_0004066_X51005676540_P6ANCHOR,P0000602_X51005676540_FORGED,X51005676540,group_0193,train,P6_ANCHOR,356,1231,385,1265,29,34,200.0,1.0,FORGED_REGION,1,0,EDITED,C:\Users\jay\New folder (2)\Trustrace\data\document_patches\P0000602_X51005676540_FORGED.png
P8_0004067_X51005676540_P6ANCHOR,P0000603_X51005676540_FORGED,X51005676540,group_0193,train,P6_ANCHOR,735,686,755,724,20,38,200.0,1.0,FORGED_REGION,1,0,EDITED,C:\Users\jay\New folder (2)\Trustrace\data\document_patches\P0000603_X51005676540_FORGED.png
P8_0004068_X51005676541_P6ANCHOR,P0000607_X51005676541_FORGED,X51005676541,group_0194,train,P6_ANCHOR,809,687,834,733,25,46,200.0,1.0,FORGED_REGION,1,0,EDITED,C:\Users\jay\New folder (2)\Trustrace\data\document_patches\P0000607_X51005676541_FORGED.png
P8_0004069_X51005676541_P6ANCHOR,P0000608_X51005676541_FORGED,X51005676541,group_0194,train,P6_ANCHOR,474,685,497,734,23,49,200.0,1.0,FORGED_REGION,1,0,EDITED,C:\Users\jay\New folder (2)\Trustrace\data\document_patches\P0000608_X51005676541_FORGED.png
P8_0004071_X51005677333_P6ANCHOR,P0000637_X51005677333_FORGED,X51005677333,group_0208,train,P6_ANCHOR,67,281,863,445,796,164,200.0,1.0,FORGED_REGION,1,0,EDITED,C:\Users\jay\New folder (2)\Trustrace\data\document_patches\P0000637_X51005677333_FORGED.png
P8_0004072_X51005677339_P6ANCHOR,P0000647_X51005677339_FORGED,X51005677339,group_0211,train,P6_ANCHOR,699,1079,726,1112,27,33,200.0,1.0,FORGED_REGION,1,0,EDITED,C:\Users\jay\New folder (2)\Trustrace\data\document_patches\P0000647_X51005677339_FORGED.png
P8_0004073_X51005677339_P6ANCHOR,P0000648_X51005677339_FORGED,X51005677339,group_0211,train,P6_ANCHOR,699,1158,726,1194,27,36,200.0,1.0,FORGED_REGION,1,0,EDITED,C:\Users\jay\New folder (2)\Trustrace\data\document_patches\P0000648_X51005677339_FORGED.png
P8_0004074_X51005677339_P6ANCHOR,P0000649_X51005677339_FORGED,X51005677339,group_0211,train,P6_ANCHOR,703,1401,728,1431,25,30,200.0,1.0,FORGED_REGION,1,0,EDITED,C:\Users\jay\New folder (2)\Trustrace\data\document_patches\P0000649_X51005677339_FORGED.png
P8_0004075_X51005677339_P6ANCHOR,P0000650_X51005677339_FORGED,X51005677339,group_0211,train,P6_ANCHOR,532,1710,560,1745,28,35,200.0,1.0,FORGED_REGION,1,0,EDITED,C:\Users\jay\New folder (2)\Trustrace\data\document_patches\P0000650_X51005677339_FORGED.png
P8_0004076_X51005677339_P6ANCHOR,P0000651_X51005677339_FORGED,X51005677339,group_0211,train,P6_ANCHOR,530,1761,557,1795,27,34,200.0,1.0,FORGED_REGION,1,0,EDITED,C:\Users\jay\New folder (2)\Trustrace\data\document_patches\P0000651_X51005677339_FORGED.png
P8_0004079_X51005710963_P6ANCHOR,P0000681_X51005710963_FORGED,X51005710963,group_0221,train,P6_ANCHOR,616,726,638,760,22,34,200.0,1.0,FORGED_REGION,1,0,EDITED,C:\Users\jay\New folder (2)\Trustrace\data\document_patches\P0000681_X51005710963_FORGED.png
P8_0004080_X51005711402_P6ANCHOR,P0000685_X51005711402_FORGED,X51005711402,group_0223,train,P6_ANCHOR,438,991,516,1038,78,47,200.0,1.0,FORGED_REGION,1,0,EDITED,C:\Users\jay\New folder (2)\Trustrace\data\document_patches\P0000685_X51005711402_FORGED.png
P8_0004081_X51005711402_P6ANCHOR,P0000686_X51005711402_FORGED,X51005711402,group_0223,train,P6_ANCHOR,595,986,675,1038,80,52,200.0,1.0,FORGED_REGION,1,0,EDITED,C:\Users\jay\New folder (2)\Trustrace\data\document_patches\P0000686_X51005711402_FORGED.png
P8_0004082_X51005711402_P6ANCHOR,P0000687_X51005711402_FORGED,X51005711402,group_0223,train,P6_ANCHOR,647,1280,693,1331,46,51,200.0,1.0,FORGED_REGION,1,0,EDITED,C:\Users\jay\New folder (2)\Trustrace\data\document_patches\P0000687_X51005711402_FORGED.png
P8_0004083_X51005711402_P6ANCHOR,P0000688_X51005711402_FORGED,X51005711402,group_0223,train,P6_ANCHOR,572,1403,637,1463,65,60,200.0,1.0,FORGED_REGION,1,0,EDITED,C:\Users\jay\New folder (2)\Trustrace\data\document_patches\P0000688_X51005711402_FORGED.png
P8_0004092_X51005711454_P6ANCHOR,P0000731_X51005711454_FORGED,X51005711454,group_0237,train,P6_ANCHOR,244,741,293,780,49,39,200.0,1.0,FORGED_REGION,1,0,EDITED,C:\Users\jay\New folder (2)\Trustrace\data\document_patches\P0000731_X51005711454_FORGED.png
P8_0004094_X51005719823_P6ANCHOR,P0000759_X51005719823_FORGED,X51005719823,group_0251,train,P6_ANCHOR,714,1346,738,1383,24,37,200.0,1.0,FORGED_REGION,1,0,EDITED,C:\Users\jay\New folder (2)\Trustrace\data\document_patches\P0000759_X51005719823_FORGED.png
P8_0004095_X51005719823_P6ANCHOR,P0000760_X51005719823_FORGED,X51005719823,group_0251,train,P6_ANCHOR,619,1416,660,1457,41,41,200.0,1.0,FORGED_REGION,1,0,EDITED,C:\Users\jay\New folder (2)\Trustrace\data\document_patches\P0000760_X51005719823_FORGED.png
P8_0004096_X51005719823_P6ANCHOR,P0000761_X51005719823_FORGED,X51005719823,group_0251,train,P6_ANCHOR,621,1464,660,1501,39,37,200.0,1.0,FORGED_REGION,1,0,EDITED,C:\Users\jay\New folder (2)\Trustrace\data\document_patches\P0000761_X51005719823_FORGED.png
P8_0004111_X51005719898_P6ANCHOR,P0000823_X51005719898_FORGED,X51005719898,group_0267,train,P6_ANCHOR,202,718,222,748,20,30,200.0,1.0,FORGED_REGION,1,0,EDITED,C:\Users\jay\New folder (2)\Trustrace\data\document_patches\P0000823_X51005719898_FORGED.png
P8_0004112_X51005719898_P6ANCHOR,P0000824_X51005719898_FORGED,X51005719898,group_0267,train,P6_ANCHOR,265,717,283,749,18,32,200.0,1.0,FORGED_REGION,1,0,EDITED,C:\Users\jay\New folder (2)\Trustrace\data\document_patches\P0000824_X51005719898_FORGED.png
P8_0004113_X51005719898_P6ANCHOR,P0000825_X51005719898_FORGED,X51005719898,group_0267,train,P6_ANCHOR,781,1012,798,1045,17,33,200.0,1.0,FORGED_REGION,1,0,EDITED,C:\Users\jay\New folder (2)\Trustrace\data\document_patches\P0000825_X51005719898_FORGED.png
P8_0004114_X51005719898_P6ANCHOR,P0000826_X51005719898_FORGED,X51005719898,group_0267,train,P6_ANCHOR,758,1306,778,1338,20,32,200.0,1.0,FORGED_REGION,1,0,EDITED,C:\Users\jay\New folder (2)\Trustrace\data\document_patches\P0000826_X51005719898_FORGED.png
P8_0004119_X51005722699_P6ANCHOR,P0000857_X51005722699_FORGED,X51005722699,group_0278,train,P6_ANCHOR,238,753,347,799,109,46,200.0,1.0,FORGED_REGION,1,0,EDITED,C:\Users\jay\New folder (2)\Trustrace\data\document_patches\P0000857_X51005722699_FORGED.png
P8_0004120_X51005722699_P6ANCHOR,P0000858_X51005722699_FORGED,X51005722699,group_0278,train,P6_ANCHOR,700,1212,810,1259,110,47,200.0,1.0,FORGED_REGION,1,0,EDITED,C:\Users\jay\New folder (2)\Trustrace\data\document_patches\P0000858_X51005722699_FORGED.png
P8_0004121_X51005722699_P6ANCHOR,P0000859_X51005722699_FORGED,X51005722699,group_0278,train,P6_ANCHOR,695,1158,814,1198,119,40,200.0,1.0,FORGED_REGION,1,0,EDITED,C:\Users\jay\New folder (2)\Trustrace\data\document_patches\P0000859_X51005722699_FORGED.png
P8_0004122_X51005724609_P6ANCHOR,P0000867_X51005724609_FORGED,X51005724609,group_0280,train,P6_ANCHOR,251,778,270,813,19,35,200.0,1.0,FORGED_REGION,1,0,EDITED,C:\Users\jay\New folder (2)\Trustrace\data\document_patches\P0000867_X51005724609_FORGED.png
P8_0004123_X51005724609_P6ANCHOR,P0000868_X51005724609_FORGED,X51005724609,group_0280,train,P6_ANCHOR,271,779,291,813,20,34,200.0,1.0,FORGED_REGION,1,0,EDITED,C:\Users\jay\New folder (2)\Trustrace\data\document_patches\P0000868_X51005724609_FORGED.png
P8_0004124_X51005724609_P6ANCHOR,P0000869_X51005724609_FORGED,X51005724609,group_0280,train,P6_ANCHOR,367,472,385,507,18,35,200.0,1.0,FORGED_REGION,1,0,EDITED,C:\Users\jay\New folder (2)\Trustrace\data\document_patches\P0000869_X51005724609_FORGED.png
P8_0004125_X51005724609_P6ANCHOR,P0000870_X51005724609_FORGED,X51005724609,group_0280,train,P6_ANCHOR,347,472,366,507,19,35,200.0,1.0,FORGED_REGION,1,0,EDITED,C:\Users\jay\New folder (2)\Trustrace\data\document_patches\P0000870_X51005724609_FORGED.png
P8_0004126_X51005724609_P6ANCHOR,P0000871_X51005724609_FORGED,X51005724609,group_0280,train,P6_ANCHOR,346,1276,366,1309,20,33,200.0,1.0,FORGED_REGION,1,0,EDITED,C:\Users\jay\New folder (2)\Trustrace\data\document_patches\P0000871_X51005724609_FORGED.png
P8_0004127_X51005724609_P6ANCHOR,P0000872_X51005724609_FORGED,X51005724609,group_0280,train,P6_ANCHOR,365,1277,385,1309,20,32,200.0,1.0,FORGED_REGION,1,0,EDITED,C:\Users\jay\New folder (2)\Trustrace\data\document_patches\P0000872_X51005724609_FORGED.png
P8_0004128_X51005724609_P6ANCHOR,P0000873_X51005724609_FORGED,X51005724609,group_0280,train,P6_ANCHOR,288,1274,307,1311,19,37,200.0,1.0,FORGED_REGION,1,0,EDITED,C:\Users\jay\New folder (2)\Trustrace\data\document_patches\P0000873_X51005724609_FORGED.png
P8_0004129_X51005724609_P6ANCHOR,P0000874_X51005724609_FORGED,X51005724609,group_0280,train,P6_ANCHOR,193,1273,213,1310,20,37,200.0,1.0,FORGED_REGION,1,0,EDITED,C:\Users\jay\New folder (2)\Trustrace\data\document_patches\P0000874_X51005724609_FORGED.png
P8_0004130_X51005745183_P6ANCHOR,P0000911_X51005745183_FORGED,X51005745183,group_0295,train,P6_ANCHOR,365,848,415,871,50,23,200.0,1.0,FORGED_REGION,1,0,EDITED,C:\Users\jay\New folder (2)\Trustrace\data\document_patches\P0000911_X51005745183_FORGED.png
P8_0004131_X51005745183_P6ANCHOR,P0000912_X51005745183_FORGED,X51005745183,group_0295,train,P6_ANCHOR,254,606,304,627,50,21,200.0,1.0,FORGED_REGION,1,0,EDITED,C:\Users\jay\New folder (2)\Trustrace\data\document_patches\P0000912_X51005745183_FORGED.png
P8_0004132_X51005745183_P6ANCHOR,P0000913_X51005745183_FORGED,X51005745183,group_0295,train,P6_ANCHOR,601,701,618,719,17,18,200.0,1.0,FORGED_REGION,1,0,EDITED,C:\Users\jay\New folder (2)\Trustrace\data\document_patches\P0000913_X51005745183_FORGED.png
P8_0004133_X51005745183_P6ANCHOR,P0000914_X51005745183_FORGED,X51005745183,group_0295,train,P6_ANCHOR,599,780,617,797,18,17,200.0,1.0,FORGED_REGION,1,0,EDITED,C:\Users\jay\New folder (2)\Trustrace\data\document_patches\P0000914_X51005745183_FORGED.png
P8_0004134_X51005745183_P6ANCHOR,P0000915_X51005745183_FORGED,X51005745183,group_0295,train,P6_ANCHOR,597,813,616,832,19,19,200.0,1.0,FORGED_REGION,1,0,EDITED,C:\Users\jay\New folder (2)\Trustrace\data\document_patches\P0000915_X51005745183_FORGED.png
P8_0004135_X51005757199_P6ANCHOR,P0000959_X51005757199_FORGED,X51005757199,group_0315,train,P6_ANCHOR,563,932,644,973,81,41,200.0,1.0,FORGED_REGION,1,0,EDITED,C:\Users\jay\New folder (2)\Trustrace\data\document_patches\P0000959_X51005757199_FORGED.png
P8_0004136_X51005757199_P6ANCHOR,P0000960_X51005757199_FORGED,X51005757199,group_0315,train,P6_ANCHOR,567,853,643,888,76,35,200.0,1.0,FORGED_REGION,1,0,EDITED,C:\Users\jay\New folder (2)\Trustrace\data\document_patches\P0000960_X51005757199_FORGED.png
P8_0004144_X51005757349_P6ANCHOR,P0001009_X51005757349_FORGED,X51005757349,group_0334,train,P6_ANCHOR,384,906,399,930,15,24,200.0,1.0,FORGED_REGION,1,0,EDITED,C:\Users\jay\New folder (2)\Trustrace\data\document_patches\P0001009_X51005757349_FORGED.png
P8_0004145_X51005757349_P6ANCHOR,P0001010_X51005757349_FORGED,X51005757349,group_0334,train,P6_ANCHOR,558,908,572,933,14,25,200.0,1.0,FORGED_REGION,1,0,EDITED,C:\Users\jay\New folder (2)\Trustrace\data\document_patches\P0001010_X51005757349_FORGED.png
P8_0004146_X51005757349_P6ANCHOR,P0001011_X51005757349_FORGED,X51005757349,group_0334,train,P6_ANCHOR,343,905,356,931,13,26,200.0,1.0,FORGED_REGION,1,0,EDITED,C:\Users\jay\New folder (2)\Trustrace\data\document_patches\P0001011_X51005757349_FORGED.png
P8_0004147_X51005757349_P6ANCHOR,P0001012_X51005757349_FORGED,X51005757349,group_0334,train,P6_ANCHOR,357,906,373,932,16,26,200.0,1.0,FORGED_REGION,1,0,EDITED,C:\Users\jay\New folder (2)\Trustrace\data\document_patches\P0001012_X51005757349_FORGED.png
P8_0004148_X51005757349_P6ANCHOR,P0001013_X51005757349_FORGED,X51005757349,group_0334,train,P6_ANCHOR,328,906,340,931,12,25,200.0,1.0,FORGED_REGION,1,0,EDITED,C:\Users\jay\New folder (2)\Trustrace\data\document_patches\P0001013_X51005757349_FORGED.png
P8_0004149_X51005757349_P6ANCHOR,P0001014_X51005757349_FORGED,X51005757349,group_0334,train,P6_ANCHOR,544,906,557,935,13,29,200.0,1.0,FORGED_REGION,1,0,EDITED,C:\Users\jay\New folder (2)\Trustrace\data\document_patches\P0001014_X51005757349_FORGED.png
P8_0004150_X51005757349_P6ANCHOR,P0001015_X51005757349_FORGED,X51005757349,group_0334,train,P6_ANCHOR,542,1020,554,1047,12,27,200.0,1.0,FORGED_REGION,1,0,EDITED,C:\Users\jay\New folder (2)\Trustrace\data\document_patches\P0001015_X51005757349_FORGED.png
P8_0004151_X51005757349_P6ANCHOR,P0001016_X51005757349_FORGED,X51005757349,group_0334,train,P6_ANCHOR,539,1095,552,1120,13,25,200.0,1.0,FORGED_REGION,1,0,EDITED,C:\Users\jay\New folder (2)\Trustrace\data\document_patches\P0001016_X51005757349_FORGED.png
P8_0004152_X51005757349_P6ANCHOR,P0001017_X51005757349_FORGED,X51005757349,group_0334,train,P6_ANCHOR,541,1134,556,1161,15,27,200.0,1.0,FORGED_REGION,1,0,EDITED,C:\Users\jay\New folder (2)\Trustrace\data\document_patches\P0001017_X51005757349_FORGED.png
P8_0004153_X51005757349_P6ANCHOR,P0001018_X51005757349_FORGED,X51005757349,group_0334,train,P6_ANCHOR,571,907,584,932,13,25,200.0,1.0,FORGED_REGION,1,0,EDITED,C:\Users\jay\New folder (2)\Trustrace\data\document_patches\P0001018_X51005757349_FORGED.png
P8_0004154_X51005757349_P6ANCHOR,P0001019_X51005757349_FORGED,X51005757349,group_0334,train,P6_ANCHOR,552,1166,583,1199,31,33,200.0,1.0,FORGED_REGION,1,0,EDITED,C:\Users\jay\New folder (2)\Trustrace\data\document_patches\P0001019_X51005757349_FORGED.png
P8_0004155_X51005757349_P6ANCHOR,P0001020_X51005757349_FORGED,X51005757349,group_0334,train,P6_ANCHOR,549,1054,586,1082,37,28,200.0,1.0,FORGED_REGION,1,0,EDITED,C:\Users\jay\New folder (2)\Trustrace\data\document_patches\P0001020_X51005757349_FORGED.png
P8_0004159_X51005806702_P6ANCHOR,P0001067_X51005806702_FORGED,X51005806702,group_0351,train,P6_ANCHOR,249,849,278,884,29,35,200.0,1.0,FORGED_REGION,1,0,EDITED,C:\Users\jay\New folder (2)\Trustrace\data\document_patches\P0001067_X51005806702_FORGED.png
P8_0004160_X51005806702_P6ANCHOR,P0001068_X51005806702_FORGED,X51005806702,group_0351,train,P6_ANCHOR,296,781,319,822,23,41,200.0,1.0,FORGED_REGION,1,0,EDITED,C:\Users\jay\New folder (2)\Trustrace\data\document_patches\P0001068_X51005806702_FORGED.png
P8_0004161_X51005806702_P6ANCHOR,P0001069_X51005806702_FORGED,X51005806702,group_0351,train,P6_ANCHOR,549,785,570,818,21,33,200.0,1.0,FORGED_REGION,1,0,EDITED,C:\Users\jay\New folder (2)\Trustrace\data\document_patches\P0001069_X51005806702_FORGED.png
P8_0004162_X51005806702_P6ANCHOR,P0001070_X51005806702_FORGED,X51005806702,group_0351,train,P6_ANCHOR,530,785,551,818,21,33,200.0,1.0,FORGED_REGION,1,0,EDITED,C:\Users\jay\New folder (2)\Trustrace\data\document_patches\P0001070_X51005806702_FORGED.png
P8_0004163_X51005806702_P6ANCHOR,P0001071_X51005806702_FORGED,X51005806702,group_0351,train,P6_ANCHOR,582,911,605,946,23,35,200.0,1.0,FORGED_REGION,1,0,EDITED,C:\Users\jay\New folder (2)\Trustrace\data\document_patches\P0001071_X51005806702_FORGED.png
P8_0004164_X51005806702_P6ANCHOR,P0001072_X51005806702_FORGED,X51005806702,group_0351,train,P6_ANCHOR,601,914,620,949,19,35,200.0,1.0,FORGED_REGION,1,0,EDITED,C:\Users\jay\New folder (2)\Trustrace\data\document_patches\P0001072_X51005806702_FORGED.png
P8_0004165_X51005806702_P6ANCHOR,P0001073_X51005806702_FORGED,X51005806702,group_0351,train,P6_ANCHOR,551,1015,576,1052,25,37,200.0,1.0,FORGED_REGION,1,0,EDITED,C:\Users\jay\New folder (2)\Trustrace\data\document_patches\P0001073_X51005806702_FORGED.png
P8_0004166_X51005806702_P6ANCHOR,P0001074_X51005806702_FORGED,X51005806702,group_0351,train,P6_ANCHOR,576,1009,595,1042,19,33,200.0,1.0,FORGED_REGION,1,0,EDITED,C:\Users\jay\New folder (2)\Trustrace\data\document_patches\P0001074_X51005806702_FORGED.png
P8_0004167_X51005806702_P6ANCHOR,P0001075_X51005806702_FORGED,X51005806702,group_0351,train,P6_ANCHOR,582,1079,601,1104,19,25,200.0,1.0,FORGED_REGION,1,0,EDITED,C:\Users\jay\New folder (2)\Trustrace\data\document_patches\P0001075_X51005806702_FORGED.png
P8_0004168_X51005806702_P6ANCHOR,P0001076_X51005806702_FORGED,X51005806702,group_0351,train,P6_ANCHOR,599,1075,616,1106,17,31,200.0,1.0,FORGED_REGION,1,0,EDITED,C:\Users\jay\New folder (2)\Trustrace\data\document_patches\P0001076_X51005806702_FORGED.png
P8_0004169_X51005806702_P6ANCHOR,P0001077_X51005806702_FORGED,X51005806702,group_0351,train,P6_ANCHOR,410,1237,433,1274,23,37,200.0,1.0,FORGED_REGION,1,0,EDITED,C:\Users\jay\New folder (2)\Trustrace\data\document_patches\P0001077_X51005806702_FORGED.png
P8_0004170_X51005806702_P6ANCHOR,P0001078_X51005806702_FORGED,X51005806702,group_0351,train,P6_ANCHOR,429,1239,444,1266,15,27,200.0,1.0,FORGED_REGION,1,0,EDITED,C:\Users\jay\New folder (2)\Trustrace\data\document_patches\P0001078_X51005806702_FORGED.png
P8_0004171_X51006008086_P6ANCHOR,P0001115_X51006008086_FORGED,X51006008086,group_0364,train,P6_ANCHOR,593,1008,612,1045,19,37,200.0,1.0,FORGED_REGION,1,0,EDITED,C:\Users\jay\New folder (2)\Trustrace\data\document_patches\P0001115_X51006008086_FORGED.png
P8_0004172_X51006008206_P6ANCHOR,P0001135_X51006008206_FORGED,X51006008206,group_0372,train,P6_ANCHOR,289,483,299,517,10,34,200.0,1.0,FORGED_REGION,1,0,EDITED,C:\Users\jay\New folder (2)\Trustrace\data\document_patches\P0001135_X51006008206_FORGED.png
P8_0004173_X51006008206_P6ANCHOR,P0001136_X51006008206_FORGED,X51006008206,group_0372,train,P6_ANCHOR,148,483,159,517,11,34,200.0,1.0,FORGED_REGION,1,0,EDITED,C:\Users\jay\New folder (2)\Trustrace\data\document_patches\P0001136_X51006008206_FORGED.png
P8_0004174_X51006248253_P6ANCHOR,P0001139_X51006248253_FORGED,X51006248253,group_0373,train,P6_ANCHOR,389,536,403,560,14,24,200.0,1.0,FORGED_REGION,1,0,EDITED,C:\Users\jay\New folder (2)\Trustrace\data\document_patches\P0001139_X51006248253_FORGED.png
P8_0004175_X51006311764_P6ANCHOR,P0001145_X51006311764_FORGED,X51006311764,group_0376,train,P6_ANCHOR,540,637,552,661,12,24,200.0,1.0,FORGED_REGION,1,0,EDITED,C:\Users\jay\New folder (2)\Trustrace\data\document_patches\P0001145_X51006311764_FORGED.png
P8_0004176_X51006311764_P6ANCHOR,P0001146_X51006311764_FORGED,X51006311764,group_0376,train,P6_ANCHOR,511,634,527,663,16,29,200.0,1.0,FORGED_REGION,1,0,EDITED,C:\Users\jay\New folder (2)\Trustrace\data\document_patches\P0001146_X51006311764_FORGED.png
P8_0004177_X51006311764_P6ANCHOR,P0001147_X51006311764_FORGED,X51006311764,group_0376,train,P6_ANCHOR,370,896,385,924,15,28,200.0,1.0,FORGED_REGION,1,0,EDITED,C:\Users\jay\New folder (2)\Trustrace\data\document_patches\P0001147_X51006311764_FORGED.png
P8_0004178_X51006311764_P6ANCHOR,P0001148_X51006311764_FORGED,X51006311764,group_0376,train,P6_ANCHOR,387,895,402,926,15,31,200.0,1.0,FORGED_REGION,1,0,EDITED,C:\Users\jay\New folder (2)\Trustrace\data\document_patches\P0001148_X51006311764_FORGED.png
P8_0004179_X51006311764_P6ANCHOR,P0001149_X51006311764_FORGED,X51006311764,group_0376,train,P6_ANCHOR,442,894,471,923,29,29,200.0,1.0,FORGED_REGION,1,0,EDITED,C:\Users\jay\New folder (2)\Trustrace\data\document_patches\P0001149_X51006311764_FORGED.png
P8_0004180_X51006311764_P6ANCHOR,P0001150_X51006311764_FORGED,X51006311764,group_0376,train,P6_ANCHOR,556,892,584,924,28,32,200.0,1.0,FORGED_REGION,1,0,EDITED,C:\Users\jay\New folder (2)\Trustrace\data\document_patches\P0001150_X51006311764_FORGED.png
P8_0004181_X51006311764_P6ANCHOR,P0001151_X51006311764_FORGED,X51006311764,group_0376,train,P6_ANCHOR,613,891,628,920,15,29,200.0,1.0,FORGED_REGION,1,0,EDITED,C:\Users\jay\New folder (2)\Trustrace\data\document_patches\P0001151_X51006311764_FORGED.png
P8_0004182_X51006311764_P6ANCHOR,P0001152_X51006311764_FORGED,X51006311764,group_0376,train,P6_ANCHOR,608,967,626,994,18,27,200.0,1.0,FORGED_REGION,1,0,EDITED,C:\Users\jay\New folder (2)\Trustrace\data\document_patches\P0001152_X51006311764_FORGED.png
P8_0004183_X51006311764_P6ANCHOR,P0001153_X51006311764_FORGED,X51006311764,group_0376,train,P6_ANCHOR,628,965,642,997,14,32,200.0,1.0,FORGED_REGION,1,0,EDITED,C:\Users\jay\New folder (2)\Trustrace\data\document_patches\P0001153_X51006311764_FORGED.png
P8_0004184_X51006311764_P6ANCHOR,P0001154_X51006311764_FORGED,X51006311764,group_0376,train,P6_ANCHOR,556,1002,584,1030,28,28,200.0,1.0,FORGED_REGION,1,0,EDITED,C:\Users\jay\New folder (2)\Trustrace\data\document_patches\P0001154_X51006311764_FORGED.png
P8_0004185_X51006311764_P6ANCHOR,P0001155_X51006311764_FORGED,X51006311764,group_0376,train,P6_ANCHOR,613,1002,629,1030,16,28,200.0,1.0,FORGED_REGION,1,0,EDITED,C:\Users\jay\New folder (2)\Trustrace\data\document_patches\P0001155_X51006311764_FORGED.png
P8_0004186_X51006311764_P6ANCHOR,P0001156_X51006311764_FORGED,X51006311764,group_0376,train,P6_ANCHOR,556,1078,585,1107,29,29,200.0,1.0,FORGED_REGION,1,0,EDITED,C:\Users\jay\New folder (2)\Trustrace\data\document_patches\P0001156_X51006311764_FORGED.png
P8_0004187_X51006311764_P6ANCHOR,P0001157_X51006311764_FORGED,X51006311764,group_0376,train,P6_ANCHOR,614,1079,629,1107,15,28,200.0,1.0,FORGED_REGION,1,0,EDITED,C:\Users\jay\New folder (2)\Trustrace\data\document_patches\P0001157_X51006311764_FORGED.png
P8_0004188_X51006311764_P6ANCHOR,P0001158_X51006311764_FORGED,X51006311764,group_0376,train,P6_ANCHOR,554,1148,587,1182,33,34,200.0,1.0,FORGED_REGION,1,0,EDITED,C:\Users\jay\New folder (2)\Trustrace\data\document_patches\P0001158_X51006311764_FORGED.png
P8_0004189_X51006311764_P6ANCHOR,P0001159_X51006311764_FORGED,X51006311764,group_0376,train,P6_ANCHOR,615,1153,630,1180,15,27,200.0,1.0,FORGED_REGION,1,0,EDITED,C:\Users\jay\New folder (2)\Trustrace\data\document_patches\P0001159_X51006311764_FORGED.png
P8_0004190_X51006311764_P6ANCHOR,P0001160_X51006311764_FORGED,X51006311764,group_0376,train,P6_ANCHOR,584,632,596,661,12,29,200.0,1.0,FORGED_REGION,1,0,EDITED,C:\Users\jay\New folder (2)\Trustrace\data\document_patches\P0001160_X51006311764_FORGED.png
P8_0004191_X51006311764_P6ANCHOR,P0001161_X51006311764_FORGED,X51006311764,group_0376,train,P6_ANCHOR,359,1495,377,1521,18,26,200.0,1.0,FORGED_REGION,1,0,EDITED,C:\Users\jay\New folder (2)\Trustrace\data\document_patches\P0001161_X51006311764_FORGED.png
P8_0004192_X51006311764_P6ANCHOR,P0001162_X51006311764_FORGED,X51006311764,group_0376,train,P6_ANCHOR,378,1495,390,1522,12,27,200.0,1.0,FORGED_REGION,1,0,EDITED,C:\Users\jay\New folder (2)\Trustrace\data\document_patches\P0001162_X51006311764_FORGED.png
P8_0004193_X51006311764_P6ANCHOR,P0001163_X51006311764_FORGED,X51006311764,group_0376,train,P6_ANCHOR,429,597,440,625,11,28,200.0,1.0,FORGED_REGION,1,0,EDITED,C:\Users\jay\New folder (2)\Trustrace\data\document_patches\P0001163_X51006311764_FORGED.png
P8_0004194_X51006311764_P6ANCHOR,P0001164_X51006311764_FORGED,X51006311764,group_0376,train,P6_ANCHOR,395,1492,409,1519,14,27,200.0,1.0,FORGED_REGION,1,0,EDITED,C:\Users\jay\New folder (2)\Trustrace\data\document_patches\P0001164_X51006311764_FORGED.png
P8_0004195_X51006311764_P6ANCHOR,P0001165_X51006311764_FORGED,X51006311764,group_0376,train,P6_ANCHOR,160,1499,180,1526,20,27,200.0,1.0,FORGED_REGION,1,0,EDITED,C:\Users\jay\New folder (2)\Trustrace\data\document_patches\P0001165_X51006311764_FORGED.png
P8_0004196_X51006311764_P6ANCHOR,P0001166_X51006311764_FORGED,X51006311764,group_0376,train,P6_ANCHOR,420,1492,436,1521,16,29,200.0,1.0,FORGED_REGION,1,0,EDITED,C:\Users\jay\New folder (2)\Trustrace\data\document_patches\P0001166_X51006311764_FORGED.png
P8_0004197_X51006311764_P6ANCHOR,P0001167_X51006311764_FORGED,X51006311764,group_0376,train,P6_ANCHOR,411,598,427,625,16,27,200.0,1.0,FORGED_REGION,1,0,EDITED,C:\Users\jay\New folder (2)\Trustrace\data\document_patches\P0001167_X51006311764_FORGED.png
P8_0004198_X51006311764_P6ANCHOR,P0001168_X51006311764_FORGED,X51006311764,group_0376,train,P6_ANCHOR,438,1493,455,1521,17,28,200.0,1.0,FORGED_REGION,1,0,EDITED,C:\Users\jay\New folder (2)\Trustrace\data\document_patches\P0001168_X51006311764_FORGED.png
P8_0004199_X51006311764_P6ANCHOR,P0001169_X51006311764_FORGED,X51006311764,group_0376,train,P6_ANCHOR,572,1491,590,1518,18,27,200.0,1.0,FORGED_REGION,1,0,EDITED,C:\Users\jay\New folder (2)\Trustrace\data\document_patches\P0001169_X51006311764_FORGED.png
P8_0004200_X51006311764_P6ANCHOR,P0001170_X51006311764_FORGED,X51006311764,group_0376,train,P6_ANCHOR,418,1567,434,1599,16,32,200.0,1.0,FORGED_REGION,1,0,EDITED,C:\Users\jay\New folder (2)\Trustrace\data\document_patches\P0001170_X51006311764_FORGED.png
P8_0004201_X51006311764_P6ANCHOR,P0001171_X51006311764_FORGED,X51006311764,group_0376,train,P6_ANCHOR,503,1567,536,1596,33,29,200.0,1.0,FORGED_REGION,1,0,EDITED,C:\Users\jay\New folder (2)\Trustrace\data\document_patches\P0001171_X51006311764_FORGED.png
P8_0004202_X51006311764_P6ANCHOR,P0001172_X51006311764_FORGED,X51006311764,group_0376,train,P6_ANCHOR,616,1488,651,1520,35,32,200.0,1.0,FORGED_REGION,1,0,EDITED,C:\Users\jay\New folder (2)\Trustrace\data\document_patches\P0001172_X51006311764_FORGED.png
P8_0004203_X51006329183_P6ANCHOR,P0001229_X51006329183_FORGED,X51006329183,group_0387,train,P6_ANCHOR,382,966,402,993,20,27,200.0,1.0,FORGED_REGION,1,0,EDITED,C:\Users\jay\New folder (2)\Trustrace\data\document_patches\P0001229_X51006329183_FORGED.png
P8_0004204_X51006329183_P6ANCHOR,P0001230_X51006329183_FORGED,X51006329183,group_0387,train,P6_ANCHOR,600,1199,618,1228,18,29,200.0,1.0,FORGED_REGION,1,0,EDITED,C:\Users\jay\New folder (2)\Trustrace\data\document_patches\P0001230_X51006329183_FORGED.png
P8_0004205_X51006329183_P6ANCHOR,P0001231_X51006329183_FORGED,X51006329183,group_0387,train,P6_ANCHOR,600,1276,617,1306,17,30,200.0,1.0,FORGED_REGION,1,0,EDITED,C:\Users\jay\New folder (2)\Trustrace\data\document_patches\P0001231_X51006329183_FORGED.png
P8_0004206_X51006329183_P6ANCHOR,P0001232_X51006329183_FORGED,X51006329183,group_0387,train,P6_ANCHOR,215,692,232,720,17,28,200.0,1.0,FORGED_REGION,1,0,EDITED,C:\Users\jay\New folder (2)\Trustrace\data\document_patches\P0001232_X51006329183_FORGED.png
P8_0004207_X51006329183_P6ANCHOR,P0001233_X51006329183_FORGED,X51006329183,group_0387,train,P6_ANCHOR,628,1277,647,1306,19,29,200.0,1.0,FORGED_REGION,1,0,EDITED,C:\Users\jay\New folder (2)\Trustrace\data\document_patches\P0001233_X51006329183_FORGED.png
P8_0004208_X51006329183_P6ANCHOR,P0001234_X51006329183_FORGED,X51006329183,group_0387,train,P6_ANCHOR,520,966,541,997,21,31,200.0,1.0,FORGED_REGION,1,0,EDITED,C:\Users\jay\New folder (2)\Trustrace\data\document_patches\P0001234_X51006329183_FORGED.png
P8_0004209_X51006329183_P6ANCHOR,P0001235_X51006329183_FORGED,X51006329183,group_0387,train,P6_ANCHOR,47,1360,664,1494,617,134,200.0,1.0,FORGED_REGION,1,0,EDITED,C:\Users\jay\New folder (2)\Trustrace\data\document_patches\P0001235_X51006329183_FORGED.png
P8_0004210_X51006349085_P6ANCHOR,P0001287_X51006349085_FORGED,X51006349085,group_0406,train,P6_ANCHOR,453,851,474,881,21,30,200.0,1.0,FORGED_REGION,1,0,EDITED,C:\Users\jay\New folder (2)\Trustrace\data\document_patches\P0001287_X51006349085_FORGED.png
P8_0004211_X51006349085_P6ANCHOR,P0001288_X51006349085_FORGED,X51006349085,group_0406,train,P6_ANCHOR,565,850,586,883,21,33,200.0,1.0,FORGED_REGION,1,0,EDITED,C:\Users\jay\New folder (2)\Trustrace\data\document_patches\P0001288_X51006349085_FORGED.png
P8_0004212_X51006349085_P6ANCHOR,P0001289_X51006349085_FORGED,X51006349085,group_0406,train,P6_ANCHOR,631,1056,652,1085,21,29,200.0,1.0,FORGED_REGION,1,0,EDITED,C:\Users\jay\New folder (2)\Trustrace\data\document_patches\P0001289_X51006349085_FORGED.png
P8_0004213_X51006349085_P6ANCHOR,P0001290_X51006349085_FORGED,X51006349085,group_0406,train,P6_ANCHOR,632,1123,652,1151,20,28,200.0,1.0,FORGED_REGION,1,0,EDITED,C:\Users\jay\New folder (2)\Trustrace\data\document_patches\P0001290_X51006349085_FORGED.png
P8_0004214_X51006349085_P6ANCHOR,P0001291_X51006349085_FORGED,X51006349085,group_0406,train,P6_ANCHOR,632,1198,652,1232,20,34,200.0,1.0,FORGED_REGION,1,0,EDITED,C:\Users\jay\New folder (2)\Trustrace\data\document_patches\P0001291_X51006349085_FORGED.png
P8_0004215_X51006349085_P6ANCHOR,P0001292_X51006349085_FORGED,X51006349085,group_0406,train,P6_ANCHOR,474,1324,555,1359,81,35,200.0,1.0,FORGED_REGION,1,0,EDITED,C:\Users\jay\New folder (2)\Trustrace\data\document_patches\P0001292_X51006349085_FORGED.png
P8_0004216_X51006349085_P6ANCHOR,P0001293_X51006349085_FORGED,X51006349085,group_0406,train,P6_ANCHOR,645,1326,718,1361,73,35,200.0,1.0,FORGED_REGION,1,0,EDITED,C:\Users\jay\New folder (2)\Trustrace\data\document_patches\P0001293_X51006349085_FORGED.png
P8_0004217_X51006388044_P6ANCHOR,P0001337_X51006388044_FORGED,X51006388044,group_0425,train,P6_ANCHOR,144,1174,162,1201,18,27,200.0,1.0,FORGED_REGION,1,0,EDITED,C:\Users\jay\New folder (2)\Trustrace\data\document_patches\P0001337_X51006388044_FORGED.png
P8_0004218_X51006388044_P6ANCHOR,P0001338_X51006388044_FORGED,X51006388044,group_0425,train,P6_ANCHOR,161,1175,177,1201,16,26,200.0,1.0,FORGED_REGION,1,0,EDITED,C:\Users\jay\New folder (2)\Trustrace\data\document_patches\P0001338_X51006388044_FORGED.png
P8_0004219_X51006388044_P6ANCHOR,P0001339_X51006388044_FORGED,X51006388044,group_0425,train,P6_ANCHOR,237,1174,251,1203,14,29,200.0,1.0,FORGED_REGION,1,0,EDITED,C:\Users\jay\New folder (2)\Trustrace\data\document_patches\P0001339_X51006388044_FORGED.png
P8_0004220_X51006388044_P6ANCHOR,P0001340_X51006388044_FORGED,X51006388044,group_0425,train,P6_ANCHOR,266,1173,282,1204,16,31,200.0,1.0,FORGED_REGION,1,0,EDITED,C:\Users\jay\New folder (2)\Trustrace\data\document_patches\P0001340_X51006388044_FORGED.png
P8_0004221_X51006388044_P6ANCHOR,P0001341_X51006388044_FORGED,X51006388044,group_0425,train,P6_ANCHOR,208,1176,224,1204,16,28,200.0,1.0,FORGED_REGION,1,0,EDITED,C:\Users\jay\New folder (2)\Trustrace\data\document_patches\P0001341_X51006388044_FORGED.png
P8_0004222_X51006388044_P6ANCHOR,P0001342_X51006388044_FORGED,X51006388044,group_0425,train,P6_ANCHOR,431,1255,448,1282,17,27,200.0,1.0,FORGED_REGION,1,0,EDITED,C:\Users\jay\New folder (2)\Trustrace\data\document_patches\P0001342_X51006388044_FORGED.png
P8_0004223_X51006392299_P6ANCHOR,P0001385_X51006392299_FORGED,X51006392299,group_0444,train,P6_ANCHOR,396,1057,493,1087,97,30,200.0,1.0,FORGED_REGION,1,0,EDITED,C:\Users\jay\New folder (2)\Trustrace\data\document_patches\P0001385_X51006392299_FORGED.png
P8_0004224_X51006392299_P6ANCHOR,P0001386_X51006392299_FORGED,X51006392299,group_0444,train,P6_ANCHOR,573,1056,637,1087,64,31,200.0,1.0,FORGED_REGION,1,0,EDITED,C:\Users\jay\New folder (2)\Trustrace\data\document_patches\P0001386_X51006392299_FORGED.png
P8_0004225_X51006392299_P6ANCHOR,P0001387_X51006392299_FORGED,X51006392299,group_0444,train,P6_ANCHOR,209,1205,222,1233,13,28,200.0,1.0,FORGED_REGION,1,0,EDITED,C:\Users\jay\New folder (2)\Trustrace\data\document_patches\P0001387_X51006392299_FORGED.png
P8_0004226_X51006392299_P6ANCHOR,P0001388_X51006392299_FORGED,X51006392299,group_0444,train,P6_ANCHOR,538,771,634,800,96,29,200.0,1.0,FORGED_REGION,1,0,EDITED,C:\Users\jay\New folder (2)\Trustrace\data\document_patches\P0001388_X51006392299_FORGED.png
P8_0004227_X51006392299_P6ANCHOR,P0001389_X51006392299_FORGED,X51006392299,group_0444,train,P6_ANCHOR,573,814,633,844,60,30,200.0,1.0,FORGED_REGION,1,0,EDITED,C:\Users\jay\New folder (2)\Trustrace\data\document_patches\P0001389_X51006392299_FORGED.png
P8_0004228_X51006392299_P6ANCHOR,P0001390_X51006392299_FORGED,X51006392299,group_0444,train,P6_ANCHOR,129,675,140,702,11,27,200.0,1.0,FORGED_REGION,1,0,EDITED,C:\Users\jay\New folder (2)\Trustrace\data\document_patches\P0001390_X51006392299_FORGED.png
P8_0004229_X51006393377_P6ANCHOR,P0001401_X51006393377_FORGED,X51006393377,group_0447,train,P6_ANCHOR,405,692,458,716,53,24,200.0,1.0,FORGED_REGION,1,0,EDITED,C:\Users\jay\New folder (2)\Trustrace\data\document_patches\P0001401_X51006393377_FORGED.png
P8_0004230_X51006393377_P6ANCHOR,P0001402_X51006393377_FORGED,X51006393377,group_0447,train,P6_ANCHOR,404,657,458,684,54,27,200.0,1.0,FORGED_REGION,1,0,EDITED,C:\Users\jay\New folder (2)\Trustrace\data\document_patches\P0001402_X51006393377_FORGED.png
P8_0004233_X51006414394_P6ANCHOR,P0001425_X51006414394_FORGED,X51006414394,group_0455,train,P6_ANCHOR,2546,1746,2607,1817,61,71,200.0,1.0,FORGED_REGION,1,0,EDITED,C:\Users\jay\New folder (2)\Trustrace\data\document_patches\P0001425_X51006414394_FORGED.png
P8_0004234_X51006414394_P6ANCHOR,P0001426_X51006414394_FORGED,X51006414394,group_0455,train,P6_ANCHOR,3235,1975,3275,2043,40,68,200.0,1.0,FORGED_REGION,1,0,EDITED,C:\Users\jay\New folder (2)\Trustrace\data\document_patches\P0001426_X51006414394_FORGED.png
P8_0004235_X51006414433_P6ANCHOR,P0001437_X51006414433_FORGED,X51006414433,group_0458,train,P6_ANCHOR,2256,1929,2327,1987,71,58,200.0,1.0,FORGED_REGION,1,0,EDITED,C:\Users\jay\New folder (2)\Trustrace\data\document_patches\P0001437_X51006414433_FORGED.png
P8_0004236_X51006414433_P6ANCHOR,P0001438_X51006414433_FORGED,X51006414433,group_0458,train,P6_ANCHOR,1926,2099,2001,2160,75,61,200.0,1.0,FORGED_REGION,1,0,EDITED,C:\Users\jay\New folder (2)\Trustrace\data\document_patches\P0001438_X51006414433_FORGED.png
P8_0004237_X51006414433_P6ANCHOR,P0001439_X51006414433_FORGED,X51006414433,group_0458,train,P6_ANCHOR,2623,1933,2660,1994,37,61,200.0,1.0,FORGED_REGION,1,0,EDITED,C:\Users\jay\New folder (2)\Trustrace\data\document_patches\P0001439_X51006414433_FORGED.png
P8_0004238_X51006414433_P6ANCHOR,P0001440_X51006414433_FORGED,X51006414433,group_0458,train,P6_ANCHOR,2344,2188,2378,2239,34,51,200.0,1.0,FORGED_REGION,1,0,EDITED,C:\Users\jay\New folder (2)\Trustrace\data\document_patches\P0001440_X51006414433_FORGED.png
P8_0004239_X51006414636_P6ANCHOR,P0001473_X51006414636_FORGED,X51006414636,group_0466,train,P6_ANCHOR,1835,2599,1915,2679,80,80,200.0,1.0,FORGED_REGION,1,0,EDITED,C:\Users\jay\New folder (2)\Trustrace\data\document_patches\P0001473_X51006414636_FORGED.png
P8_0004240_X51006414702_P6ANCHOR,P0001490_X51006414702_FORGED,X51006414702,group_0473,train,P6_ANCHOR,2720,4369,2985,4463,265,94,200.0,1.0,FORGED_REGION,1,0,EDITED,C:\Users\jay\New folder (2)\Trustrace\data\document_patches\P0001490_X51006414702_FORGED.png
P8_0004241_X51006414702_P6ANCHOR,P0001491_X51006414702_FORGED,X51006414702,group_0473,train,P6_ANCHOR,2717,4275,2988,4369,271,94,200.0,1.0,FORGED_REGION,1,0,EDITED,C:\Users\jay\New folder (2)\Trustrace\data\document_patches\P0001491_X51006414702_FORGED.png
P8_0004242_X51006414702_P6ANCHOR,P0001492_X51006414702_FORGED,X51006414702,group_0473,train,P6_ANCHOR,2778,4461,2921,4556,143,95,200.0,1.0,FORGED_REGION,1,0,EDITED,C:\Users\jay\New folder (2)\Trustrace\data\document_patches\P0001492_X51006414702_FORGED.png
P8_0004243_X51006414715_P6ANCHOR,P0001508_X51006414715_FORGED,X51006414715,group_0480,train,P6_ANCHOR,2713,2530,2739,2598,26,68,200.0,1.0,FORGED_REGION,1,0,EDITED,C:\Users\jay\New folder (2)\Trustrace\data\document_patches\P0001508_X51006414715_FORGED.png
P8_0004244_X51006414715_P6ANCHOR,P0001509_X51006414715_FORGED,X51006414715,group_0480,train,P6_ANCHOR,2717,2617,2738,2684,21,67,200.0,1.0,FORGED_REGION,1,0,EDITED,C:\Users\jay\New folder (2)\Trustrace\data\document_patches\P0001509_X51006414715_FORGED.png
P8_0004245_X51006414715_P6ANCHOR,P0001510_X51006414715_FORGED,X51006414715,group_0480,train,P6_ANCHOR,2693,2965,2729,3032,36,67,200.0,1.0,FORGED_REGION,1,0,EDITED,C:\Users\jay\New folder (2)\Trustrace\data\document_patches\P0001510_X51006414715_FORGED.png
P8_0004246_X51006414715_P6ANCHOR,P0001511_X51006414715_FORGED,X51006414715,group_0480,train,P6_ANCHOR,2482,3052,2533,3117,51,65,200.0,1.0,FORGED_REGION,1,0,EDITED,C:\Users\jay\New folder (2)\Trustrace\data\document_patches\P0001511_X51006414715_FORGED.png
P8_0004247_X51006414715_P6ANCHOR,P0001512_X51006414715_FORGED,X51006414715,group_0480,train,P6_ANCHOR,2874,2967,2900,3034,26,67,200.0,1.0,FORGED_REGION,1,0,EDITED,C:\Users\jay\New folder (2)\Trustrace\data\document_patches\P0001512_X51006414715_FORGED.png
P8_0004248_X51006414715_P6ANCHOR,P0001513_X51006414715_FORGED,X51006414715,group_0480,train,P6_ANCHOR,2845,3052,2881,3120,36,68,200.0,1.0,FORGED_REGION,1,0,EDITED,C:\Users\jay\New folder (2)\Trustrace\data\document_patches\P0001513_X51006414715_FORGED.png
P8_0004249_X51006414728_P6ANCHOR,P0001530_X51006414728_FORGED,X51006414728,group_0485,train,P6_ANCHOR,2743,3339,2780,3423,37,84,200.0,1.0,FORGED_REGION,1,0,EDITED,C:\Users\jay\New folder (2)\Trustrace\data\document_patches\P0001530_X51006414728_FORGED.png
P8_0004250_X51006414728_P6ANCHOR,P0001531_X51006414728_FORGED,X51006414728,group_0485,train,P6_ANCHOR,2811,3471,2853,3566,42,95,200.0,1.0,FORGED_REGION,1,0,EDITED,C:\Users\jay\New folder (2)\Trustrace\data\document_patches\P0001531_X51006414728_FORGED.png
P8_0004251_X51006414728_P6ANCHOR,P0001532_X51006414728_FORGED,X51006414728,group_0485,train,P6_ANCHOR,2779,3342,2821,3422,42,80,200.0,1.0,FORGED_REGION,1,0,EDITED,C:\Users\jay\New folder (2)\Trustrace\data\document_patches\P0001532_X51006414728_FORGED.png
P8_0004252_X51006414728_P6ANCHOR,P0001533_X51006414728_FORGED,X51006414728,group_0485,train,P6_ANCHOR,2850,3467,2889,3563,39,96,200.0,1.0,FORGED_REGION,1,0,EDITED,C:\Users\jay\New folder (2)\Trustrace\data\document_patches\P0001533_X51006414728_FORGED.png
P8_0004253_X51006414728_P6ANCHOR,P0001534_X51006414728_FORGED,X51006414728,group_0485,train,P6_ANCHOR,2822,3618,2854,3713,32,95,200.0,1.0,FORGED_REGION,1,0,EDITED,C:\Users\jay\New folder (2)\Trustrace\data\document_patches\P0001534_X51006414728_FORGED.png
P8_0004254_X51006414728_P6ANCHOR,P0001535_X51006414728_FORGED,X51006414728,group_0485,train,P6_ANCHOR,2809,3758,2841,3829,32,71,200.0,1.0,FORGED_REGION,1,0,EDITED,C:\Users\jay\New folder (2)\Trustrace\data\document_patches\P0001535_X51006414728_FORGED.png
P8_0004255_X51006414728_P6ANCHOR,P0001536_X51006414728_FORGED,X51006414728,group_0485,train,P6_ANCHOR,2105,3988,2152,4057,47,69,200.0,1.0,FORGED_REGION,1,0,EDITED,C:\Users\jay\New folder (2)\Trustrace\data\document_patches\P0001536_X51006414728_FORGED.png
P8_0004256_X51006554841_P6ANCHOR,P0001581_X51006554841_FORGED,X51006554841,group_0505,train,P6_ANCHOR,482,965,569,997,87,32,200.0,1.0,FORGED_REGION,1,0,EDITED,C:\Users\jay\New folder (2)\Trustrace\data\document_patches\P0001581_X51006554841_FORGED.png
P8_0004257_X51006554841_P6ANCHOR,P0001582_X51006554841_FORGED,X51006554841,group_0505,train,P6_ANCHOR,481,793,567,827,86,34,200.0,1.0,FORGED_REGION,1,0,EDITED,C:\Users\jay\New folder (2)\Trustrace\data\document_patches\P0001582_X51006554841_FORGED.png
P8_0004258_X51006555125_P6ANCHOR,P0001587_X51006555125_FORGED,X51006555125,group_0507,train,P6_ANCHOR,482,548,494,568,12,20,200.0,1.0,FORGED_REGION,1,0,EDITED,C:\Users\jay\New folder (2)\Trustrace\data\document_patches\P0001587_X51006555125_FORGED.png
P8_0004259_X51006555125_P6ANCHOR,P0001588_X51006555125_FORGED,X51006555125,group_0507,train,P6_ANCHOR,152,517,164,537,12,20,200.0,1.0,FORGED_REGION,1,0,EDITED,C:\Users\jay\New folder (2)\Trustrace\data\document_patches\P0001588_X51006555125_FORGED.png
P8_0004260_X51006555125_P6ANCHOR,P0001589_X51006555125_FORGED,X51006555125,group_0507,train,P6_ANCHOR,482,589,492,612,10,23,200.0,1.0,FORGED_REGION,1,0,EDITED,C:\Users\jay\New folder (2)\Trustrace\data\document_patches\P0001589_X51006555125_FORGED.png
P8_0004261_X51006555125_P6ANCHOR,P0001590_X51006555125_FORGED,X51006555125,group_0507,train,P6_ANCHOR,296,764,309,787,13,23,200.0,1.0,FORGED_REGION,1,0,EDITED,C:\Users\jay\New folder (2)\Trustrace\data\document_patches\P0001590_X51006555125_FORGED.png
P8_0004267_X51006556603_P6ANCHOR,P0001627_X51006556603_FORGED,X51006556603,group_0520,train,P6_ANCHOR,434,558,450,577,16,19,200.0,1.0,FORGED_REGION,1,0,EDITED,C:\Users\jay\New folder (2)\Trustrace\data\document_patches\P0001627_X51006556603_FORGED.png
P8_0004268_X51006556603_P6ANCHOR,P0001628_X51006556603_FORGED,X51006556603,group_0520,train,P6_ANCHOR,295,535,310,553,15,18,200.0,1.0,FORGED_REGION,1,0,EDITED,C:\Users\jay\New folder (2)\Trustrace\data\document_patches\P0001628_X51006556603_FORGED.png
P8_0004269_X51006556603_P6ANCHOR,P0001629_X51006556603_FORGED,X51006556603,group_0520,train,P6_ANCHOR,439,613,450,646,11,33,200.0,1.0,FORGED_REGION,1,0,EDITED,C:\Users\jay\New folder (2)\Trustrace\data\document_patches\P0001629_X51006556603_FORGED.png
P8_0004270_X51006556603_P6ANCHOR,P0001630_X51006556603_FORGED,X51006556603,group_0520,train,P6_ANCHOR,451,612,461,645,10,33,200.0,1.0,FORGED_REGION,1,0,EDITED,C:\Users\jay\New folder (2)\Trustrace\data\document_patches\P0001630_X51006556603_FORGED.png
P8_0004271_X51006556603_P6ANCHOR,P0001631_X51006556603_FORGED,X51006556603,group_0520,train,P6_ANCHOR,437,670,449,706,12,36,200.0,1.0,FORGED_REGION,1,0,EDITED,C:\Users\jay\New folder (2)\Trustrace\data\document_patches\P0001631_X51006556603_FORGED.png
P8_0004272_X51006556603_P6ANCHOR,P0001632_X51006556603_FORGED,X51006556603,group_0520,train,P6_ANCHOR,449,671,464,705,15,34,200.0,1.0,FORGED_REGION,1,0,EDITED,C:\Users\jay\New folder (2)\Trustrace\data\document_patches\P0001632_X51006556603_FORGED.png
P8_0004277_X51006556726_P6ANCHOR,P0001665_X51006556726_FORGED,X51006556726,group_0531,train,P6_ANCHOR,427,880,462,931,35,51,200.0,1.0,FORGED_REGION,1,0,EDITED,C:\Users\jay\New folder (2)\Trustrace\data\document_patches\P0001665_X51006556726_FORGED.png
P8_0004278_X51006556726_P6ANCHOR,P0001666_X51006556726_FORGED,X51006556726,group_0531,train,P6_ANCHOR,451,879,479,931,28,52,200.0,1.0,FORGED_REGION,1,0,EDITED,C:\Users\jay\New folder (2)\Trustrace\data\document_patches\P0001666_X51006556726_FORGED.png
P8_0004279_X51006556728_P6ANCHOR,P0001669_X51006556728_FORGED,X51006556728,group_0532,train,P6_ANCHOR,388,302,511,326,123,24,200.0,1.0,FORGED_REGION,1,0,EDITED,C:\Users\jay\New folder (2)\Trustrace\data\document_patches\P0001669_X51006556728_FORGED.png
P8_0004280_X51006556728_P6ANCHOR,P0001670_X51006556728_FORGED,X51006556728,group_0532,train,P6_ANCHOR,295,460,408,487,113,27,200.0,1.0,FORGED_REGION,1,0,EDITED,C:\Users\jay\New folder (2)\Trustrace\data\document_patches\P0001670_X51006556728_FORGED.png
P8_0004285_X51006556851_P6ANCHOR,P0001731_X51006556851_FORGED,X51006556851,group_0559,train,P6_ANCHOR,479,922,498,953,19,31,200.0,1.0,FORGED_REGION,1,0,EDITED,C:\Users\jay\New folder (2)\Trustrace\data\document_patches\P0001731_X51006556851_FORGED.png
P8_0004286_X51006556851_P6ANCHOR,P0001732_X51006556851_FORGED,X51006556851,group_0559,train,P6_ANCHOR,459,821,474,857,15,36,200.0,1.0,FORGED_REGION,1,0,EDITED,C:\Users\jay\New folder (2)\Trustrace\data\document_patches\P0001732_X51006556851_FORGED.png
P8_0004287_X51006556851_P6ANCHOR,P0001733_X51006556851_FORGED,X51006556851,group_0559,train,P6_ANCHOR,427,774,451,811,24,37,200.0,1.0,FORGED_REGION,1,0,EDITED,C:\Users\jay\New folder (2)\Trustrace\data\document_patches\P0001733_X51006556851_FORGED.png
P8_0004288_X51006556851_P6ANCHOR,P0001734_X51006556851_FORGED,X51006556851,group_0559,train,P6_ANCHOR,450,775,469,810,19,35,200.0,1.0,FORGED_REGION,1,0,EDITED,C:\Users\jay\New folder (2)\Trustrace\data\document_patches\P0001734_X51006556851_FORGED.png
P8_0004289_X51006556851_P6ANCHOR,P0001735_X51006556851_FORGED,X51006556851,group_0559,train,P6_ANCHOR,481,770,496,809,15,39,200.0,1.0,FORGED_REGION,1,0,EDITED,C:\Users\jay\New folder (2)\Trustrace\data\document_patches\P0001735_X51006556851_FORGED.png
P8_0004290_X51006556851_P6ANCHOR,P0001736_X51006556851_FORGED,X51006556851,group_0559,train,P6_ANCHOR,500,770,516,808,16,38,200.0,1.0,FORGED_REGION,1,0,EDITED,C:\Users\jay\New folder (2)\Trustrace\data\document_patches\P0001736_X51006556851_FORGED.png
P8_0004291_X51006556851_P6ANCHOR,P0001737_X51006556851_FORGED,X51006556851,group_0559,train,P6_ANCHOR,481,822,495,854,14,32,200.0,1.0,FORGED_REGION,1,0,EDITED,C:\Users\jay\New folder (2)\Trustrace\data\document_patches\P0001737_X51006556851_FORGED.png
P8_0004292_X51006556851_P6ANCHOR,P0001738_X51006556851_FORGED,X51006556851,group_0559,train,P6_ANCHOR,444,921,463,956,19,35,200.0,1.0,FORGED_REGION,1,0,EDITED,C:\Users\jay\New folder (2)\Trustrace\data\document_patches\P0001738_X51006556851_FORGED.png
P8_0004293_X51006556851_P6ANCHOR,P0001739_X51006556851_FORGED,X51006556851,group_0559,train,P6_ANCHOR,425,876,447,907,22,31,200.0,1.0,FORGED_REGION,1,0,EDITED,C:\Users\jay\New folder (2)\Trustrace\data\document_patches\P0001739_X51006556851_FORGED.png
P8_0004294_X51006556851_P6ANCHOR,P0001740_X51006556851_FORGED,X51006556851,group_0559,train,P6_ANCHOR,447,875,462,906,15,31,200.0,1.0,FORGED_REGION,1,0,EDITED,C:\Users\jay\New folder (2)\Trustrace\data\document_patches\P0001740_X51006556851_FORGED.png
P8_0004295_X51006556851_P6ANCHOR,P0001741_X51006556851_FORGED,X51006556851,group_0559,train,P6_ANCHOR,498,647,513,670,15,23,200.0,1.0,FORGED_REGION,1,0,EDITED,C:\Users\jay\New folder (2)\Trustrace\data\document_patches\P0001741_X51006556851_FORGED.png
P8_0004296_X51006556851_P6ANCHOR,P0001742_X51006556851_FORGED,X51006556851,group_0559,train,P6_ANCHOR,511,649,522,668,11,19,200.0,1.0,FORGED_REGION,1,0,EDITED,C:\Users\jay\New folder (2)\Trustrace\data\document_patches\P0001742_X51006556851_FORGED.png
P8_0004297_X51006556851_P6ANCHOR,P0001743_X51006556851_FORGED,X51006556851,group_0559,train,P6_ANCHOR,543,647,553,669,10,22,200.0,1.0,FORGED_REGION,1,0,EDITED,C:\Users\jay\New folder (2)\Trustrace\data\document_patches\P0001743_X51006556851_FORGED.png
P8_0004298_X51006556851_P6ANCHOR,P0001744_X51006556851_FORGED,X51006556851,group_0559,train,P6_ANCHOR,530,743,544,762,14,19,200.0,1.0,FORGED_REGION,1,0,EDITED,C:\Users\jay\New folder (2)\Trustrace\data\document_patches\P0001744_X51006556851_FORGED.png
P8_0004299_X51006556865_P6ANCHOR,P0001763_X51006556865_FORGED,X51006556865,group_0562,train,P6_ANCHOR,444,379,457,405,13,26,200.0,1.0,FORGED_REGION,1,0,EDITED,C:\Users\jay\New folder (2)\Trustrace\data\document_patches\P0001763_X51006556865_FORGED.png
P8_0004300_X51006556865_P6ANCHOR,P0001764_X51006556865_FORGED,X51006556865,group_0562,train,P6_ANCHOR,449,994,463,1028,14,34,200.0,1.0,FORGED_REGION,1,0,EDITED,C:\Users\jay\New folder (2)\Trustrace\data\document_patches\P0001764_X51006556865_FORGED.png
P8_0004303_X51006557169_P6ANCHOR,P0001781_X51006557169_FORGED,X51006557169,group_0569,train,P6_ANCHOR,51,787,403,831,352,44,200.0,1.0,FORGED_REGION,1,0,EDITED,C:\Users\jay\New folder (2)\Trustrace\data\document_patches\P0001781_X51006557169_FORGED.png
P8_0004304_X51006557169_P6ANCHOR,P0001782_X51006557169_FORGED,X51006557169,group_0569,train,P6_ANCHOR,61,835,528,951,467,116,200.0,1.0,FORGED_REGION,1,0,EDITED,C:\Users\jay\New folder (2)\Trustrace\data\document_patches\P0001782_X51006557169_FORGED.png
P8_0004305_X51006557187_P6ANCHOR,P0001797_X51006557187_FORGED,X51006557187,group_0576,train,P6_ANCHOR,492,307,506,323,14,16,200.0,1.0,FORGED_REGION,1,0,EDITED,C:\Users\jay\New folder (2)\Trustrace\data\document_patches\P0001797_X51006557187_FORGED.png
P8_0004306_X51006557187_P6ANCHOR,P0001798_X51006557187_FORGED,X51006557187,group_0576,train,P6_ANCHOR,392,463,405,485,13,22,200.0,1.0,FORGED_REGION,1,0,EDITED,C:\Users\jay\New folder (2)\Trustrace\data\document_patches\P0001798_X51006557187_FORGED.png
P8_0004310_X51006557195_P6ANCHOR,P0001811_X51006557195_FORGED,X51006557195,group_0580,train,P6_ANCHOR,337,483,356,510,19,27,200.0,1.0,FORGED_REGION,1,0,EDITED,C:\Users\jay\New folder (2)\Trustrace\data\document_patches\P0001811_X51006557195_FORGED.png
P8_0004311_X51006557195_P6ANCHOR,P0001812_X51006557195_FORGED,X51006557195,group_0580,train,P6_ANCHOR,304,487,327,512,23,25,200.0,1.0,FORGED_REGION,1,0,EDITED,C:\Users\jay\New folder (2)\Trustrace\data\document_patches\P0001812_X51006557195_FORGED.png
P8_0004312_X51006619343_P6ANCHOR,P0001843_X51006619343_FORGED,X51006619343,group_0595,train,P6_ANCHOR,259,1957,290,1992,31,35,200.0,1.0,FORGED_REGION,1,0,EDITED,C:\Users\jay\New folder (2)\Trustrace\data\document_patches\P0001843_X51006619343_FORGED.png
P8_0004318_X51006619697_P6ANCHOR,P0001888_X51006619697_FORGED,X51006619697,group_0614,train,P6_ANCHOR,726,1045,750,1095,24,50,200.0,1.0,FORGED_REGION,1,0,EDITED,C:\Users\jay\New folder (2)\Trustrace\data\document_patches\P0001888_X51006619697_FORGED.png
P8_0004319_X51006619697_P6ANCHOR,P0001889_X51006619697_FORGED,X51006619697,group_0614,train,P6_ANCHOR,650,1685,693,1741,43,56,200.0,1.0,FORGED_REGION,1,0,EDITED,C:\Users\jay\New folder (2)\Trustrace\data\document_patches\P0001889_X51006619697_FORGED.png
P8_0004320_X51006619697_P6ANCHOR,P0001890_X51006619697_FORGED,X51006619697,group_0614,train,P6_ANCHOR,730,1787,750,1838,20,51,200.0,1.0,FORGED_REGION,1,0,EDITED,C:\Users\jay\New folder (2)\Trustrace\data\document_patches\P0001890_X51006619697_FORGED.png
P8_0004321_X51006619709_P6ANCHOR,P0001898_X51006619709_FORGED,X51006619709,group_0619,train,P6_ANCHOR,198,323,391,365,193,42,200.0,1.0,FORGED_REGION,1,0,EDITED,C:\Users\jay\New folder (2)\Trustrace\data\document_patches\P0001898_X51006619709_FORGED.png
P8_0004322_X51006619766_P6ANCHOR,P0001910_X51006619766_FORGED,X51006619766,group_0625,train,P6_ANCHOR,475,883,489,915,14,32,200.0,1.0,FORGED_REGION,1,0,EDITED,C:\Users\jay\New folder (2)\Trustrace\data\document_patches\P0001910_X51006619766_FORGED.png
P8_0004323_X51006619766_P6ANCHOR,P0001911_X51006619766_FORGED,X51006619766,group_0625,train,P6_ANCHOR,474,1034,492,1068,18,34,200.0,1.0,FORGED_REGION,1,0,EDITED,C:\Users\jay\New folder (2)\Trustrace\data\document_patches\P0001911_X51006619766_FORGED.png
P8_0004324_X51006619766_P6ANCHOR,P0001912_X51006619766_FORGED,X51006619766,group_0625,train,P6_ANCHOR,475,1184,491,1219,16,35,200.0,1.0,FORGED_REGION,1,0,EDITED,C:\Users\jay\New folder (2)\Trustrace\data\document_patches\P0001912_X51006619766_FORGED.png
P8_0004325_X51006619766_P6ANCHOR,P0001913_X51006619766_FORGED,X51006619766,group_0625,train,P6_ANCHOR,474,1489,491,1523,17,34,200.0,1.0,FORGED_REGION,1,0,EDITED,C:\Users\jay\New folder (2)\Trustrace\data\document_patches\P0001913_X51006619766_FORGED.png
P8_0004326_X51006619766_P6ANCHOR,P0001914_X51006619766_FORGED,X51006619766,group_0625,train,P6_ANCHOR,766,2047,785,2082,19,35,200.0,1.0,FORGED_REGION,1,0,EDITED,C:\Users\jay\New folder (2)\Trustrace\data\document_patches\P0001914_X51006619766_FORGED.png
P8_0004327_X51006619766_P6ANCHOR,P0001915_X51006619766_FORGED,X51006619766,group_0625,train,P6_ANCHOR,790,2046,805,2082,15,36,200.0,1.0,FORGED_REGION,1,0,EDITED,C:\Users\jay\New folder (2)\Trustrace\data\document_patches\P0001915_X51006619766_FORGED.png
P8_0004328_X51006619766_P6ANCHOR,P0001916_X51006619766_FORGED,X51006619766,group_0625,train,P6_ANCHOR,472,1337,490,1375,18,38,200.0,1.0,FORGED_REGION,1,0,EDITED,C:\Users\jay\New folder (2)\Trustrace\data\document_patches\P0001916_X51006619766_FORGED.png
P8_0004329_X51006619766_P6ANCHOR,P0001917_X51006619766_FORGED,X51006619766,group_0625,train,P6_ANCHOR,471,1639,490,1675,19,36,200.0,1.0,FORGED_REGION,1,0,EDITED,C:\Users\jay\New folder (2)\Trustrace\data\document_patches\P0001917_X51006619766_FORGED.png
P8_0004330_X51006619766_P6ANCHOR,P0001918_X51006619766_FORGED,X51006619766,group_0625,train,P6_ANCHOR,470,1793,490,1828,20,35,200.0,1.0,FORGED_REGION,1,0,EDITED,C:\Users\jay\New folder (2)\Trustrace\data\document_patches\P0001918_X51006619766_FORGED.png
P8_0004331_X51006619766_P6ANCHOR,P0001919_X51006619766_FORGED,X51006619766,group_0625,train,P6_ANCHOR,472,1946,487,1977,15,31,200.0,1.0,FORGED_REGION,1,0,EDITED,C:\Users\jay\New folder (2)\Trustrace\data\document_patches\P0001919_X51006619766_FORGED.png
P8_0004332_X51006619766_P6ANCHOR,P0001920_X51006619766_FORGED,X51006619766,group_0625,train,P6_ANCHOR,245,2044,267,2080,22,36,200.0,1.0,FORGED_REGION,1,0,EDITED,C:\Users\jay\New folder (2)\Trustrace\data\document_patches\P0001920_X51006619766_FORGED.png
P8_0004333_X51006619777_P6ANCHOR,P0001934_X51006619777_FORGED,X51006619777,group_0627,train,P6_ANCHOR,511,339,602,379,91,40,200.0,1.0,FORGED_REGION,1,0,EDITED,C:\Users\jay\New folder (2)\Trustrace\data\document_patches\P0001934_X51006619777_FORGED.png
P8_0004334_X51006619777_P6ANCHOR,P0001935_X51006619777_FORGED,X51006619777,group_0627,train,P6_ANCHOR,568,588,660,630,92,42,200.0,1.0,FORGED_REGION,1,0,EDITED,C:\Users\jay\New folder (2)\Trustrace\data\document_patches\P0001935_X51006619777_FORGED.png
P8_0004335_X51006619782_P6ANCHOR,P0001942_X51006619782_FORGED,X51006619782,group_0630,train,P6_ANCHOR,719,839,760,883,41,44,200.0,1.0,FORGED_REGION,1,0,EDITED,C:\Users\jay\New folder (2)\Trustrace\data\document_patches\P0001942_X51006619782_FORGED.png
P8_0004336_X51006619782_P6ANCHOR,P0001943_X51006619782_FORGED,X51006619782,group_0630,train,P6_ANCHOR,790,843,814,882,24,39,200.0,1.0,FORGED_REGION,1,0,EDITED,C:\Users\jay\New folder (2)\Trustrace\data\document_patches\P0001943_X51006619782_FORGED.png
P8_0004337_X51006619854_P6ANCHOR,P0001955_X51006619854_FORGED,X51006619854,group_0636,train,P6_ANCHOR,698,887,719,925,21,38,200.0,1.0,FORGED_REGION,1,0,EDITED,C:\Users\jay\New folder (2)\Trustrace\data\document_patches\P0001955_X51006619854_FORGED.png
P8_0004338_X51006619854_P6ANCHOR,P0001956_X51006619854_FORGED,X51006619854,group_0636,train,P6_ANCHOR,720,887,733,924,13,37,200.0,1.0,FORGED_REGION,1,0,EDITED,C:\Users\jay\New folder (2)\Trustrace\data\document_patches\P0001956_X51006619854_FORGED.png
P8_0004339_X51006619854_P6ANCHOR,P0001957_X51006619854_FORGED,X51006619854,group_0636,train,P6_ANCHOR,717,1034,736,1078,19,44,200.0,1.0,FORGED_REGION,1,0,EDITED,C:\Users\jay\New folder (2)\Trustrace\data\document_patches\P0001957_X51006619854_FORGED.png
P8_0004340_X51006619854_P6ANCHOR,P0001958_X51006619854_FORGED,X51006619854,group_0636,train,P6_ANCHOR,717,1086,735,1126,18,40,200.0,1.0,FORGED_REGION,1,0,EDITED,C:\Users\jay\New folder (2)\Trustrace\data\document_patches\P0001958_X51006619854_FORGED.png
P8_0004341_X51006619854_P6ANCHOR,P0001959_X51006619854_FORGED,X51006619854,group_0636,train,P6_ANCHOR,713,1134,737,1174,24,40,200.0,1.0,FORGED_REGION,1,0,EDITED,C:\Users\jay\New folder (2)\Trustrace\data\document_patches\P0001959_X51006619854_FORGED.png
P8_0004342_X51006620181_P6ANCHOR,P0001977_X51006620181_FORGED,X51006620181,group_0643,train,P6_ANCHOR,298,1216,311,1245,13,29,200.0,1.0,FORGED_REGION,1,0,EDITED,C:\Users\jay\New folder (2)\Trustrace\data\document_patches\P0001977_X51006620181_FORGED.png
P8_0004343_X51006620181_P6ANCHOR,P0001978_X51006620181_FORGED,X51006620181,group_0643,train,P6_ANCHOR,631,1215,642,1245,11,30,200.0,1.0,FORGED_REGION,1,0,EDITED,C:\Users\jay\New folder (2)\Trustrace\data\document_patches\P0001978_X51006620181_FORGED.png
P8_0004344_X51006620182_P6ANCHOR,P0001981_X51006620182_FORGED,X51006620182,group_0644,train,P6_ANCHOR,144,1539,235,1579,91,40,200.0,1.0,FORGED_REGION,1,0,EDITED,C:\Users\jay\New folder (2)\Trustrace\data\document_patches\P0001981_X51006620182_FORGED.png
P8_0004345_X51006620182_P6ANCHOR,P0001982_X51006620182_FORGED,X51006620182,group_0644,train,P6_ANCHOR,249,1437,346,1473,97,36,200.0,1.0,FORGED_REGION,1,0,EDITED,C:\Users\jay\New folder (2)\Trustrace\data\document_patches\P0001982_X51006620182_FORGED.png
P8_0004346_X51006620182_P6ANCHOR,P0001983_X51006620182_FORGED,X51006620182,group_0644,train,P6_ANCHOR,251,1540,393,1576,142,36,200.0,1.0,FORGED_REGION,1,0,EDITED,C:\Users\jay\New folder (2)\Trustrace\data\document_patches\P0001983_X51006620182_FORGED.png
P8_0004347_X51006620182_P6ANCHOR,P0001984_X51006620182_FORGED,X51006620182,group_0644,train,P6_ANCHOR,274,1739,407,1777,133,38,200.0,1.0,FORGED_REGION,1,0,EDITED,C:\Users\jay\New folder (2)\Trustrace\data\document_patches\P0001984_X51006620182_FORGED.png
P8_0004348_X51006647932_P6ANCHOR,P0002005_X51006647932_FORGED,X51006647932,group_0653,train,P6_ANCHOR,61,599,593,723,532,124,200.0,1.0,FORGED_REGION,1,0,EDITED,C:\Users\jay\New folder (2)\Trustrace\data\document_patches\P0002005_X51006647932_FORGED.png
P8_0004349_X51006647932_P6ANCHOR,P0002006_X51006647932_FORGED,X51006647932,group_0653,train,P6_ANCHOR,448,569,592,602,144,33,200.0,1.0,FORGED_REGION,1,0,EDITED,C:\Users\jay\New folder (2)\Trustrace\data\document_patches\P0002006_X51006647932_FORGED.png
P8_0004350_X51006647932_P6ANCHOR,P0002007_X51006647932_FORGED,X51006647932,group_0653,train,P6_ANCHOR,464,931,562,961,98,30,200.0,1.0,FORGED_REGION,1,0,EDITED,C:\Users\jay\New folder (2)\Trustrace\data\document_patches\P0002007_X51006647932_FORGED.png
P8_0004352_X51006828201_P6ANCHOR,P0002033_X51006828201_FORGED,X51006828201,group_0665,train,P6_ANCHOR,402,322,430,345,28,23,200.0,1.0,FORGED_REGION,1,0,EDITED,C:\Users\jay\New folder (2)\Trustrace\data\document_patches\P0002033_X51006828201_FORGED.png
P8_0004353_X51006828201_P6ANCHOR,P0002034_X51006828201_FORGED,X51006828201,group_0665,train,P6_ANCHOR,510,322,547,347,37,25,200.0,1.0,FORGED_REGION,1,0,EDITED,C:\Users\jay\New folder (2)\Trustrace\data\document_patches\P0002034_X51006828201_FORGED.png
P8_0004354_X51006828201_P6ANCHOR,P0002035_X51006828201_FORGED,X51006828201,group_0665,train,P6_ANCHOR,579,660,614,695,35,35,200.0,1.0,FORGED_REGION,1,0,EDITED,C:\Users\jay\New folder (2)\Trustrace\data\document_patches\P0002035_X51006828201_FORGED.png
P8_0004355_X51006828201_P6ANCHOR,P0002036_X51006828201_FORGED,X51006828201,group_0665,train,P6_ANCHOR,702,656,746,698,44,42,200.0,1.0,FORGED_REGION,1,0,EDITED,C:\Users\jay\New folder (2)\Trustrace\data\document_patches\P0002036_X51006828201_FORGED.png
P8_0004356_X51006828201_P6ANCHOR,P0002037_X51006828201_FORGED,X51006828201,group_0665,train,P6_ANCHOR,597,1621,622,1660,25,39,200.0,1.0,FORGED_REGION,1,0,EDITED,C:\Users\jay\New folder (2)\Trustrace\data\document_patches\P0002037_X51006828201_FORGED.png
P8_0004357_X51006828201_P6ANCHOR,P0002038_X51006828201_FORGED,X51006828201,group_0665,train,P6_ANCHOR,626,1696,628,1698,2,2,200.0,1.0,FORGED_REGION,1,0,EDITED,C:\Users\jay\New folder (2)\Trustrace\data\document_patches\P0002038_X51006828201_FORGED.png
P8_0004358_X51006828201_P6ANCHOR,P0002039_X51006828201_FORGED,X51006828201,group_0665,train,P6_ANCHOR,429,1624,468,1649,39,25,200.0,1.0,FORGED_REGION,1,0,EDITED,C:\Users\jay\New folder (2)\Trustrace\data\document_patches\P0002039_X51006828201_FORGED.png
P8_0004359_X51006828201_P6ANCHOR,P0002040_X51006828201_FORGED,X51006828201,group_0665,train,P6_ANCHOR,602,1679,619,1711,17,32,200.0,1.0,FORGED_REGION,1,0,EDITED,C:\Users\jay\New folder (2)\Trustrace\data\document_patches\P0002040_X51006828201_FORGED.png
P8_0004361_X51006857660_P6ANCHOR,P0002067_X51006857660_FORGED,X51006857660,group_0675,train,P6_ANCHOR,761,1461,781,1499,20,38,200.0,1.0,FORGED_REGION,1,0,EDITED,C:\Users\jay\New folder (2)\Trustrace\data\document_patches\P0002067_X51006857660_FORGED.png
P8_0004362_X51006857660_P6ANCHOR,P0002068_X51006857660_FORGED,X51006857660,group_0675,train,P6_ANCHOR,784,1681,801,1710,17,29,200.0,1.0,FORGED_REGION,1,0,EDITED,C:\Users\jay\New folder (2)\Trustrace\data\document_patches\P0002068_X51006857660_FORGED.png
P8_0004363_X51006913018_P6ANCHOR,P0002091_X51006913018_FORGED,X51006913018,group_0685,train,P6_ANCHOR,1521,1699,3398,6725,1877,5026,200.0,1.0,FORGED_REGION,1,0,EDITED,C:\Users\jay\New folder (2)\Trustrace\data\document_patches\P0002091_X51006913018_FORGED.png
P8_0004364_X51006913018_P6ANCHOR,P0002092_X51006913018_FORGED,X51006913018,group_0685,train,P6_ANCHOR,2925,2404,3168,2505,243,101,200.0,1.0,FORGED_REGION,1,0,EDITED,C:\Users\jay\New folder (2)\Trustrace\data\document_patches\P0002092_X51006913018_FORGED.png
P8_0004365_X51006913018_P6ANCHOR,P0002093_X51006913018_FORGED,X51006913018,group_0685,train,P6_ANCHOR,2913,2510,3173,2605,260,95,200.0,1.0,FORGED_REGION,1,0,EDITED,C:\Users\jay\New folder (2)\Trustrace\data\document_patches\P0002093_X51006913018_FORGED.png
P8_0004366_X51006913018_P6ANCHOR,P0002094_X51006913018_FORGED,X51006913018,group_0685,train,P6_ANCHOR,2919,2605,3168,2700,249,95,200.0,1.0,FORGED_REGION,1,0,EDITED,C:\Users\jay\New folder (2)\Trustrace\data\document_patches\P0002094_X51006913018_FORGED.png
P8_0004367_X51006913018_P6ANCHOR,P0002095_X51006913018_FORGED,X51006913018,group_0685,train,P6_ANCHOR,2925,2711,3168,2800,243,89,200.0,1.0,FORGED_REGION,1,0,EDITED,C:\Users\jay\New folder (2)\Trustrace\data\document_patches\P0002095_X51006913018_FORGED.png
P8_0004368_X51006913018_P6ANCHOR,P0002096_X51006913018_FORGED,X51006913018,group_0685,train,P6_ANCHOR,2960,2812,3007,2895,47,83,200.0,1.0,FORGED_REGION,1,0,EDITED,C:\Users\jay\New folder (2)\Trustrace\data\document_patches\P0002096_X51006913018_FORGED.png
P8_0004369_X51006913018_P6ANCHOR,P0002097_X51006913018_FORGED,X51006913018,group_0685,train,P6_ANCHOR,2433,3114,2628,3203,195,89,200.0,1.0,FORGED_REGION,1,0,EDITED,C:\Users\jay\New folder (2)\Trustrace\data\document_patches\P0002097_X51006913018_FORGED.png
P8_0004370_X51006913018_P6ANCHOR,P0002098_X51006913018_FORGED,X51006913018,group_0685,train,P6_ANCHOR,2433,3215,2628,3310,195,95,200.0,1.0,FORGED_REGION,1,0,EDITED,C:\Users\jay\New folder (2)\Trustrace\data\document_patches\P0002098_X51006913018_FORGED.png
P8_0004371_X51006913018_P6ANCHOR,P0002099_X51006913018_FORGED,X51006913018,group_0685,train,P6_ANCHOR,2957,3111,3114,3194,157,83,200.0,1.0,FORGED_REGION,1,0,EDITED,C:\Users\jay\New folder (2)\Trustrace\data\document_patches\P0002099_X51006913018_FORGED.png
P8_0004372_X51006913018_P6ANCHOR,P0002100_X51006913018_FORGED,X51006913018,group_0685,train,P6_ANCHOR,2963,3203,3114,3301,151,98,200.0,1.0,FORGED_REGION,1,0,EDITED,C:\Users\jay\New folder (2)\Trustrace\data\document_patches\P0002100_X51006913018_FORGED.png
P8_0004385_X51007103639_P6ANCHOR,P0002173_X51007103639_FORGED,X51007103639,group_0702,train,P6_ANCHOR,10,798,682,904,672,106,200.0,1.0,FORGED_REGION,1,0,EDITED,C:\Users\jay\New folder (2)\Trustrace\data\document_patches\P0002173_X51007103639_FORGED.png
P8_0004386_X51007103668_P6ANCHOR,P0002181_X51007103668_FORGED,X51007103668,group_0706,train,P6_ANCHOR,166,609,179,630,13,21,200.0,1.0,FORGED_REGION,1,0,EDITED,C:\Users\jay\New folder (2)\Trustrace\data\document_patches\P0002181_X51007103668_FORGED.png
P8_0004387_X51007103668_P6ANCHOR,P0002182_X51007103668_FORGED,X51007103668,group_0706,train,P6_ANCHOR,315,974,329,998,14,24,200.0,1.0,FORGED_REGION,1,0,EDITED,C:\Users\jay\New folder (2)\Trustrace\data\document_patches\P0002182_X51007103668_FORGED.png
P8_0004388_X51007103668_P6ANCHOR,P0002183_X51007103668_FORGED,X51007103668,group_0706,train,P6_ANCHOR,133,1075,148,1098,15,23,200.0,1.0,FORGED_REGION,1,0,EDITED,C:\Users\jay\New folder (2)\Trustrace\data\document_patches\P0002183_X51007103668_FORGED.png
P8_0004389_X51007103668_P6ANCHOR,P0002184_X51007103668_FORGED,X51007103668,group_0706,train,P6_ANCHOR,219,1277,234,1299,15,22,200.0,1.0,FORGED_REGION,1,0,EDITED,C:\Users\jay\New folder (2)\Trustrace\data\document_patches\P0002184_X51007103668_FORGED.png
P8_0004390_X51007103668_P6ANCHOR,P0002185_X51007103668_FORGED,X51007103668,group_0706,train,P6_ANCHOR,24,491,736,1117,712,626,200.0,1.0,FORGED_REGION,1,0,EDITED,C:\Users\jay\New folder (2)\Trustrace\data\document_patches\P0002185_X51007103668_FORGED.png
P8_0004391_X51007103688_P6ANCHOR,P0002197_X51007103688_FORGED,X51007103688,group_0710,train,P6_ANCHOR,258,415,274,441,16,26,200.0,1.0,FORGED_REGION,1,0,EDITED,C:\Users\jay\New folder (2)\Trustrace\data\document_patches\P0002197_X51007103688_FORGED.png
P8_0004392_X51007103688_P6ANCHOR,P0002198_X51007103688_FORGED,X51007103688,group_0710,train,P6_ANCHOR,260,348,276,375,16,27,200.0,1.0,FORGED_REGION,1,0,EDITED,C:\Users\jay\New folder (2)\Trustrace\data\document_patches\P0002198_X51007103688_FORGED.png
P8_0004393_X51007103688_P6ANCHOR,P0002199_X51007103688_FORGED,X51007103688,group_0710,train,P6_ANCHOR,278,347,292,376,14,29,200.0,1.0,FORGED_REGION,1,0,EDITED,C:\Users\jay\New folder (2)\Trustrace\data\document_patches\P0002199_X51007103688_FORGED.png
P8_0004394_X51007103688_P6ANCHOR,P0002200_X51007103688_FORGED,X51007103688,group_0710,train,P6_ANCHOR,593,456,606,483,13,27,200.0,1.0,FORGED_REGION,1,0,EDITED,C:\Users\jay\New folder (2)\Trustrace\data\document_patches\P0002200_X51007103688_FORGED.png
P8_0004395_X51007103688_P6ANCHOR,P0002201_X51007103688_FORGED,X51007103688,group_0710,train,P6_ANCHOR,678,357,689,383,11,26,200.0,1.0,FORGED_REGION,1,0,EDITED,C:\Users\jay\New folder (2)\Trustrace\data\document_patches\P0002201_X51007103688_FORGED.png
P8_0004400_X51007225417_P6ANCHOR,P0002227_X51007225417_FORGED,X51007225417,group_0717,train,P6_ANCHOR,64,350,242,398,178,48,200.0,1.0,FORGED_REGION,1,0,EDITED,C:\Users\jay\New folder (2)\Trustrace\data\document_patches\P0002227_X51007225417_FORGED.png
P8_0004403_X51007231331_P6ANCHOR,P0002239_X51007231331_FORGED,X51007231331,group_0722,train,P6_ANCHOR,1910,2723,1975,2781,65,58,200.0,1.0,FORGED_REGION,1,0,EDITED,C:\Users\jay\New folder (2)\Trustrace\data\document_patches\P0002239_X51007231331_FORGED.png
P8_0004404_X51007231331_P6ANCHOR,P0002240_X51007231331_FORGED,X51007231331,group_0722,train,P6_ANCHOR,2646,3152,2694,3226,48,74,200.0,1.0,FORGED_REGION,1,0,EDITED,C:\Users\jay\New folder (2)\Trustrace\data\document_patches\P0002240_X51007231331_FORGED.png
P8_0004405_X51007231331_P6ANCHOR,P0002241_X51007231331_FORGED,X51007231331,group_0722,train,P6_ANCHOR,2758,3160,2924,3227,166,67,200.0,1.0,FORGED_REGION,1,0,EDITED,C:\Users\jay\New folder (2)\Trustrace\data\document_patches\P0002241_X51007231331_FORGED.png
P8_0004406_X51007231331_P6ANCHOR,P0002242_X51007231331_FORGED,X51007231331,group_0722,train,P6_ANCHOR,2778,2707,2914,2791,136,84,200.0,1.0,FORGED_REGION,1,0,EDITED,C:\Users\jay\New folder (2)\Trustrace\data\document_patches\P0002242_X51007231331_FORGED.png
P8_0004407_X51007231331_P6ANCHOR,P0002243_X51007231331_FORGED,X51007231331,group_0722,train,P6_ANCHOR,2769,3066,2938,3143,169,77,200.0,1.0,FORGED_REGION,1,0,EDITED,C:\Users\jay\New folder (2)\Trustrace\data\document_patches\P0002243_X51007231331_FORGED.png
P8_0004408_X51007231331_P6ANCHOR,P0002244_X51007231331_FORGED,X51007231331,group_0722,train,P6_ANCHOR,2739,3234,2934,3308,195,74,200.0,1.0,FORGED_REGION,1,0,EDITED,C:\Users\jay\New folder (2)\Trustrace\data\document_patches\P0002244_X51007231331_FORGED.png
P8_0004409_X51007231331_P6ANCHOR,P0002245_X51007231331_FORGED,X51007231331,group_0722,train,P6_ANCHOR,2309,3825,2490,3911,181,86,200.0,1.0,FORGED_REGION,1,0,EDITED,C:\Users\jay\New folder (2)\Trustrace\data\document_patches\P0002245_X51007231331_FORGED.png
P8_0004410_X51007231331_P6ANCHOR,P0002246_X51007231331_FORGED,X51007231331,group_0722,train,P6_ANCHOR,2856,3824,2921,3889,65,65,200.0,1.0,FORGED_REGION,1,0,EDITED,C:\Users\jay\New folder (2)\Trustrace\data\document_patches\P0002246_X51007231331_FORGED.png
P8_0004411_X51007231331_P6ANCHOR,P0002247_X51007231331_FORGED,X51007231331,group_0722,train,P6_ANCHOR,2817,3839,2846,3888,29,49,200.0,1.0,FORGED_REGION,1,0,EDITED,C:\Users\jay\New folder (2)\Trustrace\data\document_patches\P0002247_X51007231331_FORGED.png
P8_0004412_X51007231331_P6ANCHOR,P0002248_X51007231331_FORGED,X51007231331,group_0722,train,P6_ANCHOR,2749,3445,2960,3512,211,67,200.0,1.0,FORGED_REGION,1,0,EDITED,C:\Users\jay\New folder (2)\Trustrace\data\document_patches\P0002248_X51007231331_FORGED.png
P8_0004413_X51007231338_P6ANCHOR,P0002261_X51007231338_FORGED,X51007231338,group_0032,train,P6_ANCHOR,2307,2151,2358,2234,51,83,200.0,1.0,FORGED_REGION,1,0,EDITED,C:\Users\jay\New folder (2)\Trustrace\data\document_patches\P0002261_X51007231338_FORGED.png
P8_0004414_X51007231338_P6ANCHOR,P0002262_X51007231338_FORGED,X51007231338,group_0032,train,P6_ANCHOR,2192,2151,2238,2237,46,86,200.0,1.0,FORGED_REGION,1,0,EDITED,C:\Users\jay\New folder (2)\Trustrace\data\document_patches\P0002262_X51007231338_FORGED.png
P8_0004415_X51007231361_P6ANCHOR,P0002273_X51007231361_FORGED,X51007231361,group_0726,train,P6_ANCHOR,2555,1741,2675,1955,120,214,200.0,1.0,FORGED_REGION,1,0,EDITED,C:\Users\jay\New folder (2)\Trustrace\data\document_patches\P0002273_X51007231361_FORGED.png
P8_0004416_X51007231365_P6ANCHOR,P0002277_X51007231365_FORGED,X51007231365,group_0728,train,P6_ANCHOR,1830,2607,1936,2691,106,84,200.0,1.0,FORGED_REGION,1,0,EDITED,C:\Users\jay\New folder (2)\Trustrace\data\document_patches\P0002277_X51007231365_FORGED.png
P8_0004417_X51007231365_P6ANCHOR,P0002278_X51007231365_FORGED,X51007231365,group_0728,train,P6_ANCHOR,2051,4710,2163,4813,112,103,200.0,1.0,FORGED_REGION,1,0,EDITED,C:\Users\jay\New folder (2)\Trustrace\data\document_patches\P0002278_X51007231365_FORGED.png
P8_0004435_X51007339117_P6ANCHOR,P0002351_X51007339117_FORGED,X51007339117,group_0001,train,P6_ANCHOR,477,781,535,802,58,21,200.0,1.0,FORGED_REGION,1,0,EDITED,C:\Users\jay\New folder (2)\Trustrace\data\document_patches\P0002351_X51007339117_FORGED.png
P8_0004436_X51007339117_P6ANCHOR,P0002352_X51007339117_FORGED,X51007339117,group_0001,train,P6_ANCHOR,477,826,538,845,61,19,200.0,1.0,FORGED_REGION,1,0,EDITED,C:\Users\jay\New folder (2)\Trustrace\data\document_patches\P0002352_X51007339117_FORGED.png
P8_0004437_X51007339117_P6ANCHOR,P0002353_X51007339117_FORGED,X51007339117,group_0001,train,P6_ANCHOR,474,881,536,901,62,20,200.0,1.0,FORGED_REGION,1,0,EDITED,C:\Users\jay\New folder (2)\Trustrace\data\document_patches\P0002353_X51007339117_FORGED.png
P8_0004438_X51007339117_P6ANCHOR,P0002354_X51007339117_FORGED,X51007339117,group_0001,train,P6_ANCHOR,487,914,533,935,46,21,200.0,1.0,FORGED_REGION,1,0,EDITED,C:\Users\jay\New folder (2)\Trustrace\data\document_patches\P0002354_X51007339117_FORGED.png
P8_0004439_X51007339117_P6ANCHOR,P0002355_X51007339117_FORGED,X51007339117,group_0001,train,P6_ANCHOR,483,712,531,733,48,21,200.0,1.0,FORGED_REGION,1,0,EDITED,C:\Users\jay\New folder (2)\Trustrace\data\document_patches\P0002355_X51007339117_FORGED.png
P8_0004444_X51007339133_P6ANCHOR,P0002389_X51007339133_FORGED,X51007339133,group_0001,train,P6_ANCHOR,493,189,506,207,13,18,200.0,1.0,FORGED_REGION,1,0,EDITED,C:\Users\jay\New folder (2)\Trustrace\data\document_patches\P0002389_X51007339133_FORGED.png
P8_0004445_X51007339133_P6ANCHOR,P0002390_X51007339133_FORGED,X51007339133,group_0001,train,P6_ANCHOR,481,564,496,583,15,19,200.0,1.0,FORGED_REGION,1,0,EDITED,C:\Users\jay\New folder (2)\Trustrace\data\document_patches\P0002390_X51007339133_FORGED.png
P8_0004446_X51007339133_P6ANCHOR,P0002391_X51007339133_FORGED,X51007339133,group_0001,train,P6_ANCHOR,173,295,209,313,36,18,200.0,1.0,FORGED_REGION,1,0,EDITED,C:\Users\jay\New folder (2)\Trustrace\data\document_patches\P0002391_X51007339133_FORGED.png
P8_0004447_X51007339133_P6ANCHOR,P0002392_X51007339133_FORGED,X51007339133,group_0001,train,P6_ANCHOR,299,295,321,312,22,17,200.0,1.0,FORGED_REGION,1,0,EDITED,C:\Users\jay\New folder (2)\Trustrace\data\document_patches\P0002392_X51007339133_FORGED.png
P8_0004448_X51007339133_P6ANCHOR,P0002393_X51007339133_FORGED,X51007339133,group_0001,train,P6_ANCHOR,217,270,254,286,37,16,200.0,1.0,FORGED_REGION,1,0,EDITED,C:\Users\jay\New folder (2)\Trustrace\data\document_patches\P0002393_X51007339133_FORGED.png
P8_0004449_X51007339133_P6ANCHOR,P0002394_X51007339133_FORGED,X51007339133,group_0001,train,P6_ANCHOR,256,268,279,285,23,17,200.0,1.0,FORGED_REGION,1,0,EDITED,C:\Users\jay\New folder (2)\Trustrace\data\document_patches\P0002394_X51007339133_FORGED.png
P8_0004450_X51007339133_P6ANCHOR,P0002395_X51007339133_FORGED,X51007339133,group_0001,train,P6_ANCHOR,506,763,517,781,11,18,200.0,1.0,FORGED_REGION,1,0,EDITED,C:\Users\jay\New folder (2)\Trustrace\data\document_patches\P0002395_X51007339133_FORGED.png
P8_0004451_X51007339133_P6ANCHOR,P0002396_X51007339133_FORGED,X51007339133,group_0001,train,P6_ANCHOR,507,797,516,812,9,15,200.0,1.0,FORGED_REGION,1,0,EDITED,C:\Users\jay\New folder (2)\Trustrace\data\document_patches\P0002396_X51007339133_FORGED.png
P8_0004452_X51007339150_P6ANCHOR,P0002415_X51007339150_FORGED,X51007339150,group_0001,train,P6_ANCHOR,36,351,101,371,65,20,200.0,1.0,FORGED_REGION,1,0,EDITED,C:\Users\jay\New folder (2)\Trustrace\data\document_patches\P0002415_X51007339150_FORGED.png
P8_0004453_X51007339150_P6ANCHOR,P0002416_X51007339150_FORGED,X51007339150,group_0001,train,P6_ANCHOR,106,351,166,368,60,17,200.0,1.0,FORGED_REGION,1,0,EDITED,C:\Users\jay\New folder (2)\Trustrace\data\document_patches\P0002416_X51007339150_FORGED.png
P8_0004454_X51007339150_P6ANCHOR,P0002417_X51007339150_FORGED,X51007339150,group_0001,train,P6_ANCHOR,501,830,506,845,5,15,200.0,1.0,FORGED_REGION,1,0,EDITED,C:\Users\jay\New folder (2)\Trustrace\data\document_patches\P0002417_X51007339150_FORGED.png
P8_0004455_X51007339151_P6ANCHOR,P0002421_X51007339151_FORGED,X51007339151,group_0001,train,P6_ANCHOR,452,768,480,793,28,25,200.0,1.0,FORGED_REGION,1,0,EDITED,C:\Users\jay\New folder (2)\Trustrace\data\document_patches\P0002421_X51007339151_FORGED.png
P8_0004456_X51007339151_P6ANCHOR,P0002422_X51007339151_FORGED,X51007339151,group_0001,train,P6_ANCHOR,467,768,491,794,24,26,200.0,1.0,FORGED_REGION,1,0,EDITED,C:\Users\jay\New folder (2)\Trustrace\data\document_patches\P0002422_X51007339151_FORGED.png
P8_0004457_X51007339158_P6ANCHOR,P0002431_X51007339158_FORGED,X51007339158,group_0759,train,P6_ANCHOR,120,206,294,227,174,21,200.0,1.0,FORGED_REGION,1,0,EDITED,C:\Users\jay\New folder (2)\Trustrace\data\document_patches\P0002431_X51007339158_FORGED.png
P8_0004458_X51007339158_P6ANCHOR,P0002432_X51007339158_FORGED,X51007339158,group_0759,train,P6_ANCHOR,69,50,241,81,172,31,200.0,1.0,FORGED_REGION,1,0,EDITED,C:\Users\jay\New folder (2)\Trustrace\data\document_patches\P0002432_X51007339158_FORGED.png
P8_0004459_X51007339166_P6ANCHOR,P0002449_X51007339166_FORGED,X51007339166,group_0765,train,P6_ANCHOR,113,469,138,488,25,19,200.0,1.0,FORGED_REGION,1,0,EDITED,C:\Users\jay\New folder (2)\Trustrace\data\document_patches\P0002449_X51007339166_FORGED.png
P8_0004460_X51007339166_P6ANCHOR,P0002450_X51007339166_FORGED,X51007339166,group_0765,train,P6_ANCHOR,69,525,97,544,28,19,200.0,1.0,FORGED_REGION,1,0,EDITED,C:\Users\jay\New folder (2)\Trustrace\data\document_patches\P0002450_X51007339166_FORGED.png
P8_0004461_X51007339166_P6ANCHOR,P0002451_X51007339166_FORGED,X51007339166,group_0765,train,P6_ANCHOR,498,523,505,551,7,28,200.0,1.0,FORGED_REGION,1,0,EDITED,C:\Users\jay\New folder (2)\Trustrace\data\document_patches\P0002451_X51007339166_FORGED.png
P8_0004462_X51007339166_P6ANCHOR,P0002452_X51007339166_FORGED,X51007339166,group_0765,train,P6_ANCHOR,495,564,506,589,11,25,200.0,1.0,FORGED_REGION,1,0,EDITED,C:\Users\jay\New folder (2)\Trustrace\data\document_patches\P0002452_X51007339166_FORGED.png
P8_0004463_X51007339166_P6ANCHOR,P0002453_X51007339166_FORGED,X51007339166,group_0765,train,P6_ANCHOR,498,633,505,660,7,27,200.0,1.0,FORGED_REGION,1,0,EDITED,C:\Users\jay\New folder (2)\Trustrace\data\document_patches\P0002453_X51007339166_FORGED.png
P8_0004464_X51007339166_P6ANCHOR,P0002454_X51007339166_FORGED,X51007339166,group_0765,train,P6_ANCHOR,495,709,511,734,16,25,200.0,1.0,FORGED_REGION,1,0,EDITED,C:\Users\jay\New folder (2)\Trustrace\data\document_patches\P0002454_X51007339166_FORGED.png
P8_0004465_X51007339166_P6ANCHOR,P0002455_X51007339166_FORGED,X51007339166,group_0765,train,P6_ANCHOR,498,767,509,790,11,23,200.0,1.0,FORGED_REGION,1,0,EDITED,C:\Users\jay\New folder (2)\Trustrace\data\document_patches\P0002455_X51007339166_FORGED.png
P8_0004466_X51007339166_P6ANCHOR,P0002456_X51007339166_FORGED,X51007339166,group_0765,train,P6_ANCHOR,498,799,510,822,12,23,200.0,1.0,FORGED_REGION,1,0,EDITED,C:\Users\jay\New folder (2)\Trustrace\data\document_patches\P0002456_X51007339166_FORGED.png
P8_0004467_X51007339166_P6ANCHOR,P0002457_X51007339166_FORGED,X51007339166,group_0765,train,P6_ANCHOR,355,864,364,894,9,30,200.0,1.0,FORGED_REGION,1,0,EDITED,C:\Users\jay\New folder (2)\Trustrace\data\document_patches\P0002457_X51007339166_FORGED.png
P8_0004468_X51007339643_P6ANCHOR,P0002475_X51007339643_FORGED,X51007339643,group_0769,train,P6_ANCHOR,205,376,245,400,40,24,200.0,1.0,FORGED_REGION,1,0,EDITED,C:\Users\jay\New folder (2)\Trustrace\data\document_patches\P0002475_X51007339643_FORGED.png
P8_0004469_X51007339643_P6ANCHOR,P0002476_X51007339643_FORGED,X51007339643,group_0769,train,P6_ANCHOR,454,379,492,403,38,24,200.0,1.0,FORGED_REGION,1,0,EDITED,C:\Users\jay\New folder (2)\Trustrace\data\document_patches\P0002476_X51007339643_FORGED.png
P8_0004470_X51007339643_P6ANCHOR,P0002477_X51007339643_FORGED,X51007339643,group_0769,train,P6_ANCHOR,327,402,363,428,36,26,200.0,1.0,FORGED_REGION,1,0,EDITED,C:\Users\jay\New folder (2)\Trustrace\data\document_patches\P0002477_X51007339643_FORGED.png
P8_0004471_X51007419197_P6ANCHOR,P0002501_X51007419197_FORGED,X51007419197,group_0780,train,P6_ANCHOR,9,571,524,815,515,244,200.0,1.0,FORGED_REGION,1,0,EDITED,C:\Users\jay\New folder (2)\Trustrace\data\document_patches\P0002501_X51007419197_FORGED.png
P8_0004472_X51007433809_P6ANCHOR,P0002503_X51007433809_FORGED,X51007433809,group_0781,train,P6_ANCHOR,381,2027,432,2070,51,43,200.0,1.0,FORGED_REGION,1,0,EDITED,C:\Users\jay\New folder (2)\Trustrace\data\document_patches\P0002503_X51007433809_FORGED.png
P8_0004473_X51007433809_P6ANCHOR,P0002504_X51007433809_FORGED,X51007433809,group_0781,train,P6_ANCHOR,540,1850,599,1891,59,41,200.0,1.0,FORGED_REGION,1,0,EDITED,C:\Users\jay\New folder (2)\Trustrace\data\document_patches\P0002504_X51007433809_FORGED.png
P8_0004474_X51007579714_P6ANCHOR,P0002507_X51007579714_FORGED,X51007579714,group_0782,train,P6_ANCHOR,175,523,225,548,50,25,200.0,1.0,FORGED_REGION,1,0,EDITED,C:\Users\jay\New folder (2)\Trustrace\data\document_patches\P0002507_X51007579714_FORGED.png
P8_0004475_X51007579714_P6ANCHOR,P0002508_X51007579714_FORGED,X51007579714,group_0782,train,P6_ANCHOR,330,318,346,344,16,26,200.0,1.0,FORGED_REGION,1,0,EDITED,C:\Users\jay\New folder (2)\Trustrace\data\document_patches\P0002508_X51007579714_FORGED.png
P8_0004476_X51007579714_P6ANCHOR,P0002509_X51007579714_FORGED,X51007579714,group_0782,train,P6_ANCHOR,302,293,316,315,14,22,200.0,1.0,FORGED_REGION,1,0,EDITED,C:\Users\jay\New folder (2)\Trustrace\data\document_patches\P0002509_X51007579714_FORGED.png
P8_0004477_X51007579725_P6ANCHOR,P0002515_X51007579725_FORGED,X51007579725,group_0784,train,P6_ANCHOR,436,799,458,827,22,28,200.0,1.0,FORGED_REGION,1,0,EDITED,C:\Users\jay\New folder (2)\Trustrace\data\document_patches\P0002515_X51007579725_FORGED.png
P8_0004478_X51007846303_P6ANCHOR,P0002545_X51007846303_FORGED,X51007846303,group_0799,train,P6_ANCHOR,2356,1654,2397,1709,41,55,200.0,1.0,FORGED_REGION,1,0,EDITED,C:\Users\jay\New folder (2)\Trustrace\data\document_patches\P0002545_X51007846303_FORGED.png
P8_0004479_X51007846303_P6ANCHOR,P0002546_X51007846303_FORGED,X51007846303,group_0799,train,P6_ANCHOR,2220,2284,2458,2334,238,50,200.0,1.0,FORGED_REGION,1,0,EDITED,C:\Users\jay\New folder (2)\Trustrace\data\document_patches\P0002546_X51007846303_FORGED.png
P8_0004483_X51007846353_P6ANCHOR,P0002571_X51007846353_FORGED,X51007846353,group_0809,train,P6_ANCHOR,1927,2483,1978,2550,51,67,200.0,1.0,FORGED_REGION,1,0,EDITED,C:\Users\jay\New folder (2)\Trustrace\data\document_patches\P0002571_X51007846353_FORGED.png
P8_0004484_X51007846353_P6ANCHOR,P0002572_X51007846353_FORGED,X51007846353,group_0809,train,P6_ANCHOR,2122,2673,2170,2740,48,67,200.0,1.0,FORGED_REGION,1,0,EDITED,C:\Users\jay\New folder (2)\Trustrace\data\document_patches\P0002572_X51007846353_FORGED.png
P8_0004485_X51007846353_P6ANCHOR,P0002573_X51007846353_FORGED,X51007846353,group_0809,train,P6_ANCHOR,2128,3264,2173,3328,45,64,200.0,1.0,FORGED_REGION,1,0,EDITED,C:\Users\jay\New folder (2)\Trustrace\data\document_patches\P0002573_X51007846353_FORGED.png
P8_0004486_X51007846353_P6ANCHOR,P0002574_X51007846353_FORGED,X51007846353,group_0809,train,P6_ANCHOR,1930,3264,1978,3331,48,67,200.0,1.0,FORGED_REGION,1,0,EDITED,C:\Users\jay\New folder (2)\Trustrace\data\document_patches\P0002574_X51007846353_FORGED.png
P8_0004487_X51007846353_P6ANCHOR,P0002575_X51007846353_FORGED,X51007846353,group_0809,train,P6_ANCHOR,2713,2459,2758,2520,45,61,200.0,1.0,FORGED_REGION,1,0,EDITED,C:\Users\jay\New folder (2)\Trustrace\data\document_patches\P0002575_X51007846353_FORGED.png
P8_0004488_X51007846353_P6ANCHOR,P0002576_X51007846353_FORGED,X51007846353,group_0809,train,P6_ANCHOR,2783,2462,2818,2523,35,61,200.0,1.0,FORGED_REGION,1,0,EDITED,C:\Users\jay\New folder (2)\Trustrace\data\document_patches\P0002576_X51007846353_FORGED.png
P8_0004489_X51007846353_P6ANCHOR,P0002577_X51007846353_FORGED,X51007846353,group_0809,train,P6_ANCHOR,2718,2849,2758,2913,40,64,200.0,1.0,FORGED_REGION,1,0,EDITED,C:\Users\jay\New folder (2)\Trustrace\data\document_patches\P0002577_X51007846353_FORGED.png
P8_0004490_X51007846353_P6ANCHOR,P0002578_X51007846353_FORGED,X51007846353,group_0809,train,P6_ANCHOR,2828,2857,2868,2921,40,64,200.0,1.0,FORGED_REGION,1,0,EDITED,C:\Users\jay\New folder (2)\Trustrace\data\document_patches\P0002578_X51007846353_FORGED.png
P8_0004491_X51007846353_P6ANCHOR,P0002579_X51007846353_FORGED,X51007846353,group_0809,train,P6_ANCHOR,2825,3250,2870,3303,45,53,200.0,1.0,FORGED_REGION,1,0,EDITED,C:\Users\jay\New folder (2)\Trustrace\data\document_patches\P0002579_X51007846353_FORGED.png
P8_0004492_X51007846353_P6ANCHOR,P0002580_X51007846353_FORGED,X51007846353,group_0809,train,P6_ANCHOR,1927,3071,1975,3130,48,59,200.0,1.0,FORGED_REGION,1,0,EDITED,C:\Users\jay\New folder (2)\Trustrace\data\document_patches\P0002580_X51007846353_FORGED.png
P8_0004493_X51007846353_P6ANCHOR,P0002581_X51007846353_FORGED,X51007846353,group_0809,train,P6_ANCHOR,2673,3253,2724,3320,51,67,200.0,1.0,FORGED_REGION,1,0,EDITED,C:\Users\jay\New folder (2)\Trustrace\data\document_patches\P0002581_X51007846353_FORGED.png
P8_0004494_X51007846353_P6ANCHOR,P0002582_X51007846353_FORGED,X51007846353,group_0809,train,P6_ANCHOR,2315,1473,2350,1534,35,61,200.0,1.0,FORGED_REGION,1,0,EDITED,C:\Users\jay\New folder (2)\Trustrace\data\document_patches\P0002582_X51007846353_FORGED.png
P8_0004495_X51007846353_P6ANCHOR,P0002583_X51007846353_FORGED,X51007846353,group_0809,train,P6_ANCHOR,2734,3253,2766,3320,32,67,200.0,1.0,FORGED_REGION,1,0,EDITED,C:\Users\jay\New folder (2)\Trustrace\data\document_patches\P0002583_X51007846353_FORGED.png
P8_0004496_X51007846353_P6ANCHOR,P0002584_X51007846353_FORGED,X51007846353,group_0809,train,P6_ANCHOR,2784,3252,2820,3305,36,53,200.0,1.0,FORGED_REGION,1,0,EDITED,C:\Users\jay\New folder (2)\Trustrace\data\document_patches\P0002584_X51007846353_FORGED.png
P8_0004497_X51007846353_P6ANCHOR,P0002585_X51007846353_FORGED,X51007846353,group_0809,train,P6_ANCHOR,2716,3937,2949,4029,233,92,200.0,1.0,FORGED_REGION,1,0,EDITED,C:\Users\jay\New folder (2)\Trustrace\data\document_patches\P0002585_X51007846353_FORGED.png
P8_0004498_X51007846353_P6ANCHOR,P0002586_X51007846353_FORGED,X51007846353,group_0809,train,P6_ANCHOR,2722,3793,2942,3870,220,77,200.0,1.0,FORGED_REGION,1,0,EDITED,C:\Users\jay\New folder (2)\Trustrace\data\document_patches\P0002586_X51007846353_FORGED.png
P8_0004499_X51007846353_P6ANCHOR,P0002587_X51007846353_FORGED,X51007846353,group_0809,train,P6_ANCHOR,2844,3947,2940,4018,96,71,200.0,1.0,FORGED_REGION,1,0,EDITED,C:\Users\jay\New folder (2)\Trustrace\data\document_patches\P0002587_X51007846353_FORGED.png
P8_0004500_X51007846353_P6ANCHOR,P0002588_X51007846353_FORGED,X51007846353,group_0809,train,P6_ANCHOR,2846,4106,2947,4183,101,77,200.0,1.0,FORGED_REGION,1,0,EDITED,C:\Users\jay\New folder (2)\Trustrace\data\document_patches\P0002588_X51007846353_FORGED.png
P8_0004501_X51007846353_P6ANCHOR,P0002589_X51007846353_FORGED,X51007846353,group_0809,train,P6_ANCHOR,2703,4121,2810,4189,107,68,200.0,1.0,FORGED_REGION,1,0,EDITED,C:\Users\jay\New folder (2)\Trustrace\data\document_patches\P0002589_X51007846353_FORGED.png
P8_0004502_X51007846353_P6ANCHOR,P0002590_X51007846353_FORGED,X51007846353,group_0809,train,P6_ANCHOR,2861,3573,2934,3629,73,56,200.0,1.0,FORGED_REGION,1,0,EDITED,C:\Users\jay\New folder (2)\Trustrace\data\document_patches\P0002590_X51007846353_FORGED.png
P8_0004503_X51007846353_P6ANCHOR,P0002591_X51007846353_FORGED,X51007846353,group_0809,train,P6_ANCHOR,2863,3466,2946,3528,83,62,200.0,1.0,FORGED_REGION,1,0,EDITED,C:\Users\jay\New folder (2)\Trustrace\data\document_patches\P0002591_X51007846353_FORGED.png
P8_0004504_X51007846353_P6ANCHOR,P0002592_X51007846353_FORGED,X51007846353,group_0809,train,P6_ANCHOR,2799,3567,2835,3629,36,62,200.0,1.0,FORGED_REGION,1,0,EDITED,C:\Users\jay\New folder (2)\Trustrace\data\document_patches\P0002592_X51007846353_FORGED.png
P8_0004505_X51007846353_P6ANCHOR,P0002593_X51007846353_FORGED,X51007846353,group_0809,train,P6_ANCHOR,2799,3475,2833,3531,34,56,200.0,1.0,FORGED_REGION,1,0,EDITED,C:\Users\jay\New folder (2)\Trustrace\data\document_patches\P0002593_X51007846353_FORGED.png
P8_0004506_X51007846353_P6ANCHOR,P0002594_X51007846353_FORGED,X51007846353,group_0809,train,P6_ANCHOR,2230,3263,2273,3321,43,58,200.0,1.0,FORGED_REGION,1,0,EDITED,C:\Users\jay\New folder (2)\Trustrace\data\document_patches\P0002594_X51007846353_FORGED.png
P8_0004507_X51007846353_P6ANCHOR,P0002595_X51007846353_FORGED,X51007846353,group_0809,train,P6_ANCHOR,2752,3471,2795,3533,43,62,200.0,1.0,FORGED_REGION,1,0,EDITED,C:\Users\jay\New folder (2)\Trustrace\data\document_patches\P0002595_X51007846353_FORGED.png
P8_0004508_X51007846353_P6ANCHOR,P0002596_X51007846353_FORGED,X51007846353,group_0809,train,P6_ANCHOR,2761,4294,2953,4373,192,79,200.0,1.0,FORGED_REGION,1,0,EDITED,C:\Users\jay\New folder (2)\Trustrace\data\document_patches\P0002596_X51007846353_FORGED.png
P8_0004509_X51007846353_P6ANCHOR,P0002597_X51007846353_FORGED,X51007846353,group_0809,train,P6_ANCHOR,2333,4294,2543,4375,210,81,200.0,1.0,FORGED_REGION,1,0,EDITED,C:\Users\jay\New folder (2)\Trustrace\data\document_patches\P0002597_X51007846353_FORGED.png
P8_0004510_X51007846357_P6ANCHOR,P0002627_X51007846357_FORGED,X51007846357,group_0811,train,P6_ANCHOR,1935,3520,3066,3765,1131,245,200.0,1.0,FORGED_REGION,1,0,EDITED,C:\Users\jay\New folder (2)\Trustrace\data\document_patches\P0002627_X51007846357_FORGED.png
P8_0004511_X51007846357_P6ANCHOR,P0002628_X51007846357_FORGED,X51007846357,group_0811,train,P6_ANCHOR,1968,4463,3177,4749,1209,286,200.0,1.0,FORGED_REGION,1,0,EDITED,C:\Users\jay\New folder (2)\Trustrace\data\document_patches\P0002628_X51007846357_FORGED.png
P8_0004512_X51007846357_P6ANCHOR,P0002629_X51007846357_FORGED,X51007846357,group_0811,train,P6_ANCHOR,2781,3336,2814,3401,33,65,200.0,1.0,FORGED_REGION,1,0,EDITED,C:\Users\jay\New folder (2)\Trustrace\data\document_patches\P0002629_X51007846357_FORGED.png
P8_0004513_X51007846357_P6ANCHOR,P0002630_X51007846357_FORGED,X51007846357,group_0811,train,P6_ANCHOR,2642,3879,2679,3957,37,78,200.0,1.0,FORGED_REGION,1,0,EDITED,C:\Users\jay\New folder (2)\Trustrace\data\document_patches\P0002630_X51007846357_FORGED.png
P8_0004514_X51007846357_P6ANCHOR,P0002631_X51007846357_FORGED,X51007846357,group_0811,train,P6_ANCHOR,2638,4059,2683,4137,45,78,200.0,1.0,FORGED_REGION,1,0,EDITED,C:\Users\jay\New folder (2)\Trustrace\data\document_patches\P0002631_X51007846357_FORGED.png
P8_0004515_X51007846357_P6ANCHOR,P0002632_X51007846357_FORGED,X51007846357,group_0811,train,P6_ANCHOR,2638,4230,2703,4316,65,86,200.0,1.0,FORGED_REGION,1,0,EDITED,C:\Users\jay\New folder (2)\Trustrace\data\document_patches\P0002632_X51007846357_FORGED.png
P8_0004516_X51007846357_P6ANCHOR,P0002633_X51007846357_FORGED,X51007846357,group_0811,train,P6_ANCHOR,1927,3344,1972,3422,45,78,200.0,1.0,FORGED_REGION,1,0,EDITED,C:\Users\jay\New folder (2)\Trustrace\data\document_patches\P0002633_X51007846357_FORGED.png
P8_0004517_X51007846357_P6ANCHOR,P0002634_X51007846357_FORGED,X51007846357,group_0811,train,P6_ANCHOR,2609,3879,2638,3944,29,65,200.0,1.0,FORGED_REGION,1,0,EDITED,C:\Users\jay\New folder (2)\Trustrace\data\document_patches\P0002634_X51007846357_FORGED.png
P8_0004518_X51007846357_P6ANCHOR,P0002635_X51007846357_FORGED,X51007846357,group_0811,train,P6_ANCHOR,2609,4071,2638,4136,29,65,200.0,1.0,FORGED_REGION,1,0,EDITED,C:\Users\jay\New folder (2)\Trustrace\data\document_patches\P0002635_X51007846357_FORGED.png
P8_0004519_X51007846357_P6ANCHOR,P0002636_X51007846357_FORGED,X51007846357,group_0811,train,P6_ANCHOR,2589,4230,2634,4320,45,90,200.0,1.0,FORGED_REGION,1,0,EDITED,C:\Users\jay\New folder (2)\Trustrace\data\document_patches\P0002636_X51007846357_FORGED.png
P8_0004527_X51007846396_P6ANCHOR,P0002689_X51007846396_FORGED,X51007846396,group_0822,train,P6_ANCHOR,2913,3127,2983,3236,70,109,200.0,1.0,FORGED_REGION,1,0,EDITED,C:\Users\jay\New folder (2)\Trustrace\data\document_patches\P0002689_X51007846396_FORGED.png
P8_0004528_X51007846396_P6ANCHOR,P0002690_X51007846396_FORGED,X51007846396,group_0822,train,P6_ANCHOR,2926,3323,2987,3423,61,100,200.0,1.0,FORGED_REGION,1,0,EDITED,C:\Users\jay\New folder (2)\Trustrace\data\document_patches\P0002690_X51007846396_FORGED.png
P8_0004529_X51007846396_P6ANCHOR,P0002691_X51007846396_FORGED,X51007846396,group_0822,train,P6_ANCHOR,2922,3433,2992,3516,70,83,200.0,1.0,FORGED_REGION,1,0,EDITED,C:\Users\jay\New folder (2)\Trustrace\data\document_patches\P0002691_X51007846396_FORGED.png
P8_0004530_X51008030565_P6ANCHOR,P0002715_X51008030565_FORGED,X51008030565,group_0831,train,P6_ANCHOR,366,1016,385,1046,19,30,200.0,1.0,FORGED_REGION,1,0,EDITED,C:\Users\jay\New folder (2)\Trustrace\data\document_patches\P0002715_X51008030565_FORGED.png
P8_0004531_X51008030565_P6ANCHOR,P0002716_X51008030565_FORGED,X51008030565,group_0831,train,P6_ANCHOR,503,1019,520,1046,17,27,200.0,1.0,FORGED_REGION,1,0,EDITED,C:\Users\jay\New folder (2)\Trustrace\data\document_patches\P0002716_X51008030565_FORGED.png
P8_0004532_X51008030565_P6ANCHOR,P0002717_X51008030565_FORGED,X51008030565,group_0831,train,P6_ANCHOR,560,1125,579,1154,19,29,200.0,1.0,FORGED_REGION,1,0,EDITED,C:\Users\jay\New folder (2)\Trustrace\data\document_patches\P0002717_X51008030565_FORGED.png
P8_0004533_X51008030565_P6ANCHOR,P0002718_X51008030565_FORGED,X51008030565,group_0831,train,P6_ANCHOR,546,1125,557,1154,11,29,200.0,1.0,FORGED_REGION,1,0,EDITED,C:\Users\jay\New folder (2)\Trustrace\data\document_patches\P0002718_X51008030565_FORGED.png
P8_0004534_X51008030565_P6ANCHOR,P0002719_X51008030565_FORGED,X51008030565,group_0831,train,P6_ANCHOR,561,1196,578,1225,17,29,200.0,1.0,FORGED_REGION,1,0,EDITED,C:\Users\jay\New folder (2)\Trustrace\data\document_patches\P0002719_X51008030565_FORGED.png
P8_0004535_X51008030565_P6ANCHOR,P0002720_X51008030565_FORGED,X51008030565,group_0831,train,P6_ANCHOR,546,1197,556,1222,10,25,200.0,1.0,FORGED_REGION,1,0,EDITED,C:\Users\jay\New folder (2)\Trustrace\data\document_patches\P0002720_X51008030565_FORGED.png
P8_0004536_X51008030565_P6ANCHOR,P0002721_X51008030565_FORGED,X51008030565,group_0831,train,P6_ANCHOR,493,1230,519,1259,26,29,200.0,1.0,FORGED_REGION,1,0,EDITED,C:\Users\jay\New folder (2)\Trustrace\data\document_patches\P0002721_X51008030565_FORGED.png
P8_0004537_X51008030565_P6ANCHOR,P0002722_X51008030565_FORGED,X51008030565,group_0831,train,P6_ANCHOR,481,1229,491,1261,10,32,200.0,1.0,FORGED_REGION,1,0,EDITED,C:\Users\jay\New folder (2)\Trustrace\data\document_patches\P0002722_X51008030565_FORGED.png
P8_0004538_X51008030565_P6ANCHOR,P0002723_X51008030565_FORGED,X51008030565,group_0831,train,P6_ANCHOR,429,947,444,973,15,26,200.0,1.0,FORGED_REGION,1,0,EDITED,C:\Users\jay\New folder (2)\Trustrace\data\document_patches\P0002723_X51008030565_FORGED.png
P8_0004539_X51008030565_P6ANCHOR,P0002724_X51008030565_FORGED,X51008030565,group_0831,train,P6_ANCHOR,429,1019,443,1046,14,27,200.0,1.0,FORGED_REGION,1,0,EDITED,C:\Users\jay\New folder (2)\Trustrace\data\document_patches\P0002724_X51008030565_FORGED.png
P8_0004540_X51008030565_P6ANCHOR,P0002725_X51008030565_FORGED,X51008030565,group_0831,train,P6_ANCHOR,579,1160,593,1189,14,29,200.0,1.0,FORGED_REGION,1,0,EDITED,C:\Users\jay\New folder (2)\Trustrace\data\document_patches\P0002725_X51008030565_FORGED.png
P8_0004541_X51008030565_P6ANCHOR,P0002726_X51008030565_FORGED,X51008030565,group_0831,train,P6_ANCHOR,607,1231,636,1259,29,28,200.0,1.0,FORGED_REGION,1,0,EDITED,C:\Users\jay\New folder (2)\Trustrace\data\document_patches\P0002726_X51008030565_FORGED.png
P8_0004544_X51008099071_P6ANCHOR,P0002787_X51008099071_FORGED,X51008099071,group_0854,train,P6_ANCHOR,738,1124,845,1163,107,39,200.0,1.0,FORGED_REGION,1,0,EDITED,C:\Users\jay\New folder (2)\Trustrace\data\document_patches\P0002787_X51008099071_FORGED.png
P8_0004545_X51008099071_P6ANCHOR,P0002788_X51008099071_FORGED,X51008099071,group_0854,train,P6_ANCHOR,190,819,292,858,102,39,200.0,1.0,FORGED_REGION,1,0,EDITED,C:\Users\jay\New folder (2)\Trustrace\data\document_patches\P0002788_X51008099071_FORGED.png
P8_0004550_X51008114283_P6ANCHOR,P0002833_X51008114283_FORGED,X51008114283,group_0874,train,P6_ANCHOR,222,1554,265,1594,43,40,200.0,1.0,FORGED_REGION,1,0,EDITED,C:\Users\jay\New folder (2)\Trustrace\data\document_patches\P0002833_X51008114283_FORGED.png
P8_0004553_X51008123447_P6ANCHOR,P0002845_X51008123447_FORGED,X51008123447,group_0008,train,P6_ANCHOR,280,526,308,554,28,28,200.0,1.0,FORGED_REGION,1,0,EDITED,C:\Users\jay\New folder (2)\Trustrace\data\document_patches\P0002845_X51008123447_FORGED.png
P8_0004554_X51008123447_P6ANCHOR,P0002846_X51008123447_FORGED,X51008123447,group_0008,train,P6_ANCHOR,407,596,429,623,22,27,200.0,1.0,FORGED_REGION,1,0,EDITED,C:\Users\jay\New folder (2)\Trustrace\data\document_patches\P0002846_X51008123447_FORGED.png
P8_0004555_X51008123447_P6ANCHOR,P0002847_X51008123447_FORGED,X51008123447,group_0008,train,P6_ANCHOR,405,772,432,801,27,29,200.0,1.0,FORGED_REGION,1,0,EDITED,C:\Users\jay\New folder (2)\Trustrace\data\document_patches\P0002847_X51008123447_FORGED.png
P8_0004556_X51008123447_P6ANCHOR,P0002848_X51008123447_FORGED,X51008123447,group_0008,train,P6_ANCHOR,404,837,430,868,26,31,200.0,1.0,FORGED_REGION,1,0,EDITED,C:\Users\jay\New folder (2)\Trustrace\data\document_patches\P0002848_X51008123447_FORGED.png
P8_0004557_X51008123447_P6ANCHOR,P0002849_X51008123447_FORGED,X51008123447,group_0008,train,P6_ANCHOR,409,875,433,900,24,25,200.0,1.0,FORGED_REGION,1,0,EDITED,C:\Users\jay\New folder (2)\Trustrace\data\document_patches\P0002849_X51008123447_FORGED.png
P8_0004558_X51008123447_P6ANCHOR,P0002850_X51008123447_FORGED,X51008123447,group_0008,train,P6_ANCHOR,404,906,431,936,27,30,200.0,1.0,FORGED_REGION,1,0,EDITED,C:\Users\jay\New folder (2)\Trustrace\data\document_patches\P0002850_X51008123447_FORGED.png
P8_0004559_X51008123451_P6ANCHOR,P0002859_X51008123451_FORGED,X51008123451,group_0879,train,P6_ANCHOR,57,641,663,671,606,30,200.0,1.0,FORGED_REGION,1,0,EDITED,C:\Users\jay\New folder (2)\Trustrace\data\document_patches\P0002859_X51008123451_FORGED.png
P8_0004560_X51008142031_P6ANCHOR,P0002881_X51008142031_FORGED,X51008142031,group_0889,train,P6_ANCHOR,284,737,308,779,24,42,200.0,1.0,FORGED_REGION,1,0,EDITED,C:\Users\jay\New folder (2)\Trustrace\data\document_patches\P0002881_X51008142031_FORGED.png
P8_0004561_X51008142031_P6ANCHOR,P0002882_X51008142031_FORGED,X51008142031,group_0889,train,P6_ANCHOR,337,740,362,781,25,41,200.0,1.0,FORGED_REGION,1,0,EDITED,C:\Users\jay\New folder (2)\Trustrace\data\document_patches\P0002882_X51008142031_FORGED.png
P8_0004562_X51008142032_P6ANCHOR,P0002885_X51008142032_FORGED,X51008142032,group_0890,train,P6_ANCHOR,280,741,303,779,23,38,200.0,1.0,FORGED_REGION,1,0,EDITED,C:\Users\jay\New folder (2)\Trustrace\data\document_patches\P0002885_X51008142032_FORGED.png
P8_0004563_X51008142032_P6ANCHOR,P0002886_X51008142032_FORGED,X51008142032,group_0890,train,P6_ANCHOR,337,741,355,780,18,39,200.0,1.0,FORGED_REGION,1,0,EDITED,C:\Users\jay\New folder (2)\Trustrace\data\document_patches\P0002886_X51008142032_FORGED.png
P8_0004564_X51008142038_P6ANCHOR,P0002893_X51008142038_FORGED,X51008142038,group_0893,train,P6_ANCHOR,554,445,575,480,21,35,200.0,1.0,FORGED_REGION,1,0,EDITED,C:\Users\jay\New folder (2)\Trustrace\data\document_patches\P0002893_X51008142038_FORGED.png
P8_0004565_X51008142038_P6ANCHOR,P0002894_X51008142038_FORGED,X51008142038,group_0893,train,P6_ANCHOR,625,496,646,530,21,34,200.0,1.0,FORGED_REGION,1,0,EDITED,C:\Users\jay\New folder (2)\Trustrace\data\document_patches\P0002894_X51008142038_FORGED.png
P8_0004566_X51008142038_P6ANCHOR,P0002895_X51008142038_FORGED,X51008142038,group_0893,train,P6_ANCHOR,643,390,661,426,18,36,200.0,1.0,FORGED_REGION,1,0,EDITED,C:\Users\jay\New folder (2)\Trustrace\data\document_patches\P0002895_X51008142038_FORGED.png
P8_0004567_X51008142063_P6ANCHOR,P0002909_X51008142063_FORGED,X51008142063,group_0895,train,P6_ANCHOR,698,938,723,974,25,36,200.0,1.0,FORGED_REGION,1,0,EDITED,C:\Users\jay\New folder (2)\Trustrace\data\document_patches\P0002909_X51008142063_FORGED.png
P8_0004568_X51008142063_P6ANCHOR,P0002910_X51008142063_FORGED,X51008142063,group_0895,train,P6_ANCHOR,767,927,794,974,27,47,200.0,1.0,FORGED_REGION,1,0,EDITED,C:\Users\jay\New folder (2)\Trustrace\data\document_patches\P0002910_X51008142063_FORGED.png
P8_0004569_X51008164998_P6ANCHOR,P0002941_X51008164998_FORGED,X51008164998,group_0909,train,P6_ANCHOR,139,912,150,939,11,27,200.0,1.0,FORGED_REGION,1,0,EDITED,C:\Users\jay\New folder (2)\Trustrace\data\document_patches\P0002941_X51008164998_FORGED.png
P8_0004570_X51008164998_P6ANCHOR,P0002942_X51008164998_FORGED,X51008164998,group_0909,train,P6_ANCHOR,154,910,164,938,10,28,200.0,1.0,FORGED_REGION,1,0,EDITED,C:\Users\jay\New folder (2)\Trustrace\data\document_patches\P0002942_X51008164998_FORGED.png
P8_0004571_X51008164998_P6ANCHOR,P0002943_X51008164998_FORGED,X51008164998,group_0909,train,P6_ANCHOR,154,988,162,1012,8,24,200.0,1.0,FORGED_REGION,1,0,EDITED,C:\Users\jay\New folder (2)\Trustrace\data\document_patches\P0002943_X51008164998_FORGED.png
P8_0004572_X51008164998_P6ANCHOR,P0002944_X51008164998_FORGED,X51008164998,group_0909,train,P6_ANCHOR,616,987,657,1025,41,38,200.0,1.0,FORGED_REGION,1,0,EDITED,C:\Users\jay\New folder (2)\Trustrace\data\document_patches\P0002944_X51008164998_FORGED.png
P8_0004573_X51009008095_P6ANCHOR,P0002953_X51009008095_FORGED,X51009008095,group_0023,train,P6_ANCHOR,208,1175,593,1214,385,39,200.0,1.0,FORGED_REGION,1,0,EDITED,C:\Users\jay\New folder (2)\Trustrace\data\document_patches\P0002953_X51009008095_FORGED.png
P8_0004574_X51009447842_P6ANCHOR,P0002955_X51009447842_FORGED,X51009447842,group_0013,train,P6_ANCHOR,725,1105,772,1150,47,45,200.0,1.0,FORGED_REGION,1,0,EDITED,C:\Users\jay\New folder (2)\Trustrace\data\document_patches\P0002955_X51009447842_FORGED.png
P8_0004575_X51009447842_P6ANCHOR,P0002956_X51009447842_FORGED,X51009447842,group_0013,train,P6_ANCHOR,725,1298,772,1338,47,40,200.0,1.0,FORGED_REGION,1,0,EDITED,C:\Users\jay\New folder (2)\Trustrace\data\document_patches\P0002956_X51009447842_FORGED.png
P8_0004576_X51009447842_P6ANCHOR,P0002957_X51009447842_FORGED,X51009447842,group_0013,train,P6_ANCHOR,816,1356,865,1399,49,43,200.0,1.0,FORGED_REGION,1,0,EDITED,C:\Users\jay\New folder (2)\Trustrace\data\document_patches\P0002957_X51009447842_FORGED.png
