patch_id,parent_sample_id,group_id,split,patch_label,binary_label,parent_document_label,entity_type,bbox_x,bbox_y,bbox_w,bbox_h,patch_path
P0000001_X00016469612_FORGED,X00016469612,group_0033,train,FORGED_REGION,1,EDITED,Metadata,174,374,9,14,C:\Users\jay\New folder (2)\Trustrace\data\document_patches\P0000001_X00016469612_FORGED.png
P0000002_X00016469612_FORGED,X00016469612,group_0033,train,FORGED_REGION,1,EDITED,Metadata,164,373,9,15,C:\Users\jay\New folder (2)\Trustrace\data\document_patches\P0000002_X00016469612_FORGED.png
P0000003_X00016469612_FORGED,X00016469612,group_0033,train,FORGED_REGION,1,EDITED,Metadata,318,372,13,16,C:\Users\jay\New folder (2)\Trustrace\data\document_patches\P0000003_X00016469612_FORGED.png
P0000004_X00016469612_FORGED,X00016469612,group_0033,train,FORGED_REGION,1,EDITED,Other,179,396,10,18,C:\Users\jay\New folder (2)\Trustrace\data\document_patches\P0000004_X00016469612_FORGED.png
P0000005_X00016469612_AUTH,X00016469612,group_0033,train,AUTHENTIC_REGION,0,EDITED,AuthenticText,180,703,51,17,C:\Users\jay\New folder (2)\Trustrace\data\document_patches\P0000005_X00016469612_AUTH.png
P0000006_X00016469612_AUTH,X00016469612,group_0033,train,AUTHENTIC_REGION,0,EDITED,AuthenticText,214,194,54,14,C:\Users\jay\New folder (2)\Trustrace\data\document_patches\P0000006_X00016469612_AUTH.png
P0000007_X00016469612_AUTH,X00016469612,group_0033,train,AUTHENTIC_REGION,0,EDITED,AuthenticText,274,373,40,14,C:\Users\jay\New folder (2)\Trustrace\data\document_patches\P0000007_X00016469612_AUTH.png
P0000008_X00016469612_AUTH,X00016469612,group_0033,train,AUTHENTIC_REGION,0,EDITED,AuthenticText,206,771,63,15,C:\Users\jay\New folder (2)\Trustrace\data\document_patches\P0000008_X00016469612_AUTH.png
P0000011_X00016469620_AUTH,X00016469620,group_0035,train,AUTHENTIC_REGION,0,REAL,AuthenticText,23,544,46,16,C:\Users\jay\New folder (2)\Trustrace\data\document_patches\P0000011_X00016469620_AUTH.png
P0000012_X00016469620_AUTH,X00016469620,group_0035,train,AUTHENTIC_REGION,0,REAL,AuthenticText,22,523,39,16,C:\Users\jay\New folder (2)\Trustrace\data\document_patches\P0000012_X00016469620_AUTH.png
P0000033_X00016469670_AUTH,X00016469670,group_0039,train,AUTHENTIC_REGION,0,REAL,AuthenticText,88,774,65,16,C:\Users\jay\New folder (2)\Trustrace\data\document_patches\P0000033_X00016469670_AUTH.png
P0000034_X00016469670_AUTH,X00016469670,group_0039,train,AUTHENTIC_REGION,0,REAL,AuthenticText,209,231,83,14,C:\Users\jay\New folder (2)\Trustrace\data\document_patches\P0000034_X00016469670_AUTH.png
P0000035_X00016469671_AUTH,X00016469671,group_0040,train,AUTHENTIC_REGION,0,REAL,AuthenticText,263,123,36,14,C:\Users\jay\New folder (2)\Trustrace\data\document_patches\P0000035_X00016469671_AUTH.png
P0000036_X00016469671_AUTH,X00016469671,group_0040,train,AUTHENTIC_REGION,0,REAL,AuthenticText,120,521,31,14,C:\Users\jay\New folder (2)\Trustrace\data\document_patches\P0000036_X00016469671_AUTH.png
P0000037_X00016469672_AUTH,X00016469672,group_0041,train,AUTHENTIC_REGION,0,REAL,AuthenticText,105,729,76,13,C:\Users\jay\New folder (2)\Trustrace\data\document_patches\P0000037_X00016469672_AUTH.png
P0000038_X00016469672_AUTH,X00016469672,group_0041,train,AUTHENTIC_REGION,0,REAL,AuthenticText,137,207,47,14,C:\Users\jay\New folder (2)\Trustrace\data\document_patches\P0000038_X00016469672_AUTH.png
P0000045_X51005230605_AUTH,X51005230605,group_0045,train,AUTHENTIC_REGION,0,REAL,AuthenticText,496,556,53,24,C:\Users\jay\New folder (2)\Trustrace\data\document_patches\P0000045_X51005230605_AUTH.png
P0000046_X51005230605_AUTH,X51005230605,group_0045,train,AUTHENTIC_REGION,0,REAL,AuthenticText,31,590,133,27,C:\Users\jay\New folder (2)\Trustrace\data\document_patches\P0000046_X51005230605_AUTH.png
P0000047_X51005230616_FORGED,X51005230616,group_0046,train,FORGED_REGION,1,EDITED,Product,27,875,29,43,C:\Users\jay\New folder (2)\Trustrace\data\document_patches\P0000047_X51005230616_FORGED.png
P0000048_X51005230616_FORGED,X51005230616,group_0046,train,FORGED_REGION,1,EDITED,Product,458,883,35,37,C:\Users\jay\New folder (2)\Trustrace\data\document_patches\P0000048_X51005230616_FORGED.png
P0000049_X51005230616_AUTH,X51005230616,group_0046,train,AUTHENTIC_REGION,0,EDITED,AuthenticText,471,494,25,23,C:\Users\jay\New folder (2)\Trustrace\data\document_patches\P0000049_X51005230616_AUTH.png
P0000050_X51005230616_AUTH,X51005230616,group_0046,train,AUTHENTIC_REGION,0,EDITED,AuthenticText,472,1221,52,23,C:\Users\jay\New folder (2)\Trustrace\data\document_patches\P0000050_X51005230616_AUTH.png
P0000051_X51005230617_FORGED,X51005230617,group_0047,train,FORGED_REGION,1,EDITED,Total/payment,449,1043,30,32,C:\Users\jay\New folder (2)\Trustrace\data\document_patches\P0000051_X51005230617_FORGED.png
P0000052_X51005230617_FORGED,X51005230617,group_0047,train,FORGED_REGION,1,EDITED,Product,464,814,27,32,C:\Users\jay\New folder (2)\Trustrace\data\document_patches\P0000052_X51005230617_FORGED.png
P0000053_X51005230617_AUTH,X51005230617,group_0047,train,AUTHENTIC_REGION,0,EDITED,AuthenticText,235,328,25,24,C:\Users\jay\New folder (2)\Trustrace\data\document_patches\P0000053_X51005230617_AUTH.png
P0000054_X51005230617_AUTH,X51005230617,group_0047,train,AUTHENTIC_REGION,0,EDITED,AuthenticText,341,270,26,18,C:\Users\jay\New folder (2)\Trustrace\data\document_patches\P0000054_X51005230617_AUTH.png
P0000055_X51005230621_AUTH,X51005230621,group_0048,train,AUTHENTIC_REGION,0,REAL,AuthenticText,231,434,28,20,C:\Users\jay\New folder (2)\Trustrace\data\document_patches\P0000055_X51005230621_AUTH.png
P0000056_X51005230621_AUTH,X51005230621,group_0048,train,AUTHENTIC_REGION,0,REAL,AuthenticText,142,466,31,18,C:\Users\jay\New folder (2)\Trustrace\data\document_patches\P0000056_X51005230621_AUTH.png
P0000059_X51005230657_AUTH,X51005230657,group_0050,train,AUTHENTIC_REGION,0,REAL,AuthenticText,445,563,41,19,C:\Users\jay\New folder (2)\Trustrace\data\document_patches\P0000059_X51005230657_AUTH.png
P0000060_X51005230657_AUTH,X51005230657,group_0050,train,AUTHENTIC_REGION,0,REAL,AuthenticText,89,500,19,18,C:\Users\jay\New folder (2)\Trustrace\data\document_patches\P0000060_X51005230657_AUTH.png
P0000061_X51005230659_AUTH,X51005230659,group_0051,train,AUTHENTIC_REGION,0,REAL,AuthenticText,87,940,73,21,C:\Users\jay\New folder (2)\Trustrace\data\document_patches\P0000061_X51005230659_AUTH.png
P0000062_X51005230659_AUTH,X51005230659,group_0051,train,AUTHENTIC_REGION,0,REAL,AuthenticText,250,563,43,26,C:\Users\jay\New folder (2)\Trustrace\data\document_patches\P0000062_X51005230659_AUTH.png
P0000065_X51005268200_AUTH,X51005268200,group_0053,train,AUTHENTIC_REGION,0,REAL,AuthenticText,378,1192,118,26,C:\Users\jay\New folder (2)\Trustrace\data\document_patches\P0000065_X51005268200_AUTH.png
P0000066_X51005268200_AUTH,X51005268200,group_0053,train,AUTHENTIC_REGION,0,REAL,AuthenticText,173,801,26,25,C:\Users\jay\New folder (2)\Trustrace\data\document_patches\P0000066_X51005268200_AUTH.png
P0000067_X51005268262_AUTH,X51005268262,group_0009,train,AUTHENTIC_REGION,0,REAL,AuthenticText,542,58,19,25,C:\Users\jay\New folder (2)\Trustrace\data\document_patches\P0000067_X51005268262_AUTH.png
P0000068_X51005268262_AUTH,X51005268262,group_0009,train,AUTHENTIC_REGION,0,REAL,AuthenticText,256,1224,86,22,C:\Users\jay\New folder (2)\Trustrace\data\document_patches\P0000068_X51005268262_AUTH.png
P0000069_X51005268275_AUTH,X51005268275,group_0010,train,AUTHENTIC_REGION,0,REAL,AuthenticText,219,1316,98,26,C:\Users\jay\New folder (2)\Trustrace\data\document_patches\P0000069_X51005268275_AUTH.png
P0000070_X51005268275_AUTH,X51005268275,group_0010,train,AUTHENTIC_REGION,0,REAL,AuthenticText,170,1018,31,26,C:\Users\jay\New folder (2)\Trustrace\data\document_patches\P0000070_X51005268275_AUTH.png
P0000071_X51005268400_AUTH,X51005268400,group_0054,train,AUTHENTIC_REGION,0,REAL,AuthenticText,653,703,27,28,C:\Users\jay\New folder (2)\Trustrace\data\document_patches\P0000071_X51005268400_AUTH.png
P0000072_X51005268400_AUTH,X51005268400,group_0054,train,AUTHENTIC_REGION,0,REAL,AuthenticText,628,1027,60,34,C:\Users\jay\New folder (2)\Trustrace\data\document_patches\P0000072_X51005268400_AUTH.png
P0000077_X51005288570_AUTH,X51005288570,group_0057,train,AUTHENTIC_REGION,0,REAL,AuthenticText,86,532,65,20,C:\Users\jay\New folder (2)\Trustrace\data\document_patches\P0000077_X51005288570_AUTH.png
P0000078_X51005288570_AUTH,X51005288570,group_0057,train,AUTHENTIC_REGION,0,REAL,AuthenticText,153,229,20,21,C:\Users\jay\New folder (2)\Trustrace\data\document_patches\P0000078_X51005288570_AUTH.png
P0000079_X51005301659_AUTH,X51005301659,group_0009,train,AUTHENTIC_REGION,0,REAL,AuthenticText,250,477,127,23,C:\Users\jay\New folder (2)\Trustrace\data\document_patches\P0000079_X51005301659_AUTH.png
P0000080_X51005301659_AUTH,X51005301659,group_0009,train,AUTHENTIC_REGION,0,REAL,AuthenticText,324,385,106,23,C:\Users\jay\New folder (2)\Trustrace\data\document_patches\P0000080_X51005301659_AUTH.png
P0000081_X51005301661_AUTH,X51005301661,group_0011,train,AUTHENTIC_REGION,0,REAL,AuthenticText,620,117,58,27,C:\Users\jay\New folder (2)\Trustrace\data\document_patches\P0000081_X51005301661_AUTH.png
P0000082_X51005301661_AUTH,X51005301661,group_0011,train,AUTHENTIC_REGION,0,REAL,AuthenticText,701,854,33,25,C:\Users\jay\New folder (2)\Trustrace\data\document_patches\P0000082_X51005301661_AUTH.png
P0000083_X51005301666_AUTH,X51005301666,group_0010,train,AUTHENTIC_REGION,0,REAL,AuthenticText,266,1880,100,26,C:\Users\jay\New folder (2)\Trustrace\data\document_patches\P0000083_X51005301666_AUTH.png
P0000084_X51005301666_AUTH,X51005301666,group_0010,train,AUTHENTIC_REGION,0,REAL,AuthenticText,86,711,66,28,C:\Users\jay\New folder (2)\Trustrace\data\document_patches\P0000084_X51005301666_AUTH.png
P0000085_X51005301667_AUTH,X51005301667,group_0058,train,AUTHENTIC_REGION,0,REAL,AuthenticText,57,817,65,25,C:\Users\jay\New folder (2)\Trustrace\data\document_patches\P0000085_X51005301667_AUTH.png
P0000086_X51005301667_AUTH,X51005301667,group_0058,train,AUTHENTIC_REGION,0,REAL,AuthenticText,193,401,99,28,C:\Users\jay\New folder (2)\Trustrace\data\document_patches\P0000086_X51005301667_AUTH.png
P0000087_X51005303661_AUTH,X51005303661,group_0011,train,AUTHENTIC_REGION,0,REAL,AuthenticText,68,1242,134,43,C:\Users\jay\New folder (2)\Trustrace\data\document_patches\P0000087_X51005303661_AUTH.png
P0000088_X51005303661_AUTH,X51005303661,group_0011,train,AUTHENTIC_REGION,0,REAL,AuthenticText,74,936,113,27,C:\Users\jay\New folder (2)\Trustrace\data\document_patches\P0000088_X51005303661_AUTH.png
P0000089_X51005306399_AUTH,X51005306399,group_0059,train,AUTHENTIC_REGION,0,REAL,AuthenticText,133,574,86,16,C:\Users\jay\New folder (2)\Trustrace\data\document_patches\P0000089_X51005306399_AUTH.png
P0000090_X51005306399_AUTH,X51005306399,group_0059,train,AUTHENTIC_REGION,0,REAL,AuthenticText,96,139,47,19,C:\Users\jay\New folder (2)\Trustrace\data\document_patches\P0000090_X51005306399_AUTH.png
P0000091_X51005337867_AUTH,X51005337867,group_0060,train,AUTHENTIC_REGION,0,REAL,AuthenticText,515,1022,12,22,C:\Users\jay\New folder (2)\Trustrace\data\document_patches\P0000091_X51005337867_AUTH.png
P0000092_X51005337867_AUTH,X51005337867,group_0060,train,AUTHENTIC_REGION,0,REAL,AuthenticText,366,1429,35,22,C:\Users\jay\New folder (2)\Trustrace\data\document_patches\P0000092_X51005337867_AUTH.png
P0000093_X51005337872_AUTH,X51005337872,group_0061,train,AUTHENTIC_REGION,0,REAL,AuthenticText,113,930,99,19,C:\Users\jay\New folder (2)\Trustrace\data\document_patches\P0000093_X51005337872_AUTH.png
P0000094_X51005337872_AUTH,X51005337872,group_0061,train,AUTHENTIC_REGION,0,REAL,AuthenticText,227,968,41,23,C:\Users\jay\New folder (2)\Trustrace\data\document_patches\P0000094_X51005337872_AUTH.png
P0000095_X51005337877_AUTH,X51005337877,group_0062,train,AUTHENTIC_REGION,0,REAL,AuthenticText,194,693,123,23,C:\Users\jay\New folder (2)\Trustrace\data\document_patches\P0000095_X51005337877_AUTH.png
P0000096_X51005337877_AUTH,X51005337877,group_0062,train,AUTHENTIC_REGION,0,REAL,AuthenticText,559,560,28,21,C:\Users\jay\New folder (2)\Trustrace\data\document_patches\P0000096_X51005337877_AUTH.png
P0000097_X51005361883_AUTH,X51005361883,group_0063,train,AUTHENTIC_REGION,0,REAL,AuthenticText,785,1598,94,39,C:\Users\jay\New folder (2)\Trustrace\data\document_patches\P0000097_X51005361883_AUTH.png
P0000098_X51005361883_AUTH,X51005361883,group_0063,train,AUTHENTIC_REGION,0,REAL,AuthenticText,509,2405,69,28,C:\Users\jay\New folder (2)\Trustrace\data\document_patches\P0000098_X51005361883_AUTH.png
P0000099_X51005361895_AUTH,X51005361895,group_0064,train,AUTHENTIC_REGION,0,REAL,AuthenticText,361,570,78,41,C:\Users\jay\New folder (2)\Trustrace\data\document_patches\P0000099_X51005361895_AUTH.png
P0000100_X51005361895_AUTH,X51005361895,group_0064,train,AUTHENTIC_REGION,0,REAL,AuthenticText,499,1109,58,36,C:\Users\jay\New folder (2)\Trustrace\data\document_patches\P0000100_X51005361895_AUTH.png
P0000101_X51005361897_AUTH,X51005361897,group_0065,train,AUTHENTIC_REGION,0,REAL,AuthenticText,742,144,100,21,C:\Users\jay\New folder (2)\Trustrace\data\document_patches\P0000101_X51005361897_AUTH.png
P0000102_X51005361897_AUTH,X51005361897,group_0065,train,AUTHENTIC_REGION,0,REAL,AuthenticText,588,2112,115,29,C:\Users\jay\New folder (2)\Trustrace\data\document_patches\P0000102_X51005361897_AUTH.png
P0000105_X51005361900_AUTH,X51005361900,group_0067,train,AUTHENTIC_REGION,0,REAL,AuthenticText,785,2585,33,35,C:\Users\jay\New folder (2)\Trustrace\data\document_patches\P0000105_X51005361900_AUTH.png
P0000106_X51005361900_AUTH,X51005361900,group_0067,train,AUTHENTIC_REGION,0,REAL,AuthenticText,728,566,82,51,C:\Users\jay\New folder (2)\Trustrace\data\document_patches\P0000106_X51005361900_AUTH.png
P0000107_X51005361906_FORGED,X51005361906,group_0068,train,FORGED_REGION,1,EDITED,Metadata,1298,592,13,18,C:\Users\jay\New folder (2)\Trustrace\data\document_patches\P0000107_X51005361906_FORGED.png
P0000108_X51005361906_FORGED,X51005361906,group_0068,train,FORGED_REGION,1,EDITED,Metadata,1288,593,7,18,C:\Users\jay\New folder (2)\Trustrace\data\document_patches\P0000108_X51005361906_FORGED.png
P0000109_X51005361906_FORGED,X51005361906,group_0068,train,FORGED_REGION,1,EDITED,Metadata,1286,591,8,20,C:\Users\jay\New folder (2)\Trustrace\data\document_patches\P0000109_X51005361906_FORGED.png
P0000110_X51005361906_FORGED,X51005361906,group_0068,train,FORGED_REGION,1,EDITED,Metadata,1298,592,14,19,C:\Users\jay\New folder (2)\Trustrace\data\document_patches\P0000110_X51005361906_FORGED.png
P0000111_X51005361906_AUTH,X51005361906,group_0068,train,AUTHENTIC_REGION,0,EDITED,AuthenticText,825,1396,144,25,C:\Users\jay\New folder (2)\Trustrace\data\document_patches\P0000111_X51005361906_AUTH.png
P0000112_X51005361906_AUTH,X51005361906,group_0068,train,AUTHENTIC_REGION,0,EDITED,AuthenticText,966,381,41,13,C:\Users\jay\New folder (2)\Trustrace\data\document_patches\P0000112_X51005361906_AUTH.png
P0000113_X51005361906_AUTH,X51005361906,group_0068,train,AUTHENTIC_REGION,0,EDITED,AuthenticText,856,662,71,20,C:\Users\jay\New folder (2)\Trustrace\data\document_patches\P0000113_X51005361906_AUTH.png
P0000114_X51005361906_AUTH,X51005361906,group_0068,train,AUTHENTIC_REGION,0,EDITED,AuthenticText,1164,459,134,22,C:\Users\jay\New folder (2)\Trustrace\data\document_patches\P0000114_X51005361906_AUTH.png
P0000115_X51005361907_AUTH,X51005361907,group_0069,train,AUTHENTIC_REGION,0,REAL,AuthenticText,1356,1394,73,20,C:\Users\jay\New folder (2)\Trustrace\data\document_patches\P0000115_X51005361907_AUTH.png
P0000116_X51005361907_AUTH,X51005361907,group_0069,train,AUTHENTIC_REGION,0,REAL,AuthenticText,975,1109,185,21,C:\Users\jay\New folder (2)\Trustrace\data\document_patches\P0000116_X51005361907_AUTH.png
P0000117_X51005361908_AUTH,X51005361908,group_0070,train,AUTHENTIC_REGION,0,REAL,AuthenticText,909,715,56,27,C:\Users\jay\New folder (2)\Trustrace\data\document_patches\P0000117_X51005361908_AUTH.png
P0000118_X51005361908_AUTH,X51005361908,group_0070,train,AUTHENTIC_REGION,0,REAL,AuthenticText,736,1369,49,21,C:\Users\jay\New folder (2)\Trustrace\data\document_patches\P0000118_X51005361908_AUTH.png
P0000119_X51005361912_AUTH,X51005361912,group_0071,train,AUTHENTIC_REGION,0,REAL,AuthenticText,430,857,66,31,C:\Users\jay\New folder (2)\Trustrace\data\document_patches\P0000119_X51005361912_AUTH.png
P0000120_X51005361912_AUTH,X51005361912,group_0071,train,AUTHENTIC_REGION,0,REAL,AuthenticText,477,437,46,22,C:\Users\jay\New folder (2)\Trustrace\data\document_patches\P0000120_X51005361912_AUTH.png
P0000121_X51005361923_AUTH,X51005361923,group_0072,train,AUTHENTIC_REGION,0,REAL,AuthenticText,638,1085,71,32,C:\Users\jay\New folder (2)\Trustrace\data\document_patches\P0000121_X51005361923_AUTH.png
P0000122_X51005361923_AUTH,X51005361923,group_0072,train,AUTHENTIC_REGION,0,REAL,AuthenticText,588,926,110,33,C:\Users\jay\New folder (2)\Trustrace\data\document_patches\P0000122_X51005361923_AUTH.png
P0000123_X51005361946_FORGED,X51005361946,group_0073,train,FORGED_REGION,1,EDITED,Product,1149,842,21,32,C:\Users\jay\New folder (2)\Trustrace\data\document_patches\P0000123_X51005361946_FORGED.png
P0000124_X51005361946_FORGED,X51005361946,group_0073,train,FORGED_REGION,1,EDITED,Product,1243,841,22,33,C:\Users\jay\New folder (2)\Trustrace\data\document_patches\P0000124_X51005361946_FORGED.png
P0000125_X51005361946_FORGED,X51005361946,group_0073,train,FORGED_REGION,1,EDITED,Total/payment,1278,953,16,33,C:\Users\jay\New folder (2)\Trustrace\data\document_patches\P0000125_X51005361946_FORGED.png
P0000126_X51005361946_FORGED,X51005361946,group_0073,train,FORGED_REGION,1,EDITED,Total/payment,1094,1095,83,30,C:\Users\jay\New folder (2)\Trustrace\data\document_patches\P0000126_X51005361946_FORGED.png
P0000127_X51005361946_FORGED,X51005361946,group_0073,train,FORGED_REGION,1,EDITED,Total/payment,1279,1093,32,32,C:\Users\jay\New folder (2)\Trustrace\data\document_patches\P0000127_X51005361946_FORGED.png
P0000128_X51005361946_FORGED,X51005361946,group_0073,train,FORGED_REGION,1,EDITED,Total/payment,1275,1011,16,30,C:\Users\jay\New folder (2)\Trustrace\data\document_patches\P0000128_X51005361946_FORGED.png
P0000129_X51005361946_AUTH,X51005361946,group_0073,train,AUTHENTIC_REGION,0,EDITED,AuthenticText,1117,198,23,23,C:\Users\jay\New folder (2)\Trustrace\data\document_patches\P0000129_X51005361946_AUTH.png
P0000130_X51005361946_AUTH,X51005361946,group_0073,train,AUTHENTIC_REGION,0,EDITED,AuthenticText,904,517,38,20,C:\Users\jay\New folder (2)\Trustrace\data\document_patches\P0000130_X51005361946_AUTH.png
P0000131_X51005361946_AUTH,X51005361946,group_0073,train,AUTHENTIC_REGION,0,EDITED,AuthenticText,1264,762,51,20,C:\Users\jay\New folder (2)\Trustrace\data\document_patches\P0000131_X51005361946_AUTH.png
P0000132_X51005361946_AUTH,X51005361946,group_0073,train,AUTHENTIC_REGION,0,EDITED,AuthenticText,960,514,24,23,C:\Users\jay\New folder (2)\Trustrace\data\document_patches\P0000132_X51005361946_AUTH.png
P0000133_X51005361946_AUTH,X51005361946,group_0073,train,AUTHENTIC_REGION,0,EDITED,AuthenticText,1073,791,107,22,C:\Users\jay\New folder (2)\Trustrace\data\document_patches\P0000133_X51005361946_AUTH.png
P0000134_X51005361946_AUTH,X51005361946,group_0073,train,AUTHENTIC_REGION,0,EDITED,AuthenticText,1057,628,24,21,C:\Users\jay\New folder (2)\Trustrace\data\document_patches\P0000134_X51005361946_AUTH.png
P0000135_X51005361950_AUTH,X51005361950,group_0074,train,AUTHENTIC_REGION,0,REAL,AuthenticText,452,302,107,32,C:\Users\jay\New folder (2)\Trustrace\data\document_patches\P0000135_X51005361950_AUTH.png
P0000136_X51005361950_AUTH,X51005361950,group_0074,train,AUTHENTIC_REGION,0,REAL,AuthenticText,507,852,67,32,C:\Users\jay\New folder (2)\Trustrace\data\document_patches\P0000136_X51005361950_AUTH.png
P0000143_X51005365187_AUTH,X51005365187,group_0076,train,AUTHENTIC_REGION,0,REAL,AuthenticText,346,954,24,17,C:\Users\jay\New folder (2)\Trustrace\data\document_patches\P0000143_X51005365187_AUTH.png
P0000144_X51005365187_AUTH,X51005365187,group_0076,train,AUTHENTIC_REGION,0,REAL,AuthenticText,163,1419,46,20,C:\Users\jay\New folder (2)\Trustrace\data\document_patches\P0000144_X51005365187_AUTH.png
P0000151_X51005433518_AUTH,X51005433518,group_0078,train,AUTHENTIC_REGION,0,REAL,AuthenticText,335,394,15,11,C:\Users\jay\New folder (2)\Trustrace\data\document_patches\P0000151_X51005433518_AUTH.png
P0000152_X51005433518_AUTH,X51005433518,group_0078,train,AUTHENTIC_REGION,0,REAL,AuthenticText,477,817,12,11,C:\Users\jay\New folder (2)\Trustrace\data\document_patches\P0000152_X51005433518_AUTH.png
P0000169_X51005433543_AUTH,X51005433543,group_0081,train,AUTHENTIC_REGION,0,REAL,AuthenticText,666,521,28,11,C:\Users\jay\New folder (2)\Trustrace\data\document_patches\P0000169_X51005433543_AUTH.png
P0000170_X51005433543_AUTH,X51005433543,group_0081,train,AUTHENTIC_REGION,0,REAL,AuthenticText,381,745,44,13,C:\Users\jay\New folder (2)\Trustrace\data\document_patches\P0000170_X51005433543_AUTH.png
P0000171_X51005433548_AUTH,X51005433548,group_0082,train,AUTHENTIC_REGION,0,REAL,AuthenticText,646,825,38,15,C:\Users\jay\New folder (2)\Trustrace\data\document_patches\P0000171_X51005433548_AUTH.png
P0000172_X51005433548_AUTH,X51005433548,group_0082,train,AUTHENTIC_REGION,0,REAL,AuthenticText,585,1080,38,14,C:\Users\jay\New folder (2)\Trustrace\data\document_patches\P0000172_X51005433548_AUTH.png
P0000173_X51005433552_AUTH,X51005433552,group_0083,train,AUTHENTIC_REGION,0,REAL,AuthenticText,478,234,68,12,C:\Users\jay\New folder (2)\Trustrace\data\document_patches\P0000173_X51005433552_AUTH.png
P0000174_X51005433552_AUTH,X51005433552,group_0083,train,AUTHENTIC_REGION,0,REAL,AuthenticText,391,652,60,13,C:\Users\jay\New folder (2)\Trustrace\data\document_patches\P0000174_X51005433552_AUTH.png
P0000179_X51005433556_FORGED,X51005433556,group_0085,train,FORGED_REGION,1,EDITED,Metadata,471,413,9,16,C:\Users\jay\New folder (2)\Trustrace\data\document_patches\P0000179_X51005433556_FORGED.png
P0000180_X51005433556_FORGED,X51005433556,group_0085,train,FORGED_REGION,1,EDITED,Metadata,487,413,10,17,C:\Users\jay\New folder (2)\Trustrace\data\document_patches\P0000180_X51005433556_FORGED.png
P0000181_X51005433556_FORGED,X51005433556,group_0085,train,FORGED_REGION,1,EDITED,Metadata,497,413,7,16,C:\Users\jay\New folder (2)\Trustrace\data\document_patches\P0000181_X51005433556_FORGED.png
P0000182_X51005433556_AUTH,X51005433556,group_0085,train,AUTHENTIC_REGION,0,EDITED,AuthenticText,323,1054,7,14,C:\Users\jay\New folder (2)\Trustrace\data\document_patches\P0000182_X51005433556_AUTH.png
P0000183_X51005433556_AUTH,X51005433556,group_0085,train,AUTHENTIC_REGION,0,EDITED,AuthenticText,261,584,67,14,C:\Users\jay\New folder (2)\Trustrace\data\document_patches\P0000183_X51005433556_AUTH.png
P0000184_X51005433556_AUTH,X51005433556,group_0085,train,AUTHENTIC_REGION,0,EDITED,AuthenticText,382,307,38,13,C:\Users\jay\New folder (2)\Trustrace\data\document_patches\P0000184_X51005433556_AUTH.png
P0000185_X51005441398_AUTH,X51005441398,group_0086,train,AUTHENTIC_REGION,0,REAL,AuthenticText,201,576,67,20,C:\Users\jay\New folder (2)\Trustrace\data\document_patches\P0000185_X51005441398_AUTH.png
P0000186_X51005441398_AUTH,X51005441398,group_0086,train,AUTHENTIC_REGION,0,REAL,AuthenticText,104,807,39,20,C:\Users\jay\New folder (2)\Trustrace\data\document_patches\P0000186_X51005441398_AUTH.png
P0000187_X51005441401_FORGED,X51005441401,group_0087,train,FORGED_REGION,1,EDITED,Product,418,595,12,24,C:\Users\jay\New folder (2)\Trustrace\data\document_patches\P0000187_X51005441401_FORGED.png
P0000188_X51005441401_FORGED,X51005441401,group_0087,train,FORGED_REGION,1,EDITED,Product,416,623,15,27,C:\Users\jay\New folder (2)\Trustrace\data\document_patches\P0000188_X51005441401_FORGED.png
P0000189_X51005441401_FORGED,X51005441401,group_0087,train,FORGED_REGION,1,EDITED,Total/payment,417,674,12,37,C:\Users\jay\New folder (2)\Trustrace\data\document_patches\P0000189_X51005441401_FORGED.png
P0000190_X51005441401_FORGED,X51005441401,group_0087,train,FORGED_REGION,1,EDITED,Total/payment,414,717,14,20,C:\Users\jay\New folder (2)\Trustrace\data\document_patches\P0000190_X51005441401_FORGED.png
P0000191_X51005441401_FORGED,X51005441401,group_0087,train,FORGED_REGION,1,EDITED,Total/payment,416,743,14,17,C:\Users\jay\New folder (2)\Trustrace\data\document_patches\P0000191_X51005441401_FORGED.png
P0000192_X51005441401_FORGED,X51005441401,group_0087,train,FORGED_REGION,1,EDITED,Total/payment,418,815,13,42,C:\Users\jay\New folder (2)\Trustrace\data\document_patches\P0000192_X51005441401_FORGED.png
P0000193_X51005441401_FORGED,X51005441401,group_0087,train,FORGED_REGION,1,EDITED,Total/payment,430,764,14,24,C:\Users\jay\New folder (2)\Trustrace\data\document_patches\P0000193_X51005441401_FORGED.png
P0000194_X51005441401_AUTH,X51005441401,group_0087,train,AUTHENTIC_REGION,0,EDITED,AuthenticText,20,428,90,20,C:\Users\jay\New folder (2)\Trustrace\data\document_patches\P0000194_X51005441401_AUTH.png
P0000195_X51005441401_AUTH,X51005441401,group_0087,train,AUTHENTIC_REGION,0,EDITED,AuthenticText,55,762,93,22,C:\Users\jay\New folder (2)\Trustrace\data\document_patches\P0000195_X51005441401_AUTH.png
P0000196_X51005441401_AUTH,X51005441401,group_0087,train,AUTHENTIC_REGION,0,EDITED,AuthenticText,128,428,114,23,C:\Users\jay\New folder (2)\Trustrace\data\document_patches\P0000196_X51005441401_AUTH.png
P0000197_X51005441401_AUTH,X51005441401,group_0087,train,AUTHENTIC_REGION,0,EDITED,AuthenticText,433,709,57,20,C:\Users\jay\New folder (2)\Trustrace\data\document_patches\P0000197_X51005441401_AUTH.png
P0000198_X51005441401_AUTH,X51005441401,group_0087,train,AUTHENTIC_REGION,0,EDITED,AuthenticText,68,973,29,20,C:\Users\jay\New folder (2)\Trustrace\data\document_patches\P0000198_X51005441401_AUTH.png
P0000199_X51005441401_AUTH,X51005441401,group_0087,train,AUTHENTIC_REGION,0,EDITED,AuthenticText,55,734,34,21,C:\Users\jay\New folder (2)\Trustrace\data\document_patches\P0000199_X51005441401_AUTH.png
P0000200_X51005441401_AUTH,X51005441401,group_0087,train,AUTHENTIC_REGION,0,EDITED,AuthenticText,20,539,34,22,C:\Users\jay\New folder (2)\Trustrace\data\document_patches\P0000200_X51005441401_AUTH.png
P0000201_X51005441402_AUTH,X51005441402,group_0088,train,AUTHENTIC_REGION,0,REAL,AuthenticText,67,1020,34,21,C:\Users\jay\New folder (2)\Trustrace\data\document_patches\P0000201_X51005441402_AUTH.png
P0000202_X51005441402_AUTH,X51005441402,group_0088,train,AUTHENTIC_REGION,0,REAL,AuthenticText,56,809,33,22,C:\Users\jay\New folder (2)\Trustrace\data\document_patches\P0000202_X51005441402_AUTH.png
P0000203_X51005441407_AUTH,X51005441407,group_0089,train,AUTHENTIC_REGION,0,REAL,AuthenticText,274,504,25,19,C:\Users\jay\New folder (2)\Trustrace\data\document_patches\P0000203_X51005441407_AUTH.png
P0000204_X51005441407_AUTH,X51005441407,group_0089,train,AUTHENTIC_REGION,0,REAL,AuthenticText,328,266,25,18,C:\Users\jay\New folder (2)\Trustrace\data\document_patches\P0000204_X51005441407_AUTH.png
P0000205_X51005441408_AUTH,X51005441408,group_0090,train,AUTHENTIC_REGION,0,REAL,AuthenticText,106,175,38,23,C:\Users\jay\New folder (2)\Trustrace\data\document_patches\P0000205_X51005441408_AUTH.png
P0000206_X51005441408_AUTH,X51005441408,group_0090,train,AUTHENTIC_REGION,0,REAL,AuthenticText,29,530,35,22,C:\Users\jay\New folder (2)\Trustrace\data\document_patches\P0000206_X51005441408_AUTH.png
P0000207_X51005442322_AUTH,X51005442322,group_0091,train,AUTHENTIC_REGION,0,REAL,AuthenticText,509,1203,34,15,C:\Users\jay\New folder (2)\Trustrace\data\document_patches\P0000207_X51005442322_AUTH.png
P0000208_X51005442322_AUTH,X51005442322,group_0091,train,AUTHENTIC_REGION,0,REAL,AuthenticText,549,219,51,15,C:\Users\jay\New folder (2)\Trustrace\data\document_patches\P0000208_X51005442322_AUTH.png
P0000209_X51005442327_FORGED,X51005442327,group_0092,train,FORGED_REGION,1,EDITED,Metadata,435,360,8,14,C:\Users\jay\New folder (2)\Trustrace\data\document_patches\P0000209_X51005442327_FORGED.png
P0000210_X51005442327_FORGED,X51005442327,group_0092,train,FORGED_REGION,1,EDITED,Company,364,397,9,15,C:\Users\jay\New folder (2)\Trustrace\data\document_patches\P0000210_X51005442327_FORGED.png
P0000211_X51005442327_AUTH,X51005442327,group_0092,train,AUTHENTIC_REGION,0,EDITED,AuthenticText,352,811,21,8,C:\Users\jay\New folder (2)\Trustrace\data\document_patches\P0000211_X51005442327_AUTH.png
P0000212_X51005442327_AUTH,X51005442327,group_0092,train,AUTHENTIC_REGION,0,EDITED,AuthenticText,350,544,106,12,C:\Users\jay\New folder (2)\Trustrace\data\document_patches\P0000212_X51005442327_AUTH.png
P0000213_X51005442333_AUTH,X51005442333,group_0093,train,AUTHENTIC_REGION,0,REAL,AuthenticText,446,417,125,13,C:\Users\jay\New folder (2)\Trustrace\data\document_patches\P0000213_X51005442333_AUTH.png
P0000214_X51005442333_AUTH,X51005442333,group_0093,train,AUTHENTIC_REGION,0,REAL,AuthenticText,369,662,84,12,C:\Users\jay\New folder (2)\Trustrace\data\document_patches\P0000214_X51005442333_AUTH.png
P0000219_X51005442341_AUTH,X51005442341,group_0094,train,AUTHENTIC_REGION,0,REAL,AuthenticText,405,487,83,15,C:\Users\jay\New folder (2)\Trustrace\data\document_patches\P0000219_X51005442341_AUTH.png
P0000220_X51005442341_AUTH,X51005442341,group_0094,train,AUTHENTIC_REGION,0,REAL,AuthenticText,338,409,49,16,C:\Users\jay\New folder (2)\Trustrace\data\document_patches\P0000220_X51005442341_AUTH.png
P0000221_X51005442343_AUTH,X51005442343,group_0095,train,AUTHENTIC_REGION,0,REAL,AuthenticText,338,656,27,11,C:\Users\jay\New folder (2)\Trustrace\data\document_patches\P0000221_X51005442343_AUTH.png
P0000222_X51005442343_AUTH,X51005442343,group_0095,train,AUTHENTIC_REGION,0,REAL,AuthenticText,623,700,35,12,C:\Users\jay\New folder (2)\Trustrace\data\document_patches\P0000222_X51005442343_AUTH.png
P0000223_X51005442344_AUTH,X51005442344,group_0096,train,AUTHENTIC_REGION,0,REAL,AuthenticText,549,845,14,13,C:\Users\jay\New folder (2)\Trustrace\data\document_patches\P0000223_X51005442344_AUTH.png
P0000224_X51005442344_AUTH,X51005442344,group_0096,train,AUTHENTIC_REGION,0,REAL,AuthenticText,472,463,48,13,C:\Users\jay\New folder (2)\Trustrace\data\document_patches\P0000224_X51005442344_AUTH.png
P0000225_X51005442346_AUTH,X51005442346,group_0097,train,AUTHENTIC_REGION,0,REAL,AuthenticText,659,787,34,14,C:\Users\jay\New folder (2)\Trustrace\data\document_patches\P0000225_X51005442346_AUTH.png
P0000226_X51005442346_AUTH,X51005442346,group_0097,train,AUTHENTIC_REGION,0,REAL,AuthenticText,465,787,81,18,C:\Users\jay\New folder (2)\Trustrace\data\document_patches\P0000226_X51005442346_AUTH.png
P0000239_X51005442366_AUTH,X51005442366,group_0099,train,AUTHENTIC_REGION,0,REAL,AuthenticText,613,908,45,13,C:\Users\jay\New folder (2)\Trustrace\data\document_patches\P0000239_X51005442366_AUTH.png
P0000240_X51005442366_AUTH,X51005442366,group_0099,train,AUTHENTIC_REGION,0,REAL,AuthenticText,446,445,43,18,C:\Users\jay\New folder (2)\Trustrace\data\document_patches\P0000240_X51005442366_AUTH.png
P0000253_X51005442383_AUTH,X51005442383,group_0102,train,AUTHENTIC_REGION,0,REAL,AuthenticText,483,696,35,14,C:\Users\jay\New folder (2)\Trustrace\data\document_patches\P0000253_X51005442383_AUTH.png
P0000254_X51005442383_AUTH,X51005442383,group_0102,train,AUTHENTIC_REGION,0,REAL,AuthenticText,516,494,38,15,C:\Users\jay\New folder (2)\Trustrace\data\document_patches\P0000254_X51005442383_AUTH.png
P0000261_X51005442392_AUTH,X51005442392,group_0104,train,AUTHENTIC_REGION,0,REAL,AuthenticText,413,463,116,10,C:\Users\jay\New folder (2)\Trustrace\data\document_patches\P0000261_X51005442392_AUTH.png
P0000262_X51005442392_AUTH,X51005442392,group_0104,train,AUTHENTIC_REGION,0,REAL,AuthenticText,404,622,31,10,C:\Users\jay\New folder (2)\Trustrace\data\document_patches\P0000262_X51005442392_AUTH.png
P0000265_X51005442397_AUTH,X51005442397,group_0105,train,AUTHENTIC_REGION,0,REAL,AuthenticText,362,676,24,13,C:\Users\jay\New folder (2)\Trustrace\data\document_patches\P0000265_X51005442397_AUTH.png
P0000266_X51005442397_AUTH,X51005442397,group_0105,train,AUTHENTIC_REGION,0,REAL,AuthenticText,486,558,69,21,C:\Users\jay\New folder (2)\Trustrace\data\document_patches\P0000266_X51005442397_AUTH.png
P0000269_X51005444037_AUTH,X51005444037,group_0107,train,AUTHENTIC_REGION,0,REAL,AuthenticText,179,1897,32,23,C:\Users\jay\New folder (2)\Trustrace\data\document_patches\P0000269_X51005444037_AUTH.png
P0000270_X51005444037_AUTH,X51005444037,group_0107,train,AUTHENTIC_REGION,0,REAL,AuthenticText,264,805,48,32,C:\Users\jay\New folder (2)\Trustrace\data\document_patches\P0000270_X51005444037_AUTH.png
P0000271_X51005444040_AUTH,X51005444040,group_0108,train,AUTHENTIC_REGION,0,REAL,AuthenticText,60,927,65,20,C:\Users\jay\New folder (2)\Trustrace\data\document_patches\P0000271_X51005444040_AUTH.png
P0000272_X51005444040_AUTH,X51005444040,group_0108,train,AUTHENTIC_REGION,0,REAL,AuthenticText,314,626,69,24,C:\Users\jay\New folder (2)\Trustrace\data\document_patches\P0000272_X51005444040_AUTH.png
P0000273_X51005444041_AUTH,X51005444041,group_0109,train,AUTHENTIC_REGION,0,REAL,AuthenticText,163,1215,106,21,C:\Users\jay\New folder (2)\Trustrace\data\document_patches\P0000273_X51005444041_AUTH.png
P0000274_X51005444041_AUTH,X51005444041,group_0109,train,AUTHENTIC_REGION,0,REAL,AuthenticText,148,1841,139,20,C:\Users\jay\New folder (2)\Trustrace\data\document_patches\P0000274_X51005444041_AUTH.png
P0000275_X51005444044_AUTH,X51005444044,group_0110,train,AUTHENTIC_REGION,0,REAL,AuthenticText,357,504,180,26,C:\Users\jay\New folder (2)\Trustrace\data\document_patches\P0000275_X51005444044_AUTH.png
P0000276_X51005444044_AUTH,X51005444044,group_0110,train,AUTHENTIC_REGION,0,REAL,AuthenticText,174,295,74,27,C:\Users\jay\New folder (2)\Trustrace\data\document_patches\P0000276_X51005444044_AUTH.png
P0000277_X51005444045_AUTH,X51005444045,group_0111,train,AUTHENTIC_REGION,0,REAL,AuthenticText,537,1210,102,22,C:\Users\jay\New folder (2)\Trustrace\data\document_patches\P0000277_X51005444045_AUTH.png
P0000278_X51005444045_AUTH,X51005444045,group_0111,train,AUTHENTIC_REGION,0,REAL,AuthenticText,404,1173,58,19,C:\Users\jay\New folder (2)\Trustrace\data\document_patches\P0000278_X51005444045_AUTH.png
P0000279_X51005444046_AUTH,X51005444046,group_0112,train,AUTHENTIC_REGION,0,REAL,AuthenticText,225,414,86,21,C:\Users\jay\New folder (2)\Trustrace\data\document_patches\P0000279_X51005444046_AUTH.png
P0000280_X51005444046_AUTH,X51005444046,group_0112,train,AUTHENTIC_REGION,0,REAL,AuthenticText,708,1246,27,20,C:\Users\jay\New folder (2)\Trustrace\data\document_patches\P0000280_X51005444046_AUTH.png
P0000285_X51005447839_AUTH,X51005447839,group_0115,train,AUTHENTIC_REGION,0,REAL,AuthenticText,264,169,246,39,C:\Users\jay\New folder (2)\Trustrace\data\document_patches\P0000285_X51005447839_AUTH.png
P0000286_X51005447839_AUTH,X51005447839,group_0115,train,AUTHENTIC_REGION,0,REAL,AuthenticText,760,1497,38,31,C:\Users\jay\New folder (2)\Trustrace\data\document_patches\P0000286_X51005447839_AUTH.png
P0000287_X51005447840_FORGED,X51005447840,group_0116,train,FORGED_REGION,1,EDITED,Metadata,273,581,50,38,C:\Users\jay\New folder (2)\Trustrace\data\document_patches\P0000287_X51005447840_FORGED.png
P0000288_X51005447840_AUTH,X51005447840,group_0116,train,AUTHENTIC_REGION,0,EDITED,AuthenticText,246,1976,68,33,C:\Users\jay\New folder (2)\Trustrace\data\document_patches\P0000288_X51005447840_AUTH.png
P0000289_X51005447841_AUTH,X51005447841,group_0117,train,AUTHENTIC_REGION,0,REAL,AuthenticText,589,1972,35,31,C:\Users\jay\New folder (2)\Trustrace\data\document_patches\P0000289_X51005447841_AUTH.png
P0000290_X51005447841_AUTH,X51005447841,group_0117,train,AUTHENTIC_REGION,0,REAL,AuthenticText,780,1519,102,33,C:\Users\jay\New folder (2)\Trustrace\data\document_patches\P0000290_X51005447841_AUTH.png
P0000291_X51005447842_AUTH,X51005447842,group_0013,train,AUTHENTIC_REGION,0,REAL,AuthenticText,839,786,13,33,C:\Users\jay\New folder (2)\Trustrace\data\document_patches\P0000291_X51005447842_AUTH.png
P0000292_X51005447842_AUTH,X51005447842,group_0013,train,AUTHENTIC_REGION,0,REAL,AuthenticText,94,973,53,30,C:\Users\jay\New folder (2)\Trustrace\data\document_patches\P0000292_X51005447842_AUTH.png
P0000295_X51005447848_AUTH,X51005447848,group_0119,train,AUTHENTIC_REGION,0,REAL,AuthenticText,538,240,81,32,C:\Users\jay\New folder (2)\Trustrace\data\document_patches\P0000295_X51005447848_AUTH.png
P0000296_X51005447848_AUTH,X51005447848,group_0119,train,AUTHENTIC_REGION,0,REAL,AuthenticText,462,400,63,28,C:\Users\jay\New folder (2)\Trustrace\data\document_patches\P0000296_X51005447848_AUTH.png
P0000301_X51005447851_FORGED,X51005447851,group_0121,train,FORGED_REGION,1,EDITED,Product,342,1021,26,37,C:\Users\jay\New folder (2)\Trustrace\data\document_patches\P0000301_X51005447851_FORGED.png
P0000302_X51005447851_FORGED,X51005447851,group_0121,train,FORGED_REGION,1,EDITED,Product,508,1019,24,36,C:\Users\jay\New folder (2)\Trustrace\data\document_patches\P0000302_X51005447851_FORGED.png
P0000303_X51005447851_FORGED,X51005447851,group_0121,train,FORGED_REGION,1,EDITED,Product,669,1022,23,34,C:\Users\jay\New folder (2)\Trustrace\data\document_patches\P0000303_X51005447851_FORGED.png
P0000304_X51005447851_FORGED,X51005447851,group_0121,train,FORGED_REGION,1,EDITED,Total/payment,753,1109,30,38,C:\Users\jay\New folder (2)\Trustrace\data\document_patches\P0000304_X51005447851_FORGED.png
P0000305_X51005447851_FORGED,X51005447851,group_0121,train,FORGED_REGION,1,EDITED,Total/payment,752,1174,30,38,C:\Users\jay\New folder (2)\Trustrace\data\document_patches\P0000305_X51005447851_FORGED.png
P0000306_X51005447851_FORGED,X51005447851,group_0121,train,FORGED_REGION,1,EDITED,Total/payment,566,1490,21,31,C:\Users\jay\New folder (2)\Trustrace\data\document_patches\P0000306_X51005447851_FORGED.png
P0000307_X51005447851_AUTH,X51005447851,group_0121,train,AUTHENTIC_REGION,0,EDITED,AuthenticText,181,1427,162,38,C:\Users\jay\New folder (2)\Trustrace\data\document_patches\P0000307_X51005447851_AUTH.png
P0000308_X51005447851_AUTH,X51005447851,group_0121,train,AUTHENTIC_REGION,0,EDITED,AuthenticText,790,868,73,29,C:\Users\jay\New folder (2)\Trustrace\data\document_patches\P0000308_X51005447851_AUTH.png
P0000309_X51005447851_AUTH,X51005447851,group_0121,train,AUTHENTIC_REGION,0,EDITED,AuthenticText,707,868,53,28,C:\Users\jay\New folder (2)\Trustrace\data\document_patches\P0000309_X51005447851_AUTH.png
P0000310_X51005447851_AUTH,X51005447851,group_0121,train,AUTHENTIC_REGION,0,EDITED,AuthenticText,821,787,34,31,C:\Users\jay\New folder (2)\Trustrace\data\document_patches\P0000310_X51005447851_AUTH.png
P0000311_X51005447851_AUTH,X51005447851,group_0121,train,AUTHENTIC_REGION,0,EDITED,AuthenticText,645,190,176,39,C:\Users\jay\New folder (2)\Trustrace\data\document_patches\P0000311_X51005447851_AUTH.png
P0000312_X51005447851_AUTH,X51005447851,group_0121,train,AUTHENTIC_REGION,0,EDITED,AuthenticText,681,357,113,27,C:\Users\jay\New folder (2)\Trustrace\data\document_patches\P0000312_X51005447851_AUTH.png
P0000315_X51005447853_FORGED,X51005447853,group_0123,train,FORGED_REGION,1,EDITED,Metadata,717,781,24,32,C:\Users\jay\New folder (2)\Trustrace\data\document_patches\P0000315_X51005447853_FORGED.png
P0000316_X51005447853_FORGED,X51005447853,group_0123,train,FORGED_REGION,1,EDITED,Metadata,771,778,17,37,C:\Users\jay\New folder (2)\Trustrace\data\document_patches\P0000316_X51005447853_FORGED.png
P0000317_X51005447853_FORGED,X51005447853,group_0123,train,FORGED_REGION,1,EDITED,Metadata,750,777,18,35,C:\Users\jay\New folder (2)\Trustrace\data\document_patches\P0000317_X51005447853_FORGED.png
P0000318_X51005447853_FORGED,X51005447853,group_0123,train,FORGED_REGION,1,EDITED,Metadata,411,686,21,36,C:\Users\jay\New folder (2)\Trustrace\data\document_patches\P0000318_X51005447853_FORGED.png
P0000319_X51005447853_FORGED,X51005447853,group_0123,train,FORGED_REGION,1,EDITED,Metadata,696,779,21,35,C:\Users\jay\New folder (2)\Trustrace\data\document_patches\P0000319_X51005447853_FORGED.png
P0000320_X51005447853_AUTH,X51005447853,group_0123,train,AUTHENTIC_REGION,0,EDITED,AuthenticText,497,1177,70,33,C:\Users\jay\New folder (2)\Trustrace\data\document_patches\P0000320_X51005447853_AUTH.png
P0000321_X51005447853_AUTH,X51005447853,group_0123,train,AUTHENTIC_REGION,0,EDITED,AuthenticText,205,350,88,36,C:\Users\jay\New folder (2)\Trustrace\data\document_patches\P0000321_X51005447853_AUTH.png
P0000322_X51005447853_AUTH,X51005447853,group_0123,train,AUTHENTIC_REGION,0,EDITED,AuthenticText,496,1128,65,34,C:\Users\jay\New folder (2)\Trustrace\data\document_patches\P0000322_X51005447853_AUTH.png
P0000323_X51005447853_AUTH,X51005447853,group_0123,train,AUTHENTIC_REGION,0,EDITED,AuthenticText,379,696,11,25,C:\Users\jay\New folder (2)\Trustrace\data\document_patches\P0000323_X51005447853_AUTH.png
P0000324_X51005447853_AUTH,X51005447853,group_0123,train,AUTHENTIC_REGION,0,EDITED,AuthenticText,463,1228,104,33,C:\Users\jay\New folder (2)\Trustrace\data\document_patches\P0000324_X51005447853_AUTH.png
P0000325_X51005447859_AUTH,X51005447859,group_0124,train,AUTHENTIC_REGION,0,REAL,AuthenticText,372,1025,68,31,C:\Users\jay\New folder (2)\Trustrace\data\document_patches\P0000325_X51005447859_AUTH.png
P0000326_X51005447859_AUTH,X51005447859,group_0124,train,AUTHENTIC_REGION,0,REAL,AuthenticText,278,978,89,30,C:\Users\jay\New folder (2)\Trustrace\data\document_patches\P0000326_X51005447859_AUTH.png
P0000327_X51005447860_AUTH,X51005447860,group_0125,train,AUTHENTIC_REGION,0,REAL,AuthenticText,102,968,81,37,C:\Users\jay\New folder (2)\Trustrace\data\document_patches\P0000327_X51005447860_AUTH.png
P0000328_X51005447860_AUTH,X51005447860,group_0125,train,AUTHENTIC_REGION,0,REAL,AuthenticText,772,1271,33,35,C:\Users\jay\New folder (2)\Trustrace\data\document_patches\P0000328_X51005447860_AUTH.png
P0000329_X51005447861_FORGED,X51005447861,group_0126,train,FORGED_REGION,1,EDITED,Other,429,881,54,35,C:\Users\jay\New folder (2)\Trustrace\data\document_patches\P0000329_X51005447861_FORGED.png
P0000330_X51005447861_FORGED,X51005447861,group_0126,train,FORGED_REGION,1,EDITED,Other,427,826,52,39,C:\Users\jay\New folder (2)\Trustrace\data\document_patches\P0000330_X51005447861_FORGED.png
P0000331_X51005447861_AUTH,X51005447861,group_0126,train,AUTHENTIC_REGION,0,EDITED,AuthenticText,107,1373,195,37,C:\Users\jay\New folder (2)\Trustrace\data\document_patches\P0000331_X51005447861_AUTH.png
P0000332_X51005447861_AUTH,X51005447861,group_0126,train,AUTHENTIC_REGION,0,EDITED,AuthenticText,41,680,172,38,C:\Users\jay\New folder (2)\Trustrace\data\document_patches\P0000332_X51005447861_AUTH.png
P0000333_X51005453729_AUTH,X51005453729,group_0014,train,AUTHENTIC_REGION,0,REAL,AuthenticText,178,536,35,15,C:\Users\jay\New folder (2)\Trustrace\data\document_patches\P0000333_X51005453729_AUTH.png
P0000334_X51005453729_AUTH,X51005453729,group_0014,train,AUTHENTIC_REGION,0,REAL,AuthenticText,382,409,29,15,C:\Users\jay\New folder (2)\Trustrace\data\document_patches\P0000334_X51005453729_AUTH.png
P0000339_X51005453804_AUTH,X51005453804,group_0016,train,AUTHENTIC_REGION,0,REAL,AuthenticText,291,543,71,18,C:\Users\jay\New folder (2)\Trustrace\data\document_patches\P0000339_X51005453804_AUTH.png
P0000340_X51005453804_AUTH,X51005453804,group_0016,train,AUTHENTIC_REGION,0,REAL,AuthenticText,316,812,43,16,C:\Users\jay\New folder (2)\Trustrace\data\document_patches\P0000340_X51005453804_AUTH.png
P0000341_X51005568827_AUTH,X51005568827,group_0128,train,AUTHENTIC_REGION,0,REAL,AuthenticText,266,1296,176,32,C:\Users\jay\New folder (2)\Trustrace\data\document_patches\P0000341_X51005568827_AUTH.png
P0000342_X51005568827_AUTH,X51005568827,group_0128,train,AUTHENTIC_REGION,0,REAL,AuthenticText,392,446,30,33,C:\Users\jay\New folder (2)\Trustrace\data\document_patches\P0000342_X51005568827_AUTH.png
P0000343_X51005568829_AUTH,X51005568829,group_0129,train,AUTHENTIC_REGION,0,REAL,AuthenticText,573,952,9,25,C:\Users\jay\New folder (2)\Trustrace\data\document_patches\P0000343_X51005568829_AUTH.png
P0000344_X51005568829_AUTH,X51005568829,group_0129,train,AUTHENTIC_REGION,0,REAL,AuthenticText,760,952,72,26,C:\Users\jay\New folder (2)\Trustrace\data\document_patches\P0000344_X51005568829_AUTH.png
P0000345_X51005568855_FORGED,X51005568855,group_0130,train,FORGED_REGION,1,EDITED,Total/payment,699,2596,24,38,C:\Users\jay\New folder (2)\Trustrace\data\document_patches\P0000345_X51005568855_FORGED.png
P0000346_X51005568855_FORGED,X51005568855,group_0130,train,FORGED_REGION,1,EDITED,Total/payment,784,2695,24,36,C:\Users\jay\New folder (2)\Trustrace\data\document_patches\P0000346_X51005568855_FORGED.png
P0000347_X51005568855_FORGED,X51005568855,group_0130,train,FORGED_REGION,1,EDITED,Total/payment,701,2549,20,35,C:\Users\jay\New folder (2)\Trustrace\data\document_patches\P0000347_X51005568855_FORGED.png
P0000348_X51005568855_AUTH,X51005568855,group_0130,train,AUTHENTIC_REGION,0,EDITED,AuthenticText,396,448,72,36,C:\Users\jay\New folder (2)\Trustrace\data\document_patches\P0000348_X51005568855_AUTH.png
P0000349_X51005568855_AUTH,X51005568855,group_0130,train,AUTHENTIC_REGION,0,EDITED,AuthenticText,635,701,218,35,C:\Users\jay\New folder (2)\Trustrace\data\document_patches\P0000349_X51005568855_AUTH.png
P0000350_X51005568855_AUTH,X51005568855,group_0130,train,AUTHENTIC_REGION,0,EDITED,AuthenticText,281,3042,153,34,C:\Users\jay\New folder (2)\Trustrace\data\document_patches\P0000350_X51005568855_AUTH.png
P0000395_X51005568880_AUTH,X51005568880,group_0132,train,AUTHENTIC_REGION,0,REAL,AuthenticText,402,1692,137,38,C:\Users\jay\New folder (2)\Trustrace\data\document_patches\P0000395_X51005568880_AUTH.png
P0000396_X51005568880_AUTH,X51005568880,group_0132,train,AUTHENTIC_REGION,0,REAL,AuthenticText,318,1918,17,6,C:\Users\jay\New folder (2)\Trustrace\data\document_patches\P0000396_X51005568880_AUTH.png
P0000397_X51005568881_FORGED,X51005568881,group_0017,train,FORGED_REGION,1,EDITED,Product,87,882,26,36,C:\Users\jay\New folder (2)\Trustrace\data\document_patches\P0000397_X51005568881_FORGED.png
P0000398_X51005568881_FORGED,X51005568881,group_0017,train,FORGED_REGION,1,EDITED,Metadata,419,648,25,37,C:\Users\jay\New folder (2)\Trustrace\data\document_patches\P0000398_X51005568881_FORGED.png
P0000399_X51005568881_FORGED,X51005568881,group_0017,train,FORGED_REGION,1,EDITED,Product,131,926,23,28,C:\Users\jay\New folder (2)\Trustrace\data\document_patches\P0000399_X51005568881_FORGED.png
P0000400_X51005568881_FORGED,X51005568881,group_0017,train,FORGED_REGION,1,EDITED,Total/payment,247,975,22,28,C:\Users\jay\New folder (2)\Trustrace\data\document_patches\P0000400_X51005568881_FORGED.png
P0000401_X51005568881_AUTH,X51005568881,group_0017,train,AUTHENTIC_REGION,0,EDITED,AuthenticText,54,1538,132,38,C:\Users\jay\New folder (2)\Trustrace\data\document_patches\P0000401_X51005568881_AUTH.png
P0000402_X51005568881_AUTH,X51005568881,group_0017,train,AUTHENTIC_REGION,0,EDITED,AuthenticText,302,746,12,6,C:\Users\jay\New folder (2)\Trustrace\data\document_patches\P0000402_X51005568881_AUTH.png
P0000403_X51005568881_AUTH,X51005568881,group_0017,train,AUTHENTIC_REGION,0,EDITED,AuthenticText,112,416,55,31,C:\Users\jay\New folder (2)\Trustrace\data\document_patches\P0000403_X51005568881_AUTH.png
P0000404_X51005568881_AUTH,X51005568881,group_0017,train,AUTHENTIC_REGION,0,EDITED,AuthenticText,685,1097,63,28,C:\Users\jay\New folder (2)\Trustrace\data\document_patches\P0000404_X51005568881_AUTH.png
P0000407_X51005568885_FORGED,X51005568885,group_0134,train,FORGED_REGION,1,EDITED,Total/payment,769,1169,30,47,C:\Users\jay\New folder (2)\Trustrace\data\document_patches\P0000407_X51005568885_FORGED.png
P0000408_X51005568885_FORGED,X51005568885,group_0134,train,FORGED_REGION,1,EDITED,Total/payment,695,1167,29,46,C:\Users\jay\New folder (2)\Trustrace\data\document_patches\P0000408_X51005568885_FORGED.png
P0000409_X51005568885_FORGED,X51005568885,group_0134,train,FORGED_REGION,1,EDITED,Total/payment,667,1167,25,46,C:\Users\jay\New folder (2)\Trustrace\data\document_patches\P0000409_X51005568885_FORGED.png
P0000410_X51005568885_FORGED,X51005568885,group_0134,train,FORGED_REGION,1,EDITED,Total/payment,695,1247,33,45,C:\Users\jay\New folder (2)\Trustrace\data\document_patches\P0000410_X51005568885_FORGED.png
P0000411_X51005568885_FORGED,X51005568885,group_0134,train,FORGED_REGION,1,EDITED,Total/payment,691,1324,33,45,C:\Users\jay\New folder (2)\Trustrace\data\document_patches\P0000411_X51005568885_FORGED.png
P0000412_X51005568885_AUTH,X51005568885,group_0134,train,AUTHENTIC_REGION,0,EDITED,AuthenticText,291,637,85,22,C:\Users\jay\New folder (2)\Trustrace\data\document_patches\P0000412_X51005568885_AUTH.png
P0000413_X51005568885_AUTH,X51005568885,group_0134,train,AUTHENTIC_REGION,0,EDITED,AuthenticText,235,1406,98,22,C:\Users\jay\New folder (2)\Trustrace\data\document_patches\P0000413_X51005568885_AUTH.png
P0000414_X51005568885_AUTH,X51005568885,group_0134,train,AUTHENTIC_REGION,0,EDITED,AuthenticText,96,1405,56,22,C:\Users\jay\New folder (2)\Trustrace\data\document_patches\P0000414_X51005568885_AUTH.png
P0000415_X51005568885_AUTH,X51005568885,group_0134,train,AUTHENTIC_REGION,0,EDITED,AuthenticText,192,1071,132,22,C:\Users\jay\New folder (2)\Trustrace\data\document_patches\P0000415_X51005568885_AUTH.png
P0000416_X51005568885_AUTH,X51005568885,group_0134,train,AUTHENTIC_REGION,0,EDITED,AuthenticText,303,398,28,21,C:\Users\jay\New folder (2)\Trustrace\data\document_patches\P0000416_X51005568885_AUTH.png
P0000417_X51005568887_AUTH,X51005568887,group_0135,train,AUTHENTIC_REGION,0,REAL,AuthenticText,284,557,82,35,C:\Users\jay\New folder (2)\Trustrace\data\document_patches\P0000417_X51005568887_AUTH.png
P0000418_X51005568887_AUTH,X51005568887,group_0135,train,AUTHENTIC_REGION,0,REAL,AuthenticText,168,1285,27,27,C:\Users\jay\New folder (2)\Trustrace\data\document_patches\P0000418_X51005568887_AUTH.png
P0000431_X51005568890_FORGED,X51005568890,group_0137,train,FORGED_REGION,1,EDITED,Metadata,462,637,23,35,C:\Users\jay\New folder (2)\Trustrace\data\document_patches\P0000431_X51005568890_FORGED.png
P0000432_X51005568890_AUTH,X51005568890,group_0137,train,AUTHENTIC_REGION,0,EDITED,AuthenticText,503,1491,110,29,C:\Users\jay\New folder (2)\Trustrace\data\document_patches\P0000432_X51005568890_AUTH.png
P0000433_X51005568891_AUTH,X51005568891,group_0138,train,AUTHENTIC_REGION,0,REAL,AuthenticText,299,835,74,30,C:\Users\jay\New folder (2)\Trustrace\data\document_patches\P0000433_X51005568891_AUTH.png
P0000434_X51005568891_AUTH,X51005568891,group_0138,train,AUTHENTIC_REGION,0,REAL,AuthenticText,94,920,17,28,C:\Users\jay\New folder (2)\Trustrace\data\document_patches\P0000434_X51005568891_AUTH.png
P0000437_X51005568894_AUTH,X51005568894,group_0140,train,AUTHENTIC_REGION,0,REAL,AuthenticText,523,2701,58,26,C:\Users\jay\New folder (2)\Trustrace\data\document_patches\P0000437_X51005568894_AUTH.png
P0000438_X51005568894_AUTH,X51005568894,group_0140,train,AUTHENTIC_REGION,0,REAL,AuthenticText,295,2779,97,31,C:\Users\jay\New folder (2)\Trustrace\data\document_patches\P0000438_X51005568894_AUTH.png
P0000439_X51005568895_AUTH,X51005568895,group_0141,train,AUTHENTIC_REGION,0,REAL,AuthenticText,8,143,158,33,C:\Users\jay\New folder (2)\Trustrace\data\document_patches\P0000439_X51005568895_AUTH.png
P0000440_X51005568895_AUTH,X51005568895,group_0141,train,AUTHENTIC_REGION,0,REAL,AuthenticText,361,264,71,32,C:\Users\jay\New folder (2)\Trustrace\data\document_patches\P0000440_X51005568895_AUTH.png
P0000441_X51005568898_AUTH,X51005568898,group_0142,train,AUTHENTIC_REGION,0,REAL,AuthenticText,18,128,22,30,C:\Users\jay\New folder (2)\Trustrace\data\document_patches\P0000441_X51005568898_AUTH.png
P0000442_X51005568898_AUTH,X51005568898,group_0142,train,AUTHENTIC_REGION,0,REAL,AuthenticText,689,1433,66,29,C:\Users\jay\New folder (2)\Trustrace\data\document_patches\P0000442_X51005568898_AUTH.png
P0000443_X51005568899_AUTH,X51005568899,group_0143,train,AUTHENTIC_REGION,0,REAL,AuthenticText,155,731,57,33,C:\Users\jay\New folder (2)\Trustrace\data\document_patches\P0000443_X51005568899_AUTH.png
P0000444_X51005568899_AUTH,X51005568899,group_0143,train,AUTHENTIC_REGION,0,REAL,AuthenticText,156,1411,159,32,C:\Users\jay\New folder (2)\Trustrace\data\document_patches\P0000444_X51005568899_AUTH.png
P0000445_X51005568900_AUTH,X51005568900,group_0144,train,AUTHENTIC_REGION,0,REAL,AuthenticText,729,986,37,31,C:\Users\jay\New folder (2)\Trustrace\data\document_patches\P0000445_X51005568900_AUTH.png
P0000446_X51005568900_AUTH,X51005568900,group_0144,train,AUTHENTIC_REGION,0,REAL,AuthenticText,585,475,177,36,C:\Users\jay\New folder (2)\Trustrace\data\document_patches\P0000446_X51005568900_AUTH.png
P0000449_X51005568913_AUTH,X51005568913,group_0146,train,AUTHENTIC_REGION,0,REAL,AuthenticText,478,1418,105,36,C:\Users\jay\New folder (2)\Trustrace\data\document_patches\P0000449_X51005568913_AUTH.png
P0000450_X51005568913_AUTH,X51005568913,group_0146,train,AUTHENTIC_REGION,0,REAL,AuthenticText,125,773,102,37,C:\Users\jay\New folder (2)\Trustrace\data\document_patches\P0000450_X51005568913_AUTH.png
P0000451_X51005568914_AUTH,X51005568914,group_0147,train,AUTHENTIC_REGION,0,REAL,AuthenticText,608,974,34,38,C:\Users\jay\New folder (2)\Trustrace\data\document_patches\P0000451_X51005568914_AUTH.png
P0000452_X51005568914_AUTH,X51005568914,group_0147,train,AUTHENTIC_REGION,0,REAL,AuthenticText,363,450,45,36,C:\Users\jay\New folder (2)\Trustrace\data\document_patches\P0000452_X51005568914_AUTH.png
P0000453_X51005577191_AUTH,X51005577191,group_0018,train,AUTHENTIC_REGION,0,REAL,AuthenticText,323,1301,88,24,C:\Users\jay\New folder (2)\Trustrace\data\document_patches\P0000453_X51005577191_AUTH.png
P0000454_X51005577191_AUTH,X51005577191,group_0018,train,AUTHENTIC_REGION,0,REAL,AuthenticText,64,551,43,24,C:\Users\jay\New folder (2)\Trustrace\data\document_patches\P0000454_X51005577191_AUTH.png
P0000455_X51005577192_AUTH,X51005577192,group_0018,train,AUTHENTIC_REGION,0,REAL,AuthenticText,213,665,57,24,C:\Users\jay\New folder (2)\Trustrace\data\document_patches\P0000455_X51005577192_AUTH.png
P0000456_X51005577192_AUTH,X51005577192,group_0018,train,AUTHENTIC_REGION,0,REAL,AuthenticText,392,635,69,25,C:\Users\jay\New folder (2)\Trustrace\data\document_patches\P0000456_X51005577192_AUTH.png
P0000461_X51005587261_AUTH,X51005587261,group_0150,train,AUTHENTIC_REGION,0,REAL,AuthenticText,251,290,173,27,C:\Users\jay\New folder (2)\Trustrace\data\document_patches\P0000461_X51005587261_AUTH.png
P0000462_X51005587261_AUTH,X51005587261,group_0150,train,AUTHENTIC_REGION,0,REAL,AuthenticText,528,1401,45,26,C:\Users\jay\New folder (2)\Trustrace\data\document_patches\P0000462_X51005587261_AUTH.png
P0000465_X51005605284_AUTH,X51005605284,group_0152,train,AUTHENTIC_REGION,0,REAL,AuthenticText,597,982,50,20,C:\Users\jay\New folder (2)\Trustrace\data\document_patches\P0000465_X51005605284_AUTH.png
P0000466_X51005605284_AUTH,X51005605284,group_0152,train,AUTHENTIC_REGION,0,REAL,AuthenticText,222,1061,21,20,C:\Users\jay\New folder (2)\Trustrace\data\document_patches\P0000466_X51005605284_AUTH.png
P0000467_X51005605285_FORGED,X51005605285,group_0153,train,FORGED_REGION,1,EDITED,Product,99,448,19,36,C:\Users\jay\New folder (2)\Trustrace\data\document_patches\P0000467_X51005605285_FORGED.png
P0000468_X51005605285_FORGED,X51005605285,group_0153,train,FORGED_REGION,1,EDITED,Product,528,453,57,40,C:\Users\jay\New folder (2)\Trustrace\data\document_patches\P0000468_X51005605285_FORGED.png
P0000469_X51005605285_FORGED,X51005605285,group_0153,train,FORGED_REGION,1,EDITED,Total/payment,556,577,56,34,C:\Users\jay\New folder (2)\Trustrace\data\document_patches\P0000469_X51005605285_FORGED.png
P0000470_X51005605285_FORGED,X51005605285,group_0153,train,FORGED_REGION,1,EDITED,Total/payment,556,616,55,34,C:\Users\jay\New folder (2)\Trustrace\data\document_patches\P0000470_X51005605285_FORGED.png
P0000471_X51005605285_FORGED,X51005605285,group_0153,train,FORGED_REGION,1,EDITED,Total/payment,552,650,59,39,C:\Users\jay\New folder (2)\Trustrace\data\document_patches\P0000471_X51005605285_FORGED.png
P0000472_X51005605285_FORGED,X51005605285,group_0153,train,FORGED_REGION,1,EDITED,Total/payment,546,728,64,39,C:\Users\jay\New folder (2)\Trustrace\data\document_patches\P0000472_X51005605285_FORGED.png
P0000473_X51005605285_FORGED,X51005605285,group_0153,train,FORGED_REGION,1,EDITED,Total/payment,352,843,74,39,C:\Users\jay\New folder (2)\Trustrace\data\document_patches\P0000473_X51005605285_FORGED.png
P0000474_X51005605285_FORGED,X51005605285,group_0153,train,FORGED_REGION,1,EDITED,Total/payment,351,883,75,40,C:\Users\jay\New folder (2)\Trustrace\data\document_patches\P0000474_X51005605285_FORGED.png
P0000475_X51005605285_FORGED,X51005605285,group_0153,train,FORGED_REGION,1,EDITED,Total/payment,590,846,34,37,C:\Users\jay\New folder (2)\Trustrace\data\document_patches\P0000475_X51005605285_FORGED.png
P0000476_X51005605285_FORGED,X51005605285,group_0153,train,FORGED_REGION,1,EDITED,Total/payment,587,886,37,37,C:\Users\jay\New folder (2)\Trustrace\data\document_patches\P0000476_X51005605285_FORGED.png
P0000477_X51005605285_AUTH,X51005605285,group_0153,train,AUTHENTIC_REGION,0,EDITED,AuthenticText,278,261,168,28,C:\Users\jay\New folder (2)\Trustrace\data\document_patches\P0000477_X51005605285_AUTH.png
P0000478_X51005605285_AUTH,X51005605285,group_0153,train,AUTHENTIC_REGION,0,EDITED,AuthenticText,269,104,35,32,C:\Users\jay\New folder (2)\Trustrace\data\document_patches\P0000478_X51005605285_AUTH.png
P0000479_X51005605285_AUTH,X51005605285,group_0153,train,AUTHENTIC_REGION,0,EDITED,AuthenticText,229,650,37,31,C:\Users\jay\New folder (2)\Trustrace\data\document_patches\P0000479_X51005605285_AUTH.png
P0000480_X51005605285_AUTH,X51005605285,group_0153,train,AUTHENTIC_REGION,0,EDITED,AuthenticText,59,725,53,27,C:\Users\jay\New folder (2)\Trustrace\data\document_patches\P0000480_X51005605285_AUTH.png
P0000481_X51005605285_AUTH,X51005605285,group_0153,train,AUTHENTIC_REGION,0,EDITED,AuthenticText,180,181,40,27,C:\Users\jay\New folder (2)\Trustrace\data\document_patches\P0000481_X51005605285_AUTH.png
P0000482_X51005605285_AUTH,X51005605285,group_0153,train,AUTHENTIC_REGION,0,EDITED,AuthenticText,305,495,51,28,C:\Users\jay\New folder (2)\Trustrace\data\document_patches\P0000482_X51005605285_AUTH.png
P0000483_X51005605285_AUTH,X51005605285,group_0153,train,AUTHENTIC_REGION,0,EDITED,AuthenticText,144,649,69,27,C:\Users\jay\New folder (2)\Trustrace\data\document_patches\P0000483_X51005605285_AUTH.png
P0000484_X51005605285_AUTH,X51005605285,group_0153,train,AUTHENTIC_REGION,0,EDITED,AuthenticText,503,343,40,25,C:\Users\jay\New folder (2)\Trustrace\data\document_patches\P0000484_X51005605285_AUTH.png
P0000485_X51005605285_AUTH,X51005605285,group_0153,train,AUTHENTIC_REGION,0,EDITED,AuthenticText,449,224,82,29,C:\Users\jay\New folder (2)\Trustrace\data\document_patches\P0000485_X51005605285_AUTH.png
P0000486_X51005605285_AUTH,X51005605285,group_0153,train,AUTHENTIC_REGION,0,EDITED,AuthenticText,322,145,69,27,C:\Users\jay\New folder (2)\Trustrace\data\document_patches\P0000486_X51005605285_AUTH.png
P0000487_X51005605286_AUTH,X51005605286,group_0154,train,AUTHENTIC_REGION,0,REAL,AuthenticText,83,560,122,31,C:\Users\jay\New folder (2)\Trustrace\data\document_patches\P0000487_X51005605286_AUTH.png
P0000488_X51005605286_AUTH,X51005605286,group_0154,train,AUTHENTIC_REGION,0,REAL,AuthenticText,340,1146,40,28,C:\Users\jay\New folder (2)\Trustrace\data\document_patches\P0000488_X51005605286_AUTH.png
P0000489_X51005605287_AUTH,X51005605287,group_0155,train,AUTHENTIC_REGION,0,REAL,AuthenticText,296,338,111,28,C:\Users\jay\New folder (2)\Trustrace\data\document_patches\P0000489_X51005605287_AUTH.png
P0000490_X51005605287_AUTH,X51005605287,group_0155,train,AUTHENTIC_REGION,0,REAL,AuthenticText,580,571,83,27,C:\Users\jay\New folder (2)\Trustrace\data\document_patches\P0000490_X51005605287_AUTH.png
P0000491_X51005605295_FORGED,X51005605295,group_0156,train,FORGED_REGION,1,EDITED,Total/payment,410,726,48,31,C:\Users\jay\New folder (2)\Trustrace\data\document_patches\P0000491_X51005605295_FORGED.png
P0000492_X51005605295_FORGED,X51005605295,group_0156,train,FORGED_REGION,1,EDITED,Product,413,531,49,31,C:\Users\jay\New folder (2)\Trustrace\data\document_patches\P0000492_X51005605295_FORGED.png
P0000493_X51005605295_AUTH,X51005605295,group_0156,train,AUTHENTIC_REGION,0,EDITED,AuthenticText,54,493,39,23,C:\Users\jay\New folder (2)\Trustrace\data\document_patches\P0000493_X51005605295_AUTH.png
P0000494_X51005605295_AUTH,X51005605295,group_0156,train,AUTHENTIC_REGION,0,EDITED,AuthenticText,151,845,102,22,C:\Users\jay\New folder (2)\Trustrace\data\document_patches\P0000494_X51005605295_AUTH.png
P0000497_X51005605333_FORGED,X51005605333,group_0158,train,FORGED_REGION,1,EDITED,Total/payment,500,1032,36,34,C:\Users\jay\New folder (2)\Trustrace\data\document_patches\P0000497_X51005605333_FORGED.png
P0000498_X51005605333_AUTH,X51005605333,group_0158,train,AUTHENTIC_REGION,0,EDITED,AuthenticText,305,407,94,34,C:\Users\jay\New folder (2)\Trustrace\data\document_patches\P0000498_X51005605333_AUTH.png
P0000501_X51005605335_FORGED,X51005605335,group_0160,train,FORGED_REGION,1,EDITED,Metadata,28,564,18,28,C:\Users\jay\New folder (2)\Trustrace\data\document_patches\P0000501_X51005605335_FORGED.png
P0000502_X51005605335_FORGED,X51005605335,group_0160,train,FORGED_REGION,1,EDITED,Metadata,50,566,17,28,C:\Users\jay\New folder (2)\Trustrace\data\document_patches\P0000502_X51005605335_FORGED.png
P0000503_X51005605335_AUTH,X51005605335,group_0160,train,AUTHENTIC_REGION,0,EDITED,AuthenticText,567,995,42,25,C:\Users\jay\New folder (2)\Trustrace\data\document_patches\P0000503_X51005605335_AUTH.png
P0000504_X51005605335_AUTH,X51005605335,group_0160,train,AUTHENTIC_REGION,0,EDITED,AuthenticText,180,684,43,23,C:\Users\jay\New folder (2)\Trustrace\data\document_patches\P0000504_X51005605335_AUTH.png
P0000509_X51005663273_AUTH,X51005663273,group_0163,train,AUTHENTIC_REGION,0,REAL,AuthenticText,395,1089,79,22,C:\Users\jay\New folder (2)\Trustrace\data\document_patches\P0000509_X51005663273_AUTH.png
P0000510_X51005663273_AUTH,X51005663273,group_0163,train,AUTHENTIC_REGION,0,REAL,AuthenticText,351,608,57,23,C:\Users\jay\New folder (2)\Trustrace\data\document_patches\P0000510_X51005663273_AUTH.png
P0000511_X51005663274_FORGED,X51005663274,group_0164,train,FORGED_REGION,1,EDITED,Company,491,400,21,32,C:\Users\jay\New folder (2)\Trustrace\data\document_patches\P0000511_X51005663274_FORGED.png
P0000512_X51005663274_FORGED,X51005663274,group_0164,train,FORGED_REGION,1,EDITED,Metadata,288,723,19,32,C:\Users\jay\New folder (2)\Trustrace\data\document_patches\P0000512_X51005663274_FORGED.png
P0000513_X51005663274_AUTH,X51005663274,group_0164,train,AUTHENTIC_REGION,0,EDITED,AuthenticText,469,280,64,26,C:\Users\jay\New folder (2)\Trustrace\data\document_patches\P0000513_X51005663274_AUTH.png
P0000514_X51005663274_AUTH,X51005663274,group_0164,train,AUTHENTIC_REGION,0,EDITED,AuthenticText,312,608,63,26,C:\Users\jay\New folder (2)\Trustrace\data\document_patches\P0000514_X51005663274_AUTH.png
P0000517_X51005663277_AUTH,X51005663277,group_0166,train,AUTHENTIC_REGION,0,REAL,AuthenticText,699,744,46,23,C:\Users\jay\New folder (2)\Trustrace\data\document_patches\P0000517_X51005663277_AUTH.png
P0000518_X51005663277_AUTH,X51005663277,group_0166,train,AUTHENTIC_REGION,0,REAL,AuthenticText,433,1121,77,21,C:\Users\jay\New folder (2)\Trustrace\data\document_patches\P0000518_X51005663277_AUTH.png
P0000519_X51005663278_FORGED,X51005663278,group_0167,train,FORGED_REGION,1,EDITED,Metadata,406,700,18,35,C:\Users\jay\New folder (2)\Trustrace\data\document_patches\P0000519_X51005663278_FORGED.png
P0000520_X51005663278_FORGED,X51005663278,group_0167,train,FORGED_REGION,1,EDITED,Metadata,424,699,12,38,C:\Users\jay\New folder (2)\Trustrace\data\document_patches\P0000520_X51005663278_FORGED.png
P0000521_X51005663278_AUTH,X51005663278,group_0167,train,AUTHENTIC_REGION,0,EDITED,AuthenticText,200,1989,71,31,C:\Users\jay\New folder (2)\Trustrace\data\document_patches\P0000521_X51005663278_AUTH.png
P0000522_X51005663278_AUTH,X51005663278,group_0167,train,AUTHENTIC_REGION,0,EDITED,AuthenticText,435,481,82,30,C:\Users\jay\New folder (2)\Trustrace\data\document_patches\P0000522_X51005663278_AUTH.png
P0000527_X51005663293_FORGED,X51005663293,group_0170,train,FORGED_REGION,1,EDITED,Total/payment,554,1413,15,31,C:\Users\jay\New folder (2)\Trustrace\data\document_patches\P0000527_X51005663293_FORGED.png
P0000528_X51005663293_FORGED,X51005663293,group_0170,train,FORGED_REGION,1,EDITED,Total/payment,612,1415,13,28,C:\Users\jay\New folder (2)\Trustrace\data\document_patches\P0000528_X51005663293_FORGED.png
P0000529_X51005663293_FORGED,X51005663293,group_0170,train,FORGED_REGION,1,EDITED,Total/payment,465,1485,31,53,C:\Users\jay\New folder (2)\Trustrace\data\document_patches\P0000529_X51005663293_FORGED.png
P0000530_X51005663293_FORGED,X51005663293,group_0170,train,FORGED_REGION,1,EDITED,Total/payment,579,1490,28,52,C:\Users\jay\New folder (2)\Trustrace\data\document_patches\P0000530_X51005663293_FORGED.png
P0000531_X51005663293_FORGED,X51005663293,group_0170,train,FORGED_REGION,1,EDITED,Total/payment,304,1731,44,64,C:\Users\jay\New folder (2)\Trustrace\data\document_patches\P0000531_X51005663293_FORGED.png
P0000532_X51005663293_FORGED,X51005663293,group_0170,train,FORGED_REGION,1,EDITED,Total/payment,347,1736,42,61,C:\Users\jay\New folder (2)\Trustrace\data\document_patches\P0000532_X51005663293_FORGED.png
P0000533_X51005663293_AUTH,X51005663293,group_0170,train,AUTHENTIC_REGION,0,EDITED,AuthenticText,530,1229,56,25,C:\Users\jay\New folder (2)\Trustrace\data\document_patches\P0000533_X51005663293_AUTH.png
P0000534_X51005663293_AUTH,X51005663293,group_0170,train,AUTHENTIC_REGION,0,EDITED,AuthenticText,533,1080,56,25,C:\Users\jay\New folder (2)\Trustrace\data\document_patches\P0000534_X51005663293_AUTH.png
P0000535_X51005663293_AUTH,X51005663293,group_0170,train,AUTHENTIC_REGION,0,EDITED,AuthenticText,72,1181,100,30,C:\Users\jay\New folder (2)\Trustrace\data\document_patches\P0000535_X51005663293_AUTH.png
P0000536_X51005663293_AUTH,X51005663293,group_0170,train,AUTHENTIC_REGION,0,EDITED,AuthenticText,176,1615,43,25,C:\Users\jay\New folder (2)\Trustrace\data\document_patches\P0000536_X51005663293_AUTH.png
P0000537_X51005663293_AUTH,X51005663293,group_0170,train,AUTHENTIC_REGION,0,EDITED,AuthenticText,56,1838,41,26,C:\Users\jay\New folder (2)\Trustrace\data\document_patches\P0000537_X51005663293_AUTH.png
P0000538_X51005663293_AUTH,X51005663293,group_0170,train,AUTHENTIC_REGION,0,EDITED,AuthenticText,63,1575,95,26,C:\Users\jay\New folder (2)\Trustrace\data\document_patches\P0000538_X51005663293_AUTH.png
P0000539_X51005663297_AUTH,X51005663297,group_0171,train,AUTHENTIC_REGION,0,REAL,AuthenticText,45,1261,57,25,C:\Users\jay\New folder (2)\Trustrace\data\document_patches\P0000539_X51005663297_AUTH.png
P0000540_X51005663297_AUTH,X51005663297,group_0171,train,AUTHENTIC_REGION,0,REAL,AuthenticText,476,420,140,30,C:\Users\jay\New folder (2)\Trustrace\data\document_patches\P0000540_X51005663297_AUTH.png
P0000541_X51005663298_AUTH,X51005663298,group_0172,train,AUTHENTIC_REGION,0,REAL,AuthenticText,729,2146,85,31,C:\Users\jay\New folder (2)\Trustrace\data\document_patches\P0000541_X51005663298_AUTH.png
P0000542_X51005663298_AUTH,X51005663298,group_0172,train,AUTHENTIC_REGION,0,REAL,AuthenticText,621,447,52,32,C:\Users\jay\New folder (2)\Trustrace\data\document_patches\P0000542_X51005663298_AUTH.png
P0000543_X51005663300_AUTH,X51005663300,group_0173,train,AUTHENTIC_REGION,0,REAL,AuthenticText,601,322,109,32,C:\Users\jay\New folder (2)\Trustrace\data\document_patches\P0000543_X51005663300_AUTH.png
P0000544_X51005663300_AUTH,X51005663300,group_0173,train,AUTHENTIC_REGION,0,REAL,AuthenticText,504,1585,238,26,C:\Users\jay\New folder (2)\Trustrace\data\document_patches\P0000544_X51005663300_AUTH.png
P0000547_X51005663307_AUTH,X51005663307,group_0175,train,AUTHENTIC_REGION,0,REAL,AuthenticText,808,1073,37,26,C:\Users\jay\New folder (2)\Trustrace\data\document_patches\P0000547_X51005663307_AUTH.png
P0000548_X51005663307_AUTH,X51005663307,group_0175,train,AUTHENTIC_REGION,0,REAL,AuthenticText,212,515,35,25,C:\Users\jay\New folder (2)\Trustrace\data\document_patches\P0000548_X51005663307_AUTH.png
P0000549_X51005663309_AUTH,X51005663309,group_0176,train,AUTHENTIC_REGION,0,REAL,AuthenticText,83,1024,72,32,C:\Users\jay\New folder (2)\Trustrace\data\document_patches\P0000549_X51005663309_AUTH.png
P0000550_X51005663309_AUTH,X51005663309,group_0176,train,AUTHENTIC_REGION,0,REAL,AuthenticText,157,681,128,32,C:\Users\jay\New folder (2)\Trustrace\data\document_patches\P0000550_X51005663309_AUTH.png
P0000551_X51005663310_AUTH,X51005663310,group_0177,train,AUTHENTIC_REGION,0,REAL,AuthenticText,344,673,94,26,C:\Users\jay\New folder (2)\Trustrace\data\document_patches\P0000551_X51005663310_AUTH.png
P0000552_X51005663310_AUTH,X51005663310,group_0177,train,AUTHENTIC_REGION,0,REAL,AuthenticText,86,1586,138,26,C:\Users\jay\New folder (2)\Trustrace\data\document_patches\P0000552_X51005663310_AUTH.png
P0000555_X51005663317_FORGED,X51005663317,group_0179,train,FORGED_REGION,1,EDITED,Metadata,344,721,24,34,C:\Users\jay\New folder (2)\Trustrace\data\document_patches\P0000555_X51005663317_FORGED.png
P0000556_X51005663317_FORGED,X51005663317,group_0179,train,FORGED_REGION,1,EDITED,Metadata,411,722,20,33,C:\Users\jay\New folder (2)\Trustrace\data\document_patches\P0000556_X51005663317_FORGED.png
P0000557_X51005663317_FORGED,X51005663317,group_0179,train,FORGED_REGION,1,EDITED,Metadata,432,722,20,33,C:\Users\jay\New folder (2)\Trustrace\data\document_patches\P0000557_X51005663317_FORGED.png
P0000558_X51005663317_AUTH,X51005663317,group_0179,train,AUTHENTIC_REGION,0,EDITED,AuthenticText,34,674,103,25,C:\Users\jay\New folder (2)\Trustrace\data\document_patches\P0000558_X51005663317_AUTH.png
P0000559_X51005663317_AUTH,X51005663317,group_0179,train,AUTHENTIC_REGION,0,EDITED,AuthenticText,97,936,36,24,C:\Users\jay\New folder (2)\Trustrace\data\document_patches\P0000559_X51005663317_AUTH.png
P0000560_X51005663317_AUTH,X51005663317,group_0179,train,AUTHENTIC_REGION,0,EDITED,AuthenticText,200,324,60,32,C:\Users\jay\New folder (2)\Trustrace\data\document_patches\P0000560_X51005663317_AUTH.png
P0000563_X51005663324_AUTH,X51005663324,group_0181,train,AUTHENTIC_REGION,0,REAL,AuthenticText,184,1903,16,27,C:\Users\jay\New folder (2)\Trustrace\data\document_patches\P0000563_X51005663324_AUTH.png
P0000564_X51005663324_AUTH,X51005663324,group_0181,train,AUTHENTIC_REGION,0,REAL,AuthenticText,488,1239,36,28,C:\Users\jay\New folder (2)\Trustrace\data\document_patches\P0000564_X51005663324_AUTH.png
P0000565_X51005675095_AUTH,X51005675095,group_0182,train,AUTHENTIC_REGION,0,REAL,AuthenticText,548,959,50,23,C:\Users\jay\New folder (2)\Trustrace\data\document_patches\P0000565_X51005675095_AUTH.png
P0000566_X51005675095_AUTH,X51005675095,group_0182,train,AUTHENTIC_REGION,0,REAL,AuthenticText,548,991,87,23,C:\Users\jay\New folder (2)\Trustrace\data\document_patches\P0000566_X51005675095_AUTH.png
P0000567_X51005675099_AUTH,X51005675099,group_0183,train,AUTHENTIC_REGION,0,REAL,AuthenticText,218,403,41,31,C:\Users\jay\New folder (2)\Trustrace\data\document_patches\P0000567_X51005675099_AUTH.png
P0000568_X51005675099_AUTH,X51005675099,group_0183,train,AUTHENTIC_REGION,0,REAL,AuthenticText,122,994,52,26,C:\Users\jay\New folder (2)\Trustrace\data\document_patches\P0000568_X51005675099_AUTH.png
P0000571_X51005675104_AUTH,X51005675104,group_0185,train,AUTHENTIC_REGION,0,REAL,AuthenticText,716,747,36,28,C:\Users\jay\New folder (2)\Trustrace\data\document_patches\P0000571_X51005675104_AUTH.png
P0000572_X51005675104_AUTH,X51005675104,group_0185,train,AUTHENTIC_REGION,0,REAL,AuthenticText,300,752,90,27,C:\Users\jay\New folder (2)\Trustrace\data\document_patches\P0000572_X51005675104_AUTH.png
P0000577_X51005676534_AUTH,X51005676534,group_0187,train,AUTHENTIC_REGION,0,REAL,AuthenticText,363,1032,9,28,C:\Users\jay\New folder (2)\Trustrace\data\document_patches\P0000577_X51005676534_AUTH.png
P0000578_X51005676534_AUTH,X51005676534,group_0187,train,AUTHENTIC_REGION,0,REAL,AuthenticText,268,412,101,32,C:\Users\jay\New folder (2)\Trustrace\data\document_patches\P0000578_X51005676534_AUTH.png
P0000579_X51005676535_FORGED,X51005676535,group_0188,train,FORGED_REGION,1,EDITED,Company,416,321,19,31,C:\Users\jay\New folder (2)\Trustrace\data\document_patches\P0000579_X51005676535_FORGED.png
P0000580_X51005676535_FORGED,X51005676535,group_0188,train,FORGED_REGION,1,EDITED,Company,455,319,28,32,C:\Users\jay\New folder (2)\Trustrace\data\document_patches\P0000580_X51005676535_FORGED.png
P0000581_X51005676535_FORGED,X51005676535,group_0188,train,FORGED_REGION,1,EDITED,Metadata,273,515,30,36,C:\Users\jay\New folder (2)\Trustrace\data\document_patches\P0000581_X51005676535_FORGED.png
P0000582_X51005676535_FORGED,X51005676535,group_0188,train,FORGED_REGION,1,EDITED,Company,403,412,22,34,C:\Users\jay\New folder (2)\Trustrace\data\document_patches\P0000582_X51005676535_FORGED.png
P0000583_X51005676535_FORGED,X51005676535,group_0188,train,FORGED_REGION,1,EDITED,Company,450,413,23,33,C:\Users\jay\New folder (2)\Trustrace\data\document_patches\P0000583_X51005676535_FORGED.png
P0000584_X51005676535_FORGED,X51005676535,group_0188,train,FORGED_REGION,1,EDITED,Company,475,413,21,30,C:\Users\jay\New folder (2)\Trustrace\data\document_patches\P0000584_X51005676535_FORGED.png
P0000585_X51005676535_FORGED,X51005676535,group_0188,train,FORGED_REGION,1,EDITED,Company,498,415,135,29,C:\Users\jay\New folder (2)\Trustrace\data\document_patches\P0000585_X51005676535_FORGED.png
P0000586_X51005676535_AUTH,X51005676535,group_0188,train,AUTHENTIC_REGION,0,EDITED,AuthenticText,239,25,40,39,C:\Users\jay\New folder (2)\Trustrace\data\document_patches\P0000586_X51005676535_AUTH.png
P0000587_X51005676535_AUTH,X51005676535,group_0188,train,AUTHENTIC_REGION,0,EDITED,AuthenticText,560,697,69,28,C:\Users\jay\New folder (2)\Trustrace\data\document_patches\P0000587_X51005676535_AUTH.png
P0000588_X51005676535_AUTH,X51005676535,group_0188,train,AUTHENTIC_REGION,0,EDITED,AuthenticText,343,886,52,39,C:\Users\jay\New folder (2)\Trustrace\data\document_patches\P0000588_X51005676535_AUTH.png
P0000589_X51005676535_AUTH,X51005676535,group_0188,train,AUTHENTIC_REGION,0,EDITED,AuthenticText,444,1894,194,27,C:\Users\jay\New folder (2)\Trustrace\data\document_patches\P0000589_X51005676535_AUTH.png
P0000590_X51005676535_AUTH,X51005676535,group_0188,train,AUTHENTIC_REGION,0,EDITED,AuthenticText,430,1426,31,29,C:\Users\jay\New folder (2)\Trustrace\data\document_patches\P0000590_X51005676535_AUTH.png
P0000591_X51005676535_AUTH,X51005676535,group_0188,train,AUTHENTIC_REGION,0,EDITED,AuthenticText,518,1735,38,29,C:\Users\jay\New folder (2)\Trustrace\data\document_patches\P0000591_X51005676535_AUTH.png
P0000592_X51005676535_AUTH,X51005676535,group_0188,train,AUTHENTIC_REGION,0,EDITED,AuthenticText,471,1204,80,33,C:\Users\jay\New folder (2)\Trustrace\data\document_patches\P0000592_X51005676535_AUTH.png
P0000597_X51005676538_AUTH,X51005676538,group_0191,train,AUTHENTIC_REGION,0,REAL,AuthenticText,53,1033,71,29,C:\Users\jay\New folder (2)\Trustrace\data\document_patches\P0000597_X51005676538_AUTH.png
P0000598_X51005676538_AUTH,X51005676538,group_0191,train,AUTHENTIC_REGION,0,REAL,AuthenticText,378,2117,59,24,C:\Users\jay\New folder (2)\Trustrace\data\document_patches\P0000598_X51005676538_AUTH.png
P0000599_X51005676539_AUTH,X51005676539,group_0192,train,AUTHENTIC_REGION,0,REAL,AuthenticText,696,1149,17,28,C:\Users\jay\New folder (2)\Trustrace\data\document_patches\P0000599_X51005676539_AUTH.png
P0000600_X51005676539_AUTH,X51005676539,group_0192,train,AUTHENTIC_REGION,0,REAL,AuthenticText,167,1321,87,27,C:\Users\jay\New folder (2)\Trustrace\data\document_patches\P0000600_X51005676539_AUTH.png
P0000601_X51005676540_FORGED,X51005676540,group_0193,train,FORGED_REGION,1,EDITED,Product,369,1024,24,35,C:\Users\jay\New folder (2)\Trustrace\data\document_patches\P0000601_X51005676540_FORGED.png
P0000602_X51005676540_FORGED,X51005676540,group_0193,train,FORGED_REGION,1,EDITED,Total/payment,356,1231,29,34,C:\Users\jay\New folder (2)\Trustrace\data\document_patches\P0000602_X51005676540_FORGED.png
P0000603_X51005676540_FORGED,X51005676540,group_0193,train,FORGED_REGION,1,EDITED,Metadata,735,686,20,38,C:\Users\jay\New folder (2)\Trustrace\data\document_patches\P0000603_X51005676540_FORGED.png
P0000604_X51005676540_AUTH,X51005676540,group_0193,train,AUTHENTIC_REGION,0,EDITED,AuthenticText,234,28,51,41,C:\Users\jay\New folder (2)\Trustrace\data\document_patches\P0000604_X51005676540_AUTH.png
P0000605_X51005676540_AUTH,X51005676540,group_0193,train,AUTHENTIC_REGION,0,EDITED,AuthenticText,324,30,31,34,C:\Users\jay\New folder (2)\Trustrace\data\document_patches\P0000605_X51005676540_AUTH.png
P0000606_X51005676540_AUTH,X51005676540,group_0193,train,AUTHENTIC_REGION,0,EDITED,AuthenticText,811,1031,44,27,C:\Users\jay\New folder (2)\Trustrace\data\document_patches\P0000606_X51005676540_AUTH.png
P0000607_X51005676541_FORGED,X51005676541,group_0194,train,FORGED_REGION,1,EDITED,Metadata,809,687,25,46,C:\Users\jay\New folder (2)\Trustrace\data\document_patches\P0000607_X51005676541_FORGED.png
P0000608_X51005676541_FORGED,X51005676541,group_0194,train,FORGED_REGION,1,EDITED,Metadata,474,685,23,49,C:\Users\jay\New folder (2)\Trustrace\data\document_patches\P0000608_X51005676541_FORGED.png
P0000609_X51005676541_AUTH,X51005676541,group_0194,train,AUTHENTIC_REGION,0,EDITED,AuthenticText,259,1647,158,32,C:\Users\jay\New folder (2)\Trustrace\data\document_patches\P0000609_X51005676541_AUTH.png
P0000610_X51005676541_AUTH,X51005676541,group_0194,train,AUTHENTIC_REGION,0,EDITED,AuthenticText,376,318,102,28,C:\Users\jay\New folder (2)\Trustrace\data\document_patches\P0000610_X51005676541_AUTH.png
P0000621_X51005676547_AUTH,X51005676547,group_0200,train,AUTHENTIC_REGION,0,REAL,AuthenticText,394,277,150,35,C:\Users\jay\New folder (2)\Trustrace\data\document_patches\P0000621_X51005676547_AUTH.png
P0000622_X51005676547_AUTH,X51005676547,group_0200,train,AUTHENTIC_REGION,0,REAL,AuthenticText,142,1022,71,33,C:\Users\jay\New folder (2)\Trustrace\data\document_patches\P0000622_X51005676547_AUTH.png
P0000623_X51005676548_AUTH,X51005676548,group_0201,train,AUTHENTIC_REGION,0,REAL,AuthenticText,406,1816,5,6,C:\Users\jay\New folder (2)\Trustrace\data\document_patches\P0000623_X51005676548_AUTH.png
P0000624_X51005676548_AUTH,X51005676548,group_0201,train,AUTHENTIC_REGION,0,REAL,AuthenticText,146,1202,71,26,C:\Users\jay\New folder (2)\Trustrace\data\document_patches\P0000624_X51005676548_AUTH.png
P0000625_X51005676549_AUTH,X51005676549,group_0202,train,AUTHENTIC_REGION,0,REAL,AuthenticText,519,935,36,26,C:\Users\jay\New folder (2)\Trustrace\data\document_patches\P0000625_X51005676549_AUTH.png
P0000626_X51005676549_AUTH,X51005676549,group_0202,train,AUTHENTIC_REGION,0,REAL,AuthenticText,718,1203,36,26,C:\Users\jay\New folder (2)\Trustrace\data\document_patches\P0000626_X51005676549_AUTH.png
P0000627_X51005677327_AUTH,X51005677327,group_0203,train,AUTHENTIC_REGION,0,REAL,AuthenticText,307,322,62,30,C:\Users\jay\New folder (2)\Trustrace\data\document_patches\P0000627_X51005677327_AUTH.png
P0000628_X51005677327_AUTH,X51005677327,group_0203,train,AUTHENTIC_REGION,0,REAL,AuthenticText,380,1789,59,25,C:\Users\jay\New folder (2)\Trustrace\data\document_patches\P0000628_X51005677327_AUTH.png
P0000633_X51005677331_AUTH,X51005677331,group_0206,train,AUTHENTIC_REGION,0,REAL,AuthenticText,456,1584,93,28,C:\Users\jay\New folder (2)\Trustrace\data\document_patches\P0000633_X51005677331_AUTH.png
P0000634_X51005677331_AUTH,X51005677331,group_0206,train,AUTHENTIC_REGION,0,REAL,AuthenticText,379,365,159,31,C:\Users\jay\New folder (2)\Trustrace\data\document_patches\P0000634_X51005677331_AUTH.png
P0000635_X51005677332_AUTH,X51005677332,group_0207,train,AUTHENTIC_REGION,0,REAL,AuthenticText,84,975,54,28,C:\Users\jay\New folder (2)\Trustrace\data\document_patches\P0000635_X51005677332_AUTH.png
P0000636_X51005677332_AUTH,X51005677332,group_0207,train,AUTHENTIC_REGION,0,REAL,AuthenticText,143,1095,71,27,C:\Users\jay\New folder (2)\Trustrace\data\document_patches\P0000636_X51005677332_AUTH.png
P0000637_X51005677333_FORGED,X51005677333,group_0208,train,FORGED_REGION,1,EDITED,Company,67,281,796,164,C:\Users\jay\New folder (2)\Trustrace\data\document_patches\P0000637_X51005677333_FORGED.png
P0000638_X51005677333_AUTH,X51005677333,group_0208,train,AUTHENTIC_REGION,0,EDITED,AuthenticText,665,1527,101,26,C:\Users\jay\New folder (2)\Trustrace\data\document_patches\P0000638_X51005677333_AUTH.png
P0000639_X51005677334_AUTH,X51005677334,group_0209,train,AUTHENTIC_REGION,0,REAL,AuthenticText,499,321,54,28,C:\Users\jay\New folder (2)\Trustrace\data\document_patches\P0000639_X51005677334_AUTH.png
P0000640_X51005677334_AUTH,X51005677334,group_0209,train,AUTHENTIC_REGION,0,REAL,AuthenticText,27,1221,71,74,C:\Users\jay\New folder (2)\Trustrace\data\document_patches\P0000640_X51005677334_AUTH.png
P0000641_X51005677335_AUTH,X51005677335,group_0019,train,AUTHENTIC_REGION,0,REAL,AuthenticText,685,1424,83,29,C:\Users\jay\New folder (2)\Trustrace\data\document_patches\P0000641_X51005677335_AUTH.png
P0000642_X51005677335_AUTH,X51005677335,group_0019,train,AUTHENTIC_REGION,0,REAL,AuthenticText,81,1423,80,29,C:\Users\jay\New folder (2)\Trustrace\data\document_patches\P0000642_X51005677335_AUTH.png
P0000643_X51005677336_AUTH,X51005677336,group_0210,train,AUTHENTIC_REGION,0,REAL,AuthenticText,523,1694,91,30,C:\Users\jay\New folder (2)\Trustrace\data\document_patches\P0000643_X51005677336_AUTH.png
P0000644_X51005677336_AUTH,X51005677336,group_0210,train,AUTHENTIC_REGION,0,REAL,AuthenticText,436,1325,32,27,C:\Users\jay\New folder (2)\Trustrace\data\document_patches\P0000644_X51005677336_AUTH.png
P0000645_X51005677337_AUTH,X51005677337,group_0019,train,AUTHENTIC_REGION,0,REAL,AuthenticText,685,1035,36,28,C:\Users\jay\New folder (2)\Trustrace\data\document_patches\P0000645_X51005677337_AUTH.png
P0000646_X51005677337_AUTH,X51005677337,group_0019,train,AUTHENTIC_REGION,0,REAL,AuthenticText,354,886,54,39,C:\Users\jay\New folder (2)\Trustrace\data\document_patches\P0000646_X51005677337_AUTH.png
P0000647_X51005677339_FORGED,X51005677339,group_0211,train,FORGED_REGION,1,EDITED,Total/payment,699,1079,27,33,C:\Users\jay\New folder (2)\Trustrace\data\document_patches\P0000647_X51005677339_FORGED.png
P0000648_X51005677339_FORGED,X51005677339,group_0211,train,FORGED_REGION,1,EDITED,Total/payment,699,1158,27,36,C:\Users\jay\New folder (2)\Trustrace\data\document_patches\P0000648_X51005677339_FORGED.png
P0000649_X51005677339_FORGED,X51005677339,group_0211,train,FORGED_REGION,1,EDITED,Company,703,1401,25,30,C:\Users\jay\New folder (2)\Trustrace\data\document_patches\P0000649_X51005677339_FORGED.png
P0000650_X51005677339_FORGED,X51005677339,group_0211,train,FORGED_REGION,1,EDITED,Total/payment,532,1710,28,35,C:\Users\jay\New folder (2)\Trustrace\data\document_patches\P0000650_X51005677339_FORGED.png
P0000651_X51005677339_FORGED,X51005677339,group_0211,train,FORGED_REGION,1,EDITED,Total/payment,530,1761,27,34,C:\Users\jay\New folder (2)\Trustrace\data\document_patches\P0000651_X51005677339_FORGED.png
P0000652_X51005677339_AUTH,X51005677339,group_0211,train,AUTHENTIC_REGION,0,EDITED,AuthenticText,488,1462,94,28,C:\Users\jay\New folder (2)\Trustrace\data\document_patches\P0000652_X51005677339_AUTH.png
P0000653_X51005677339_AUTH,X51005677339,group_0211,train,AUTHENTIC_REGION,0,EDITED,AuthenticText,753,1161,37,27,C:\Users\jay\New folder (2)\Trustrace\data\document_patches\P0000653_X51005677339_AUTH.png
P0000654_X51005677339_AUTH,X51005677339,group_0211,train,AUTHENTIC_REGION,0,EDITED,AuthenticText,474,325,59,28,C:\Users\jay\New folder (2)\Trustrace\data\document_patches\P0000654_X51005677339_AUTH.png
P0000655_X51005677339_AUTH,X51005677339,group_0211,train,AUTHENTIC_REGION,0,EDITED,AuthenticText,679,939,102,23,C:\Users\jay\New folder (2)\Trustrace\data\document_patches\P0000655_X51005677339_AUTH.png
P0000656_X51005677339_AUTH,X51005677339,group_0211,train,AUTHENTIC_REGION,0,EDITED,AuthenticText,178,1670,83,27,C:\Users\jay\New folder (2)\Trustrace\data\document_patches\P0000656_X51005677339_AUTH.png
P0000657_X510056849111_AUTH,X510056849111,group_0020,train,AUTHENTIC_REGION,0,REAL,AuthenticText,243,98,107,18,C:\Users\jay\New folder (2)\Trustrace\data\document_patches\P0000657_X510056849111_AUTH.png
P0000658_X510056849111_AUTH,X510056849111,group_0020,train,AUTHENTIC_REGION,0,REAL,AuthenticText,229,406,41,17,C:\Users\jay\New folder (2)\Trustrace\data\document_patches\P0000658_X510056849111_AUTH.png
P0000659_X51005684949_AUTH,X51005684949,group_0020,train,AUTHENTIC_REGION,0,REAL,AuthenticText,340,675,37,18,C:\Users\jay\New folder (2)\Trustrace\data\document_patches\P0000659_X51005684949_AUTH.png
P0000660_X51005684949_AUTH,X51005684949,group_0020,train,AUTHENTIC_REGION,0,REAL,AuthenticText,265,237,39,19,C:\Users\jay\New folder (2)\Trustrace\data\document_patches\P0000660_X51005684949_AUTH.png
P0000661_X51005685355_AUTH,X51005685355,group_0212,train,AUTHENTIC_REGION,0,REAL,AuthenticText,30,26,110,20,C:\Users\jay\New folder (2)\Trustrace\data\document_patches\P0000661_X51005685355_AUTH.png
P0000662_X51005685355_AUTH,X51005685355,group_0212,train,AUTHENTIC_REGION,0,REAL,AuthenticText,139,786,53,23,C:\Users\jay\New folder (2)\Trustrace\data\document_patches\P0000662_X51005685355_AUTH.png
P0000667_X51005705727_AUTH,X51005705727,group_0215,train,AUTHENTIC_REGION,0,REAL,AuthenticText,728,221,66,23,C:\Users\jay\New folder (2)\Trustrace\data\document_patches\P0000667_X51005705727_AUTH.png
P0000668_X51005705727_AUTH,X51005705727,group_0215,train,AUTHENTIC_REGION,0,REAL,AuthenticText,426,293,68,23,C:\Users\jay\New folder (2)\Trustrace\data\document_patches\P0000668_X51005705727_AUTH.png
P0000673_X51005705759_AUTH,X51005705759,group_0217,train,AUTHENTIC_REGION,0,REAL,AuthenticText,225,1228,214,30,C:\Users\jay\New folder (2)\Trustrace\data\document_patches\P0000673_X51005705759_AUTH.png
P0000674_X51005705759_AUTH,X51005705759,group_0217,train,AUTHENTIC_REGION,0,REAL,AuthenticText,271,2307,64,42,C:\Users\jay\New folder (2)\Trustrace\data\document_patches\P0000674_X51005705759_AUTH.png
P0000675_X51005705760_AUTH,X51005705760,group_0218,train,AUTHENTIC_REGION,0,REAL,AuthenticText,114,1224,64,32,C:\Users\jay\New folder (2)\Trustrace\data\document_patches\P0000675_X51005705760_AUTH.png
P0000676_X51005705760_AUTH,X51005705760,group_0218,train,AUTHENTIC_REGION,0,REAL,AuthenticText,200,1223,139,33,C:\Users\jay\New folder (2)\Trustrace\data\document_patches\P0000676_X51005705760_AUTH.png
P0000677_X51005705784_AUTH,X51005705784,group_0219,train,AUTHENTIC_REGION,0,REAL,AuthenticText,223,227,16,23,C:\Users\jay\New folder (2)\Trustrace\data\document_patches\P0000677_X51005705784_AUTH.png
P0000678_X51005705784_AUTH,X51005705784,group_0219,train,AUTHENTIC_REGION,0,REAL,AuthenticText,628,921,67,27,C:\Users\jay\New folder (2)\Trustrace\data\document_patches\P0000678_X51005705784_AUTH.png
P0000679_X51005705804_AUTH,X51005705804,group_0220,train,AUTHENTIC_REGION,0,REAL,AuthenticText,969,148,67,29,C:\Users\jay\New folder (2)\Trustrace\data\document_patches\P0000679_X51005705804_AUTH.png
P0000680_X51005705804_AUTH,X51005705804,group_0220,train,AUTHENTIC_REGION,0,REAL,AuthenticText,384,638,158,30,C:\Users\jay\New folder (2)\Trustrace\data\document_patches\P0000680_X51005705804_AUTH.png
P0000681_X51005710963_FORGED,X51005710963,group_0221,train,FORGED_REGION,1,EDITED,Metadata,616,726,22,34,C:\Users\jay\New folder (2)\Trustrace\data\document_patches\P0000681_X51005710963_FORGED.png
P0000682_X51005710963_AUTH,X51005710963,group_0221,train,AUTHENTIC_REGION,0,EDITED,AuthenticText,78,655,54,31,C:\Users\jay\New folder (2)\Trustrace\data\document_patches\P0000682_X51005710963_AUTH.png
P0000685_X51005711402_FORGED,X51005711402,group_0223,train,FORGED_REGION,1,EDITED,Product,438,991,78,47,C:\Users\jay\New folder (2)\Trustrace\data\document_patches\P0000685_X51005711402_FORGED.png
P0000686_X51005711402_FORGED,X51005711402,group_0223,train,FORGED_REGION,1,EDITED,Product,595,986,80,52,C:\Users\jay\New folder (2)\Trustrace\data\document_patches\P0000686_X51005711402_FORGED.png
P0000687_X51005711402_FORGED,X51005711402,group_0223,train,FORGED_REGION,1,EDITED,Total/payment,647,1280,46,51,C:\Users\jay\New folder (2)\Trustrace\data\document_patches\P0000687_X51005711402_FORGED.png
P0000688_X51005711402_FORGED,X51005711402,group_0223,train,FORGED_REGION,1,EDITED,Total/payment,572,1403,65,60,C:\Users\jay\New folder (2)\Trustrace\data\document_patches\P0000688_X51005711402_FORGED.png
P0000689_X51005711402_AUTH,X51005711402,group_0223,train,AUTHENTIC_REGION,0,EDITED,AuthenticText,40,1418,172,35,C:\Users\jay\New folder (2)\Trustrace\data\document_patches\P0000689_X51005711402_AUTH.png
P0000690_X51005711402_AUTH,X51005711402,group_0223,train,AUTHENTIC_REGION,0,EDITED,AuthenticText,38,868,65,37,C:\Users\jay\New folder (2)\Trustrace\data\document_patches\P0000690_X51005711402_AUTH.png
P0000691_X51005711402_AUTH,X51005711402,group_0223,train,AUTHENTIC_REGION,0,EDITED,AuthenticText,233,1249,17,33,C:\Users\jay\New folder (2)\Trustrace\data\document_patches\P0000691_X51005711402_AUTH.png
P0000692_X51005711402_AUTH,X51005711402,group_0223,train,AUTHENTIC_REGION,0,EDITED,AuthenticText,129,1036,46,38,C:\Users\jay\New folder (2)\Trustrace\data\document_patches\P0000692_X51005711402_AUTH.png
P0000693_X51005711403_AUTH,X51005711403,group_0224,train,AUTHENTIC_REGION,0,REAL,AuthenticText,180,482,51,33,C:\Users\jay\New folder (2)\Trustrace\data\document_patches\P0000693_X51005711403_AUTH.png
P0000694_X51005711403_AUTH,X51005711403,group_0224,train,AUTHENTIC_REGION,0,REAL,AuthenticText,395,696,27,34,C:\Users\jay\New folder (2)\Trustrace\data\document_patches\P0000694_X51005711403_AUTH.png
P0000699_X51005711441_AUTH,X51005711441,group_0226,train,AUTHENTIC_REGION,0,REAL,AuthenticText,234,1169,16,32,C:\Users\jay\New folder (2)\Trustrace\data\document_patches\P0000699_X51005711441_AUTH.png
P0000700_X51005711441_AUTH,X51005711441,group_0226,train,AUTHENTIC_REGION,0,REAL,AuthenticText,42,1209,81,36,C:\Users\jay\New folder (2)\Trustrace\data\document_patches\P0000700_X51005711441_AUTH.png
P0000715_X51005711444_AUTH,X51005711444,group_0229,train,AUTHENTIC_REGION,0,REAL,AuthenticText,684,1504,69,34,C:\Users\jay\New folder (2)\Trustrace\data\document_patches\P0000715_X51005711444_AUTH.png
P0000716_X51005711444_AUTH,X51005711444,group_0229,train,AUTHENTIC_REGION,0,REAL,AuthenticText,120,658,46,34,C:\Users\jay\New folder (2)\Trustrace\data\document_patches\P0000716_X51005711444_AUTH.png
P0000717_X51005711445_AUTH,X51005711445,group_0230,train,AUTHENTIC_REGION,0,REAL,AuthenticText,205,656,114,34,C:\Users\jay\New folder (2)\Trustrace\data\document_patches\P0000717_X51005711445_AUTH.png
P0000718_X51005711445_AUTH,X51005711445,group_0230,train,AUTHENTIC_REGION,0,REAL,AuthenticText,133,868,45,38,C:\Users\jay\New folder (2)\Trustrace\data\document_patches\P0000718_X51005711445_AUTH.png
P0000719_X51005711446_AUTH,X51005711446,group_0231,train,AUTHENTIC_REGION,0,REAL,AuthenticText,623,1544,119,38,C:\Users\jay\New folder (2)\Trustrace\data\document_patches\P0000719_X51005711446_AUTH.png
P0000720_X51005711446_AUTH,X51005711446,group_0231,train,AUTHENTIC_REGION,0,REAL,AuthenticText,198,442,87,33,C:\Users\jay\New folder (2)\Trustrace\data\document_patches\P0000720_X51005711446_AUTH.png
P0000723_X51005711449_AUTH,X51005711449,group_0233,train,AUTHENTIC_REGION,0,REAL,AuthenticText,38,1163,51,33,C:\Users\jay\New folder (2)\Trustrace\data\document_patches\P0000723_X51005711449_AUTH.png
P0000724_X51005711449_AUTH,X51005711449,group_0233,train,AUTHENTIC_REGION,0,REAL,AuthenticText,250,484,51,34,C:\Users\jay\New folder (2)\Trustrace\data\document_patches\P0000724_X51005711449_AUTH.png
P0000725_X51005711451_AUTH,X51005711451,group_0234,train,AUTHENTIC_REGION,0,REAL,AuthenticText,263,354,87,35,C:\Users\jay\New folder (2)\Trustrace\data\document_patches\P0000725_X51005711451_AUTH.png
P0000726_X51005711451_AUTH,X51005711451,group_0234,train,AUTHENTIC_REGION,0,REAL,AuthenticText,705,784,49,31,C:\Users\jay\New folder (2)\Trustrace\data\document_patches\P0000726_X51005711451_AUTH.png
P0000727_X51005711452_AUTH,X51005711452,group_0235,train,AUTHENTIC_REGION,0,REAL,AuthenticText,696,1623,45,31,C:\Users\jay\New folder (2)\Trustrace\data\document_patches\P0000727_X51005711452_AUTH.png
P0000728_X51005711452_AUTH,X51005711452,group_0235,train,AUTHENTIC_REGION,0,REAL,AuthenticText,673,1183,68,31,C:\Users\jay\New folder (2)\Trustrace\data\document_patches\P0000728_X51005711452_AUTH.png
P0000729_X51005711453_AUTH,X51005711453,group_0236,train,AUTHENTIC_REGION,0,REAL,AuthenticText,188,566,140,36,C:\Users\jay\New folder (2)\Trustrace\data\document_patches\P0000729_X51005711453_AUTH.png
P0000730_X51005711453_AUTH,X51005711453,group_0236,train,AUTHENTIC_REGION,0,REAL,AuthenticText,169,1053,68,32,C:\Users\jay\New folder (2)\Trustrace\data\document_patches\P0000730_X51005711453_AUTH.png
P0000731_X51005711454_FORGED,X51005711454,group_0237,train,FORGED_REGION,1,EDITED,Metadata,244,741,49,39,C:\Users\jay\New folder (2)\Trustrace\data\document_patches\P0000731_X51005711454_FORGED.png
P0000732_X51005711454_AUTH,X51005711454,group_0237,train,AUTHENTIC_REGION,0,EDITED,AuthenticText,241,1654,58,33,C:\Users\jay\New folder (2)\Trustrace\data\document_patches\P0000732_X51005711454_AUTH.png
P0000735_X51005712017_AUTH,X51005712017,group_0239,train,AUTHENTIC_REGION,0,REAL,AuthenticText,485,832,66,24,C:\Users\jay\New folder (2)\Trustrace\data\document_patches\P0000735_X51005712017_AUTH.png
P0000736_X51005712017_AUTH,X51005712017,group_0239,train,AUTHENTIC_REGION,0,REAL,AuthenticText,460,81,39,24,C:\Users\jay\New folder (2)\Trustrace\data\document_patches\P0000736_X51005712017_AUTH.png
P0000737_X51005712021_AUTH,X51005712021,group_0240,train,AUTHENTIC_REGION,0,REAL,AuthenticText,367,523,44,16,C:\Users\jay\New folder (2)\Trustrace\data\document_patches\P0000737_X51005712021_AUTH.png
P0000738_X51005712021_AUTH,X51005712021,group_0240,train,AUTHENTIC_REGION,0,REAL,AuthenticText,218,837,68,16,C:\Users\jay\New folder (2)\Trustrace\data\document_patches\P0000738_X51005712021_AUTH.png
P0000739_X51005712038_AUTH,X51005712038,group_0241,train,AUTHENTIC_REGION,0,REAL,AuthenticText,346,1012,98,20,C:\Users\jay\New folder (2)\Trustrace\data\document_patches\P0000739_X51005712038_AUTH.png
P0000740_X51005712038_AUTH,X51005712038,group_0241,train,AUTHENTIC_REGION,0,REAL,AuthenticText,18,489,89,20,C:\Users\jay\New folder (2)\Trustrace\data\document_patches\P0000740_X51005712038_AUTH.png
P0000743_X51005715006_AUTH,X51005715006,group_0243,train,AUTHENTIC_REGION,0,REAL,AuthenticText,178,46,245,39,C:\Users\jay\New folder (2)\Trustrace\data\document_patches\P0000743_X51005715006_AUTH.png
P0000744_X51005715006_AUTH,X51005715006,group_0243,train,AUTHENTIC_REGION,0,REAL,AuthenticText,347,243,57,20,C:\Users\jay\New folder (2)\Trustrace\data\document_patches\P0000744_X51005715006_AUTH.png
P0000745_X51005715007_AUTH,X51005715007,group_0244,train,AUTHENTIC_REGION,0,REAL,AuthenticText,421,656,115,21,C:\Users\jay\New folder (2)\Trustrace\data\document_patches\P0000745_X51005715007_AUTH.png
P0000746_X51005715007_AUTH,X51005715007,group_0244,train,AUTHENTIC_REGION,0,REAL,AuthenticText,148,605,223,21,C:\Users\jay\New folder (2)\Trustrace\data\document_patches\P0000746_X51005715007_AUTH.png
P0000747_X51005715010_AUTH,X51005715010,group_0245,train,AUTHENTIC_REGION,0,REAL,AuthenticText,419,1193,45,24,C:\Users\jay\New folder (2)\Trustrace\data\document_patches\P0000747_X51005715010_AUTH.png
P0000748_X51005715010_AUTH,X51005715010,group_0245,train,AUTHENTIC_REGION,0,REAL,AuthenticText,479,1193,32,25,C:\Users\jay\New folder (2)\Trustrace\data\document_patches\P0000748_X51005715010_AUTH.png
P0000749_X51005715451_AUTH,X51005715451,group_0246,train,AUTHENTIC_REGION,0,REAL,AuthenticText,23,562,25,20,C:\Users\jay\New folder (2)\Trustrace\data\document_patches\P0000749_X51005715451_AUTH.png
P0000750_X51005715451_AUTH,X51005715451,group_0246,train,AUTHENTIC_REGION,0,REAL,AuthenticText,245,1182,102,22,C:\Users\jay\New folder (2)\Trustrace\data\document_patches\P0000750_X51005715451_AUTH.png
P0000751_X51005715455_AUTH,X51005715455,group_0247,train,AUTHENTIC_REGION,0,REAL,AuthenticText,163,365,59,21,C:\Users\jay\New folder (2)\Trustrace\data\document_patches\P0000751_X51005715455_AUTH.png
P0000752_X51005715455_AUTH,X51005715455,group_0247,train,AUTHENTIC_REGION,0,REAL,AuthenticText,294,432,140,21,C:\Users\jay\New folder (2)\Trustrace\data\document_patches\P0000752_X51005715455_AUTH.png
P0000755_X51005717526_AUTH,X51005717526,group_0249,train,AUTHENTIC_REGION,0,REAL,AuthenticText,345,371,104,28,C:\Users\jay\New folder (2)\Trustrace\data\document_patches\P0000755_X51005717526_AUTH.png
P0000756_X51005717526_AUTH,X51005717526,group_0249,train,AUTHENTIC_REGION,0,REAL,AuthenticText,278,144,66,24,C:\Users\jay\New folder (2)\Trustrace\data\document_patches\P0000756_X51005717526_AUTH.png
P0000759_X51005719823_FORGED,X51005719823,group_0251,train,FORGED_REGION,1,EDITED,Total/payment,714,1346,24,37,C:\Users\jay\New folder (2)\Trustrace\data\document_patches\P0000759_X51005719823_FORGED.png
P0000760_X51005719823_FORGED,X51005719823,group_0251,train,FORGED_REGION,1,EDITED,Total/payment,619,1416,41,41,C:\Users\jay\New folder (2)\Trustrace\data\document_patches\P0000760_X51005719823_FORGED.png
P0000761_X51005719823_FORGED,X51005719823,group_0251,train,FORGED_REGION,1,EDITED,Total/payment,621,1464,39,37,C:\Users\jay\New folder (2)\Trustrace\data\document_patches\P0000761_X51005719823_FORGED.png
P0000762_X51005719823_AUTH,X51005719823,group_0251,train,AUTHENTIC_REGION,0,EDITED,AuthenticText,458,1272,165,32,C:\Users\jay\New folder (2)\Trustrace\data\document_patches\P0000762_X51005719823_AUTH.png
P0000763_X51005719823_AUTH,X51005719823,group_0251,train,AUTHENTIC_REGION,0,EDITED,AuthenticText,328,742,35,32,C:\Users\jay\New folder (2)\Trustrace\data\document_patches\P0000763_X51005719823_AUTH.png
P0000764_X51005719823_AUTH,X51005719823,group_0251,train,AUTHENTIC_REGION,0,EDITED,AuthenticText,66,398,54,33,C:\Users\jay\New folder (2)\Trustrace\data\document_patches\P0000764_X51005719823_AUTH.png
P0000769_X51005719857_AUTH,X51005719857,group_0253,train,AUTHENTIC_REGION,0,REAL,AuthenticText,268,383,48,33,C:\Users\jay\New folder (2)\Trustrace\data\document_patches\P0000769_X51005719857_AUTH.png
P0000770_X51005719857_AUTH,X51005719857,group_0253,train,AUTHENTIC_REGION,0,REAL,AuthenticText,688,1353,68,33,C:\Users\jay\New folder (2)\Trustrace\data\document_patches\P0000770_X51005719857_AUTH.png
P0000771_X51005719862_AUTH,X51005719862,group_0254,train,AUTHENTIC_REGION,0,REAL,AuthenticText,141,1250,124,43,C:\Users\jay\New folder (2)\Trustrace\data\document_patches\P0000771_X51005719862_AUTH.png
P0000772_X51005719862_AUTH,X51005719862,group_0254,train,AUTHENTIC_REGION,0,REAL,AuthenticText,565,1152,34,34,C:\Users\jay\New folder (2)\Trustrace\data\document_patches\P0000772_X51005719862_AUTH.png
P0000773_X51005719863_AUTH,X51005719863,group_0255,train,AUTHENTIC_REGION,0,REAL,AuthenticText,782,699,17,30,C:\Users\jay\New folder (2)\Trustrace\data\document_patches\P0000773_X51005719863_AUTH.png
P0000774_X51005719863_AUTH,X51005719863,group_0255,train,AUTHENTIC_REGION,0,REAL,AuthenticText,529,1606,110,30,C:\Users\jay\New folder (2)\Trustrace\data\document_patches\P0000774_X51005719863_AUTH.png
P0000777_X51005719873_AUTH,X51005719873,group_0257,train,AUTHENTIC_REGION,0,REAL,AuthenticText,720,1305,42,31,C:\Users\jay\New folder (2)\Trustrace\data\document_patches\P0000777_X51005719873_AUTH.png
P0000778_X51005719873_AUTH,X51005719873,group_0257,train,AUTHENTIC_REGION,0,REAL,AuthenticText,254,1566,89,32,C:\Users\jay\New folder (2)\Trustrace\data\document_patches\P0000778_X51005719873_AUTH.png
P0000779_X51005719874_AUTH,X51005719874,group_0258,train,AUTHENTIC_REGION,0,REAL,AuthenticText,43,796,145,38,C:\Users\jay\New folder (2)\Trustrace\data\document_patches\P0000779_X51005719874_AUTH.png
P0000780_X51005719874_AUTH,X51005719874,group_0258,train,AUTHENTIC_REGION,0,REAL,AuthenticText,215,797,93,33,C:\Users\jay\New folder (2)\Trustrace\data\document_patches\P0000780_X51005719874_AUTH.png
P0000783_X51005719883_AUTH,X51005719883,group_0260,train,AUTHENTIC_REGION,0,REAL,AuthenticText,254,1448,119,31,C:\Users\jay\New folder (2)\Trustrace\data\document_patches\P0000783_X51005719883_AUTH.png
P0000784_X51005719883_AUTH,X51005719883,group_0260,train,AUTHENTIC_REGION,0,REAL,AuthenticText,145,800,69,30,C:\Users\jay\New folder (2)\Trustrace\data\document_patches\P0000784_X51005719883_AUTH.png
P0000785_X51005719886_AUTH,X51005719886,group_0261,train,AUTHENTIC_REGION,0,REAL,AuthenticText,734,1156,32,36,C:\Users\jay\New folder (2)\Trustrace\data\document_patches\P0000785_X51005719886_AUTH.png
P0000786_X51005719886_AUTH,X51005719886,group_0261,train,AUTHENTIC_REGION,0,REAL,AuthenticText,416,1352,135,36,C:\Users\jay\New folder (2)\Trustrace\data\document_patches\P0000786_X51005719886_AUTH.png
P0000815_X51005719889_AUTH,X51005719889,group_0263,train,AUTHENTIC_REGION,0,REAL,AuthenticText,732,1857,86,27,C:\Users\jay\New folder (2)\Trustrace\data\document_patches\P0000815_X51005719889_AUTH.png
P0000816_X51005719889_AUTH,X51005719889,group_0263,train,AUTHENTIC_REGION,0,REAL,AuthenticText,786,1055,39,24,C:\Users\jay\New folder (2)\Trustrace\data\document_patches\P0000816_X51005719889_AUTH.png
P0000819_X51005719895_AUTH,X51005719895,group_0265,train,AUTHENTIC_REGION,0,REAL,AuthenticText,157,1301,85,32,C:\Users\jay\New folder (2)\Trustrace\data\document_patches\P0000819_X51005719895_AUTH.png
P0000820_X51005719895_AUTH,X51005719895,group_0265,train,AUTHENTIC_REGION,0,REAL,AuthenticText,310,1997,33,31,C:\Users\jay\New folder (2)\Trustrace\data\document_patches\P0000820_X51005719895_AUTH.png
P0000823_X51005719898_FORGED,X51005719898,group_0267,train,FORGED_REGION,1,EDITED,Product,202,718,20,30,C:\Users\jay\New folder (2)\Trustrace\data\document_patches\P0000823_X51005719898_FORGED.png
P0000824_X51005719898_FORGED,X51005719898,group_0267,train,FORGED_REGION,1,EDITED,Product,265,717,18,32,C:\Users\jay\New folder (2)\Trustrace\data\document_patches\P0000824_X51005719898_FORGED.png
P0000825_X51005719898_FORGED,X51005719898,group_0267,train,FORGED_REGION,1,EDITED,Total/payment,781,1012,17,33,C:\Users\jay\New folder (2)\Trustrace\data\document_patches\P0000825_X51005719898_FORGED.png
P0000826_X51005719898_FORGED,X51005719898,group_0267,train,FORGED_REGION,1,EDITED,Other,758,1306,20,32,C:\Users\jay\New folder (2)\Trustrace\data\document_patches\P0000826_X51005719898_FORGED.png
P0000827_X51005719898_AUTH,X51005719898,group_0267,train,AUTHENTIC_REGION,0,EDITED,AuthenticText,40,801,139,31,C:\Users\jay\New folder (2)\Trustrace\data\document_patches\P0000827_X51005719898_AUTH.png
P0000828_X51005719898_AUTH,X51005719898,group_0267,train,AUTHENTIC_REGION,0,EDITED,AuthenticText,657,422,57,32,C:\Users\jay\New folder (2)\Trustrace\data\document_patches\P0000828_X51005719898_AUTH.png
P0000829_X51005719898_AUTH,X51005719898,group_0267,train,AUTHENTIC_REGION,0,EDITED,AuthenticText,287,1472,78,31,C:\Users\jay\New folder (2)\Trustrace\data\document_patches\P0000829_X51005719898_AUTH.png
P0000830_X51005719898_AUTH,X51005719898,group_0267,train,AUTHENTIC_REGION,0,EDITED,AuthenticText,765,1055,95,31,C:\Users\jay\New folder (2)\Trustrace\data\document_patches\P0000830_X51005719898_AUTH.png
P0000831_X51005719899_AUTH,X51005719899,group_0268,train,AUTHENTIC_REGION,0,REAL,AuthenticText,640,197,11,34,C:\Users\jay\New folder (2)\Trustrace\data\document_patches\P0000831_X51005719899_AUTH.png
P0000832_X51005719899_AUTH,X51005719899,group_0268,train,AUTHENTIC_REGION,0,REAL,AuthenticText,181,1073,157,35,C:\Users\jay\New folder (2)\Trustrace\data\document_patches\P0000832_X51005719899_AUTH.png
P0000833_X51005719902_AUTH,X51005719902,group_0269,train,AUTHENTIC_REGION,0,REAL,AuthenticText,59,405,92,32,C:\Users\jay\New folder (2)\Trustrace\data\document_patches\P0000833_X51005719902_AUTH.png
P0000834_X51005719902_AUTH,X51005719902,group_0269,train,AUTHENTIC_REGION,0,REAL,AuthenticText,645,1224,16,5,C:\Users\jay\New folder (2)\Trustrace\data\document_patches\P0000834_X51005719902_AUTH.png
P0000835_X51005719903_AUTH,X51005719903,group_0270,train,AUTHENTIC_REGION,0,REAL,AuthenticText,138,884,76,35,C:\Users\jay\New folder (2)\Trustrace\data\document_patches\P0000835_X51005719903_AUTH.png
P0000836_X51005719903_AUTH,X51005719903,group_0270,train,AUTHENTIC_REGION,0,REAL,AuthenticText,200,536,73,40,C:\Users\jay\New folder (2)\Trustrace\data\document_patches\P0000836_X51005719903_AUTH.png
P0000845_X51005719905_AUTH,X51005719905,group_0272,train,AUTHENTIC_REGION,0,REAL,AuthenticText,383,1156,151,36,C:\Users\jay\New folder (2)\Trustrace\data\document_patches\P0000845_X51005719905_AUTH.png
P0000846_X51005719905_AUTH,X51005719905,group_0272,train,AUTHENTIC_REGION,0,REAL,AuthenticText,307,1097,44,28,C:\Users\jay\New folder (2)\Trustrace\data\document_patches\P0000846_X51005719905_AUTH.png
P0000847_X51005719906_AUTH,X51005719906,group_0273,train,AUTHENTIC_REGION,0,REAL,AuthenticText,417,173,107,27,C:\Users\jay\New folder (2)\Trustrace\data\document_patches\P0000847_X51005719906_AUTH.png
P0000848_X51005719906_AUTH,X51005719906,group_0273,train,AUTHENTIC_REGION,0,REAL,AuthenticText,534,1588,146,35,C:\Users\jay\New folder (2)\Trustrace\data\document_patches\P0000848_X51005719906_AUTH.png
P0000849_X51005719912_AUTH,X51005719912,group_0274,train,AUTHENTIC_REGION,0,REAL,AuthenticText,507,916,53,40,C:\Users\jay\New folder (2)\Trustrace\data\document_patches\P0000849_X51005719912_AUTH.png
P0000850_X51005719912_AUTH,X51005719912,group_0274,train,AUTHENTIC_REGION,0,REAL,AuthenticText,758,1021,16,39,C:\Users\jay\New folder (2)\Trustrace\data\document_patches\P0000850_X51005719912_AUTH.png
P0000857_X51005722699_FORGED,X51005722699,group_0278,train,FORGED_REGION,1,EDITED,Metadata,238,753,109,46,C:\Users\jay\New folder (2)\Trustrace\data\document_patches\P0000857_X51005722699_FORGED.png
P0000858_X51005722699_FORGED,X51005722699,group_0278,train,FORGED_REGION,1,EDITED,Total/payment,700,1212,110,47,C:\Users\jay\New folder (2)\Trustrace\data\document_patches\P0000858_X51005722699_FORGED.png
P0000859_X51005722699_FORGED,X51005722699,group_0278,train,FORGED_REGION,1,EDITED,Total/payment,695,1158,119,40,C:\Users\jay\New folder (2)\Trustrace\data\document_patches\P0000859_X51005722699_FORGED.png
P0000860_X51005722699_AUTH,X51005722699,group_0278,train,AUTHENTIC_REGION,0,EDITED,AuthenticText,395,510,140,36,C:\Users\jay\New folder (2)\Trustrace\data\document_patches\P0000860_X51005722699_AUTH.png
P0000861_X51005722699_AUTH,X51005722699,group_0278,train,AUTHENTIC_REGION,0,EDITED,AuthenticText,151,810,62,34,C:\Users\jay\New folder (2)\Trustrace\data\document_patches\P0000861_X51005722699_AUTH.png
P0000862_X51005722699_AUTH,X51005722699,group_0278,train,AUTHENTIC_REGION,0,EDITED,AuthenticText,310,1804,100,32,C:\Users\jay\New folder (2)\Trustrace\data\document_patches\P0000862_X51005722699_AUTH.png
P0000863_X51005724552_AUTH,X51005724552,group_0004,train,AUTHENTIC_REGION,0,REAL,AuthenticText,776,1865,65,28,C:\Users\jay\New folder (2)\Trustrace\data\document_patches\P0000863_X51005724552_AUTH.png
P0000864_X51005724552_AUTH,X51005724552,group_0004,train,AUTHENTIC_REGION,0,REAL,AuthenticText,525,1078,81,30,C:\Users\jay\New folder (2)\Trustrace\data\document_patches\P0000864_X51005724552_AUTH.png
P0000865_X51005724554_AUTH,X51005724554,group_0279,train,AUTHENTIC_REGION,0,REAL,AuthenticText,356,746,17,29,C:\Users\jay\New folder (2)\Trustrace\data\document_patches\P0000865_X51005724554_AUTH.png
P0000866_X51005724554_AUTH,X51005724554,group_0279,train,AUTHENTIC_REGION,0,REAL,AuthenticText,456,1688,126,34,C:\Users\jay\New folder (2)\Trustrace\data\document_patches\P0000866_X51005724554_AUTH.png
P0000867_X51005724609_FORGED,X51005724609,group_0280,train,FORGED_REGION,1,EDITED,Product,251,778,19,35,C:\Users\jay\New folder (2)\Trustrace\data\document_patches\P0000867_X51005724609_FORGED.png
P0000868_X51005724609_FORGED,X51005724609,group_0280,train,FORGED_REGION,1,EDITED,Product,271,779,20,34,C:\Users\jay\New folder (2)\Trustrace\data\document_patches\P0000868_X51005724609_FORGED.png
P0000869_X51005724609_FORGED,X51005724609,group_0280,train,FORGED_REGION,1,EDITED,Metadata,367,472,18,35,C:\Users\jay\New folder (2)\Trustrace\data\document_patches\P0000869_X51005724609_FORGED.png
P0000870_X51005724609_FORGED,X51005724609,group_0280,train,FORGED_REGION,1,EDITED,Metadata,347,472,19,35,C:\Users\jay\New folder (2)\Trustrace\data\document_patches\P0000870_X51005724609_FORGED.png
P0000871_X51005724609_FORGED,X51005724609,group_0280,train,FORGED_REGION,1,EDITED,Other,346,1276,20,33,C:\Users\jay\New folder (2)\Trustrace\data\document_patches\P0000871_X51005724609_FORGED.png
P0000872_X51005724609_FORGED,X51005724609,group_0280,train,FORGED_REGION,1,EDITED,Other,365,1277,20,32,C:\Users\jay\New folder (2)\Trustrace\data\document_patches\P0000872_X51005724609_FORGED.png
P0000873_X51005724609_FORGED,X51005724609,group_0280,train,FORGED_REGION,1,EDITED,Other,288,1274,19,37,C:\Users\jay\New folder (2)\Trustrace\data\document_patches\P0000873_X51005724609_FORGED.png
P0000874_X51005724609_FORGED,X51005724609,group_0280,train,FORGED_REGION,1,EDITED,Other,193,1273,20,37,C:\Users\jay\New folder (2)\Trustrace\data\document_patches\P0000874_X51005724609_FORGED.png
P0000875_X51005724609_AUTH,X51005724609,group_0280,train,AUTHENTIC_REGION,0,EDITED,AuthenticText,117,1240,67,30,C:\Users\jay\New folder (2)\Trustrace\data\document_patches\P0000875_X51005724609_AUTH.png
P0000876_X51005724609_AUTH,X51005724609,group_0280,train,AUTHENTIC_REGION,0,EDITED,AuthenticText,117,1882,105,32,C:\Users\jay\New folder (2)\Trustrace\data\document_patches\P0000876_X51005724609_AUTH.png
P0000877_X51005724609_AUTH,X51005724609,group_0280,train,AUTHENTIC_REGION,0,EDITED,AuthenticText,232,1089,94,30,C:\Users\jay\New folder (2)\Trustrace\data\document_patches\P0000877_X51005724609_AUTH.png
P0000878_X51005724609_AUTH,X51005724609,group_0280,train,AUTHENTIC_REGION,0,EDITED,AuthenticText,864,822,17,31,C:\Users\jay\New folder (2)\Trustrace\data\document_patches\P0000878_X51005724609_AUTH.png
P0000879_X51005724609_AUTH,X51005724609,group_0280,train,AUTHENTIC_REGION,0,EDITED,AuthenticText,347,1391,36,28,C:\Users\jay\New folder (2)\Trustrace\data\document_patches\P0000879_X51005724609_AUTH.png
P0000880_X51005724609_AUTH,X51005724609,group_0280,train,AUTHENTIC_REGION,0,EDITED,AuthenticText,117,1921,93,30,C:\Users\jay\New folder (2)\Trustrace\data\document_patches\P0000880_X51005724609_AUTH.png
P0000881_X51005724609_AUTH,X51005724609,group_0280,train,AUTHENTIC_REGION,0,EDITED,AuthenticText,235,398,72,32,C:\Users\jay\New folder (2)\Trustrace\data\document_patches\P0000881_X51005724609_AUTH.png
P0000882_X51005724609_AUTH,X51005724609,group_0280,train,AUTHENTIC_REGION,0,EDITED,AuthenticText,118,284,132,36,C:\Users\jay\New folder (2)\Trustrace\data\document_patches\P0000882_X51005724609_AUTH.png
P0000885_X51005724621_AUTH,X51005724621,group_0282,train,AUTHENTIC_REGION,0,REAL,AuthenticText,232,399,93,28,C:\Users\jay\New folder (2)\Trustrace\data\document_patches\P0000885_X51005724621_AUTH.png
P0000886_X51005724621_AUTH,X51005724621,group_0282,train,AUTHENTIC_REGION,0,REAL,AuthenticText,356,723,17,28,C:\Users\jay\New folder (2)\Trustrace\data\document_patches\P0000886_X51005724621_AUTH.png
P0000891_X51005724624_AUTH,X51005724624,group_0285,train,AUTHENTIC_REGION,0,REAL,AuthenticText,479,261,103,35,C:\Users\jay\New folder (2)\Trustrace\data\document_patches\P0000891_X51005724624_AUTH.png
P0000892_X51005724624_AUTH,X51005724624,group_0285,train,AUTHENTIC_REGION,0,REAL,AuthenticText,462,1659,31,28,C:\Users\jay\New folder (2)\Trustrace\data\document_patches\P0000892_X51005724624_AUTH.png
P0000893_X51005724625_AUTH,X51005724625,group_0286,train,AUTHENTIC_REGION,0,REAL,AuthenticText,702,956,36,28,C:\Users\jay\New folder (2)\Trustrace\data\document_patches\P0000893_X51005724625_AUTH.png
P0000894_X51005724625_AUTH,X51005724625,group_0286,train,AUTHENTIC_REGION,0,REAL,AuthenticText,385,1111,96,25,C:\Users\jay\New folder (2)\Trustrace\data\document_patches\P0000894_X51005724625_AUTH.png
P0000895_X51005724626_AUTH,X51005724626,group_0287,train,AUTHENTIC_REGION,0,REAL,AuthenticText,770,906,17,27,C:\Users\jay\New folder (2)\Trustrace\data\document_patches\P0000895_X51005724626_AUTH.png
P0000896_X51005724626_AUTH,X51005724626,group_0287,train,AUTHENTIC_REGION,0,REAL,AuthenticText,751,1529,36,27,C:\Users\jay\New folder (2)\Trustrace\data\document_patches\P0000896_X51005724626_AUTH.png
P0000897_X51005724627_AUTH,X51005724627,group_0288,train,AUTHENTIC_REGION,0,REAL,AuthenticText,536,1076,80,31,C:\Users\jay\New folder (2)\Trustrace\data\document_patches\P0000897_X51005724627_AUTH.png
P0000898_X51005724627_AUTH,X51005724627,group_0288,train,AUTHENTIC_REGION,0,REAL,AuthenticText,98,628,38,28,C:\Users\jay\New folder (2)\Trustrace\data\document_patches\P0000898_X51005724627_AUTH.png
P0000901_X51005724629_AUTH,X51005724629,group_0290,train,AUTHENTIC_REGION,0,REAL,AuthenticText,499,402,186,30,C:\Users\jay\New folder (2)\Trustrace\data\document_patches\P0000901_X51005724629_AUTH.png
P0000902_X51005724629_AUTH,X51005724629,group_0290,train,AUTHENTIC_REGION,0,REAL,AuthenticText,173,1824,83,34,C:\Users\jay\New folder (2)\Trustrace\data\document_patches\P0000902_X51005724629_AUTH.png
P0000903_X51005741929_AUTH,X51005741929,group_0291,train,AUTHENTIC_REGION,0,REAL,AuthenticText,618,1336,31,28,C:\Users\jay\New folder (2)\Trustrace\data\document_patches\P0000903_X51005741929_AUTH.png
P0000904_X51005741929_AUTH,X51005741929,group_0291,train,AUTHENTIC_REGION,0,REAL,AuthenticText,207,370,38,31,C:\Users\jay\New folder (2)\Trustrace\data\document_patches\P0000904_X51005741929_AUTH.png
P0000905_X51005741944_AUTH,X51005741944,group_0292,train,AUTHENTIC_REGION,0,REAL,AuthenticText,445,263,107,38,C:\Users\jay\New folder (2)\Trustrace\data\document_patches\P0000905_X51005741944_AUTH.png
P0000906_X51005741944_AUTH,X51005741944,group_0292,train,AUTHENTIC_REGION,0,REAL,AuthenticText,396,501,173,36,C:\Users\jay\New folder (2)\Trustrace\data\document_patches\P0000906_X51005741944_AUTH.png
P0000907_X51005742068_AUTH,X51005742068,group_0293,train,AUTHENTIC_REGION,0,REAL,AuthenticText,484,1112,71,34,C:\Users\jay\New folder (2)\Trustrace\data\document_patches\P0000907_X51005742068_AUTH.png
P0000908_X51005742068_AUTH,X51005742068,group_0293,train,AUTHENTIC_REGION,0,REAL,AuthenticText,295,253,166,34,C:\Users\jay\New folder (2)\Trustrace\data\document_patches\P0000908_X51005742068_AUTH.png
P0000909_X51005742110_AUTH,X51005742110,group_0294,train,AUTHENTIC_REGION,0,REAL,AuthenticText,480,467,148,24,C:\Users\jay\New folder (2)\Trustrace\data\document_patches\P0000909_X51005742110_AUTH.png
P0000910_X51005742110_AUTH,X51005742110,group_0294,train,AUTHENTIC_REGION,0,REAL,AuthenticText,39,1065,105,23,C:\Users\jay\New folder (2)\Trustrace\data\document_patches\P0000910_X51005742110_AUTH.png
P0000911_X51005745183_FORGED,X51005745183,group_0295,train,FORGED_REGION,1,EDITED,Other,365,848,50,23,C:\Users\jay\New folder (2)\Trustrace\data\document_patches\P0000911_X51005745183_FORGED.png
P0000912_X51005745183_FORGED,X51005745183,group_0295,train,FORGED_REGION,1,EDITED,Product,254,606,50,21,C:\Users\jay\New folder (2)\Trustrace\data\document_patches\P0000912_X51005745183_FORGED.png
P0000913_X51005745183_FORGED,X51005745183,group_0295,train,FORGED_REGION,1,EDITED,Total/payment,601,701,17,18,C:\Users\jay\New folder (2)\Trustrace\data\document_patches\P0000913_X51005745183_FORGED.png
P0000914_X51005745183_FORGED,X51005745183,group_0295,train,FORGED_REGION,1,EDITED,Total/payment,599,780,18,17,C:\Users\jay\New folder (2)\Trustrace\data\document_patches\P0000914_X51005745183_FORGED.png
P0000915_X51005745183_FORGED,X51005745183,group_0295,train,FORGED_REGION,1,EDITED,Total/payment,597,813,19,19,C:\Users\jay\New folder (2)\Trustrace\data\document_patches\P0000915_X51005745183_FORGED.png
P0000916_X51005745183_AUTH,X51005745183,group_0295,train,AUTHENTIC_REGION,0,EDITED,AuthenticText,281,1081,14,22,C:\Users\jay\New folder (2)\Trustrace\data\document_patches\P0000916_X51005745183_AUTH.png
P0000917_X51005745183_AUTH,X51005745183,group_0295,train,AUTHENTIC_REGION,0,EDITED,AuthenticText,160,643,51,19,C:\Users\jay\New folder (2)\Trustrace\data\document_patches\P0000917_X51005745183_AUTH.png
P0000918_X51005745183_AUTH,X51005745183,group_0295,train,AUTHENTIC_REGION,0,EDITED,AuthenticText,322,1014,21,22,C:\Users\jay\New folder (2)\Trustrace\data\document_patches\P0000918_X51005745183_AUTH.png
P0000919_X51005745183_AUTH,X51005745183,group_0295,train,AUTHENTIC_REGION,0,EDITED,AuthenticText,200,212,24,28,C:\Users\jay\New folder (2)\Trustrace\data\document_patches\P0000919_X51005745183_AUTH.png
P0000920_X51005745183_AUTH,X51005745183,group_0295,train,AUTHENTIC_REGION,0,EDITED,AuthenticText,339,380,86,22,C:\Users\jay\New folder (2)\Trustrace\data\document_patches\P0000920_X51005745183_AUTH.png
P0000923_X51005745188_AUTH,X51005745188,group_0297,train,AUTHENTIC_REGION,0,REAL,AuthenticText,599,994,58,25,C:\Users\jay\New folder (2)\Trustrace\data\document_patches\P0000923_X51005745188_AUTH.png
P0000924_X51005745188_AUTH,X51005745188,group_0297,train,AUTHENTIC_REGION,0,REAL,AuthenticText,165,755,73,24,C:\Users\jay\New folder (2)\Trustrace\data\document_patches\P0000924_X51005745188_AUTH.png
P0000925_X51005745190_AUTH,X51005745190,group_0298,train,AUTHENTIC_REGION,0,REAL,AuthenticText,307,1856,154,26,C:\Users\jay\New folder (2)\Trustrace\data\document_patches\P0000925_X51005745190_AUTH.png
P0000926_X51005745190_AUTH,X51005745190,group_0298,train,AUTHENTIC_REGION,0,REAL,AuthenticText,33,244,36,25,C:\Users\jay\New folder (2)\Trustrace\data\document_patches\P0000926_X51005745190_AUTH.png
P0000927_X51005745213_AUTH,X51005745213,group_0299,train,AUTHENTIC_REGION,0,REAL,AuthenticText,188,341,74,23,C:\Users\jay\New folder (2)\Trustrace\data\document_patches\P0000927_X51005745213_AUTH.png
P0000928_X51005745213_AUTH,X51005745213,group_0299,train,AUTHENTIC_REGION,0,REAL,AuthenticText,228,468,222,27,C:\Users\jay\New folder (2)\Trustrace\data\document_patches\P0000928_X51005745213_AUTH.png
P0000929_X51005745214_AUTH,X51005745214,group_0300,train,AUTHENTIC_REGION,0,REAL,AuthenticText,117,1355,39,25,C:\Users\jay\New folder (2)\Trustrace\data\document_patches\P0000929_X51005745214_AUTH.png
P0000930_X51005745214_AUTH,X51005745214,group_0300,train,AUTHENTIC_REGION,0,REAL,AuthenticText,243,557,28,26,C:\Users\jay\New folder (2)\Trustrace\data\document_patches\P0000930_X51005745214_AUTH.png
P0000931_X51005745244_AUTH,X51005745244,group_0301,train,AUTHENTIC_REGION,0,REAL,AuthenticText,500,1347,29,28,C:\Users\jay\New folder (2)\Trustrace\data\document_patches\P0000931_X51005745244_AUTH.png
P0000932_X51005745244_AUTH,X51005745244,group_0301,train,AUTHENTIC_REGION,0,REAL,AuthenticText,52,687,8,27,C:\Users\jay\New folder (2)\Trustrace\data\document_patches\P0000932_X51005745244_AUTH.png
P0000933_X51005745249_AUTH,X51005745249,group_0302,train,AUTHENTIC_REGION,0,REAL,AuthenticText,416,1540,30,27,C:\Users\jay\New folder (2)\Trustrace\data\document_patches\P0000933_X51005745249_AUTH.png
P0000934_X51005745249_AUTH,X51005745249,group_0302,train,AUTHENTIC_REGION,0,REAL,AuthenticText,477,367,94,27,C:\Users\jay\New folder (2)\Trustrace\data\document_patches\P0000934_X51005745249_AUTH.png
P0000935_X51005745296_AUTH,X51005745296,group_0303,train,AUTHENTIC_REGION,0,REAL,AuthenticText,353,1645,103,26,C:\Users\jay\New folder (2)\Trustrace\data\document_patches\P0000935_X51005745296_AUTH.png
P0000936_X51005745296_AUTH,X51005745296,group_0303,train,AUTHENTIC_REGION,0,REAL,AuthenticText,145,637,89,29,C:\Users\jay\New folder (2)\Trustrace\data\document_patches\P0000936_X51005745296_AUTH.png
P0000939_X51005746140_AUTH,X51005746140,group_0305,train,AUTHENTIC_REGION,0,REAL,AuthenticText,108,314,174,24,C:\Users\jay\New folder (2)\Trustrace\data\document_patches\P0000939_X51005746140_AUTH.png
P0000940_X51005746140_AUTH,X51005746140,group_0305,train,AUTHENTIC_REGION,0,REAL,AuthenticText,39,844,159,23,C:\Users\jay\New folder (2)\Trustrace\data\document_patches\P0000940_X51005746140_AUTH.png
P0000941_X51005746203_AUTH,X51005746203,group_0306,train,AUTHENTIC_REGION,0,REAL,AuthenticText,40,2061,69,25,C:\Users\jay\New folder (2)\Trustrace\data\document_patches\P0000941_X51005746203_AUTH.png
P0000942_X51005746203_AUTH,X51005746203,group_0306,train,AUTHENTIC_REGION,0,REAL,AuthenticText,451,1742,84,25,C:\Users\jay\New folder (2)\Trustrace\data\document_patches\P0000942_X51005746203_AUTH.png
P0000943_X51005746204_AUTH,X51005746204,group_0307,train,AUTHENTIC_REGION,0,REAL,AuthenticText,144,337,68,23,C:\Users\jay\New folder (2)\Trustrace\data\document_patches\P0000943_X51005746204_AUTH.png
P0000944_X51005746204_AUTH,X51005746204,group_0307,train,AUTHENTIC_REGION,0,REAL,AuthenticText,524,590,64,25,C:\Users\jay\New folder (2)\Trustrace\data\document_patches\P0000944_X51005746204_AUTH.png
P0000949_X51005746210_AUTH,X51005746210,group_0310,train,AUTHENTIC_REGION,0,REAL,AuthenticText,245,1724,253,28,C:\Users\jay\New folder (2)\Trustrace\data\document_patches\P0000949_X51005746210_AUTH.png
P0000950_X51005746210_AUTH,X51005746210,group_0310,train,AUTHENTIC_REGION,0,REAL,AuthenticText,109,965,73,26,C:\Users\jay\New folder (2)\Trustrace\data\document_patches\P0000950_X51005746210_AUTH.png
P0000951_X51005749895_AUTH,X51005749895,group_0311,train,AUTHENTIC_REGION,0,REAL,AuthenticText,300,345,74,31,C:\Users\jay\New folder (2)\Trustrace\data\document_patches\P0000951_X51005749895_AUTH.png
P0000952_X51005749895_AUTH,X51005749895,group_0311,train,AUTHENTIC_REGION,0,REAL,AuthenticText,404,1609,137,36,C:\Users\jay\New folder (2)\Trustrace\data\document_patches\P0000952_X51005749895_AUTH.png
P0000953_X51005749904_AUTH,X51005749904,group_0312,train,AUTHENTIC_REGION,0,REAL,AuthenticText,445,1119,11,29,C:\Users\jay\New folder (2)\Trustrace\data\document_patches\P0000953_X51005749904_AUTH.png
P0000954_X51005749904_AUTH,X51005749904,group_0312,train,AUTHENTIC_REGION,0,REAL,AuthenticText,371,427,129,29,C:\Users\jay\New folder (2)\Trustrace\data\document_patches\P0000954_X51005749904_AUTH.png
P0000955_X51005749905_AUTH,X51005749905,group_0313,train,AUTHENTIC_REGION,0,REAL,AuthenticText,130,1182,81,29,C:\Users\jay\New folder (2)\Trustrace\data\document_patches\P0000955_X51005749905_AUTH.png
P0000956_X51005749905_AUTH,X51005749905,group_0313,train,AUTHENTIC_REGION,0,REAL,AuthenticText,477,1666,150,37,C:\Users\jay\New folder (2)\Trustrace\data\document_patches\P0000956_X51005749905_AUTH.png
P0000959_X51005757199_FORGED,X51005757199,group_0315,train,FORGED_REGION,1,EDITED,Total/payment,563,932,81,41,C:\Users\jay\New folder (2)\Trustrace\data\document_patches\P0000959_X51005757199_FORGED.png
P0000960_X51005757199_FORGED,X51005757199,group_0315,train,FORGED_REGION,1,EDITED,Total/payment,567,853,76,35,C:\Users\jay\New folder (2)\Trustrace\data\document_patches\P0000960_X51005757199_FORGED.png
P0000961_X51005757199_AUTH,X51005757199,group_0315,train,AUTHENTIC_REGION,0,EDITED,AuthenticText,410,86,136,49,C:\Users\jay\New folder (2)\Trustrace\data\document_patches\P0000961_X51005757199_AUTH.png
P0000962_X51005757199_AUTH,X51005757199,group_0315,train,AUTHENTIC_REGION,0,EDITED,AuthenticText,269,780,60,25,C:\Users\jay\New folder (2)\Trustrace\data\document_patches\P0000962_X51005757199_AUTH.png
P0000963_X51005757201_AUTH,X51005757201,group_0316,train,AUTHENTIC_REGION,0,REAL,AuthenticText,309,400,52,27,C:\Users\jay\New folder (2)\Trustrace\data\document_patches\P0000963_X51005757201_AUTH.png
P0000964_X51005757201_AUTH,X51005757201,group_0316,train,AUTHENTIC_REGION,0,REAL,AuthenticText,111,520,24,25,C:\Users\jay\New folder (2)\Trustrace\data\document_patches\P0000964_X51005757201_AUTH.png
P0000967_X51005757233_AUTH,X51005757233,group_0318,train,AUTHENTIC_REGION,0,REAL,AuthenticText,136,1204,131,34,C:\Users\jay\New folder (2)\Trustrace\data\document_patches\P0000967_X51005757233_AUTH.png
P0000968_X51005757233_AUTH,X51005757233,group_0318,train,AUTHENTIC_REGION,0,REAL,AuthenticText,280,1206,133,33,C:\Users\jay\New folder (2)\Trustrace\data\document_patches\P0000968_X51005757233_AUTH.png
P0000985_X51005757282_AUTH,X51005757282,group_0323,train,AUTHENTIC_REGION,0,REAL,AuthenticText,493,1018,113,46,C:\Users\jay\New folder (2)\Trustrace\data\document_patches\P0000985_X51005757282_AUTH.png
P0000986_X51005757282_AUTH,X51005757282,group_0323,train,AUTHENTIC_REGION,0,REAL,AuthenticText,244,1116,98,31,C:\Users\jay\New folder (2)\Trustrace\data\document_patches\P0000986_X51005757282_AUTH.png
P0000987_X51005757286_AUTH,X51005757286,group_0324,train,AUTHENTIC_REGION,0,REAL,AuthenticText,233,1151,80,24,C:\Users\jay\New folder (2)\Trustrace\data\document_patches\P0000987_X51005757286_AUTH.png
P0000988_X51005757286_AUTH,X51005757286,group_0324,train,AUTHENTIC_REGION,0,REAL,AuthenticText,277,268,164,21,C:\Users\jay\New folder (2)\Trustrace\data\document_patches\P0000988_X51005757286_AUTH.png
P0000989_X51005757290_AUTH,X51005757290,group_0325,train,AUTHENTIC_REGION,0,REAL,AuthenticText,274,1331,63,26,C:\Users\jay\New folder (2)\Trustrace\data\document_patches\P0000989_X51005757290_AUTH.png
P0000990_X51005757290_AUTH,X51005757290,group_0325,train,AUTHENTIC_REGION,0,REAL,AuthenticText,243,355,13,24,C:\Users\jay\New folder (2)\Trustrace\data\document_patches\P0000990_X51005757290_AUTH.png
P0000991_X51005757292_AUTH,X51005757292,group_0326,train,AUTHENTIC_REGION,0,REAL,AuthenticText,5,828,96,26,C:\Users\jay\New folder (2)\Trustrace\data\document_patches\P0000991_X51005757292_AUTH.png
P0000992_X51005757292_AUTH,X51005757292,group_0326,train,AUTHENTIC_REGION,0,REAL,AuthenticText,155,255,43,25,C:\Users\jay\New folder (2)\Trustrace\data\document_patches\P0000992_X51005757292_AUTH.png
P0000993_X51005757294_AUTH,X51005757294,group_0327,train,AUTHENTIC_REGION,0,REAL,AuthenticText,456,1062,96,26,C:\Users\jay\New folder (2)\Trustrace\data\document_patches\P0000993_X51005757294_AUTH.png
P0000994_X51005757294_AUTH,X51005757294,group_0327,train,AUTHENTIC_REGION,0,REAL,AuthenticText,475,253,46,25,C:\Users\jay\New folder (2)\Trustrace\data\document_patches\P0000994_X51005757294_AUTH.png
P0001001_X51005757323_AUTH,X51005757323,group_0330,train,AUTHENTIC_REGION,0,REAL,AuthenticText,594,1014,80,26,C:\Users\jay\New folder (2)\Trustrace\data\document_patches\P0001001_X51005757323_AUTH.png
P0001002_X51005757323_AUTH,X51005757323,group_0330,train,AUTHENTIC_REGION,0,REAL,AuthenticText,210,1313,47,26,C:\Users\jay\New folder (2)\Trustrace\data\document_patches\P0001002_X51005757323_AUTH.png
P0001003_X51005757324_AUTH,X51005757324,group_0331,train,AUTHENTIC_REGION,0,REAL,AuthenticText,206,1200,46,25,C:\Users\jay\New folder (2)\Trustrace\data\document_patches\P0001003_X51005757324_AUTH.png
P0001004_X51005757324_AUTH,X51005757324,group_0331,train,AUTHENTIC_REGION,0,REAL,AuthenticText,221,492,63,25,C:\Users\jay\New folder (2)\Trustrace\data\document_patches\P0001004_X51005757324_AUTH.png
P0001007_X51005757346_AUTH,X51005757346,group_0333,train,AUTHENTIC_REGION,0,REAL,AuthenticText,320,563,96,30,C:\Users\jay\New folder (2)\Trustrace\data\document_patches\P0001007_X51005757346_AUTH.png
P0001008_X51005757346_AUTH,X51005757346,group_0333,train,AUTHENTIC_REGION,0,REAL,AuthenticText,372,632,7,25,C:\Users\jay\New folder (2)\Trustrace\data\document_patches\P0001008_X51005757346_AUTH.png
P0001009_X51005757349_FORGED,X51005757349,group_0334,train,FORGED_REGION,1,EDITED,Product,384,906,15,24,C:\Users\jay\New folder (2)\Trustrace\data\document_patches\P0001009_X51005757349_FORGED.png
P0001010_X51005757349_FORGED,X51005757349,group_0334,train,FORGED_REGION,1,EDITED,Product,558,908,14,25,C:\Users\jay\New folder (2)\Trustrace\data\document_patches\P0001010_X51005757349_FORGED.png
P0001011_X51005757349_FORGED,X51005757349,group_0334,train,FORGED_REGION,1,EDITED,Product,343,905,13,26,C:\Users\jay\New folder (2)\Trustrace\data\document_patches\P0001011_X51005757349_FORGED.png
P0001012_X51005757349_FORGED,X51005757349,group_0334,train,FORGED_REGION,1,EDITED,Product,357,906,16,26,C:\Users\jay\New folder (2)\Trustrace\data\document_patches\P0001012_X51005757349_FORGED.png
P0001013_X51005757349_FORGED,X51005757349,group_0334,train,FORGED_REGION,1,EDITED,Product,328,906,12,25,C:\Users\jay\New folder (2)\Trustrace\data\document_patches\P0001013_X51005757349_FORGED.png
P0001014_X51005757349_FORGED,X51005757349,group_0334,train,FORGED_REGION,1,EDITED,Product,544,906,13,29,C:\Users\jay\New folder (2)\Trustrace\data\document_patches\P0001014_X51005757349_FORGED.png
P0001015_X51005757349_FORGED,X51005757349,group_0334,train,FORGED_REGION,1,EDITED,Total/payment,542,1020,12,27,C:\Users\jay\New folder (2)\Trustrace\data\document_patches\P0001015_X51005757349_FORGED.png
P0001016_X51005757349_FORGED,X51005757349,group_0334,train,FORGED_REGION,1,EDITED,Total/payment,539,1095,13,25,C:\Users\jay\New folder (2)\Trustrace\data\document_patches\P0001016_X51005757349_FORGED.png
P0001017_X51005757349_FORGED,X51005757349,group_0334,train,FORGED_REGION,1,EDITED,Total/payment,541,1134,15,27,C:\Users\jay\New folder (2)\Trustrace\data\document_patches\P0001017_X51005757349_FORGED.png
P0001018_X51005757349_FORGED,X51005757349,group_0334,train,FORGED_REGION,1,EDITED,Total/payment,571,907,13,25,C:\Users\jay\New folder (2)\Trustrace\data\document_patches\P0001018_X51005757349_FORGED.png
P0001019_X51005757349_FORGED,X51005757349,group_0334,train,FORGED_REGION,1,EDITED,Total/payment,552,1166,31,33,C:\Users\jay\New folder (2)\Trustrace\data\document_patches\P0001019_X51005757349_FORGED.png
P0001020_X51005757349_FORGED,X51005757349,group_0334,train,FORGED_REGION,1,EDITED,Total/payment,549,1054,37,28,C:\Users\jay\New folder (2)\Trustrace\data\document_patches\P0001020_X51005757349_FORGED.png
P0001021_X51005757349_AUTH,X51005757349,group_0334,train,AUTHENTIC_REGION,0,EDITED,AuthenticText,256,307,110,29,C:\Users\jay\New folder (2)\Trustrace\data\document_patches\P0001021_X51005757349_AUTH.png
P0001022_X51005757349_AUTH,X51005757349,group_0334,train,AUTHENTIC_REGION,0,EDITED,AuthenticText,228,345,52,26,C:\Users\jay\New folder (2)\Trustrace\data\document_patches\P0001022_X51005757349_AUTH.png
P0001023_X51005757349_AUTH,X51005757349,group_0334,train,AUTHENTIC_REGION,0,EDITED,AuthenticText,299,269,99,30,C:\Users\jay\New folder (2)\Trustrace\data\document_patches\P0001023_X51005757349_AUTH.png
P0001024_X51005757349_AUTH,X51005757349,group_0334,train,AUTHENTIC_REGION,0,EDITED,AuthenticText,171,308,70,27,C:\Users\jay\New folder (2)\Trustrace\data\document_patches\P0001024_X51005757349_AUTH.png
P0001025_X51005757349_AUTH,X51005757349,group_0334,train,AUTHENTIC_REGION,0,EDITED,AuthenticText,214,1244,41,25,C:\Users\jay\New folder (2)\Trustrace\data\document_patches\P0001025_X51005757349_AUTH.png
P0001026_X51005757349_AUTH,X51005757349,group_0334,train,AUTHENTIC_REGION,0,EDITED,AuthenticText,258,870,55,25,C:\Users\jay\New folder (2)\Trustrace\data\document_patches\P0001026_X51005757349_AUTH.png
P0001027_X51005757349_AUTH,X51005757349,group_0334,train,AUTHENTIC_REGION,0,EDITED,AuthenticText,356,232,82,26,C:\Users\jay\New folder (2)\Trustrace\data\document_patches\P0001027_X51005757349_AUTH.png
P0001028_X51005757349_AUTH,X51005757349,group_0334,train,AUTHENTIC_REGION,0,EDITED,AuthenticText,114,457,110,27,C:\Users\jay\New folder (2)\Trustrace\data\document_patches\P0001028_X51005757349_AUTH.png
P0001029_X51005757349_AUTH,X51005757349,group_0334,train,AUTHENTIC_REGION,0,EDITED,AuthenticText,271,232,70,27,C:\Users\jay\New folder (2)\Trustrace\data\document_patches\P0001029_X51005757349_AUTH.png
P0001030_X51005757349_AUTH,X51005757349,group_0334,train,AUTHENTIC_REGION,0,EDITED,AuthenticText,343,720,70,25,C:\Users\jay\New folder (2)\Trustrace\data\document_patches\P0001030_X51005757349_AUTH.png
P0001031_X51005757349_AUTH,X51005757349,group_0334,train,AUTHENTIC_REGION,0,EDITED,AuthenticText,200,795,42,25,C:\Users\jay\New folder (2)\Trustrace\data\document_patches\P0001031_X51005757349_AUTH.png
P0001032_X51005757349_AUTH,X51005757349,group_0334,train,AUTHENTIC_REGION,0,EDITED,AuthenticText,385,307,113,30,C:\Users\jay\New folder (2)\Trustrace\data\document_patches\P0001032_X51005757349_AUTH.png
P0001039_X51005763940_AUTH,X51005763940,group_0337,train,AUTHENTIC_REGION,0,REAL,AuthenticText,505,1238,38,23,C:\Users\jay\New folder (2)\Trustrace\data\document_patches\P0001039_X51005763940_AUTH.png
P0001040_X51005763940_AUTH,X51005763940,group_0337,train,AUTHENTIC_REGION,0,REAL,AuthenticText,79,495,51,23,C:\Users\jay\New folder (2)\Trustrace\data\document_patches\P0001040_X51005763940_AUTH.png
P0001041_X51005763958_AUTH,X51005763958,group_0338,train,AUTHENTIC_REGION,0,REAL,AuthenticText,19,319,80,28,C:\Users\jay\New folder (2)\Trustrace\data\document_patches\P0001041_X51005763958_AUTH.png
P0001042_X51005763958_AUTH,X51005763958,group_0338,train,AUTHENTIC_REGION,0,REAL,AuthenticText,98,1091,69,26,C:\Users\jay\New folder (2)\Trustrace\data\document_patches\P0001042_X51005763958_AUTH.png
P0001045_X51005763999_AUTH,X51005763999,group_0340,train,AUTHENTIC_REGION,0,REAL,AuthenticText,144,1988,42,24,C:\Users\jay\New folder (2)\Trustrace\data\document_patches\P0001045_X51005763999_AUTH.png
P0001046_X51005763999_AUTH,X51005763999,group_0340,train,AUTHENTIC_REGION,0,REAL,AuthenticText,206,1228,40,24,C:\Users\jay\New folder (2)\Trustrace\data\document_patches\P0001046_X51005763999_AUTH.png
P0001047_X51005764031_AUTH,X51005764031,group_0341,train,AUTHENTIC_REGION,0,REAL,AuthenticText,242,1684,54,25,C:\Users\jay\New folder (2)\Trustrace\data\document_patches\P0001047_X51005764031_AUTH.png
P0001048_X51005764031_AUTH,X51005764031,group_0341,train,AUTHENTIC_REGION,0,REAL,AuthenticText,100,241,7,25,C:\Users\jay\New folder (2)\Trustrace\data\document_patches\P0001048_X51005764031_AUTH.png
P0001049_X51005764154_AUTH,X51005764154,group_0342,train,AUTHENTIC_REGION,0,REAL,AuthenticText,129,304,65,26,C:\Users\jay\New folder (2)\Trustrace\data\document_patches\P0001049_X51005764154_AUTH.png
P0001050_X51005764154_AUTH,X51005764154,group_0342,train,AUTHENTIC_REGION,0,REAL,AuthenticText,217,306,90,23,C:\Users\jay\New folder (2)\Trustrace\data\document_patches\P0001050_X51005764154_AUTH.png
P0001051_X51005764161_AUTH,X51005764161,group_0343,train,AUTHENTIC_REGION,0,REAL,AuthenticText,208,317,51,26,C:\Users\jay\New folder (2)\Trustrace\data\document_patches\P0001051_X51005764161_AUTH.png
P0001052_X51005764161_AUTH,X51005764161,group_0343,train,AUTHENTIC_REGION,0,REAL,AuthenticText,217,712,99,25,C:\Users\jay\New folder (2)\Trustrace\data\document_patches\P0001052_X51005764161_AUTH.png
P0001053_X51005806678_AUTH,X51005806678,group_0344,train,AUTHENTIC_REGION,0,REAL,AuthenticText,222,1459,84,26,C:\Users\jay\New folder (2)\Trustrace\data\document_patches\P0001053_X51005806678_AUTH.png
P0001054_X51005806678_AUTH,X51005806678,group_0344,train,AUTHENTIC_REGION,0,REAL,AuthenticText,447,660,38,26,C:\Users\jay\New folder (2)\Trustrace\data\document_patches\P0001054_X51005806678_AUTH.png
P0001055_X51005806679_AUTH,X51005806679,group_0345,train,AUTHENTIC_REGION,0,REAL,AuthenticText,363,1511,12,20,C:\Users\jay\New folder (2)\Trustrace\data\document_patches\P0001055_X51005806679_AUTH.png
P0001056_X51005806679_AUTH,X51005806679,group_0345,train,AUTHENTIC_REGION,0,REAL,AuthenticText,475,621,123,25,C:\Users\jay\New folder (2)\Trustrace\data\document_patches\P0001056_X51005806679_AUTH.png
P0001063_X51005806696_AUTH,X51005806696,group_0349,train,AUTHENTIC_REGION,0,REAL,AuthenticText,373,271,97,28,C:\Users\jay\New folder (2)\Trustrace\data\document_patches\P0001063_X51005806696_AUTH.png
P0001064_X51005806696_AUTH,X51005806696,group_0349,train,AUTHENTIC_REGION,0,REAL,AuthenticText,635,534,37,23,C:\Users\jay\New folder (2)\Trustrace\data\document_patches\P0001064_X51005806696_AUTH.png
P0001065_X51005806698_AUTH,X51005806698,group_0350,train,AUTHENTIC_REGION,0,REAL,AuthenticText,224,667,9,21,C:\Users\jay\New folder (2)\Trustrace\data\document_patches\P0001065_X51005806698_AUTH.png
P0001066_X51005806698_AUTH,X51005806698,group_0350,train,AUTHENTIC_REGION,0,REAL,AuthenticText,289,1005,52,22,C:\Users\jay\New folder (2)\Trustrace\data\document_patches\P0001066_X51005806698_AUTH.png
P0001067_X51005806702_FORGED,X51005806702,group_0351,train,FORGED_REGION,1,EDITED,Product,249,849,29,35,C:\Users\jay\New folder (2)\Trustrace\data\document_patches\P0001067_X51005806702_FORGED.png
P0001068_X51005806702_FORGED,X51005806702,group_0351,train,FORGED_REGION,1,EDITED,Product,296,781,23,41,C:\Users\jay\New folder (2)\Trustrace\data\document_patches\P0001068_X51005806702_FORGED.png
P0001069_X51005806702_FORGED,X51005806702,group_0351,train,FORGED_REGION,1,EDITED,Product,549,785,21,33,C:\Users\jay\New folder (2)\Trustrace\data\document_patches\P0001069_X51005806702_FORGED.png
P0001070_X51005806702_FORGED,X51005806702,group_0351,train,FORGED_REGION,1,EDITED,Product,530,785,21,33,C:\Users\jay\New folder (2)\Trustrace\data\document_patches\P0001070_X51005806702_FORGED.png
P0001071_X51005806702_FORGED,X51005806702,group_0351,train,FORGED_REGION,1,EDITED,Total/payment,582,911,23,35,C:\Users\jay\New folder (2)\Trustrace\data\document_patches\P0001071_X51005806702_FORGED.png
P0001072_X51005806702_FORGED,X51005806702,group_0351,train,FORGED_REGION,1,EDITED,Total/payment,601,914,19,35,C:\Users\jay\New folder (2)\Trustrace\data\document_patches\P0001072_X51005806702_FORGED.png
P0001073_X51005806702_FORGED,X51005806702,group_0351,train,FORGED_REGION,1,EDITED,Total/payment,551,1015,25,37,C:\Users\jay\New folder (2)\Trustrace\data\document_patches\P0001073_X51005806702_FORGED.png
P0001074_X51005806702_FORGED,X51005806702,group_0351,train,FORGED_REGION,1,EDITED,Total/payment,576,1009,19,33,C:\Users\jay\New folder (2)\Trustrace\data\document_patches\P0001074_X51005806702_FORGED.png
P0001075_X51005806702_FORGED,X51005806702,group_0351,train,FORGED_REGION,1,EDITED,Total/payment,582,1079,19,25,C:\Users\jay\New folder (2)\Trustrace\data\document_patches\P0001075_X51005806702_FORGED.png
P0001076_X51005806702_FORGED,X51005806702,group_0351,train,FORGED_REGION,1,EDITED,Total/payment,599,1075,17,31,C:\Users\jay\New folder (2)\Trustrace\data\document_patches\P0001076_X51005806702_FORGED.png
P0001077_X51005806702_FORGED,X51005806702,group_0351,train,FORGED_REGION,1,EDITED,Total/payment,410,1237,23,37,C:\Users\jay\New folder (2)\Trustrace\data\document_patches\P0001077_X51005806702_FORGED.png
P0001078_X51005806702_FORGED,X51005806702,group_0351,train,FORGED_REGION,1,EDITED,Total/payment,429,1239,15,27,C:\Users\jay\New folder (2)\Trustrace\data\document_patches\P0001078_X51005806702_FORGED.png
P0001079_X51005806702_AUTH,X51005806702,group_0351,train,AUTHENTIC_REGION,0,EDITED,AuthenticText,638,788,33,24,C:\Users\jay\New folder (2)\Trustrace\data\document_patches\P0001079_X51005806702_AUTH.png
P0001080_X51005806702_AUTH,X51005806702,group_0351,train,AUTHENTIC_REGION,0,EDITED,AuthenticText,95,416,104,24,C:\Users\jay\New folder (2)\Trustrace\data\document_patches\P0001080_X51005806702_AUTH.png
P0001081_X51005806702_AUTH,X51005806702,group_0351,train,AUTHENTIC_REGION,0,EDITED,AuthenticText,384,166,198,30,C:\Users\jay\New folder (2)\Trustrace\data\document_patches\P0001081_X51005806702_AUTH.png
P0001082_X51005806702_AUTH,X51005806702,group_0351,train,AUTHENTIC_REGION,0,EDITED,AuthenticText,94,455,51,24,C:\Users\jay\New folder (2)\Trustrace\data\document_patches\P0001082_X51005806702_AUTH.png
P0001083_X51005806702_AUTH,X51005806702,group_0351,train,AUTHENTIC_REGION,0,EDITED,AuthenticText,308,551,140,30,C:\Users\jay\New folder (2)\Trustrace\data\document_patches\P0001083_X51005806702_AUTH.png
P0001084_X51005806702_AUTH,X51005806702,group_0351,train,AUTHENTIC_REGION,0,EDITED,AuthenticText,346,917,99,25,C:\Users\jay\New folder (2)\Trustrace\data\document_patches\P0001084_X51005806702_AUTH.png
P0001085_X51005806702_AUTH,X51005806702,group_0351,train,AUTHENTIC_REGION,0,EDITED,AuthenticText,273,1014,84,30,C:\Users\jay\New folder (2)\Trustrace\data\document_patches\P0001085_X51005806702_AUTH.png
P0001086_X51005806702_AUTH,X51005806702,group_0351,train,AUTHENTIC_REGION,0,EDITED,AuthenticText,162,791,98,25,C:\Users\jay\New folder (2)\Trustrace\data\document_patches\P0001086_X51005806702_AUTH.png
P0001087_X51005806702_AUTH,X51005806702,group_0351,train,AUTHENTIC_REGION,0,EDITED,AuthenticText,95,512,127,23,C:\Users\jay\New folder (2)\Trustrace\data\document_patches\P0001087_X51005806702_AUTH.png
P0001088_X51005806702_AUTH,X51005806702,group_0351,train,AUTHENTIC_REGION,0,EDITED,AuthenticText,304,960,147,30,C:\Users\jay\New folder (2)\Trustrace\data\document_patches\P0001088_X51005806702_AUTH.png
P0001089_X51005806702_AUTH,X51005806702,group_0351,train,AUTHENTIC_REGION,0,EDITED,AuthenticText,436,614,49,23,C:\Users\jay\New folder (2)\Trustrace\data\document_patches\P0001089_X51005806702_AUTH.png
P0001090_X51005806702_AUTH,X51005806702,group_0351,train,AUTHENTIC_REGION,0,EDITED,AuthenticText,222,454,178,25,C:\Users\jay\New folder (2)\Trustrace\data\document_patches\P0001090_X51005806702_AUTH.png
P0001093_X51005806716_AUTH,X51005806716,group_0353,train,AUTHENTIC_REGION,0,REAL,AuthenticText,230,132,71,23,C:\Users\jay\New folder (2)\Trustrace\data\document_patches\P0001093_X51005806716_AUTH.png
P0001094_X51005806716_AUTH,X51005806716,group_0353,train,AUTHENTIC_REGION,0,REAL,AuthenticText,479,1010,34,22,C:\Users\jay\New folder (2)\Trustrace\data\document_patches\P0001094_X51005806716_AUTH.png
P0001095_X51005806718_AUTH,X51005806718,group_0354,train,AUTHENTIC_REGION,0,REAL,AuthenticText,223,1096,136,37,C:\Users\jay\New folder (2)\Trustrace\data\document_patches\P0001095_X51005806718_AUTH.png
P0001096_X51005806718_AUTH,X51005806718,group_0354,train,AUTHENTIC_REGION,0,REAL,AuthenticText,145,1238,119,46,C:\Users\jay\New folder (2)\Trustrace\data\document_patches\P0001096_X51005806718_AUTH.png
P0001097_X51005806719_AUTH,X51005806719,group_0355,train,AUTHENTIC_REGION,0,REAL,AuthenticText,444,814,104,23,C:\Users\jay\New folder (2)\Trustrace\data\document_patches\P0001097_X51005806719_AUTH.png
P0001098_X51005806719_AUTH,X51005806719,group_0355,train,AUTHENTIC_REGION,0,REAL,AuthenticText,389,256,101,23,C:\Users\jay\New folder (2)\Trustrace\data\document_patches\P0001098_X51005806719_AUTH.png
P0001099_X51005806720_AUTH,X51005806720,group_0356,train,AUTHENTIC_REGION,0,REAL,AuthenticText,552,571,68,24,C:\Users\jay\New folder (2)\Trustrace\data\document_patches\P0001099_X51005806720_AUTH.png
P0001100_X51005806720_AUTH,X51005806720,group_0356,train,AUTHENTIC_REGION,0,REAL,AuthenticText,263,762,120,29,C:\Users\jay\New folder (2)\Trustrace\data\document_patches\P0001100_X51005806720_AUTH.png
P0001101_X51005889296_AUTH,X51005889296,group_0357,train,AUTHENTIC_REGION,0,REAL,AuthenticText,147,962,53,25,C:\Users\jay\New folder (2)\Trustrace\data\document_patches\P0001101_X51005889296_AUTH.png
P0001102_X51005889296_AUTH,X51005889296,group_0357,train,AUTHENTIC_REGION,0,REAL,AuthenticText,192,776,31,28,C:\Users\jay\New folder (2)\Trustrace\data\document_patches\P0001102_X51005889296_AUTH.png
P0001103_X51006008057_AUTH,X51006008057,group_0358,train,AUTHENTIC_REGION,0,REAL,AuthenticText,426,1674,64,22,C:\Users\jay\New folder (2)\Trustrace\data\document_patches\P0001103_X51006008057_AUTH.png
P0001104_X51006008057_AUTH,X51006008057,group_0358,train,AUTHENTIC_REGION,0,REAL,AuthenticText,47,1944,70,20,C:\Users\jay\New folder (2)\Trustrace\data\document_patches\P0001104_X51006008057_AUTH.png
P0001107_X51006008074_AUTH,X51006008074,group_0360,train,AUTHENTIC_REGION,0,REAL,AuthenticText,134,940,63,22,C:\Users\jay\New folder (2)\Trustrace\data\document_patches\P0001107_X51006008074_AUTH.png
P0001108_X51006008074_AUTH,X51006008074,group_0360,train,AUTHENTIC_REGION,0,REAL,AuthenticText,269,275,90,23,C:\Users\jay\New folder (2)\Trustrace\data\document_patches\P0001108_X51006008074_AUTH.png
P0001109_X51006008081_AUTH,X51006008081,group_0361,train,AUTHENTIC_REGION,0,REAL,AuthenticText,35,713,14,22,C:\Users\jay\New folder (2)\Trustrace\data\document_patches\P0001109_X51006008081_AUTH.png
P0001110_X51006008081_AUTH,X51006008081,group_0361,train,AUTHENTIC_REGION,0,REAL,AuthenticText,275,267,26,23,C:\Users\jay\New folder (2)\Trustrace\data\document_patches\P0001110_X51006008081_AUTH.png
P0001111_X51006008082_AUTH,X51006008082,group_0362,train,AUTHENTIC_REGION,0,REAL,AuthenticText,304,1502,60,21,C:\Users\jay\New folder (2)\Trustrace\data\document_patches\P0001111_X51006008082_AUTH.png
P0001112_X51006008082_AUTH,X51006008082,group_0362,train,AUTHENTIC_REGION,0,REAL,AuthenticText,49,386,101,23,C:\Users\jay\New folder (2)\Trustrace\data\document_patches\P0001112_X51006008082_AUTH.png
P0001113_X51006008083_AUTH,X51006008083,group_0363,train,AUTHENTIC_REGION,0,REAL,AuthenticText,228,863,201,30,C:\Users\jay\New folder (2)\Trustrace\data\document_patches\P0001113_X51006008083_AUTH.png
P0001114_X51006008083_AUTH,X51006008083,group_0363,train,AUTHENTIC_REGION,0,REAL,AuthenticText,377,1108,81,23,C:\Users\jay\New folder (2)\Trustrace\data\document_patches\P0001114_X51006008083_AUTH.png
P0001115_X51006008086_FORGED,X51006008086,group_0364,train,FORGED_REGION,1,EDITED,Total/payment,593,1008,19,37,C:\Users\jay\New folder (2)\Trustrace\data\document_patches\P0001115_X51006008086_FORGED.png
P0001116_X51006008086_AUTH,X51006008086,group_0364,train,AUTHENTIC_REGION,0,EDITED,AuthenticText,275,775,81,28,C:\Users\jay\New folder (2)\Trustrace\data\document_patches\P0001116_X51006008086_AUTH.png
P0001119_X51006008090_AUTH,X51006008090,group_0366,train,AUTHENTIC_REGION,0,REAL,AuthenticText,578,1438,24,26,C:\Users\jay\New folder (2)\Trustrace\data\document_patches\P0001119_X51006008090_AUTH.png
P0001120_X51006008090_AUTH,X51006008090,group_0366,train,AUTHENTIC_REGION,0,REAL,AuthenticText,86,1122,30,25,C:\Users\jay\New folder (2)\Trustrace\data\document_patches\P0001120_X51006008090_AUTH.png
P0001123_X51006008092_AUTH,X51006008092,group_0367,train,AUTHENTIC_REGION,0,REAL,AuthenticText,520,501,173,26,C:\Users\jay\New folder (2)\Trustrace\data\document_patches\P0001123_X51006008092_AUTH.png
P0001124_X51006008092_AUTH,X51006008092,group_0367,train,AUTHENTIC_REGION,0,REAL,AuthenticText,220,1882,67,20,C:\Users\jay\New folder (2)\Trustrace\data\document_patches\P0001124_X51006008092_AUTH.png
P0001125_X51006008093_AUTH,X51006008093,group_0368,train,AUTHENTIC_REGION,0,REAL,AuthenticText,132,270,65,29,C:\Users\jay\New folder (2)\Trustrace\data\document_patches\P0001125_X51006008093_AUTH.png
P0001126_X51006008093_AUTH,X51006008093,group_0368,train,AUTHENTIC_REGION,0,REAL,AuthenticText,307,974,32,26,C:\Users\jay\New folder (2)\Trustrace\data\document_patches\P0001126_X51006008093_AUTH.png
P0001127_X51006008095_AUTH,X51006008095,group_0023,train,AUTHENTIC_REGION,0,REAL,AuthenticText,561,777,51,22,C:\Users\jay\New folder (2)\Trustrace\data\document_patches\P0001127_X51006008095_AUTH.png
P0001128_X51006008095_AUTH,X51006008095,group_0023,train,AUTHENTIC_REGION,0,REAL,AuthenticText,416,700,5,5,C:\Users\jay\New folder (2)\Trustrace\data\document_patches\P0001128_X51006008095_AUTH.png
P0001131_X51006008166_AUTH,X51006008166,group_0370,train,AUTHENTIC_REGION,0,REAL,AuthenticText,642,1096,31,22,C:\Users\jay\New folder (2)\Trustrace\data\document_patches\P0001131_X51006008166_AUTH.png
P0001132_X51006008166_AUTH,X51006008166,group_0370,train,AUTHENTIC_REGION,0,REAL,AuthenticText,148,1093,34,23,C:\Users\jay\New folder (2)\Trustrace\data\document_patches\P0001132_X51006008166_AUTH.png
P0001133_X51006008197_AUTH,X51006008197,group_0371,train,AUTHENTIC_REGION,0,REAL,AuthenticText,622,442,67,25,C:\Users\jay\New folder (2)\Trustrace\data\document_patches\P0001133_X51006008197_AUTH.png
P0001134_X51006008197_AUTH,X51006008197,group_0371,train,AUTHENTIC_REGION,0,REAL,AuthenticText,223,653,414,29,C:\Users\jay\New folder (2)\Trustrace\data\document_patches\P0001134_X51006008197_AUTH.png
P0001135_X51006008206_FORGED,X51006008206,group_0372,train,FORGED_REGION,1,EDITED,Metadata,289,483,10,34,C:\Users\jay\New folder (2)\Trustrace\data\document_patches\P0001135_X51006008206_FORGED.png
P0001136_X51006008206_FORGED,X51006008206,group_0372,train,FORGED_REGION,1,EDITED,Metadata,148,483,11,34,C:\Users\jay\New folder (2)\Trustrace\data\document_patches\P0001136_X51006008206_FORGED.png
P0001137_X51006008206_AUTH,X51006008206,group_0372,train,AUTHENTIC_REGION,0,EDITED,AuthenticText,105,625,37,30,C:\Users\jay\New folder (2)\Trustrace\data\document_patches\P0001137_X51006008206_AUTH.png
P0001138_X51006008206_AUTH,X51006008206,group_0372,train,AUTHENTIC_REGION,0,EDITED,AuthenticText,32,1138,147,22,C:\Users\jay\New folder (2)\Trustrace\data\document_patches\P0001138_X51006008206_AUTH.png
P0001139_X51006248253_FORGED,X51006248253,group_0373,train,FORGED_REGION,1,EDITED,Metadata,389,536,14,24,C:\Users\jay\New folder (2)\Trustrace\data\document_patches\P0001139_X51006248253_FORGED.png
P0001140_X51006248253_AUTH,X51006248253,group_0373,train,AUTHENTIC_REGION,0,EDITED,AuthenticText,474,936,5,17,C:\Users\jay\New folder (2)\Trustrace\data\document_patches\P0001140_X51006248253_AUTH.png
P0001143_X51006311758_AUTH,X51006311758,group_0375,train,AUTHENTIC_REGION,0,REAL,AuthenticText,272,2030,84,24,C:\Users\jay\New folder (2)\Trustrace\data\document_patches\P0001143_X51006311758_AUTH.png
P0001144_X51006311758_AUTH,X51006311758,group_0375,train,AUTHENTIC_REGION,0,REAL,AuthenticText,241,318,22,25,C:\Users\jay\New folder (2)\Trustrace\data\document_patches\P0001144_X51006311758_AUTH.png
P0001145_X51006311764_FORGED,X51006311764,group_0376,train,FORGED_REGION,1,EDITED,Metadata,540,637,12,24,C:\Users\jay\New folder (2)\Trustrace\data\document_patches\P0001145_X51006311764_FORGED.png
P0001146_X51006311764_FORGED,X51006311764,group_0376,train,FORGED_REGION,1,EDITED,Metadata,511,634,16,29,C:\Users\jay\New folder (2)\Trustrace\data\document_patches\P0001146_X51006311764_FORGED.png
P0001147_X51006311764_FORGED,X51006311764,group_0376,train,FORGED_REGION,1,EDITED,Product,370,896,15,28,C:\Users\jay\New folder (2)\Trustrace\data\document_patches\P0001147_X51006311764_FORGED.png
P0001148_X51006311764_FORGED,X51006311764,group_0376,train,FORGED_REGION,1,EDITED,Product,387,895,15,31,C:\Users\jay\New folder (2)\Trustrace\data\document_patches\P0001148_X51006311764_FORGED.png
P0001149_X51006311764_FORGED,X51006311764,group_0376,train,FORGED_REGION,1,EDITED,Product,442,894,29,29,C:\Users\jay\New folder (2)\Trustrace\data\document_patches\P0001149_X51006311764_FORGED.png
P0001150_X51006311764_FORGED,X51006311764,group_0376,train,FORGED_REGION,1,EDITED,Product,556,892,28,32,C:\Users\jay\New folder (2)\Trustrace\data\document_patches\P0001150_X51006311764_FORGED.png
P0001151_X51006311764_FORGED,X51006311764,group_0376,train,FORGED_REGION,1,EDITED,Product,613,891,15,29,C:\Users\jay\New folder (2)\Trustrace\data\document_patches\P0001151_X51006311764_FORGED.png
P0001152_X51006311764_FORGED,X51006311764,group_0376,train,FORGED_REGION,1,EDITED,Total/payment,608,967,18,27,C:\Users\jay\New folder (2)\Trustrace\data\document_patches\P0001152_X51006311764_FORGED.png
P0001153_X51006311764_FORGED,X51006311764,group_0376,train,FORGED_REGION,1,EDITED,Total/payment,628,965,14,32,C:\Users\jay\New folder (2)\Trustrace\data\document_patches\P0001153_X51006311764_FORGED.png
P0001154_X51006311764_FORGED,X51006311764,group_0376,train,FORGED_REGION,1,EDITED,Total/payment,556,1002,28,28,C:\Users\jay\New folder (2)\Trustrace\data\document_patches\P0001154_X51006311764_FORGED.png
P0001155_X51006311764_FORGED,X51006311764,group_0376,train,FORGED_REGION,1,EDITED,Total/payment,613,1002,16,28,C:\Users\jay\New folder (2)\Trustrace\data\document_patches\P0001155_X51006311764_FORGED.png
P0001156_X51006311764_FORGED,X51006311764,group_0376,train,FORGED_REGION,1,EDITED,Total/payment,556,1078,29,29,C:\Users\jay\New folder (2)\Trustrace\data\document_patches\P0001156_X51006311764_FORGED.png
P0001157_X51006311764_FORGED,X51006311764,group_0376,train,FORGED_REGION,1,EDITED,Total/payment,614,1079,15,28,C:\Users\jay\New folder (2)\Trustrace\data\document_patches\P0001157_X51006311764_FORGED.png
P0001158_X51006311764_FORGED,X51006311764,group_0376,train,FORGED_REGION,1,EDITED,Total/payment,554,1148,33,34,C:\Users\jay\New folder (2)\Trustrace\data\document_patches\P0001158_X51006311764_FORGED.png
P0001159_X51006311764_FORGED,X51006311764,group_0376,train,FORGED_REGION,1,EDITED,Total/payment,615,1153,15,27,C:\Users\jay\New folder (2)\Trustrace\data\document_patches\P0001159_X51006311764_FORGED.png
P0001160_X51006311764_FORGED,X51006311764,group_0376,train,FORGED_REGION,1,EDITED,Metadata,584,632,12,29,C:\Users\jay\New folder (2)\Trustrace\data\document_patches\P0001160_X51006311764_FORGED.png
P0001161_X51006311764_FORGED,X51006311764,group_0376,train,FORGED_REGION,1,EDITED,Total/payment,359,1495,18,26,C:\Users\jay\New folder (2)\Trustrace\data\document_patches\P0001161_X51006311764_FORGED.png
P0001162_X51006311764_FORGED,X51006311764,group_0376,train,FORGED_REGION,1,EDITED,Total/payment,378,1495,12,27,C:\Users\jay\New folder (2)\Trustrace\data\document_patches\P0001162_X51006311764_FORGED.png
P0001163_X51006311764_FORGED,X51006311764,group_0376,train,FORGED_REGION,1,EDITED,Metadata,429,597,11,28,C:\Users\jay\New folder (2)\Trustrace\data\document_patches\P0001163_X51006311764_FORGED.png
P0001164_X51006311764_FORGED,X51006311764,group_0376,train,FORGED_REGION,1,EDITED,Total/payment,395,1492,14,27,C:\Users\jay\New folder (2)\Trustrace\data\document_patches\P0001164_X51006311764_FORGED.png
P0001165_X51006311764_FORGED,X51006311764,group_0376,train,FORGED_REGION,1,EDITED,Total/payment,160,1499,20,27,C:\Users\jay\New folder (2)\Trustrace\data\document_patches\P0001165_X51006311764_FORGED.png
P0001166_X51006311764_FORGED,X51006311764,group_0376,train,FORGED_REGION,1,EDITED,Total/payment,420,1492,16,29,C:\Users\jay\New folder (2)\Trustrace\data\document_patches\P0001166_X51006311764_FORGED.png
P0001167_X51006311764_FORGED,X51006311764,group_0376,train,FORGED_REGION,1,EDITED,Metadata,411,598,16,27,C:\Users\jay\New folder (2)\Trustrace\data\document_patches\P0001167_X51006311764_FORGED.png
P0001168_X51006311764_FORGED,X51006311764,group_0376,train,FORGED_REGION,1,EDITED,Total/payment,438,1493,17,28,C:\Users\jay\New folder (2)\Trustrace\data\document_patches\P0001168_X51006311764_FORGED.png
P0001169_X51006311764_FORGED,X51006311764,group_0376,train,FORGED_REGION,1,EDITED,Total/payment,572,1491,18,27,C:\Users\jay\New folder (2)\Trustrace\data\document_patches\P0001169_X51006311764_FORGED.png
P0001170_X51006311764_FORGED,X51006311764,group_0376,train,FORGED_REGION,1,EDITED,Metadata,418,1567,16,32,C:\Users\jay\New folder (2)\Trustrace\data\document_patches\P0001170_X51006311764_FORGED.png
P0001171_X51006311764_FORGED,X51006311764,group_0376,train,FORGED_REGION,1,EDITED,Metadata,503,1567,33,29,C:\Users\jay\New folder (2)\Trustrace\data\document_patches\P0001171_X51006311764_FORGED.png
P0001172_X51006311764_FORGED,X51006311764,group_0376,train,FORGED_REGION,1,EDITED,Total/payment,616,1488,35,32,C:\Users\jay\New folder (2)\Trustrace\data\document_patches\P0001172_X51006311764_FORGED.png
P0001173_X51006311764_AUTH,X51006311764,group_0376,train,AUTHENTIC_REGION,0,EDITED,AuthenticText,96,1011,61,25,C:\Users\jay\New folder (2)\Trustrace\data\document_patches\P0001173_X51006311764_AUTH.png
P0001174_X51006311764_AUTH,X51006311764,group_0376,train,AUTHENTIC_REGION,0,EDITED,AuthenticText,514,858,41,25,C:\Users\jay\New folder (2)\Trustrace\data\document_patches\P0001174_X51006311764_AUTH.png
P0001175_X51006311764_AUTH,X51006311764,group_0376,train,AUTHENTIC_REGION,0,EDITED,AuthenticText,344,674,55,25,C:\Users\jay\New folder (2)\Trustrace\data\document_patches\P0001175_X51006311764_AUTH.png
P0001176_X51006311764_AUTH,X51006311764,group_0376,train,AUTHENTIC_REGION,0,EDITED,AuthenticText,92,1199,56,25,C:\Users\jay\New folder (2)\Trustrace\data\document_patches\P0001176_X51006311764_AUTH.png
P0001177_X51006311764_AUTH,X51006311764,group_0376,train,AUTHENTIC_REGION,0,EDITED,AuthenticText,285,527,41,24,C:\Users\jay\New folder (2)\Trustrace\data\document_patches\P0001177_X51006311764_AUTH.png
P0001178_X51006311764_AUTH,X51006311764,group_0376,train,AUTHENTIC_REGION,0,EDITED,AuthenticText,213,414,169,27,C:\Users\jay\New folder (2)\Trustrace\data\document_patches\P0001178_X51006311764_AUTH.png
P0001179_X51006311764_AUTH,X51006311764,group_0376,train,AUTHENTIC_REGION,0,EDITED,AuthenticText,429,859,41,25,C:\Users\jay\New folder (2)\Trustrace\data\document_patches\P0001179_X51006311764_AUTH.png
P0001180_X51006311764_AUTH,X51006311764,group_0376,train,AUTHENTIC_REGION,0,EDITED,AuthenticText,340,339,41,25,C:\Users\jay\New folder (2)\Trustrace\data\document_patches\P0001180_X51006311764_AUTH.png
P0001181_X51006311764_AUTH,X51006311764,group_0376,train,AUTHENTIC_REGION,0,EDITED,AuthenticText,416,900,12,16,C:\Users\jay\New folder (2)\Trustrace\data\document_patches\P0001181_X51006311764_AUTH.png
P0001182_X51006311764_AUTH,X51006311764,group_0376,train,AUTHENTIC_REGION,0,EDITED,AuthenticText,460,1197,112,21,C:\Users\jay\New folder (2)\Trustrace\data\document_patches\P0001182_X51006311764_AUTH.png
P0001183_X51006311764_AUTH,X51006311764,group_0376,train,AUTHENTIC_REGION,0,EDITED,AuthenticText,177,1009,69,26,C:\Users\jay\New folder (2)\Trustrace\data\document_patches\P0001183_X51006311764_AUTH.png
P0001184_X51006311764_AUTH,X51006311764,group_0376,train,AUTHENTIC_REGION,0,EDITED,AuthenticText,92,1086,65,25,C:\Users\jay\New folder (2)\Trustrace\data\document_patches\P0001184_X51006311764_AUTH.png
P0001185_X51006311764_AUTH,X51006311764,group_0376,train,AUTHENTIC_REGION,0,EDITED,AuthenticText,284,376,106,26,C:\Users\jay\New folder (2)\Trustrace\data\document_patches\P0001185_X51006311764_AUTH.png
P0001186_X51006311764_AUTH,X51006311764,group_0376,train,AUTHENTIC_REGION,0,EDITED,AuthenticText,242,303,76,25,C:\Users\jay\New folder (2)\Trustrace\data\document_patches\P0001186_X51006311764_AUTH.png
P0001187_X51006311764_AUTH,X51006311764,group_0376,train,AUTHENTIC_REGION,0,EDITED,AuthenticText,121,752,7,24,C:\Users\jay\New folder (2)\Trustrace\data\document_patches\P0001187_X51006311764_AUTH.png
P0001188_X51006311764_AUTH,X51006311764,group_0376,train,AUTHENTIC_REGION,0,EDITED,AuthenticText,173,603,34,24,C:\Users\jay\New folder (2)\Trustrace\data\document_patches\P0001188_X51006311764_AUTH.png
P0001189_X51006311764_AUTH,X51006311764,group_0376,train,AUTHENTIC_REGION,0,EDITED,AuthenticText,367,227,56,25,C:\Users\jay\New folder (2)\Trustrace\data\document_patches\P0001189_X51006311764_AUTH.png
P0001190_X51006311764_AUTH,X51006311764,group_0376,train,AUTHENTIC_REGION,0,EDITED,AuthenticText,154,1429,95,22,C:\Users\jay\New folder (2)\Trustrace\data\document_patches\P0001190_X51006311764_AUTH.png
P0001191_X51006311764_AUTH,X51006311764,group_0376,train,AUTHENTIC_REGION,0,EDITED,AuthenticText,132,751,41,25,C:\Users\jay\New folder (2)\Trustrace\data\document_patches\P0001191_X51006311764_AUTH.png
P0001192_X51006311764_AUTH,X51006311764,group_0376,train,AUTHENTIC_REGION,0,EDITED,AuthenticText,92,1238,49,26,C:\Users\jay\New folder (2)\Trustrace\data\document_patches\P0001192_X51006311764_AUTH.png
P0001193_X51006311764_AUTH,X51006311764,group_0376,train,AUTHENTIC_REGION,0,EDITED,AuthenticText,95,974,52,25,C:\Users\jay\New folder (2)\Trustrace\data\document_patches\P0001193_X51006311764_AUTH.png
P0001194_X51006311764_AUTH,X51006311764,group_0376,train,AUTHENTIC_REGION,0,EDITED,AuthenticText,264,1271,151,25,C:\Users\jay\New folder (2)\Trustrace\data\document_patches\P0001194_X51006311764_AUTH.png
P0001195_X51006311764_AUTH,X51006311764,group_0376,train,AUTHENTIC_REGION,0,EDITED,AuthenticText,162,972,70,26,C:\Users\jay\New folder (2)\Trustrace\data\document_patches\P0001195_X51006311764_AUTH.png
P0001196_X51006311764_AUTH,X51006311764,group_0376,train,AUTHENTIC_REGION,0,EDITED,AuthenticText,92,1048,112,28,C:\Users\jay\New folder (2)\Trustrace\data\document_patches\P0001196_X51006311764_AUTH.png
P0001197_X51006311764_AUTH,X51006311764,group_0376,train,AUTHENTIC_REGION,0,EDITED,AuthenticText,264,1008,60,26,C:\Users\jay\New folder (2)\Trustrace\data\document_patches\P0001197_X51006311764_AUTH.png
P0001198_X51006311764_AUTH,X51006311764,group_0376,train,AUTHENTIC_REGION,0,EDITED,AuthenticText,592,1416,51,25,C:\Users\jay\New folder (2)\Trustrace\data\document_patches\P0001198_X51006311764_AUTH.png
P0001199_X51006311764_AUTH,X51006311764,group_0376,train,AUTHENTIC_REGION,0,EDITED,AuthenticText,136,1277,111,21,C:\Users\jay\New folder (2)\Trustrace\data\document_patches\P0001199_X51006311764_AUTH.png
P0001200_X51006311764_AUTH,X51006311764,group_0376,train,AUTHENTIC_REGION,0,EDITED,AuthenticText,163,1235,56,25,C:\Users\jay\New folder (2)\Trustrace\data\document_patches\P0001200_X51006311764_AUTH.png
P0001201_X51006311767_AUTH,X51006311767,group_0377,train,AUTHENTIC_REGION,0,REAL,AuthenticText,311,1771,141,26,C:\Users\jay\New folder (2)\Trustrace\data\document_patches\P0001201_X51006311767_AUTH.png
P0001202_X51006311767_AUTH,X51006311767,group_0377,train,AUTHENTIC_REGION,0,REAL,AuthenticText,207,1324,27,25,C:\Users\jay\New folder (2)\Trustrace\data\document_patches\P0001202_X51006311767_AUTH.png
P0001203_X51006311778_AUTH,X51006311778,group_0378,train,AUTHENTIC_REGION,0,REAL,AuthenticText,493,821,48,23,C:\Users\jay\New folder (2)\Trustrace\data\document_patches\P0001203_X51006311778_AUTH.png
P0001204_X51006311778_AUTH,X51006311778,group_0378,train,AUTHENTIC_REGION,0,REAL,AuthenticText,438,405,47,25,C:\Users\jay\New folder (2)\Trustrace\data\document_patches\P0001204_X51006311778_AUTH.png
P0001205_X51006311779_AUTH,X51006311779,group_0379,train,AUTHENTIC_REGION,0,REAL,AuthenticText,603,1613,49,32,C:\Users\jay\New folder (2)\Trustrace\data\document_patches\P0001205_X51006311779_AUTH.png
P0001206_X51006311779_AUTH,X51006311779,group_0379,train,AUTHENTIC_REGION,0,REAL,AuthenticText,168,840,51,22,C:\Users\jay\New folder (2)\Trustrace\data\document_patches\P0001206_X51006311779_AUTH.png
P0001207_X51006311780_AUTH,X51006311780,group_0380,train,AUTHENTIC_REGION,0,REAL,AuthenticText,717,1369,13,24,C:\Users\jay\New folder (2)\Trustrace\data\document_patches\P0001207_X51006311780_AUTH.png
P0001208_X51006311780_AUTH,X51006311780,group_0380,train,AUTHENTIC_REGION,0,REAL,AuthenticText,567,343,46,25,C:\Users\jay\New folder (2)\Trustrace\data\document_patches\P0001208_X51006311780_AUTH.png
P0001209_X51006327953_AUTH,X51006327953,group_0381,train,AUTHENTIC_REGION,0,REAL,AuthenticText,81,1037,54,25,C:\Users\jay\New folder (2)\Trustrace\data\document_patches\P0001209_X51006327953_AUTH.png
P0001210_X51006327953_AUTH,X51006327953,group_0381,train,AUTHENTIC_REGION,0,REAL,AuthenticText,334,237,27,24,C:\Users\jay\New folder (2)\Trustrace\data\document_patches\P0001210_X51006327953_AUTH.png
P0001211_X51006327960_AUTH,X51006327960,group_0382,train,AUTHENTIC_REGION,0,REAL,AuthenticText,445,283,77,24,C:\Users\jay\New folder (2)\Trustrace\data\document_patches\P0001211_X51006327960_AUTH.png
P0001212_X51006327960_AUTH,X51006327960,group_0382,train,AUTHENTIC_REGION,0,REAL,AuthenticText,208,282,44,25,C:\Users\jay\New folder (2)\Trustrace\data\document_patches\P0001212_X51006327960_AUTH.png
P0001213_X51006327976_AUTH,X51006327976,group_0383,train,AUTHENTIC_REGION,0,REAL,AuthenticText,537,1235,33,14,C:\Users\jay\New folder (2)\Trustrace\data\document_patches\P0001213_X51006327976_AUTH.png
P0001214_X51006327976_AUTH,X51006327976,group_0383,train,AUTHENTIC_REGION,0,REAL,AuthenticText,465,1436,66,14,C:\Users\jay\New folder (2)\Trustrace\data\document_patches\P0001214_X51006327976_AUTH.png
P0001215_X51006327978_AUTH,X51006327978,group_0384,train,AUTHENTIC_REGION,0,REAL,AuthenticText,343,781,71,25,C:\Users\jay\New folder (2)\Trustrace\data\document_patches\P0001215_X51006327978_AUTH.png
P0001216_X51006327978_AUTH,X51006327978,group_0384,train,AUTHENTIC_REGION,0,REAL,AuthenticText,222,1383,42,24,C:\Users\jay\New folder (2)\Trustrace\data\document_patches\P0001216_X51006327978_AUTH.png
P0001217_X51006328345_AUTH,X51006328345,group_0385,train,AUTHENTIC_REGION,0,REAL,AuthenticText,420,381,44,26,C:\Users\jay\New folder (2)\Trustrace\data\document_patches\P0001217_X51006328345_AUTH.png
P0001218_X51006328345_AUTH,X51006328345,group_0385,train,AUTHENTIC_REGION,0,REAL,AuthenticText,469,377,160,29,C:\Users\jay\New folder (2)\Trustrace\data\document_patches\P0001218_X51006328345_AUTH.png
P0001219_X51006328913_AUTH,X51006328913,group_0024,train,AUTHENTIC_REGION,0,REAL,AuthenticText,514,603,68,24,C:\Users\jay\New folder (2)\Trustrace\data\document_patches\P0001219_X51006328913_AUTH.png
P0001220_X51006328913_AUTH,X51006328913,group_0024,train,AUTHENTIC_REGION,0,REAL,AuthenticText,165,573,5,17,C:\Users\jay\New folder (2)\Trustrace\data\document_patches\P0001220_X51006328913_AUTH.png
P0001223_X51006328920_AUTH,X51006328920,group_0386,train,AUTHENTIC_REGION,0,REAL,AuthenticText,154,587,139,28,C:\Users\jay\New folder (2)\Trustrace\data\document_patches\P0001223_X51006328920_AUTH.png
P0001224_X51006328920_AUTH,X51006328920,group_0386,train,AUTHENTIC_REGION,0,REAL,AuthenticText,351,411,69,25,C:\Users\jay\New folder (2)\Trustrace\data\document_patches\P0001224_X51006328920_AUTH.png
P0001227_X51006328967_AUTH,X51006328967,group_0027,train,AUTHENTIC_REGION,0,REAL,AuthenticText,195,1218,42,23,C:\Users\jay\New folder (2)\Trustrace\data\document_patches\P0001227_X51006328967_AUTH.png
P0001228_X51006328967_AUTH,X51006328967,group_0027,train,AUTHENTIC_REGION,0,REAL,AuthenticText,183,329,53,28,C:\Users\jay\New folder (2)\Trustrace\data\document_patches\P0001228_X51006328967_AUTH.png
P0001229_X51006329183_FORGED,X51006329183,group_0387,train,FORGED_REGION,1,EDITED,Product,382,966,20,27,C:\Users\jay\New folder (2)\Trustrace\data\document_patches\P0001229_X51006329183_FORGED.png
P0001230_X51006329183_FORGED,X51006329183,group_0387,train,FORGED_REGION,1,EDITED,Total/payment,600,1199,18,29,C:\Users\jay\New folder (2)\Trustrace\data\document_patches\P0001230_X51006329183_FORGED.png
P0001231_X51006329183_FORGED,X51006329183,group_0387,train,FORGED_REGION,1,EDITED,Total/payment,600,1276,17,30,C:\Users\jay\New folder (2)\Trustrace\data\document_patches\P0001231_X51006329183_FORGED.png
P0001232_X51006329183_FORGED,X51006329183,group_0387,train,FORGED_REGION,1,EDITED,Metadata,215,692,17,28,C:\Users\jay\New folder (2)\Trustrace\data\document_patches\P0001232_X51006329183_FORGED.png
P0001233_X51006329183_FORGED,X51006329183,group_0387,train,FORGED_REGION,1,EDITED,Total/payment,628,1277,19,29,C:\Users\jay\New folder (2)\Trustrace\data\document_patches\P0001233_X51006329183_FORGED.png
P0001234_X51006329183_FORGED,X51006329183,group_0387,train,FORGED_REGION,1,EDITED,Product,520,966,21,31,C:\Users\jay\New folder (2)\Trustrace\data\document_patches\P0001234_X51006329183_FORGED.png
P0001235_X51006329183_FORGED,X51006329183,group_0387,train,FORGED_REGION,1,EDITED,Total/payment,47,1360,617,134,C:\Users\jay\New folder (2)\Trustrace\data\document_patches\P0001235_X51006329183_FORGED.png
P0001236_X51006329183_AUTH,X51006329183,group_0387,train,AUTHENTIC_REGION,0,EDITED,AuthenticText,108,1239,105,26,C:\Users\jay\New folder (2)\Trustrace\data\document_patches\P0001236_X51006329183_AUTH.png
P0001237_X51006329183_AUTH,X51006329183,group_0387,train,AUTHENTIC_REGION,0,EDITED,AuthenticText,217,256,74,23,C:\Users\jay\New folder (2)\Trustrace\data\document_patches\P0001237_X51006329183_AUTH.png
P0001238_X51006329183_AUTH,X51006329183,group_0387,train,AUTHENTIC_REGION,0,EDITED,AuthenticText,138,372,107,23,C:\Users\jay\New folder (2)\Trustrace\data\document_patches\P0001238_X51006329183_AUTH.png
P0001239_X51006329183_AUTH,X51006329183,group_0387,train,AUTHENTIC_REGION,0,EDITED,AuthenticText,617,1125,43,22,C:\Users\jay\New folder (2)\Trustrace\data\document_patches\P0001239_X51006329183_AUTH.png
P0001240_X51006329183_AUTH,X51006329183,group_0387,train,AUTHENTIC_REGION,0,EDITED,AuthenticText,369,2052,44,23,C:\Users\jay\New folder (2)\Trustrace\data\document_patches\P0001240_X51006329183_AUTH.png
P0001241_X51006329183_AUTH,X51006329183,group_0387,train,AUTHENTIC_REGION,0,EDITED,AuthenticText,433,460,45,16,C:\Users\jay\New folder (2)\Trustrace\data\document_patches\P0001241_X51006329183_AUTH.png
P0001242_X51006329183_AUTH,X51006329183,group_0387,train,AUTHENTIC_REGION,0,EDITED,AuthenticText,354,1279,55,24,C:\Users\jay\New folder (2)\Trustrace\data\document_patches\P0001242_X51006329183_AUTH.png
P0001243_X51006329388_AUTH,X51006329388,group_0024,train,AUTHENTIC_REGION,0,REAL,AuthenticText,165,573,5,17,C:\Users\jay\New folder (2)\Trustrace\data\document_patches\P0001243_X51006329388_AUTH.png
P0001244_X51006329388_AUTH,X51006329388,group_0024,train,AUTHENTIC_REGION,0,REAL,AuthenticText,50,927,124,25,C:\Users\jay\New folder (2)\Trustrace\data\document_patches\P0001244_X51006329388_AUTH.png
P0001249_X51006329402_AUTH,X51006329402,group_0388,train,AUTHENTIC_REGION,0,REAL,AuthenticText,274,432,27,24,C:\Users\jay\New folder (2)\Trustrace\data\document_patches\P0001249_X51006329402_AUTH.png
P0001250_X51006329402_AUTH,X51006329402,group_0388,train,AUTHENTIC_REGION,0,REAL,AuthenticText,481,349,59,24,C:\Users\jay\New folder (2)\Trustrace\data\document_patches\P0001250_X51006329402_AUTH.png
P0001251_X51006332575_AUTH,X51006332575,group_0027,train,AUTHENTIC_REGION,0,REAL,AuthenticText,37,1142,69,25,C:\Users\jay\New folder (2)\Trustrace\data\document_patches\P0001251_X51006332575_AUTH.png
P0001252_X51006332575_AUTH,X51006332575,group_0027,train,AUTHENTIC_REGION,0,REAL,AuthenticText,38,1447,70,24,C:\Users\jay\New folder (2)\Trustrace\data\document_patches\P0001252_X51006332575_AUTH.png
P0001253_X51006332641_AUTH,X51006332641,group_0389,train,AUTHENTIC_REGION,0,REAL,AuthenticText,419,583,125,23,C:\Users\jay\New folder (2)\Trustrace\data\document_patches\P0001253_X51006332641_AUTH.png
P0001254_X51006332641_AUTH,X51006332641,group_0389,train,AUTHENTIC_REGION,0,REAL,AuthenticText,59,778,155,26,C:\Users\jay\New folder (2)\Trustrace\data\document_patches\P0001254_X51006332641_AUTH.png
P0001257_X51006334139_AUTH,X51006334139,group_0391,train,AUTHENTIC_REGION,0,REAL,AuthenticText,478,277,83,30,C:\Users\jay\New folder (2)\Trustrace\data\document_patches\P0001257_X51006334139_AUTH.png
P0001258_X51006334139_AUTH,X51006334139,group_0391,train,AUTHENTIC_REGION,0,REAL,AuthenticText,373,356,57,24,C:\Users\jay\New folder (2)\Trustrace\data\document_patches\P0001258_X51006334139_AUTH.png
P0001259_X51006334699_AUTH,X51006334699,group_0392,train,AUTHENTIC_REGION,0,REAL,AuthenticText,169,660,61,31,C:\Users\jay\New folder (2)\Trustrace\data\document_patches\P0001259_X51006334699_AUTH.png
P0001260_X51006334699_AUTH,X51006334699,group_0392,train,AUTHENTIC_REGION,0,REAL,AuthenticText,275,1136,58,24,C:\Users\jay\New folder (2)\Trustrace\data\document_patches\P0001260_X51006334699_AUTH.png
P0001261_X51006334741_AUTH,X51006334741,group_0393,train,AUTHENTIC_REGION,0,REAL,AuthenticText,261,1284,41,25,C:\Users\jay\New folder (2)\Trustrace\data\document_patches\P0001261_X51006334741_AUTH.png
P0001262_X51006334741_AUTH,X51006334741,group_0393,train,AUTHENTIC_REGION,0,REAL,AuthenticText,193,27,55,26,C:\Users\jay\New folder (2)\Trustrace\data\document_patches\P0001262_X51006334741_AUTH.png
P0001263_X51006334742_AUTH,X51006334742,group_0394,train,AUTHENTIC_REGION,0,REAL,AuthenticText,36,1465,65,25,C:\Users\jay\New folder (2)\Trustrace\data\document_patches\P0001263_X51006334742_AUTH.png
P0001264_X51006334742_AUTH,X51006334742,group_0394,train,AUTHENTIC_REGION,0,REAL,AuthenticText,346,868,97,29,C:\Users\jay\New folder (2)\Trustrace\data\document_patches\P0001264_X51006334742_AUTH.png
P0001265_X51006334766_AUTH,X51006334766,group_0395,train,AUTHENTIC_REGION,0,REAL,AuthenticText,83,1052,39,24,C:\Users\jay\New folder (2)\Trustrace\data\document_patches\P0001265_X51006334766_AUTH.png
P0001266_X51006334766_AUTH,X51006334766,group_0395,train,AUTHENTIC_REGION,0,REAL,AuthenticText,664,645,27,24,C:\Users\jay\New folder (2)\Trustrace\data\document_patches\P0001266_X51006334766_AUTH.png
P0001267_X51006334770_AUTH,X51006334770,group_0396,train,AUTHENTIC_REGION,0,REAL,AuthenticText,61,386,43,29,C:\Users\jay\New folder (2)\Trustrace\data\document_patches\P0001267_X51006334770_AUTH.png
P0001268_X51006334770_AUTH,X51006334770,group_0396,train,AUTHENTIC_REGION,0,REAL,AuthenticText,347,1268,125,28,C:\Users\jay\New folder (2)\Trustrace\data\document_patches\P0001268_X51006334770_AUTH.png
P0001269_X51006334819_AUTH,X51006334819,group_0397,train,AUTHENTIC_REGION,0,REAL,AuthenticText,232,283,91,26,C:\Users\jay\New folder (2)\Trustrace\data\document_patches\P0001269_X51006334819_AUTH.png
P0001270_X51006334819_AUTH,X51006334819,group_0397,train,AUTHENTIC_REGION,0,REAL,AuthenticText,414,1380,95,33,C:\Users\jay\New folder (2)\Trustrace\data\document_patches\P0001270_X51006334819_AUTH.png
P0001273_X51006334927_AUTH,X51006334927,group_0399,train,AUTHENTIC_REGION,0,REAL,AuthenticText,379,448,65,27,C:\Users\jay\New folder (2)\Trustrace\data\document_patches\P0001273_X51006334927_AUTH.png
P0001274_X51006334927_AUTH,X51006334927,group_0399,train,AUTHENTIC_REGION,0,REAL,AuthenticText,294,448,65,27,C:\Users\jay\New folder (2)\Trustrace\data\document_patches\P0001274_X51006334927_AUTH.png
P0001275_X51006335314_AUTH,X51006335314,group_0400,train,AUTHENTIC_REGION,0,REAL,AuthenticText,171,265,69,24,C:\Users\jay\New folder (2)\Trustrace\data\document_patches\P0001275_X51006335314_AUTH.png
P0001276_X51006335314_AUTH,X51006335314,group_0400,train,AUTHENTIC_REGION,0,REAL,AuthenticText,492,1418,71,24,C:\Users\jay\New folder (2)\Trustrace\data\document_patches\P0001276_X51006335314_AUTH.png
P0001277_X51006335547_AUTH,X51006335547,group_0401,train,AUTHENTIC_REGION,0,REAL,AuthenticText,327,909,45,31,C:\Users\jay\New folder (2)\Trustrace\data\document_patches\P0001277_X51006335547_AUTH.png
P0001278_X51006335547_AUTH,X51006335547,group_0401,train,AUTHENTIC_REGION,0,REAL,AuthenticText,247,317,87,26,C:\Users\jay\New folder (2)\Trustrace\data\document_patches\P0001278_X51006335547_AUTH.png
P0001279_X51006335552_AUTH,X51006335552,group_0402,train,AUTHENTIC_REGION,0,REAL,AuthenticText,287,1425,26,24,C:\Users\jay\New folder (2)\Trustrace\data\document_patches\P0001279_X51006335552_AUTH.png
P0001280_X51006335552_AUTH,X51006335552,group_0402,train,AUTHENTIC_REGION,0,REAL,AuthenticText,62,1949,59,24,C:\Users\jay\New folder (2)\Trustrace\data\document_patches\P0001280_X51006335552_AUTH.png
P0001281_X51006335818_AUTH,X51006335818,group_0403,train,AUTHENTIC_REGION,0,REAL,AuthenticText,238,1637,28,17,C:\Users\jay\New folder (2)\Trustrace\data\document_patches\P0001281_X51006335818_AUTH.png
P0001282_X51006335818_AUTH,X51006335818,group_0403,train,AUTHENTIC_REGION,0,REAL,AuthenticText,629,869,13,24,C:\Users\jay\New folder (2)\Trustrace\data\document_patches\P0001282_X51006335818_AUTH.png
P0001285_X51006349083_AUTH,X51006349083,group_0405,train,AUTHENTIC_REGION,0,REAL,AuthenticText,37,1294,37,23,C:\Users\jay\New folder (2)\Trustrace\data\document_patches\P0001285_X51006349083_AUTH.png
P0001286_X51006349083_AUTH,X51006349083,group_0405,train,AUTHENTIC_REGION,0,REAL,AuthenticText,37,1327,83,27,C:\Users\jay\New folder (2)\Trustrace\data\document_patches\P0001286_X51006349083_AUTH.png
P0001287_X51006349085_FORGED,X51006349085,group_0406,train,FORGED_REGION,1,EDITED,Product,453,851,21,30,C:\Users\jay\New folder (2)\Trustrace\data\document_patches\P0001287_X51006349085_FORGED.png
P0001288_X51006349085_FORGED,X51006349085,group_0406,train,FORGED_REGION,1,EDITED,Product,565,850,21,33,C:\Users\jay\New folder (2)\Trustrace\data\document_patches\P0001288_X51006349085_FORGED.png
P0001289_X51006349085_FORGED,X51006349085,group_0406,train,FORGED_REGION,1,EDITED,Total/payment,631,1056,21,29,C:\Users\jay\New folder (2)\Trustrace\data\document_patches\P0001289_X51006349085_FORGED.png
P0001290_X51006349085_FORGED,X51006349085,group_0406,train,FORGED_REGION,1,EDITED,Total/payment,632,1123,20,28,C:\Users\jay\New folder (2)\Trustrace\data\document_patches\P0001290_X51006349085_FORGED.png
P0001291_X51006349085_FORGED,X51006349085,group_0406,train,FORGED_REGION,1,EDITED,Total/payment,632,1198,20,34,C:\Users\jay\New folder (2)\Trustrace\data\document_patches\P0001291_X51006349085_FORGED.png
P0001292_X51006349085_FORGED,X51006349085,group_0406,train,FORGED_REGION,1,EDITED,Total/payment,474,1324,81,35,C:\Users\jay\New folder (2)\Trustrace\data\document_patches\P0001292_X51006349085_FORGED.png
P0001293_X51006349085_FORGED,X51006349085,group_0406,train,FORGED_REGION,1,EDITED,Total/payment,645,1326,73,35,C:\Users\jay\New folder (2)\Trustrace\data\document_patches\P0001293_X51006349085_FORGED.png
P0001294_X51006349085_AUTH,X51006349085,group_0406,train,AUTHENTIC_REGION,0,EDITED,AuthenticText,526,1391,96,31,C:\Users\jay\New folder (2)\Trustrace\data\document_patches\P0001294_X51006349085_AUTH.png
P0001295_X51006349085_AUTH,X51006349085,group_0406,train,AUTHENTIC_REGION,0,EDITED,AuthenticText,419,855,14,21,C:\Users\jay\New folder (2)\Trustrace\data\document_patches\P0001295_X51006349085_AUTH.png
P0001296_X51006349085_AUTH,X51006349085,group_0406,train,AUTHENTIC_REGION,0,EDITED,AuthenticText,532,1427,73,24,C:\Users\jay\New folder (2)\Trustrace\data\document_patches\P0001296_X51006349085_AUTH.png
P0001297_X51006349085_AUTH,X51006349085,group_0406,train,AUTHENTIC_REGION,0,EDITED,AuthenticText,305,578,132,23,C:\Users\jay\New folder (2)\Trustrace\data\document_patches\P0001297_X51006349085_AUTH.png
P0001298_X51006349085_AUTH,X51006349085,group_0406,train,AUTHENTIC_REGION,0,EDITED,AuthenticText,358,170,138,26,C:\Users\jay\New folder (2)\Trustrace\data\document_patches\P0001298_X51006349085_AUTH.png
P0001299_X51006349085_AUTH,X51006349085,group_0406,train,AUTHENTIC_REGION,0,EDITED,AuthenticText,226,381,121,26,C:\Users\jay\New folder (2)\Trustrace\data\document_patches\P0001299_X51006349085_AUTH.png
P0001300_X51006349085_AUTH,X51006349085,group_0406,train,AUTHENTIC_REGION,0,EDITED,AuthenticText,141,618,52,29,C:\Users\jay\New folder (2)\Trustrace\data\document_patches\P0001300_X51006349085_AUTH.png
P0001301_X51006349086_AUTH,X51006349086,group_0407,train,AUTHENTIC_REGION,0,REAL,AuthenticText,69,289,55,25,C:\Users\jay\New folder (2)\Trustrace\data\document_patches\P0001301_X51006349086_AUTH.png
P0001302_X51006349086_AUTH,X51006349086,group_0407,train,AUTHENTIC_REGION,0,REAL,AuthenticText,139,769,6,21,C:\Users\jay\New folder (2)\Trustrace\data\document_patches\P0001302_X51006349086_AUTH.png
P0001303_X51006350737_AUTH,X51006350737,group_0408,train,AUTHENTIC_REGION,0,REAL,AuthenticText,258,657,47,21,C:\Users\jay\New folder (2)\Trustrace\data\document_patches\P0001303_X51006350737_AUTH.png
P0001304_X51006350737_AUTH,X51006350737,group_0408,train,AUTHENTIC_REGION,0,REAL,AuthenticText,480,657,29,21,C:\Users\jay\New folder (2)\Trustrace\data\document_patches\P0001304_X51006350737_AUTH.png
P0001305_X51006350750_AUTH,X51006350750,group_0409,train,AUTHENTIC_REGION,0,REAL,AuthenticText,307,830,63,21,C:\Users\jay\New folder (2)\Trustrace\data\document_patches\P0001305_X51006350750_AUTH.png
P0001306_X51006350750_AUTH,X51006350750,group_0409,train,AUTHENTIC_REGION,0,REAL,AuthenticText,50,650,55,22,C:\Users\jay\New folder (2)\Trustrace\data\document_patches\P0001306_X51006350750_AUTH.png
P0001307_X51006350763_AUTH,X51006350763,group_0410,train,AUTHENTIC_REGION,0,REAL,AuthenticText,124,1193,114,26,C:\Users\jay\New folder (2)\Trustrace\data\document_patches\P0001307_X51006350763_AUTH.png
P0001308_X51006350763_AUTH,X51006350763,group_0410,train,AUTHENTIC_REGION,0,REAL,AuthenticText,135,1020,48,21,C:\Users\jay\New folder (2)\Trustrace\data\document_patches\P0001308_X51006350763_AUTH.png
P0001309_X51006387660_AUTH,X51006387660,group_0411,train,AUTHENTIC_REGION,0,REAL,AuthenticText,440,619,67,25,C:\Users\jay\New folder (2)\Trustrace\data\document_patches\P0001309_X51006387660_AUTH.png
P0001310_X51006387660_AUTH,X51006387660,group_0411,train,AUTHENTIC_REGION,0,REAL,AuthenticText,127,1160,52,24,C:\Users\jay\New folder (2)\Trustrace\data\document_patches\P0001310_X51006387660_AUTH.png
P0001311_X51006387737_AUTH,X51006387737,group_0412,train,AUTHENTIC_REGION,0,REAL,AuthenticText,258,375,96,23,C:\Users\jay\New folder (2)\Trustrace\data\document_patches\P0001311_X51006387737_AUTH.png
P0001312_X51006387737_AUTH,X51006387737,group_0412,train,AUTHENTIC_REGION,0,REAL,AuthenticText,63,1211,79,24,C:\Users\jay\New folder (2)\Trustrace\data\document_patches\P0001312_X51006387737_AUTH.png
P0001315_X51006387812_AUTH,X51006387812,group_0414,train,AUTHENTIC_REGION,0,REAL,AuthenticText,65,437,83,24,C:\Users\jay\New folder (2)\Trustrace\data\document_patches\P0001315_X51006387812_AUTH.png
P0001316_X51006387812_AUTH,X51006387812,group_0414,train,AUTHENTIC_REGION,0,REAL,AuthenticText,49,1190,65,24,C:\Users\jay\New folder (2)\Trustrace\data\document_patches\P0001316_X51006387812_AUTH.png
P0001317_X51006387813_AUTH,X51006387813,group_0415,train,AUTHENTIC_REGION,0,REAL,AuthenticText,525,1268,69,24,C:\Users\jay\New folder (2)\Trustrace\data\document_patches\P0001317_X51006387813_AUTH.png
P0001318_X51006387813_AUTH,X51006387813,group_0415,train,AUTHENTIC_REGION,0,REAL,AuthenticText,131,1735,39,24,C:\Users\jay\New folder (2)\Trustrace\data\document_patches\P0001318_X51006387813_AUTH.png
P0001319_X51006387847_AUTH,X51006387847,group_0416,train,AUTHENTIC_REGION,0,REAL,AuthenticText,151,1072,258,32,C:\Users\jay\New folder (2)\Trustrace\data\document_patches\P0001319_X51006387847_AUTH.png
P0001320_X51006387847_AUTH,X51006387847,group_0416,train,AUTHENTIC_REGION,0,REAL,AuthenticText,309,479,143,27,C:\Users\jay\New folder (2)\Trustrace\data\document_patches\P0001320_X51006387847_AUTH.png
P0001321_X51006387850_AUTH,X51006387850,group_0417,train,AUTHENTIC_REGION,0,REAL,AuthenticText,397,1185,193,29,C:\Users\jay\New folder (2)\Trustrace\data\document_patches\P0001321_X51006387850_AUTH.png
P0001322_X51006387850_AUTH,X51006387850,group_0417,train,AUTHENTIC_REGION,0,REAL,AuthenticText,395,200,14,25,C:\Users\jay\New folder (2)\Trustrace\data\document_patches\P0001322_X51006387850_AUTH.png
P0001323_X51006387931_AUTH,X51006387931,group_0418,train,AUTHENTIC_REGION,0,REAL,AuthenticText,93,221,112,25,C:\Users\jay\New folder (2)\Trustrace\data\document_patches\P0001323_X51006387931_AUTH.png
P0001324_X51006387931_AUTH,X51006387931,group_0418,train,AUTHENTIC_REGION,0,REAL,AuthenticText,180,290,134,23,C:\Users\jay\New folder (2)\Trustrace\data\document_patches\P0001324_X51006387931_AUTH.png
P0001329_X51006387951_AUTH,X51006387951,group_0421,train,AUTHENTIC_REGION,0,REAL,AuthenticText,292,981,43,22,C:\Users\jay\New folder (2)\Trustrace\data\document_patches\P0001329_X51006387951_AUTH.png
P0001330_X51006387951_AUTH,X51006387951,group_0421,train,AUTHENTIC_REGION,0,REAL,AuthenticText,337,220,140,28,C:\Users\jay\New folder (2)\Trustrace\data\document_patches\P0001330_X51006387951_AUTH.png
P0001331_X51006387953_AUTH,X51006387953,group_0422,train,AUTHENTIC_REGION,0,REAL,AuthenticText,71,246,25,23,C:\Users\jay\New folder (2)\Trustrace\data\document_patches\P0001331_X51006387953_AUTH.png
P0001332_X51006387953_AUTH,X51006387953,group_0422,train,AUTHENTIC_REGION,0,REAL,AuthenticText,11,606,71,28,C:\Users\jay\New folder (2)\Trustrace\data\document_patches\P0001332_X51006387953_AUTH.png
P0001337_X51006388044_FORGED,X51006388044,group_0425,train,FORGED_REGION,1,EDITED,Metadata,144,1174,18,27,C:\Users\jay\New folder (2)\Trustrace\data\document_patches\P0001337_X51006388044_FORGED.png
P0001338_X51006388044_FORGED,X51006388044,group_0425,train,FORGED_REGION,1,EDITED,Metadata,161,1175,16,26,C:\Users\jay\New folder (2)\Trustrace\data\document_patches\P0001338_X51006388044_FORGED.png
P0001339_X51006388044_FORGED,X51006388044,group_0425,train,FORGED_REGION,1,EDITED,Metadata,237,1174,14,29,C:\Users\jay\New folder (2)\Trustrace\data\document_patches\P0001339_X51006388044_FORGED.png
P0001340_X51006388044_FORGED,X51006388044,group_0425,train,FORGED_REGION,1,EDITED,Metadata,266,1173,16,31,C:\Users\jay\New folder (2)\Trustrace\data\document_patches\P0001340_X51006388044_FORGED.png
P0001341_X51006388044_FORGED,X51006388044,group_0425,train,FORGED_REGION,1,EDITED,Metadata,208,1176,16,28,C:\Users\jay\New folder (2)\Trustrace\data\document_patches\P0001341_X51006388044_FORGED.png
P0001342_X51006388044_FORGED,X51006388044,group_0425,train,FORGED_REGION,1,EDITED,Other,431,1255,17,27,C:\Users\jay\New folder (2)\Trustrace\data\document_patches\P0001342_X51006388044_FORGED.png
P0001343_X51006388044_AUTH,X51006388044,group_0425,train,AUTHENTIC_REGION,0,EDITED,AuthenticText,567,937,59,25,C:\Users\jay\New folder (2)\Trustrace\data\document_patches\P0001343_X51006388044_AUTH.png
P0001344_X51006388044_AUTH,X51006388044,group_0425,train,AUTHENTIC_REGION,0,EDITED,AuthenticText,58,975,44,26,C:\Users\jay\New folder (2)\Trustrace\data\document_patches\P0001344_X51006388044_AUTH.png
P0001345_X51006388044_AUTH,X51006388044,group_0425,train,AUTHENTIC_REGION,0,EDITED,AuthenticText,315,580,9,25,C:\Users\jay\New folder (2)\Trustrace\data\document_patches\P0001345_X51006388044_AUTH.png
P0001346_X51006388044_AUTH,X51006388044,group_0425,train,AUTHENTIC_REGION,0,EDITED,AuthenticText,298,1096,42,25,C:\Users\jay\New folder (2)\Trustrace\data\document_patches\P0001346_X51006388044_AUTH.png
P0001347_X51006388044_AUTH,X51006388044,group_0425,train,AUTHENTIC_REGION,0,EDITED,AuthenticText,507,659,146,26,C:\Users\jay\New folder (2)\Trustrace\data\document_patches\P0001347_X51006388044_AUTH.png
P0001348_X51006388044_AUTH,X51006388044,group_0425,train,AUTHENTIC_REGION,0,EDITED,AuthenticText,406,1184,7,6,C:\Users\jay\New folder (2)\Trustrace\data\document_patches\P0001348_X51006388044_AUTH.png
P0001349_X51006388064_AUTH,X51006388064,group_0426,train,AUTHENTIC_REGION,0,REAL,AuthenticText,174,1536,73,28,C:\Users\jay\New folder (2)\Trustrace\data\document_patches\P0001349_X51006388064_AUTH.png
P0001350_X51006388064_AUTH,X51006388064,group_0426,train,AUTHENTIC_REGION,0,REAL,AuthenticText,63,665,43,26,C:\Users\jay\New folder (2)\Trustrace\data\document_patches\P0001350_X51006388064_AUTH.png
P0001351_X51006388065_AUTH,X51006388065,group_0427,train,AUTHENTIC_REGION,0,REAL,AuthenticText,495,289,210,67,C:\Users\jay\New folder (2)\Trustrace\data\document_patches\P0001351_X51006388065_AUTH.png
P0001352_X51006388065_AUTH,X51006388065,group_0427,train,AUTHENTIC_REGION,0,REAL,AuthenticText,550,986,6,6,C:\Users\jay\New folder (2)\Trustrace\data\document_patches\P0001352_X51006388065_AUTH.png
P0001353_X51006388066_AUTH,X51006388066,group_0428,train,AUTHENTIC_REGION,0,REAL,AuthenticText,318,333,22,17,C:\Users\jay\New folder (2)\Trustrace\data\document_patches\P0001353_X51006388066_AUTH.png
P0001354_X51006388066_AUTH,X51006388066,group_0428,train,AUTHENTIC_REGION,0,REAL,AuthenticText,461,305,16,18,C:\Users\jay\New folder (2)\Trustrace\data\document_patches\P0001354_X51006388066_AUTH.png
P0001355_X51006388068_AUTH,X51006388068,group_0429,train,AUTHENTIC_REGION,0,REAL,AuthenticText,314,296,73,32,C:\Users\jay\New folder (2)\Trustrace\data\document_patches\P0001355_X51006388068_AUTH.png
P0001356_X51006388068_AUTH,X51006388068,group_0429,train,AUTHENTIC_REGION,0,REAL,AuthenticText,285,296,11,25,C:\Users\jay\New folder (2)\Trustrace\data\document_patches\P0001356_X51006388068_AUTH.png
P0001359_X51006388081_AUTH,X51006388081,group_0431,train,AUTHENTIC_REGION,0,REAL,AuthenticText,98,483,28,24,C:\Users\jay\New folder (2)\Trustrace\data\document_patches\P0001359_X51006388081_AUTH.png
P0001360_X51006388081_AUTH,X51006388081,group_0431,train,AUTHENTIC_REGION,0,REAL,AuthenticText,310,955,117,30,C:\Users\jay\New folder (2)\Trustrace\data\document_patches\P0001360_X51006388081_AUTH.png
P0001361_X51006388082_AUTH,X51006388082,group_0432,train,AUTHENTIC_REGION,0,REAL,AuthenticText,416,650,25,18,C:\Users\jay\New folder (2)\Trustrace\data\document_patches\P0001361_X51006388082_AUTH.png
P0001362_X51006388082_AUTH,X51006388082,group_0432,train,AUTHENTIC_REGION,0,REAL,AuthenticText,425,247,51,28,C:\Users\jay\New folder (2)\Trustrace\data\document_patches\P0001362_X51006388082_AUTH.png
P0001363_X51006388089_AUTH,X51006388089,group_0433,train,AUTHENTIC_REGION,0,REAL,AuthenticText,94,201,86,24,C:\Users\jay\New folder (2)\Trustrace\data\document_patches\P0001363_X51006388089_AUTH.png
P0001364_X51006388089_AUTH,X51006388089,group_0433,train,AUTHENTIC_REGION,0,REAL,AuthenticText,154,170,57,25,C:\Users\jay\New folder (2)\Trustrace\data\document_patches\P0001364_X51006388089_AUTH.png
P0001367_X51006389884_AUTH,X51006389884,group_0435,train,AUTHENTIC_REGION,0,REAL,AuthenticText,171,385,55,34,C:\Users\jay\New folder (2)\Trustrace\data\document_patches\P0001367_X51006389884_AUTH.png
P0001368_X51006389884_AUTH,X51006389884,group_0435,train,AUTHENTIC_REGION,0,REAL,AuthenticText,492,1240,52,35,C:\Users\jay\New folder (2)\Trustrace\data\document_patches\P0001368_X51006389884_AUTH.png
P0001369_X51006389888_AUTH,X51006389888,group_0436,train,AUTHENTIC_REGION,0,REAL,AuthenticText,771,1051,17,26,C:\Users\jay\New folder (2)\Trustrace\data\document_patches\P0001369_X51006389888_AUTH.png
P0001370_X51006389888_AUTH,X51006389888,group_0436,train,AUTHENTIC_REGION,0,REAL,AuthenticText,194,1551,89,33,C:\Users\jay\New folder (2)\Trustrace\data\document_patches\P0001370_X51006389888_AUTH.png
P0001371_X51006389893_AUTH,X51006389893,group_0437,train,AUTHENTIC_REGION,0,REAL,AuthenticText,322,2087,8,22,C:\Users\jay\New folder (2)\Trustrace\data\document_patches\P0001371_X51006389893_AUTH.png
P0001372_X51006389893_AUTH,X51006389893,group_0437,train,AUTHENTIC_REGION,0,REAL,AuthenticText,219,577,163,37,C:\Users\jay\New folder (2)\Trustrace\data\document_patches\P0001372_X51006389893_AUTH.png
P0001373_X51006389894_AUTH,X51006389894,group_0438,train,AUTHENTIC_REGION,0,REAL,AuthenticText,256,506,237,39,C:\Users\jay\New folder (2)\Trustrace\data\document_patches\P0001373_X51006389894_AUTH.png
P0001374_X51006389894_AUTH,X51006389894,group_0438,train,AUTHENTIC_REGION,0,REAL,AuthenticText,66,308,89,39,C:\Users\jay\New folder (2)\Trustrace\data\document_patches\P0001374_X51006389894_AUTH.png
P0001375_X51006389898_AUTH,X51006389898,group_0439,train,AUTHENTIC_REGION,0,REAL,AuthenticText,325,375,7,35,C:\Users\jay\New folder (2)\Trustrace\data\document_patches\P0001375_X51006389898_AUTH.png
P0001376_X51006389898_AUTH,X51006389898,group_0439,train,AUTHENTIC_REGION,0,REAL,AuthenticText,341,874,57,37,C:\Users\jay\New folder (2)\Trustrace\data\document_patches\P0001376_X51006389898_AUTH.png
P0001379_X51006392122_AUTH,X51006392122,group_0441,train,AUTHENTIC_REGION,0,REAL,AuthenticText,48,825,190,25,C:\Users\jay\New folder (2)\Trustrace\data\document_patches\P0001379_X51006392122_AUTH.png
P0001380_X51006392122_AUTH,X51006392122,group_0441,train,AUTHENTIC_REGION,0,REAL,AuthenticText,120,465,115,26,C:\Users\jay\New folder (2)\Trustrace\data\document_patches\P0001380_X51006392122_AUTH.png
P0001383_X51006392273_AUTH,X51006392273,group_0443,train,AUTHENTIC_REGION,0,REAL,AuthenticText,67,1010,24,14,C:\Users\jay\New folder (2)\Trustrace\data\document_patches\P0001383_X51006392273_AUTH.png
P0001384_X51006392273_AUTH,X51006392273,group_0443,train,AUTHENTIC_REGION,0,REAL,AuthenticText,267,259,66,28,C:\Users\jay\New folder (2)\Trustrace\data\document_patches\P0001384_X51006392273_AUTH.png
P0001385_X51006392299_FORGED,X51006392299,group_0444,train,FORGED_REGION,1,EDITED,Total/payment,396,1057,97,30,C:\Users\jay\New folder (2)\Trustrace\data\document_patches\P0001385_X51006392299_FORGED.png
P0001386_X51006392299_FORGED,X51006392299,group_0444,train,FORGED_REGION,1,EDITED,Total/payment,573,1056,64,31,C:\Users\jay\New folder (2)\Trustrace\data\document_patches\P0001386_X51006392299_FORGED.png
P0001387_X51006392299_FORGED,X51006392299,group_0444,train,FORGED_REGION,1,EDITED,Other,209,1205,13,28,C:\Users\jay\New folder (2)\Trustrace\data\document_patches\P0001387_X51006392299_FORGED.png
P0001388_X51006392299_FORGED,X51006392299,group_0444,train,FORGED_REGION,1,EDITED,Product,538,771,96,29,C:\Users\jay\New folder (2)\Trustrace\data\document_patches\P0001388_X51006392299_FORGED.png
P0001389_X51006392299_FORGED,X51006392299,group_0444,train,FORGED_REGION,1,EDITED,Product,573,814,60,30,C:\Users\jay\New folder (2)\Trustrace\data\document_patches\P0001389_X51006392299_FORGED.png
P0001390_X51006392299_FORGED,X51006392299,group_0444,train,FORGED_REGION,1,EDITED,Product,129,675,11,27,C:\Users\jay\New folder (2)\Trustrace\data\document_patches\P0001390_X51006392299_FORGED.png
P0001391_X51006392299_AUTH,X51006392299,group_0444,train,AUTHENTIC_REGION,0,EDITED,AuthenticText,558,676,90,25,C:\Users\jay\New folder (2)\Trustrace\data\document_patches\P0001391_X51006392299_AUTH.png
P0001392_X51006392299_AUTH,X51006392299,group_0444,train,AUTHENTIC_REGION,0,EDITED,AuthenticText,111,1208,80,24,C:\Users\jay\New folder (2)\Trustrace\data\document_patches\P0001392_X51006392299_AUTH.png
P0001393_X51006392299_AUTH,X51006392299,group_0444,train,AUTHENTIC_REGION,0,EDITED,AuthenticText,584,969,48,24,C:\Users\jay\New folder (2)\Trustrace\data\document_patches\P0001393_X51006392299_AUTH.png
P0001394_X51006392299_AUTH,X51006392299,group_0444,train,AUTHENTIC_REGION,0,EDITED,AuthenticText,484,257,70,27,C:\Users\jay\New folder (2)\Trustrace\data\document_patches\P0001394_X51006392299_AUTH.png
P0001395_X51006392299_AUTH,X51006392299,group_0444,train,AUTHENTIC_REGION,0,EDITED,AuthenticText,286,295,22,23,C:\Users\jay\New folder (2)\Trustrace\data\document_patches\P0001395_X51006392299_AUTH.png
P0001396_X51006392299_AUTH,X51006392299,group_0444,train,AUTHENTIC_REGION,0,EDITED,AuthenticText,366,413,177,22,C:\Users\jay\New folder (2)\Trustrace\data\document_patches\P0001396_X51006392299_AUTH.png
P0001397_X51006392313_AUTH,X51006392313,group_0445,train,AUTHENTIC_REGION,0,REAL,AuthenticText,209,1013,67,25,C:\Users\jay\New folder (2)\Trustrace\data\document_patches\P0001397_X51006392313_AUTH.png
P0001398_X51006392313_AUTH,X51006392313,group_0445,train,AUTHENTIC_REGION,0,REAL,AuthenticText,491,1257,97,24,C:\Users\jay\New folder (2)\Trustrace\data\document_patches\P0001398_X51006392313_AUTH.png
P0001401_X51006393377_FORGED,X51006393377,group_0447,train,FORGED_REGION,1,EDITED,Product,405,692,53,24,C:\Users\jay\New folder (2)\Trustrace\data\document_patches\P0001401_X51006393377_FORGED.png
P0001402_X51006393377_FORGED,X51006393377,group_0447,train,FORGED_REGION,1,EDITED,Product,404,657,54,27,C:\Users\jay\New folder (2)\Trustrace\data\document_patches\P0001402_X51006393377_FORGED.png
P0001403_X51006393377_AUTH,X51006393377,group_0447,train,AUTHENTIC_REGION,0,EDITED,AuthenticText,188,1057,114,20,C:\Users\jay\New folder (2)\Trustrace\data\document_patches\P0001403_X51006393377_AUTH.png
P0001404_X51006393377_AUTH,X51006393377,group_0447,train,AUTHENTIC_REGION,0,EDITED,AuthenticText,209,462,21,21,C:\Users\jay\New folder (2)\Trustrace\data\document_patches\P0001404_X51006393377_AUTH.png
P0001405_X51006401723_AUTH,X51006401723,group_0028,train,AUTHENTIC_REGION,0,REAL,AuthenticText,482,207,85,32,C:\Users\jay\New folder (2)\Trustrace\data\document_patches\P0001405_X51006401723_AUTH.png
P0001406_X51006401723_AUTH,X51006401723,group_0028,train,AUTHENTIC_REGION,0,REAL,AuthenticText,592,1345,77,28,C:\Users\jay\New folder (2)\Trustrace\data\document_patches\P0001406_X51006401723_AUTH.png
P0001407_X51006401836_AUTH,X51006401836,group_0448,train,AUTHENTIC_REGION,0,REAL,AuthenticText,44,913,42,24,C:\Users\jay\New folder (2)\Trustrace\data\document_patches\P0001407_X51006401836_AUTH.png
P0001408_X51006401836_AUTH,X51006401836,group_0448,train,AUTHENTIC_REGION,0,REAL,AuthenticText,136,755,84,24,C:\Users\jay\New folder (2)\Trustrace\data\document_patches\P0001408_X51006401836_AUTH.png
P0001409_X51006401845_AUTH,X51006401845,group_0449,train,AUTHENTIC_REGION,0,REAL,AuthenticText,580,807,13,20,C:\Users\jay\New folder (2)\Trustrace\data\document_patches\P0001409_X51006401845_AUTH.png
P0001410_X51006401845_AUTH,X51006401845,group_0449,train,AUTHENTIC_REGION,0,REAL,AuthenticText,158,573,28,26,C:\Users\jay\New folder (2)\Trustrace\data\document_patches\P0001410_X51006401845_AUTH.png
P0001413_X51006401869_AUTH,X51006401869,group_0450,train,AUTHENTIC_REGION,0,REAL,AuthenticText,102,1064,84,29,C:\Users\jay\New folder (2)\Trustrace\data\document_patches\P0001413_X51006401869_AUTH.png
P0001414_X51006401869_AUTH,X51006401869,group_0450,train,AUTHENTIC_REGION,0,REAL,AuthenticText,41,1182,71,25,C:\Users\jay\New folder (2)\Trustrace\data\document_patches\P0001414_X51006401869_AUTH.png
P0001415_X51006401940_AUTH,X51006401940,group_0451,train,AUTHENTIC_REGION,0,REAL,AuthenticText,624,1089,29,18,C:\Users\jay\New folder (2)\Trustrace\data\document_patches\P0001415_X51006401940_AUTH.png
P0001416_X51006401940_AUTH,X51006401940,group_0451,train,AUTHENTIC_REGION,0,REAL,AuthenticText,234,185,197,22,C:\Users\jay\New folder (2)\Trustrace\data\document_patches\P0001416_X51006401940_AUTH.png
P0001421_X51006401978_AUTH,X51006401978,group_0453,train,AUTHENTIC_REGION,0,REAL,AuthenticText,23,546,55,26,C:\Users\jay\New folder (2)\Trustrace\data\document_patches\P0001421_X51006401978_AUTH.png
P0001422_X51006401978_AUTH,X51006401978,group_0453,train,AUTHENTIC_REGION,0,REAL,AuthenticText,634,726,22,25,C:\Users\jay\New folder (2)\Trustrace\data\document_patches\P0001422_X51006401978_AUTH.png
P0001423_X51006414392_AUTH,X51006414392,group_0454,train,AUTHENTIC_REGION,0,REAL,AuthenticText,2934,3521,164,52,C:\Users\jay\New folder (2)\Trustrace\data\document_patches\P0001423_X51006414392_AUTH.png
P0001424_X51006414392_AUTH,X51006414392,group_0454,train,AUTHENTIC_REGION,0,REAL,AuthenticText,1934,2776,135,51,C:\Users\jay\New folder (2)\Trustrace\data\document_patches\P0001424_X51006414392_AUTH.png
P0001425_X51006414394_FORGED,X51006414394,group_0455,train,FORGED_REGION,1,EDITED,Metadata,2546,1746,61,71,C:\Users\jay\New folder (2)\Trustrace\data\document_patches\P0001425_X51006414394_FORGED.png
P0001426_X51006414394_FORGED,X51006414394,group_0455,train,FORGED_REGION,1,EDITED,Product,3235,1975,40,68,C:\Users\jay\New folder (2)\Trustrace\data\document_patches\P0001426_X51006414394_FORGED.png
P0001427_X51006414394_AUTH,X51006414394,group_0455,train,AUTHENTIC_REGION,0,EDITED,AuthenticText,3160,2118,140,47,C:\Users\jay\New folder (2)\Trustrace\data\document_patches\P0001427_X51006414394_AUTH.png
P0001428_X51006414394_AUTH,X51006414394,group_0455,train,AUTHENTIC_REGION,0,EDITED,AuthenticText,1971,4173,158,57,C:\Users\jay\New folder (2)\Trustrace\data\document_patches\P0001428_X51006414394_AUTH.png
P0001429_X51006414425_AUTH,X51006414425,group_0456,train,AUTHENTIC_REGION,0,REAL,AuthenticText,2128,4318,743,62,C:\Users\jay\New folder (2)\Trustrace\data\document_patches\P0001429_X51006414425_AUTH.png
P0001430_X51006414425_AUTH,X51006414425,group_0456,train,AUTHENTIC_REGION,0,REAL,AuthenticText,2036,3994,111,46,C:\Users\jay\New folder (2)\Trustrace\data\document_patches\P0001430_X51006414425_AUTH.png
P0001437_X51006414433_FORGED,X51006414433,group_0458,train,FORGED_REGION,1,EDITED,Metadata,2256,1929,71,58,C:\Users\jay\New folder (2)\Trustrace\data\document_patches\P0001437_X51006414433_FORGED.png
P0001438_X51006414433_FORGED,X51006414433,group_0458,train,FORGED_REGION,1,EDITED,Metadata,1926,2099,75,61,C:\Users\jay\New folder (2)\Trustrace\data\document_patches\P0001438_X51006414433_FORGED.png
P0001439_X51006414433_FORGED,X51006414433,group_0458,train,FORGED_REGION,1,EDITED,Metadata,2623,1933,37,61,C:\Users\jay\New folder (2)\Trustrace\data\document_patches\P0001439_X51006414433_FORGED.png
P0001440_X51006414433_FORGED,X51006414433,group_0458,train,FORGED_REGION,1,EDITED,Company,2344,2188,34,51,C:\Users\jay\New folder (2)\Trustrace\data\document_patches\P0001440_X51006414433_FORGED.png
P0001441_X51006414433_AUTH,X51006414433,group_0458,train,AUTHENTIC_REGION,0,EDITED,AuthenticText,1890,2770,490,49,C:\Users\jay\New folder (2)\Trustrace\data\document_patches\P0001441_X51006414433_AUTH.png
P0001442_X51006414433_AUTH,X51006414433,group_0458,train,AUTHENTIC_REGION,0,EDITED,AuthenticText,2619,2188,311,53,C:\Users\jay\New folder (2)\Trustrace\data\document_patches\P0001442_X51006414433_AUTH.png
P0001443_X51006414433_AUTH,X51006414433,group_0458,train,AUTHENTIC_REGION,0,EDITED,AuthenticText,1777,3673,103,38,C:\Users\jay\New folder (2)\Trustrace\data\document_patches\P0001443_X51006414433_AUTH.png
P0001444_X51006414433_AUTH,X51006414433,group_0458,train,AUTHENTIC_REGION,0,EDITED,AuthenticText,2248,2864,14,47,C:\Users\jay\New folder (2)\Trustrace\data\document_patches\P0001444_X51006414433_AUTH.png
P0001449_X51006414485_AUTH,X51006414485,group_0030,train,AUTHENTIC_REGION,0,REAL,AuthenticText,2516,2893,128,49,C:\Users\jay\New folder (2)\Trustrace\data\document_patches\P0001449_X51006414485_AUTH.png
P0001450_X51006414485_AUTH,X51006414485,group_0030,train,AUTHENTIC_REGION,0,REAL,AuthenticText,2388,3936,56,48,C:\Users\jay\New folder (2)\Trustrace\data\document_patches\P0001450_X51006414485_AUTH.png
P0001453_X51006414519_AUTH,X51006414519,group_0460,train,AUTHENTIC_REGION,0,REAL,AuthenticText,2560,3369,142,58,C:\Users\jay\New folder (2)\Trustrace\data\document_patches\P0001453_X51006414519_AUTH.png
P0001454_X51006414519_AUTH,X51006414519,group_0460,train,AUTHENTIC_REGION,0,REAL,AuthenticText,2334,3228,289,57,C:\Users\jay\New folder (2)\Trustrace\data\document_patches\P0001454_X51006414519_AUTH.png
P0001455_X51006414532_AUTH,X51006414532,group_0461,train,AUTHENTIC_REGION,0,REAL,AuthenticText,3123,1363,174,84,C:\Users\jay\New folder (2)\Trustrace\data\document_patches\P0001455_X51006414532_AUTH.png
P0001456_X51006414532_AUTH,X51006414532,group_0461,train,AUTHENTIC_REGION,0,REAL,AuthenticText,3363,3676,76,61,C:\Users\jay\New folder (2)\Trustrace\data\document_patches\P0001456_X51006414532_AUTH.png
P0001457_X51006414533_AUTH,X51006414533,group_0462,train,AUTHENTIC_REGION,0,REAL,AuthenticText,2359,2547,366,70,C:\Users\jay\New folder (2)\Trustrace\data\document_patches\P0001457_X51006414533_AUTH.png
P0001458_X51006414533_AUTH,X51006414533,group_0462,train,AUTHENTIC_REGION,0,REAL,AuthenticText,2170,1862,300,72,C:\Users\jay\New folder (2)\Trustrace\data\document_patches\P0001458_X51006414533_AUTH.png
P0001467_X51006414631_AUTH,X51006414631,group_0465,train,AUTHENTIC_REGION,0,REAL,AuthenticText,2305,4089,64,47,C:\Users\jay\New folder (2)\Trustrace\data\document_patches\P0001467_X51006414631_AUTH.png
P0001468_X51006414631_AUTH,X51006414631,group_0465,train,AUTHENTIC_REGION,0,REAL,AuthenticText,2903,2755,139,59,C:\Users\jay\New folder (2)\Trustrace\data\document_patches\P0001468_X51006414631_AUTH.png
P0001469_X51006414632_AUTH,X51006414632,group_0030,train,AUTHENTIC_REGION,0,REAL,AuthenticText,2102,2803,15,48,C:\Users\jay\New folder (2)\Trustrace\data\document_patches\P0001469_X51006414632_AUTH.png
P0001470_X51006414632_AUTH,X51006414632,group_0030,train,AUTHENTIC_REGION,0,REAL,AuthenticText,2032,4157,91,47,C:\Users\jay\New folder (2)\Trustrace\data\document_patches\P0001470_X51006414632_AUTH.png
P0001473_X51006414636_FORGED,X51006414636,group_0466,train,FORGED_REGION,1,EDITED,Metadata,1835,2599,80,80,C:\Users\jay\New folder (2)\Trustrace\data\document_patches\P0001473_X51006414636_FORGED.png
P0001476_X51006414671_AUTH,X51006414671,group_0467,train,AUTHENTIC_REGION,0,REAL,AuthenticText,1687,3724,211,49,C:\Users\jay\New folder (2)\Trustrace\data\document_patches\P0001476_X51006414671_AUTH.png
P0001477_X51006414671_AUTH,X51006414671,group_0467,train,AUTHENTIC_REGION,0,REAL,AuthenticText,2038,1478,571,58,C:\Users\jay\New folder (2)\Trustrace\data\document_patches\P0001477_X51006414671_AUTH.png
P0001478_X51006414674_AUTH,X51006414674,group_0468,train,AUTHENTIC_REGION,0,REAL,AuthenticText,2018,2383,182,45,C:\Users\jay\New folder (2)\Trustrace\data\document_patches\P0001478_X51006414674_AUTH.png
P0001479_X51006414674_AUTH,X51006414674,group_0468,train,AUTHENTIC_REGION,0,REAL,AuthenticText,1905,4614,231,56,C:\Users\jay\New folder (2)\Trustrace\data\document_patches\P0001479_X51006414674_AUTH.png
P0001484_X51006414679_AUTH,X51006414679,group_0471,train,AUTHENTIC_REGION,0,REAL,AuthenticText,3151,3388,138,57,C:\Users\jay\New folder (2)\Trustrace\data\document_patches\P0001484_X51006414679_AUTH.png
P0001485_X51006414679_AUTH,X51006414679,group_0471,train,AUTHENTIC_REGION,0,REAL,AuthenticText,2028,2319,326,59,C:\Users\jay\New folder (2)\Trustrace\data\document_patches\P0001485_X51006414679_AUTH.png
P0001486_X51006414680_AUTH,X51006414680,group_0472,train,AUTHENTIC_REGION,0,REAL,AuthenticText,2619,3950,171,69,C:\Users\jay\New folder (2)\Trustrace\data\document_patches\P0001486_X51006414680_AUTH.png
P0001487_X51006414680_AUTH,X51006414680,group_0472,train,AUTHENTIC_REGION,0,REAL,AuthenticText,1924,2863,167,68,C:\Users\jay\New folder (2)\Trustrace\data\document_patches\P0001487_X51006414680_AUTH.png
P0001488_X51006414700_AUTH,X51006414700,group_0031,train,AUTHENTIC_REGION,0,REAL,AuthenticText,2541,1360,170,72,C:\Users\jay\New folder (2)\Trustrace\data\document_patches\P0001488_X51006414700_AUTH.png
P0001489_X51006414700_AUTH,X51006414700,group_0031,train,AUTHENTIC_REGION,0,REAL,AuthenticText,2221,1075,92,66,C:\Users\jay\New folder (2)\Trustrace\data\document_patches\P0001489_X51006414700_AUTH.png
P0001490_X51006414702_FORGED,X51006414702,group_0473,train,FORGED_REGION,1,EDITED,Total/payment,2720,4369,265,94,C:\Users\jay\New folder (2)\Trustrace\data\document_patches\P0001490_X51006414702_FORGED.png
P0001491_X51006414702_FORGED,X51006414702,group_0473,train,FORGED_REGION,1,EDITED,Total/payment,2717,4275,271,94,C:\Users\jay\New folder (2)\Trustrace\data\document_patches\P0001491_X51006414702_FORGED.png
P0001492_X51006414702_FORGED,X51006414702,group_0473,train,FORGED_REGION,1,EDITED,Total/payment,2778,4461,143,95,C:\Users\jay\New folder (2)\Trustrace\data\document_patches\P0001492_X51006414702_FORGED.png
P0001493_X51006414702_AUTH,X51006414702,group_0473,train,AUTHENTIC_REGION,0,EDITED,AuthenticText,2470,3572,202,63,C:\Users\jay\New folder (2)\Trustrace\data\document_patches\P0001493_X51006414702_AUTH.png
P0001494_X51006414702_AUTH,X51006414702,group_0473,train,AUTHENTIC_REGION,0,EDITED,AuthenticText,1754,3886,255,64,C:\Users\jay\New folder (2)\Trustrace\data\document_patches\P0001494_X51006414702_AUTH.png
P0001495_X51006414702_AUTH,X51006414702,group_0473,train,AUTHENTIC_REGION,0,EDITED,AuthenticText,1998,3563,220,64,C:\Users\jay\New folder (2)\Trustrace\data\document_patches\P0001495_X51006414702_AUTH.png
P0001496_X51006414703_AUTH,X51006414703,group_0474,train,AUTHENTIC_REGION,0,REAL,AuthenticText,2556,5143,172,67,C:\Users\jay\New folder (2)\Trustrace\data\document_patches\P0001496_X51006414703_AUTH.png
P0001497_X51006414703_AUTH,X51006414703,group_0474,train,AUTHENTIC_REGION,0,REAL,AuthenticText,2098,3368,243,66,C:\Users\jay\New folder (2)\Trustrace\data\document_patches\P0001497_X51006414703_AUTH.png
P0001500_X51006414711_AUTH,X51006414711,group_0476,train,AUTHENTIC_REGION,0,REAL,AuthenticText,1712,1786,191,44,C:\Users\jay\New folder (2)\Trustrace\data\document_patches\P0001500_X51006414711_AUTH.png
P0001501_X51006414711_AUTH,X51006414711,group_0476,train,AUTHENTIC_REGION,0,REAL,AuthenticText,2824,1886,10,28,C:\Users\jay\New folder (2)\Trustrace\data\document_patches\P0001501_X51006414711_AUTH.png
P0001502_X51006414712_AUTH,X51006414712,group_0477,train,AUTHENTIC_REGION,0,REAL,AuthenticText,2749,3924,71,45,C:\Users\jay\New folder (2)\Trustrace\data\document_patches\P0001502_X51006414712_AUTH.png
P0001503_X51006414712_AUTH,X51006414712,group_0477,train,AUTHENTIC_REGION,0,REAL,AuthenticText,2768,1925,12,29,C:\Users\jay\New folder (2)\Trustrace\data\document_patches\P0001503_X51006414712_AUTH.png
P0001504_X51006414713_AUTH,X51006414713,group_0478,train,AUTHENTIC_REGION,0,REAL,AuthenticText,1993,3813,15,61,C:\Users\jay\New folder (2)\Trustrace\data\document_patches\P0001504_X51006414713_AUTH.png
P0001505_X51006414713_AUTH,X51006414713,group_0478,train,AUTHENTIC_REGION,0,REAL,AuthenticText,2422,5863,198,70,C:\Users\jay\New folder (2)\Trustrace\data\document_patches\P0001505_X51006414713_AUTH.png
P0001506_X51006414714_AUTH,X51006414714,group_0479,train,AUTHENTIC_REGION,0,REAL,AuthenticText,1431,3707,192,69,C:\Users\jay\New folder (2)\Trustrace\data\document_patches\P0001506_X51006414714_AUTH.png
P0001507_X51006414714_AUTH,X51006414714,group_0479,train,AUTHENTIC_REGION,0,REAL,AuthenticText,2768,2953,45,55,C:\Users\jay\New folder (2)\Trustrace\data\document_patches\P0001507_X51006414714_AUTH.png
P0001508_X51006414715_FORGED,X51006414715,group_0480,train,FORGED_REGION,1,EDITED,Product,2713,2530,26,68,C:\Users\jay\New folder (2)\Trustrace\data\document_patches\P0001508_X51006414715_FORGED.png
P0001509_X51006414715_FORGED,X51006414715,group_0480,train,FORGED_REGION,1,EDITED,Product,2717,2617,21,67,C:\Users\jay\New folder (2)\Trustrace\data\document_patches\P0001509_X51006414715_FORGED.png
P0001510_X51006414715_FORGED,X51006414715,group_0480,train,FORGED_REGION,1,EDITED,Total/payment,2693,2965,36,67,C:\Users\jay\New folder (2)\Trustrace\data\document_patches\P0001510_X51006414715_FORGED.png
P0001511_X51006414715_FORGED,X51006414715,group_0480,train,FORGED_REGION,1,EDITED,Total/payment,2482,3052,51,65,C:\Users\jay\New folder (2)\Trustrace\data\document_patches\P0001511_X51006414715_FORGED.png
P0001512_X51006414715_FORGED,X51006414715,group_0480,train,FORGED_REGION,1,EDITED,Total/payment,2874,2967,26,67,C:\Users\jay\New folder (2)\Trustrace\data\document_patches\P0001512_X51006414715_FORGED.png
P0001513_X51006414715_FORGED,X51006414715,group_0480,train,FORGED_REGION,1,EDITED,Total/payment,2845,3052,36,68,C:\Users\jay\New folder (2)\Trustrace\data\document_patches\P0001513_X51006414715_FORGED.png
P0001514_X51006414715_AUTH,X51006414715,group_0480,train,AUTHENTIC_REGION,0,EDITED,AuthenticText,2432,4262,241,78,C:\Users\jay\New folder (2)\Trustrace\data\document_patches\P0001514_X51006414715_AUTH.png
P0001515_X51006414715_AUTH,X51006414715,group_0480,train,AUTHENTIC_REGION,0,EDITED,AuthenticText,2464,4556,135,46,C:\Users\jay\New folder (2)\Trustrace\data\document_patches\P0001515_X51006414715_AUTH.png
P0001516_X51006414715_AUTH,X51006414715,group_0480,train,AUTHENTIC_REGION,0,EDITED,AuthenticText,2322,1569,309,71,C:\Users\jay\New folder (2)\Trustrace\data\document_patches\P0001516_X51006414715_AUTH.png
P0001517_X51006414715_AUTH,X51006414715,group_0480,train,AUTHENTIC_REGION,0,EDITED,AuthenticText,2533,1658,170,61,C:\Users\jay\New folder (2)\Trustrace\data\document_patches\P0001517_X51006414715_AUTH.png
P0001518_X51006414715_AUTH,X51006414715,group_0480,train,AUTHENTIC_REGION,0,EDITED,AuthenticText,1564,3317,138,61,C:\Users\jay\New folder (2)\Trustrace\data\document_patches\P0001518_X51006414715_AUTH.png
P0001519_X51006414715_AUTH,X51006414715,group_0480,train,AUTHENTIC_REGION,0,EDITED,AuthenticText,1687,1742,91,64,C:\Users\jay\New folder (2)\Trustrace\data\document_patches\P0001519_X51006414715_AUTH.png
P0001520_X51006414717_AUTH,X51006414717,group_0481,train,AUTHENTIC_REGION,0,REAL,AuthenticText,2544,4491,346,72,C:\Users\jay\New folder (2)\Trustrace\data\document_patches\P0001520_X51006414717_AUTH.png
P0001521_X51006414717_AUTH,X51006414717,group_0481,train,AUTHENTIC_REGION,0,REAL,AuthenticText,2632,5080,16,240,C:\Users\jay\New folder (2)\Trustrace\data\document_patches\P0001521_X51006414717_AUTH.png
P0001522_X51006414718_AUTH,X51006414718,group_0482,train,AUTHENTIC_REGION,0,REAL,AuthenticText,2767,3469,232,71,C:\Users\jay\New folder (2)\Trustrace\data\document_patches\P0001522_X51006414718_AUTH.png
P0001523_X51006414718_AUTH,X51006414718,group_0482,train,AUTHENTIC_REGION,0,REAL,AuthenticText,2813,2878,199,69,C:\Users\jay\New folder (2)\Trustrace\data\document_patches\P0001523_X51006414718_AUTH.png
P0001524_X51006414719_AUTH,X51006414719,group_0031,train,AUTHENTIC_REGION,0,REAL,AuthenticText,2917,3400,134,69,C:\Users\jay\New folder (2)\Trustrace\data\document_patches\P0001524_X51006414719_AUTH.png
P0001525_X51006414719_AUTH,X51006414719,group_0031,train,AUTHENTIC_REGION,0,REAL,AuthenticText,2677,1520,204,71,C:\Users\jay\New folder (2)\Trustrace\data\document_patches\P0001525_X51006414719_AUTH.png
P0001528_X51006414721_AUTH,X51006414721,group_0484,train,AUTHENTIC_REGION,0,REAL,AuthenticText,1972,2310,66,46,C:\Users\jay\New folder (2)\Trustrace\data\document_patches\P0001528_X51006414721_AUTH.png
P0001529_X51006414721_AUTH,X51006414721,group_0484,train,AUTHENTIC_REGION,0,REAL,AuthenticText,2553,1972,12,29,C:\Users\jay\New folder (2)\Trustrace\data\document_patches\P0001529_X51006414721_AUTH.png
P0001530_X51006414728_FORGED,X51006414728,group_0485,train,FORGED_REGION,1,EDITED,Product,2743,3339,37,84,C:\Users\jay\New folder (2)\Trustrace\data\document_patches\P0001530_X51006414728_FORGED.png
P0001531_X51006414728_FORGED,X51006414728,group_0485,train,FORGED_REGION,1,EDITED,Product,2811,3471,42,95,C:\Users\jay\New folder (2)\Trustrace\data\document_patches\P0001531_X51006414728_FORGED.png
P0001532_X51006414728_FORGED,X51006414728,group_0485,train,FORGED_REGION,1,EDITED,Product,2779,3342,42,80,C:\Users\jay\New folder (2)\Trustrace\data\document_patches\P0001532_X51006414728_FORGED.png
P0001533_X51006414728_FORGED,X51006414728,group_0485,train,FORGED_REGION,1,EDITED,Product,2850,3467,39,96,C:\Users\jay\New folder (2)\Trustrace\data\document_patches\P0001533_X51006414728_FORGED.png
P0001534_X51006414728_FORGED,X51006414728,group_0485,train,FORGED_REGION,1,EDITED,Total/payment,2822,3618,32,95,C:\Users\jay\New folder (2)\Trustrace\data\document_patches\P0001534_X51006414728_FORGED.png
P0001535_X51006414728_FORGED,X51006414728,group_0485,train,FORGED_REGION,1,EDITED,Total/payment,2809,3758,32,71,C:\Users\jay\New folder (2)\Trustrace\data\document_patches\P0001535_X51006414728_FORGED.png
P0001536_X51006414728_FORGED,X51006414728,group_0485,train,FORGED_REGION,1,EDITED,Total/payment,2105,3988,47,69,C:\Users\jay\New folder (2)\Trustrace\data\document_patches\P0001536_X51006414728_FORGED.png
P0001537_X51006414728_AUTH,X51006414728,group_0485,train,AUTHENTIC_REGION,0,EDITED,AuthenticText,2470,3720,10,44,C:\Users\jay\New folder (2)\Trustrace\data\document_patches\P0001537_X51006414728_AUTH.png
P0001538_X51006414728_AUTH,X51006414728,group_0485,train,AUTHENTIC_REGION,0,EDITED,AuthenticText,2347,4197,137,60,C:\Users\jay\New folder (2)\Trustrace\data\document_patches\P0001538_X51006414728_AUTH.png
P0001539_X51006414728_AUTH,X51006414728,group_0485,train,AUTHENTIC_REGION,0,EDITED,AuthenticText,2065,2574,232,71,C:\Users\jay\New folder (2)\Trustrace\data\document_patches\P0001539_X51006414728_AUTH.png
P0001540_X51006414728_AUTH,X51006414728,group_0485,train,AUTHENTIC_REGION,0,EDITED,AuthenticText,1340,3347,99,66,C:\Users\jay\New folder (2)\Trustrace\data\document_patches\P0001540_X51006414728_AUTH.png
P0001541_X51006414728_AUTH,X51006414728,group_0485,train,AUTHENTIC_REGION,0,EDITED,AuthenticText,2137,2718,241,120,C:\Users\jay\New folder (2)\Trustrace\data\document_patches\P0001541_X51006414728_AUTH.png
P0001542_X51006414728_AUTH,X51006414728,group_0485,train,AUTHENTIC_REGION,0,EDITED,AuthenticText,2071,3771,173,65,C:\Users\jay\New folder (2)\Trustrace\data\document_patches\P0001542_X51006414728_AUTH.png
P0001543_X51006414728_AUTH,X51006414728,group_0485,train,AUTHENTIC_REGION,0,EDITED,AuthenticText,2184,2997,65,62,C:\Users\jay\New folder (2)\Trustrace\data\document_patches\P0001543_X51006414728_AUTH.png
P0001544_X51006414733_AUTH,X51006414733,group_0486,train,AUTHENTIC_REGION,0,REAL,AuthenticText,1861,5658,16,69,C:\Users\jay\New folder (2)\Trustrace\data\document_patches\P0001544_X51006414733_AUTH.png
P0001545_X51006414733_AUTH,X51006414733,group_0486,train,AUTHENTIC_REGION,0,REAL,AuthenticText,2489,536,173,69,C:\Users\jay\New folder (2)\Trustrace\data\document_patches\P0001545_X51006414733_AUTH.png
P0001546_X51006438346_AUTH,X51006438346,group_0487,train,AUTHENTIC_REGION,0,REAL,AuthenticText,410,1432,24,16,C:\Users\jay\New folder (2)\Trustrace\data\document_patches\P0001546_X51006438346_AUTH.png
P0001547_X51006438346_AUTH,X51006438346,group_0487,train,AUTHENTIC_REGION,0,REAL,AuthenticText,761,1221,76,21,C:\Users\jay\New folder (2)\Trustrace\data\document_patches\P0001547_X51006438346_AUTH.png
P0001548_X51006441473_AUTH,X51006441473,group_0488,train,AUTHENTIC_REGION,0,REAL,AuthenticText,141,1216,60,25,C:\Users\jay\New folder (2)\Trustrace\data\document_patches\P0001548_X51006441473_AUTH.png
P0001549_X51006441473_AUTH,X51006441473,group_0488,train,AUTHENTIC_REGION,0,REAL,AuthenticText,141,917,132,26,C:\Users\jay\New folder (2)\Trustrace\data\document_patches\P0001549_X51006441473_AUTH.png
P0001552_X51006466055_AUTH,X51006466055,group_0490,train,AUTHENTIC_REGION,0,REAL,AuthenticText,35,36,131,23,C:\Users\jay\New folder (2)\Trustrace\data\document_patches\P0001552_X51006466055_AUTH.png
P0001553_X51006466056_AUTH,X51006466056,group_0491,train,AUTHENTIC_REGION,0,REAL,AuthenticText,253,154,34,21,C:\Users\jay\New folder (2)\Trustrace\data\document_patches\P0001553_X51006466056_AUTH.png
P0001554_X51006466056_AUTH,X51006466056,group_0491,train,AUTHENTIC_REGION,0,REAL,AuthenticText,135,121,46,21,C:\Users\jay\New folder (2)\Trustrace\data\document_patches\P0001554_X51006466056_AUTH.png
P0001555_X51006466060_AUTH,X51006466060,group_0492,train,AUTHENTIC_REGION,0,REAL,AuthenticText,148,591,28,20,C:\Users\jay\New folder (2)\Trustrace\data\document_patches\P0001555_X51006466060_AUTH.png
P0001556_X51006466060_AUTH,X51006466060,group_0492,train,AUTHENTIC_REGION,0,REAL,AuthenticText,166,674,40,17,C:\Users\jay\New folder (2)\Trustrace\data\document_patches\P0001556_X51006466060_AUTH.png
P0001557_X51006466062_AUTH,X51006466062,group_0493,train,AUTHENTIC_REGION,0,REAL,AuthenticText,240,779,44,18,C:\Users\jay\New folder (2)\Trustrace\data\document_patches\P0001557_X51006466062_AUTH.png
P0001558_X51006466062_AUTH,X51006466062,group_0493,train,AUTHENTIC_REGION,0,REAL,AuthenticText,183,149,28,19,C:\Users\jay\New folder (2)\Trustrace\data\document_patches\P0001558_X51006466062_AUTH.png
P0001561_X51006466066_AUTH,X51006466066,group_0495,train,AUTHENTIC_REGION,0,REAL,AuthenticText,251,911,37,21,C:\Users\jay\New folder (2)\Trustrace\data\document_patches\P0001561_X51006466066_AUTH.png
P0001562_X51006466066_AUTH,X51006466066,group_0495,train,AUTHENTIC_REGION,0,REAL,AuthenticText,308,309,173,23,C:\Users\jay\New folder (2)\Trustrace\data\document_patches\P0001562_X51006466066_AUTH.png
P0001567_X51006502529_AUTH,X51006502529,group_0498,train,AUTHENTIC_REGION,0,REAL,AuthenticText,293,515,67,28,C:\Users\jay\New folder (2)\Trustrace\data\document_patches\P0001567_X51006502529_AUTH.png
P0001568_X51006502529_AUTH,X51006502529,group_0498,train,AUTHENTIC_REGION,0,REAL,AuthenticText,203,300,51,17,C:\Users\jay\New folder (2)\Trustrace\data\document_patches\P0001568_X51006502529_AUTH.png
P0001571_X51006502533_AUTH,X51006502533,group_0500,train,AUTHENTIC_REGION,0,REAL,AuthenticText,132,622,31,20,C:\Users\jay\New folder (2)\Trustrace\data\document_patches\P0001571_X51006502533_AUTH.png
P0001572_X51006502533_AUTH,X51006502533,group_0500,train,AUTHENTIC_REGION,0,REAL,AuthenticText,236,852,21,21,C:\Users\jay\New folder (2)\Trustrace\data\document_patches\P0001572_X51006502533_AUTH.png
P0001573_X51006502534_AUTH,X51006502534,group_0501,train,AUTHENTIC_REGION,0,REAL,AuthenticText,298,539,32,21,C:\Users\jay\New folder (2)\Trustrace\data\document_patches\P0001573_X51006502534_AUTH.png
P0001574_X51006502534_AUTH,X51006502534,group_0501,train,AUTHENTIC_REGION,0,REAL,AuthenticText,89,1054,45,19,C:\Users\jay\New folder (2)\Trustrace\data\document_patches\P0001574_X51006502534_AUTH.png
P0001575_X51006502535_AUTH,X51006502535,group_0502,train,AUTHENTIC_REGION,0,REAL,AuthenticText,118,497,56,21,C:\Users\jay\New folder (2)\Trustrace\data\document_patches\P0001575_X51006502535_AUTH.png
P0001576_X51006502535_AUTH,X51006502535,group_0502,train,AUTHENTIC_REGION,0,REAL,AuthenticText,342,728,45,41,C:\Users\jay\New folder (2)\Trustrace\data\document_patches\P0001576_X51006502535_AUTH.png
P0001577_X51006502540_AUTH,X51006502540,group_0503,train,AUTHENTIC_REGION,0,REAL,AuthenticText,34,673,38,23,C:\Users\jay\New folder (2)\Trustrace\data\document_patches\P0001577_X51006502540_AUTH.png
P0001578_X51006502540_AUTH,X51006502540,group_0503,train,AUTHENTIC_REGION,0,REAL,AuthenticText,33,276,60,24,C:\Users\jay\New folder (2)\Trustrace\data\document_patches\P0001578_X51006502540_AUTH.png
P0001581_X51006554841_FORGED,X51006554841,group_0505,train,FORGED_REGION,1,EDITED,Total/payment,482,965,87,32,C:\Users\jay\New folder (2)\Trustrace\data\document_patches\P0001581_X51006554841_FORGED.png
P0001582_X51006554841_FORGED,X51006554841,group_0505,train,FORGED_REGION,1,EDITED,Total/payment,481,793,86,34,C:\Users\jay\New folder (2)\Trustrace\data\document_patches\P0001582_X51006554841_FORGED.png
P0001583_X51006554841_AUTH,X51006554841,group_0505,train,AUTHENTIC_REGION,0,EDITED,AuthenticText,179,734,12,23,C:\Users\jay\New folder (2)\Trustrace\data\document_patches\P0001583_X51006554841_AUTH.png
P0001584_X51006554841_AUTH,X51006554841,group_0505,train,AUTHENTIC_REGION,0,EDITED,AuthenticText,339,276,145,24,C:\Users\jay\New folder (2)\Trustrace\data\document_patches\P0001584_X51006554841_AUTH.png
P0001587_X51006555125_FORGED,X51006555125,group_0507,train,FORGED_REGION,1,EDITED,Product,482,548,12,20,C:\Users\jay\New folder (2)\Trustrace\data\document_patches\P0001587_X51006555125_FORGED.png
P0001588_X51006555125_FORGED,X51006555125,group_0507,train,FORGED_REGION,1,EDITED,Product,152,517,12,20,C:\Users\jay\New folder (2)\Trustrace\data\document_patches\P0001588_X51006555125_FORGED.png
P0001589_X51006555125_FORGED,X51006555125,group_0507,train,FORGED_REGION,1,EDITED,Total/payment,482,589,10,23,C:\Users\jay\New folder (2)\Trustrace\data\document_patches\P0001589_X51006555125_FORGED.png
P0001590_X51006555125_FORGED,X51006555125,group_0507,train,FORGED_REGION,1,EDITED,Other,296,764,13,23,C:\Users\jay\New folder (2)\Trustrace\data\document_patches\P0001590_X51006555125_FORGED.png
P0001591_X51006555125_AUTH,X51006555125,group_0507,train,AUTHENTIC_REGION,0,EDITED,AuthenticText,128,189,139,25,C:\Users\jay\New folder (2)\Trustrace\data\document_patches\P0001591_X51006555125_AUTH.png
P0001592_X51006555125_AUTH,X51006555125,group_0507,train,AUTHENTIC_REGION,0,EDITED,AuthenticText,79,517,18,20,C:\Users\jay\New folder (2)\Trustrace\data\document_patches\P0001592_X51006555125_AUTH.png
P0001593_X51006555125_AUTH,X51006555125,group_0507,train,AUTHENTIC_REGION,0,EDITED,AuthenticText,220,259,78,21,C:\Users\jay\New folder (2)\Trustrace\data\document_patches\P0001593_X51006555125_AUTH.png
P0001594_X51006555125_AUTH,X51006555125,group_0507,train,AUTHENTIC_REGION,0,EDITED,AuthenticText,59,367,37,19,C:\Users\jay\New folder (2)\Trustrace\data\document_patches\P0001594_X51006555125_AUTH.png
P0001595_X51006555570_AUTH,X51006555570,group_0508,train,AUTHENTIC_REGION,0,REAL,AuthenticText,379,648,5,5,C:\Users\jay\New folder (2)\Trustrace\data\document_patches\P0001595_X51006555570_AUTH.png
P0001596_X51006555570_AUTH,X51006555570,group_0508,train,AUTHENTIC_REGION,0,REAL,AuthenticText,317,985,110,21,C:\Users\jay\New folder (2)\Trustrace\data\document_patches\P0001596_X51006555570_AUTH.png
P0001599_X51006555784_AUTH,X51006555784,group_0510,train,AUTHENTIC_REGION,0,REAL,AuthenticText,292,379,20,19,C:\Users\jay\New folder (2)\Trustrace\data\document_patches\P0001599_X51006555784_AUTH.png
P0001600_X51006555784_AUTH,X51006555784,group_0510,train,AUTHENTIC_REGION,0,REAL,AuthenticText,79,1003,105,17,C:\Users\jay\New folder (2)\Trustrace\data\document_patches\P0001600_X51006555784_AUTH.png
P0001613_X51006555817_AUTH,X51006555817,group_0513,train,AUTHENTIC_REGION,0,REAL,AuthenticText,29,1069,55,17,C:\Users\jay\New folder (2)\Trustrace\data\document_patches\P0001613_X51006555817_AUTH.png
P0001614_X51006555817_AUTH,X51006555817,group_0513,train,AUTHENTIC_REGION,0,REAL,AuthenticText,147,1066,77,20,C:\Users\jay\New folder (2)\Trustrace\data\document_patches\P0001614_X51006555817_AUTH.png
P0001615_X51006555818_AUTH,X51006555818,group_0514,train,AUTHENTIC_REGION,0,REAL,AuthenticText,451,1006,58,30,C:\Users\jay\New folder (2)\Trustrace\data\document_patches\P0001615_X51006555818_AUTH.png
P0001616_X51006555818_AUTH,X51006555818,group_0514,train,AUTHENTIC_REGION,0,REAL,AuthenticText,452,955,57,31,C:\Users\jay\New folder (2)\Trustrace\data\document_patches\P0001616_X51006555818_AUTH.png
P0001617_X51006555819_AUTH,X51006555819,group_0515,train,AUTHENTIC_REGION,0,REAL,AuthenticText,300,465,106,18,C:\Users\jay\New folder (2)\Trustrace\data\document_patches\P0001617_X51006555819_AUTH.png
P0001618_X51006555819_AUTH,X51006555819,group_0515,train,AUTHENTIC_REGION,0,REAL,AuthenticText,285,333,33,30,C:\Users\jay\New folder (2)\Trustrace\data\document_patches\P0001618_X51006555819_AUTH.png
P0001619_X51006555833_AUTH,X51006555833,group_0516,train,AUTHENTIC_REGION,0,REAL,AuthenticText,528,1021,31,17,C:\Users\jay\New folder (2)\Trustrace\data\document_patches\P0001619_X51006555833_AUTH.png
P0001620_X51006555833_AUTH,X51006555833,group_0516,train,AUTHENTIC_REGION,0,REAL,AuthenticText,238,888,56,33,C:\Users\jay\New folder (2)\Trustrace\data\document_patches\P0001620_X51006555833_AUTH.png
P0001621_X51006555835_AUTH,X51006555835,group_0517,train,AUTHENTIC_REGION,0,REAL,AuthenticText,31,379,69,17,C:\Users\jay\New folder (2)\Trustrace\data\document_patches\P0001621_X51006555835_AUTH.png
P0001622_X51006555835_AUTH,X51006555835,group_0517,train,AUTHENTIC_REGION,0,REAL,AuthenticText,345,743,54,38,C:\Users\jay\New folder (2)\Trustrace\data\document_patches\P0001622_X51006555835_AUTH.png
P0001623_X51006556591_AUTH,X51006556591,group_0518,train,AUTHENTIC_REGION,0,REAL,AuthenticText,423,132,51,18,C:\Users\jay\New folder (2)\Trustrace\data\document_patches\P0001623_X51006556591_AUTH.png
P0001624_X51006556591_AUTH,X51006556591,group_0518,train,AUTHENTIC_REGION,0,REAL,AuthenticText,311,323,34,32,C:\Users\jay\New folder (2)\Trustrace\data\document_patches\P0001624_X51006556591_AUTH.png
P0001625_X51006556596_AUTH,X51006556596,group_0519,train,AUTHENTIC_REGION,0,REAL,AuthenticText,492,1097,22,14,C:\Users\jay\New folder (2)\Trustrace\data\document_patches\P0001625_X51006556596_AUTH.png
P0001626_X51006556596_AUTH,X51006556596,group_0519,train,AUTHENTIC_REGION,0,REAL,AuthenticText,140,448,64,19,C:\Users\jay\New folder (2)\Trustrace\data\document_patches\P0001626_X51006556596_AUTH.png
P0001627_X51006556603_FORGED,X51006556603,group_0520,train,FORGED_REGION,1,EDITED,Product,434,558,16,19,C:\Users\jay\New folder (2)\Trustrace\data\document_patches\P0001627_X51006556603_FORGED.png
P0001628_X51006556603_FORGED,X51006556603,group_0520,train,FORGED_REGION,1,EDITED,Product,295,535,15,18,C:\Users\jay\New folder (2)\Trustrace\data\document_patches\P0001628_X51006556603_FORGED.png
P0001629_X51006556603_FORGED,X51006556603,group_0520,train,FORGED_REGION,1,EDITED,Total/payment,439,613,11,33,C:\Users\jay\New folder (2)\Trustrace\data\document_patches\P0001629_X51006556603_FORGED.png
P0001630_X51006556603_FORGED,X51006556603,group_0520,train,FORGED_REGION,1,EDITED,Total/payment,451,612,10,33,C:\Users\jay\New folder (2)\Trustrace\data\document_patches\P0001630_X51006556603_FORGED.png
P0001631_X51006556603_FORGED,X51006556603,group_0520,train,FORGED_REGION,1,EDITED,Total/payment,437,670,12,36,C:\Users\jay\New folder (2)\Trustrace\data\document_patches\P0001631_X51006556603_FORGED.png
P0001632_X51006556603_FORGED,X51006556603,group_0520,train,FORGED_REGION,1,EDITED,Total/payment,449,671,15,34,C:\Users\jay\New folder (2)\Trustrace\data\document_patches\P0001632_X51006556603_FORGED.png
P0001633_X51006556603_AUTH,X51006556603,group_0520,train,AUTHENTIC_REGION,0,EDITED,AuthenticText,75,559,56,16,C:\Users\jay\New folder (2)\Trustrace\data\document_patches\P0001633_X51006556603_AUTH.png
P0001634_X51006556603_AUTH,X51006556603,group_0520,train,AUTHENTIC_REGION,0,EDITED,AuthenticText,311,269,33,30,C:\Users\jay\New folder (2)\Trustrace\data\document_patches\P0001634_X51006556603_AUTH.png
P0001635_X51006556603_AUTH,X51006556603,group_0520,train,AUTHENTIC_REGION,0,EDITED,AuthenticText,32,808,93,18,C:\Users\jay\New folder (2)\Trustrace\data\document_patches\P0001635_X51006556603_AUTH.png
P0001636_X51006556603_AUTH,X51006556603,group_0520,train,AUTHENTIC_REGION,0,EDITED,AuthenticText,229,500,32,15,C:\Users\jay\New folder (2)\Trustrace\data\document_patches\P0001636_X51006556603_AUTH.png
P0001637_X51006556603_AUTH,X51006556603,group_0520,train,AUTHENTIC_REGION,0,EDITED,AuthenticText,30,447,14,17,C:\Users\jay\New folder (2)\Trustrace\data\document_patches\P0001637_X51006556603_AUTH.png
P0001638_X51006556603_AUTH,X51006556603,group_0520,train,AUTHENTIC_REGION,0,EDITED,AuthenticText,138,761,58,15,C:\Users\jay\New folder (2)\Trustrace\data\document_patches\P0001638_X51006556603_AUTH.png
P0001639_X51006556604_AUTH,X51006556604,group_0521,train,AUTHENTIC_REGION,0,REAL,AuthenticText,435,202,46,31,C:\Users\jay\New folder (2)\Trustrace\data\document_patches\P0001639_X51006556604_AUTH.png
P0001640_X51006556604_AUTH,X51006556604,group_0521,train,AUTHENTIC_REGION,0,REAL,AuthenticText,192,1129,162,23,C:\Users\jay\New folder (2)\Trustrace\data\document_patches\P0001640_X51006556604_AUTH.png
P0001643_X51006556646_AUTH,X51006556646,group_0523,train,AUTHENTIC_REGION,0,REAL,AuthenticText,194,1243,161,24,C:\Users\jay\New folder (2)\Trustrace\data\document_patches\P0001643_X51006556646_AUTH.png
P0001644_X51006556646_AUTH,X51006556646,group_0523,train,AUTHENTIC_REGION,0,REAL,AuthenticText,194,247,47,18,C:\Users\jay\New folder (2)\Trustrace\data\document_patches\P0001644_X51006556646_AUTH.png
P0001645_X51006556648_AUTH,X51006556648,group_0524,train,AUTHENTIC_REGION,0,REAL,AuthenticText,35,506,129,22,C:\Users\jay\New folder (2)\Trustrace\data\document_patches\P0001645_X51006556648_AUTH.png
P0001646_X51006556648_AUTH,X51006556648,group_0524,train,AUTHENTIC_REGION,0,REAL,AuthenticText,430,84,51,18,C:\Users\jay\New folder (2)\Trustrace\data\document_patches\P0001646_X51006556648_AUTH.png
P0001647_X51006556650_AUTH,X51006556650,group_0525,train,AUTHENTIC_REGION,0,REAL,AuthenticText,121,732,24,30,C:\Users\jay\New folder (2)\Trustrace\data\document_patches\P0001647_X51006556650_AUTH.png
P0001648_X51006556650_AUTH,X51006556650,group_0525,train,AUTHENTIC_REGION,0,REAL,AuthenticText,346,828,54,40,C:\Users\jay\New folder (2)\Trustrace\data\document_patches\P0001648_X51006556650_AUTH.png
P0001651_X51006556656_AUTH,X51006556656,group_0527,train,AUTHENTIC_REGION,0,REAL,AuthenticText,88,526,56,16,C:\Users\jay\New folder (2)\Trustrace\data\document_patches\P0001651_X51006556656_AUTH.png
P0001652_X51006556656_AUTH,X51006556656,group_0527,train,AUTHENTIC_REGION,0,REAL,AuthenticText,454,833,58,31,C:\Users\jay\New folder (2)\Trustrace\data\document_patches\P0001652_X51006556656_AUTH.png
P0001661_X51006556658_AUTH,X51006556658,group_0529,train,AUTHENTIC_REGION,0,REAL,AuthenticText,32,370,94,30,C:\Users\jay\New folder (2)\Trustrace\data\document_patches\P0001661_X51006556658_AUTH.png
P0001662_X51006556658_AUTH,X51006556658,group_0529,train,AUTHENTIC_REGION,0,REAL,AuthenticText,239,924,57,33,C:\Users\jay\New folder (2)\Trustrace\data\document_patches\P0001662_X51006556658_AUTH.png
P0001663_X51006556723_AUTH,X51006556723,group_0530,train,AUTHENTIC_REGION,0,REAL,AuthenticText,235,852,105,16,C:\Users\jay\New folder (2)\Trustrace\data\document_patches\P0001663_X51006556723_AUTH.png
P0001664_X51006556723_AUTH,X51006556723,group_0530,train,AUTHENTIC_REGION,0,REAL,AuthenticText,329,144,76,17,C:\Users\jay\New folder (2)\Trustrace\data\document_patches\P0001664_X51006556723_AUTH.png
P0001665_X51006556726_FORGED,X51006556726,group_0531,train,FORGED_REGION,1,EDITED,Total/payment,427,880,35,51,C:\Users\jay\New folder (2)\Trustrace\data\document_patches\P0001665_X51006556726_FORGED.png
P0001666_X51006556726_FORGED,X51006556726,group_0531,train,FORGED_REGION,1,EDITED,Total/payment,451,879,28,52,C:\Users\jay\New folder (2)\Trustrace\data\document_patches\P0001666_X51006556726_FORGED.png
P0001667_X51006556726_AUTH,X51006556726,group_0531,train,AUTHENTIC_REGION,0,EDITED,AuthenticText,106,394,21,16,C:\Users\jay\New folder (2)\Trustrace\data\document_patches\P0001667_X51006556726_AUTH.png
P0001668_X51006556726_AUTH,X51006556726,group_0531,train,AUTHENTIC_REGION,0,EDITED,AuthenticText,366,1112,68,19,C:\Users\jay\New folder (2)\Trustrace\data\document_patches\P0001668_X51006556726_AUTH.png
P0001669_X51006556728_FORGED,X51006556728,group_0532,train,FORGED_REGION,1,EDITED,Metadata,388,302,123,24,C:\Users\jay\New folder (2)\Trustrace\data\document_patches\P0001669_X51006556728_FORGED.png
P0001670_X51006556728_FORGED,X51006556728,group_0532,train,FORGED_REGION,1,EDITED,Metadata,295,460,113,27,C:\Users\jay\New folder (2)\Trustrace\data\document_patches\P0001670_X51006556728_FORGED.png
P0001671_X51006556728_AUTH,X51006556728,group_0532,train,AUTHENTIC_REGION,0,EDITED,AuthenticText,359,1186,67,20,C:\Users\jay\New folder (2)\Trustrace\data\document_patches\P0001671_X51006556728_AUTH.png
P0001672_X51006556728_AUTH,X51006556728,group_0532,train,AUTHENTIC_REGION,0,EDITED,AuthenticText,521,1092,33,17,C:\Users\jay\New folder (2)\Trustrace\data\document_patches\P0001672_X51006556728_AUTH.png
P0001675_X51006556732_AUTH,X51006556732,group_0534,train,AUTHENTIC_REGION,0,REAL,AuthenticText,227,1002,116,17,C:\Users\jay\New folder (2)\Trustrace\data\document_patches\P0001675_X51006556732_AUTH.png
P0001676_X51006556732_AUTH,X51006556732,group_0534,train,AUTHENTIC_REGION,0,REAL,AuthenticText,465,1004,19,16,C:\Users\jay\New folder (2)\Trustrace\data\document_patches\P0001676_X51006556732_AUTH.png
P0001679_X51006556738_AUTH,X51006556738,group_0536,train,AUTHENTIC_REGION,0,REAL,AuthenticText,419,77,51,18,C:\Users\jay\New folder (2)\Trustrace\data\document_patches\P0001679_X51006556738_AUTH.png
P0001680_X51006556738_AUTH,X51006556738,group_0536,train,AUTHENTIC_REGION,0,REAL,AuthenticText,289,339,34,30,C:\Users\jay\New folder (2)\Trustrace\data\document_patches\P0001680_X51006556738_AUTH.png
P0001685_X51006556808_AUTH,X51006556808,group_0539,train,AUTHENTIC_REGION,0,REAL,AuthenticText,525,1177,33,16,C:\Users\jay\New folder (2)\Trustrace\data\document_patches\P0001685_X51006556808_AUTH.png
P0001686_X51006556808_AUTH,X51006556808,group_0539,train,AUTHENTIC_REGION,0,REAL,AuthenticText,227,944,32,32,C:\Users\jay\New folder (2)\Trustrace\data\document_patches\P0001686_X51006556808_AUTH.png
P0001687_X51006556809_AUTH,X51006556809,group_0540,train,AUTHENTIC_REGION,0,REAL,AuthenticText,247,258,46,30,C:\Users\jay\New folder (2)\Trustrace\data\document_patches\P0001687_X51006556809_AUTH.png
P0001688_X51006556809_AUTH,X51006556809,group_0540,train,AUTHENTIC_REGION,0,REAL,AuthenticText,22,525,42,16,C:\Users\jay\New folder (2)\Trustrace\data\document_patches\P0001688_X51006556809_AUTH.png
P0001689_X51006556810_AUTH,X51006556810,group_0541,train,AUTHENTIC_REGION,0,REAL,AuthenticText,83,766,57,33,C:\Users\jay\New folder (2)\Trustrace\data\document_patches\P0001689_X51006556810_AUTH.png
P0001690_X51006556810_AUTH,X51006556810,group_0541,train,AUTHENTIC_REGION,0,REAL,AuthenticText,276,267,47,31,C:\Users\jay\New folder (2)\Trustrace\data\document_patches\P0001690_X51006556810_AUTH.png
P0001705_X51006556823_AUTH,X51006556823,group_0546,train,AUTHENTIC_REGION,0,REAL,AuthenticText,487,1028,22,14,C:\Users\jay\New folder (2)\Trustrace\data\document_patches\P0001705_X51006556823_AUTH.png
P0001706_X51006556823_AUTH,X51006556823,group_0546,train,AUTHENTIC_REGION,0,REAL,AuthenticText,499,979,45,16,C:\Users\jay\New folder (2)\Trustrace\data\document_patches\P0001706_X51006556823_AUTH.png
P0001707_X51006556824_AUTH,X51006556824,group_0547,train,AUTHENTIC_REGION,0,REAL,AuthenticText,270,859,55,40,C:\Users\jay\New folder (2)\Trustrace\data\document_patches\P0001707_X51006556824_AUTH.png
P0001708_X51006556824_AUTH,X51006556824,group_0547,train,AUTHENTIC_REGION,0,REAL,AuthenticText,465,1067,20,17,C:\Users\jay\New folder (2)\Trustrace\data\document_patches\P0001708_X51006556824_AUTH.png
P0001709_X51006556825_AUTH,X51006556825,group_0548,train,AUTHENTIC_REGION,0,REAL,AuthenticText,25,1096,57,24,C:\Users\jay\New folder (2)\Trustrace\data\document_patches\P0001709_X51006556825_AUTH.png
P0001710_X51006556825_AUTH,X51006556825,group_0548,train,AUTHENTIC_REGION,0,REAL,AuthenticText,117,698,23,31,C:\Users\jay\New folder (2)\Trustrace\data\document_patches\P0001710_X51006556825_AUTH.png
P0001711_X51006556826_AUTH,X51006556826,group_0549,train,AUTHENTIC_REGION,0,REAL,AuthenticText,44,452,44,18,C:\Users\jay\New folder (2)\Trustrace\data\document_patches\P0001711_X51006556826_AUTH.png
P0001712_X51006556826_AUTH,X51006556826,group_0549,train,AUTHENTIC_REGION,0,REAL,AuthenticText,273,1054,34,17,C:\Users\jay\New folder (2)\Trustrace\data\document_patches\P0001712_X51006556826_AUTH.png
P0001713_X51006556827_AUTH,X51006556827,group_0550,train,AUTHENTIC_REGION,0,REAL,AuthenticText,142,1091,79,20,C:\Users\jay\New folder (2)\Trustrace\data\document_patches\P0001713_X51006556827_AUTH.png
P0001714_X51006556827_AUTH,X51006556827,group_0550,train,AUTHENTIC_REGION,0,REAL,AuthenticText,95,444,124,20,C:\Users\jay\New folder (2)\Trustrace\data\document_patches\P0001714_X51006556827_AUTH.png
P0001715_X51006556828_AUTH,X51006556828,group_0551,train,AUTHENTIC_REGION,0,REAL,AuthenticText,259,937,25,31,C:\Users\jay\New folder (2)\Trustrace\data\document_patches\P0001715_X51006556828_AUTH.png
P0001716_X51006556828_AUTH,X51006556828,group_0551,train,AUTHENTIC_REGION,0,REAL,AuthenticText,510,737,56,15,C:\Users\jay\New folder (2)\Trustrace\data\document_patches\P0001716_X51006556828_AUTH.png
P0001717_X51006556829_AUTH,X51006556829,group_0552,train,AUTHENTIC_REGION,0,REAL,AuthenticText,307,904,90,39,C:\Users\jay\New folder (2)\Trustrace\data\document_patches\P0001717_X51006556829_AUTH.png
P0001718_X51006556829_AUTH,X51006556829,group_0552,train,AUTHENTIC_REGION,0,REAL,AuthenticText,476,1086,10,15,C:\Users\jay\New folder (2)\Trustrace\data\document_patches\P0001718_X51006556829_AUTH.png
P0001719_X51006556830_AUTH,X51006556830,group_0553,train,AUTHENTIC_REGION,0,REAL,AuthenticText,321,1060,43,21,C:\Users\jay\New folder (2)\Trustrace\data\document_patches\P0001719_X51006556830_AUTH.png
P0001720_X51006556830_AUTH,X51006556830,group_0553,train,AUTHENTIC_REGION,0,REAL,AuthenticText,443,885,87,22,C:\Users\jay\New folder (2)\Trustrace\data\document_patches\P0001720_X51006556830_AUTH.png
P0001721_X51006556831_AUTH,X51006556831,group_0554,train,AUTHENTIC_REGION,0,REAL,AuthenticText,488,763,44,17,C:\Users\jay\New folder (2)\Trustrace\data\document_patches\P0001721_X51006556831_AUTH.png
P0001722_X51006556831_AUTH,X51006556831,group_0554,train,AUTHENTIC_REGION,0,REAL,AuthenticText,456,570,72,16,C:\Users\jay\New folder (2)\Trustrace\data\document_patches\P0001722_X51006556831_AUTH.png
P0001723_X51006556838_AUTH,X51006556838,group_0555,train,AUTHENTIC_REGION,0,REAL,AuthenticText,27,1131,58,24,C:\Users\jay\New folder (2)\Trustrace\data\document_patches\P0001723_X51006556838_AUTH.png
P0001724_X51006556838_AUTH,X51006556838,group_0555,train,AUTHENTIC_REGION,0,REAL,AuthenticText,248,574,12,16,C:\Users\jay\New folder (2)\Trustrace\data\document_patches\P0001724_X51006556838_AUTH.png
P0001731_X51006556851_FORGED,X51006556851,group_0559,train,FORGED_REGION,1,EDITED,Total/payment,479,922,19,31,C:\Users\jay\New folder (2)\Trustrace\data\document_patches\P0001731_X51006556851_FORGED.png
P0001732_X51006556851_FORGED,X51006556851,group_0559,train,FORGED_REGION,1,EDITED,Total/payment,459,821,15,36,C:\Users\jay\New folder (2)\Trustrace\data\document_patches\P0001732_X51006556851_FORGED.png
P0001733_X51006556851_FORGED,X51006556851,group_0559,train,FORGED_REGION,1,EDITED,Total/payment,427,774,24,37,C:\Users\jay\New folder (2)\Trustrace\data\document_patches\P0001733_X51006556851_FORGED.png
P0001734_X51006556851_FORGED,X51006556851,group_0559,train,FORGED_REGION,1,EDITED,Total/payment,450,775,19,35,C:\Users\jay\New folder (2)\Trustrace\data\document_patches\P0001734_X51006556851_FORGED.png
P0001735_X51006556851_FORGED,X51006556851,group_0559,train,FORGED_REGION,1,EDITED,Total/payment,481,770,15,39,C:\Users\jay\New folder (2)\Trustrace\data\document_patches\P0001735_X51006556851_FORGED.png
P0001736_X51006556851_FORGED,X51006556851,group_0559,train,FORGED_REGION,1,EDITED,Total/payment,500,770,16,38,C:\Users\jay\New folder (2)\Trustrace\data\document_patches\P0001736_X51006556851_FORGED.png
P0001737_X51006556851_FORGED,X51006556851,group_0559,train,FORGED_REGION,1,EDITED,Total/payment,481,822,14,32,C:\Users\jay\New folder (2)\Trustrace\data\document_patches\P0001737_X51006556851_FORGED.png
P0001738_X51006556851_FORGED,X51006556851,group_0559,train,FORGED_REGION,1,EDITED,Total/payment,444,921,19,35,C:\Users\jay\New folder (2)\Trustrace\data\document_patches\P0001738_X51006556851_FORGED.png
P0001739_X51006556851_FORGED,X51006556851,group_0559,train,FORGED_REGION,1,EDITED,Total/payment,425,876,22,31,C:\Users\jay\New folder (2)\Trustrace\data\document_patches\P0001739_X51006556851_FORGED.png
P0001740_X51006556851_FORGED,X51006556851,group_0559,train,FORGED_REGION,1,EDITED,Total/payment,447,875,15,31,C:\Users\jay\New folder (2)\Trustrace\data\document_patches\P0001740_X51006556851_FORGED.png
P0001741_X51006556851_FORGED,X51006556851,group_0559,train,FORGED_REGION,1,EDITED,Total/payment,498,647,15,23,C:\Users\jay\New folder (2)\Trustrace\data\document_patches\P0001741_X51006556851_FORGED.png
P0001742_X51006556851_FORGED,X51006556851,group_0559,train,FORGED_REGION,1,EDITED,Total/payment,511,649,11,19,C:\Users\jay\New folder (2)\Trustrace\data\document_patches\P0001742_X51006556851_FORGED.png
P0001743_X51006556851_FORGED,X51006556851,group_0559,train,FORGED_REGION,1,EDITED,Total/payment,543,647,10,22,C:\Users\jay\New folder (2)\Trustrace\data\document_patches\P0001743_X51006556851_FORGED.png
P0001744_X51006556851_FORGED,X51006556851,group_0559,train,FORGED_REGION,1,EDITED,Total/payment,530,743,14,19,C:\Users\jay\New folder (2)\Trustrace\data\document_patches\P0001744_X51006556851_FORGED.png
P0001745_X51006556851_AUTH,X51006556851,group_0559,train,AUTHENTIC_REGION,0,EDITED,AuthenticText,295,720,13,15,C:\Users\jay\New folder (2)\Trustrace\data\document_patches\P0001745_X51006556851_AUTH.png
P0001746_X51006556851_AUTH,X51006556851,group_0559,train,AUTHENTIC_REGION,0,EDITED,AuthenticText,169,1107,47,16,C:\Users\jay\New folder (2)\Trustrace\data\document_patches\P0001746_X51006556851_AUTH.png
P0001747_X51006556851_AUTH,X51006556851,group_0559,train,AUTHENTIC_REGION,0,EDITED,AuthenticText,308,971,89,40,C:\Users\jay\New folder (2)\Trustrace\data\document_patches\P0001747_X51006556851_AUTH.png
P0001748_X51006556851_AUTH,X51006556851,group_0559,train,AUTHENTIC_REGION,0,EDITED,AuthenticText,135,317,58,32,C:\Users\jay\New folder (2)\Trustrace\data\document_patches\P0001748_X51006556851_AUTH.png
P0001749_X51006556851_AUTH,X51006556851,group_0559,train,AUTHENTIC_REGION,0,EDITED,AuthenticText,247,78,55,18,C:\Users\jay\New folder (2)\Trustrace\data\document_patches\P0001749_X51006556851_AUTH.png
P0001750_X51006556851_AUTH,X51006556851,group_0559,train,AUTHENTIC_REGION,0,EDITED,AuthenticText,394,1131,24,17,C:\Users\jay\New folder (2)\Trustrace\data\document_patches\P0001750_X51006556851_AUTH.png
P0001751_X51006556851_AUTH,X51006556851,group_0559,train,AUTHENTIC_REGION,0,EDITED,AuthenticText,306,192,118,31,C:\Users\jay\New folder (2)\Trustrace\data\document_patches\P0001751_X51006556851_AUTH.png
P0001752_X51006556851_AUTH,X51006556851,group_0559,train,AUTHENTIC_REGION,0,EDITED,AuthenticText,278,1063,21,12,C:\Users\jay\New folder (2)\Trustrace\data\document_patches\P0001752_X51006556851_AUTH.png
P0001753_X51006556851_AUTH,X51006556851,group_0559,train,AUTHENTIC_REGION,0,EDITED,AuthenticText,283,190,11,31,C:\Users\jay\New folder (2)\Trustrace\data\document_patches\P0001753_X51006556851_AUTH.png
P0001754_X51006556851_AUTH,X51006556851,group_0559,train,AUTHENTIC_REGION,0,EDITED,AuthenticText,212,672,47,16,C:\Users\jay\New folder (2)\Trustrace\data\document_patches\P0001754_X51006556851_AUTH.png
P0001755_X51006556851_AUTH,X51006556851,group_0559,train,AUTHENTIC_REGION,0,EDITED,AuthenticText,48,285,61,18,C:\Users\jay\New folder (2)\Trustrace\data\document_patches\P0001755_X51006556851_AUTH.png
P0001756_X51006556851_AUTH,X51006556851,group_0559,train,AUTHENTIC_REGION,0,EDITED,AuthenticText,277,1131,34,17,C:\Users\jay\New folder (2)\Trustrace\data\document_patches\P0001756_X51006556851_AUTH.png
P0001757_X51006556851_AUTH,X51006556851,group_0559,train,AUTHENTIC_REGION,0,EDITED,AuthenticText,95,742,46,16,C:\Users\jay\New folder (2)\Trustrace\data\document_patches\P0001757_X51006556851_AUTH.png
P0001758_X51006556851_AUTH,X51006556851,group_0559,train,AUTHENTIC_REGION,0,EDITED,AuthenticText,131,873,23,32,C:\Users\jay\New folder (2)\Trustrace\data\document_patches\P0001758_X51006556851_AUTH.png
P0001761_X51006556861_AUTH,X51006556861,group_0561,train,AUTHENTIC_REGION,0,REAL,AuthenticText,312,1008,46,20,C:\Users\jay\New folder (2)\Trustrace\data\document_patches\P0001761_X51006556861_AUTH.png
P0001762_X51006556861_AUTH,X51006556861,group_0561,train,AUTHENTIC_REGION,0,REAL,AuthenticText,30,473,12,17,C:\Users\jay\New folder (2)\Trustrace\data\document_patches\P0001762_X51006556861_AUTH.png
P0001763_X51006556865_FORGED,X51006556865,group_0562,train,FORGED_REGION,1,EDITED,Metadata,444,379,13,26,C:\Users\jay\New folder (2)\Trustrace\data\document_patches\P0001763_X51006556865_FORGED.png
P0001764_X51006556865_FORGED,X51006556865,group_0562,train,FORGED_REGION,1,EDITED,Total/payment,449,994,14,34,C:\Users\jay\New folder (2)\Trustrace\data\document_patches\P0001764_X51006556865_FORGED.png
P0001765_X51006556865_AUTH,X51006556865,group_0562,train,AUTHENTIC_REGION,0,EDITED,AuthenticText,307,544,107,19,C:\Users\jay\New folder (2)\Trustrace\data\document_patches\P0001765_X51006556865_AUTH.png
P0001766_X51006556865_AUTH,X51006556865,group_0562,train,AUTHENTIC_REGION,0,EDITED,AuthenticText,363,196,90,21,C:\Users\jay\New folder (2)\Trustrace\data\document_patches\P0001766_X51006556865_AUTH.png
P0001767_X51006557115_AUTH,X51006557115,group_0563,train,AUTHENTIC_REGION,0,REAL,AuthenticText,484,497,81,21,C:\Users\jay\New folder (2)\Trustrace\data\document_patches\P0001767_X51006557115_AUTH.png
P0001768_X51006557115_AUTH,X51006557115,group_0563,train,AUTHENTIC_REGION,0,REAL,AuthenticText,195,447,74,19,C:\Users\jay\New folder (2)\Trustrace\data\document_patches\P0001768_X51006557115_AUTH.png
P0001775_X51006557161_AUTH,X51006557161,group_0566,train,AUTHENTIC_REGION,0,REAL,AuthenticText,429,1049,35,16,C:\Users\jay\New folder (2)\Trustrace\data\document_patches\P0001775_X51006557161_AUTH.png
P0001776_X51006557161_AUTH,X51006557161,group_0566,train,AUTHENTIC_REGION,0,REAL,AuthenticText,75,1005,32,13,C:\Users\jay\New folder (2)\Trustrace\data\document_patches\P0001776_X51006557161_AUTH.png
P0001777_X51006557164_AUTH,X51006557164,group_0567,train,AUTHENTIC_REGION,0,REAL,AuthenticText,24,400,57,16,C:\Users\jay\New folder (2)\Trustrace\data\document_patches\P0001777_X51006557164_AUTH.png
P0001778_X51006557164_AUTH,X51006557164,group_0567,train,AUTHENTIC_REGION,0,REAL,AuthenticText,248,424,93,16,C:\Users\jay\New folder (2)\Trustrace\data\document_patches\P0001778_X51006557164_AUTH.png
P0001781_X51006557169_FORGED,X51006557169,group_0569,train,FORGED_REGION,1,EDITED,Total/payment,51,787,352,44,C:\Users\jay\New folder (2)\Trustrace\data\document_patches\P0001781_X51006557169_FORGED.png
P0001782_X51006557169_FORGED,X51006557169,group_0569,train,FORGED_REGION,1,EDITED,Total/payment,61,835,467,116,C:\Users\jay\New folder (2)\Trustrace\data\document_patches\P0001782_X51006557169_FORGED.png
P0001783_X51006557169_AUTH,X51006557169,group_0569,train,AUTHENTIC_REGION,0,EDITED,AuthenticText,348,1025,128,20,C:\Users\jay\New folder (2)\Trustrace\data\document_patches\P0001783_X51006557169_AUTH.png
P0001784_X51006557169_AUTH,X51006557169,group_0569,train,AUTHENTIC_REGION,0,EDITED,AuthenticText,380,554,21,16,C:\Users\jay\New folder (2)\Trustrace\data\document_patches\P0001784_X51006557169_AUTH.png
P0001787_X51006557173_AUTH,X51006557173,group_0571,train,AUTHENTIC_REGION,0,REAL,AuthenticText,263,717,66,39,C:\Users\jay\New folder (2)\Trustrace\data\document_patches\P0001787_X51006557173_AUTH.png
P0001788_X51006557173_AUTH,X51006557173,group_0571,train,AUTHENTIC_REGION,0,REAL,AuthenticText,218,96,17,21,C:\Users\jay\New folder (2)\Trustrace\data\document_patches\P0001788_X51006557173_AUTH.png
P0001789_X51006557178_AUTH,X51006557178,group_0572,train,AUTHENTIC_REGION,0,REAL,AuthenticText,395,260,92,30,C:\Users\jay\New folder (2)\Trustrace\data\document_patches\P0001789_X51006557178_AUTH.png
P0001790_X51006557178_AUTH,X51006557178,group_0572,train,AUTHENTIC_REGION,0,REAL,AuthenticText,341,114,97,22,C:\Users\jay\New folder (2)\Trustrace\data\document_patches\P0001790_X51006557178_AUTH.png
P0001791_X51006557179_AUTH,X51006557179,group_0573,train,AUTHENTIC_REGION,0,REAL,AuthenticText,450,784,59,31,C:\Users\jay\New folder (2)\Trustrace\data\document_patches\P0001791_X51006557179_AUTH.png
P0001792_X51006557179_AUTH,X51006557179,group_0573,train,AUTHENTIC_REGION,0,REAL,AuthenticText,432,1039,33,17,C:\Users\jay\New folder (2)\Trustrace\data\document_patches\P0001792_X51006557179_AUTH.png
P0001793_X51006557184_AUTH,X51006557184,group_0574,train,AUTHENTIC_REGION,0,REAL,AuthenticText,176,618,46,17,C:\Users\jay\New folder (2)\Trustrace\data\document_patches\P0001793_X51006557184_AUTH.png
P0001794_X51006557184_AUTH,X51006557184,group_0574,train,AUTHENTIC_REGION,0,REAL,AuthenticText,306,876,101,40,C:\Users\jay\New folder (2)\Trustrace\data\document_patches\P0001794_X51006557184_AUTH.png
P0001795_X51006557185_AUTH,X51006557185,group_0575,train,AUTHENTIC_REGION,0,REAL,AuthenticText,447,836,57,30,C:\Users\jay\New folder (2)\Trustrace\data\document_patches\P0001795_X51006557185_AUTH.png
P0001796_X51006557185_AUTH,X51006557185,group_0575,train,AUTHENTIC_REGION,0,REAL,AuthenticText,286,373,20,19,C:\Users\jay\New folder (2)\Trustrace\data\document_patches\P0001796_X51006557185_AUTH.png
P0001797_X51006557187_FORGED,X51006557187,group_0576,train,FORGED_REGION,1,EDITED,Metadata,492,307,14,16,C:\Users\jay\New folder (2)\Trustrace\data\document_patches\P0001797_X51006557187_FORGED.png
P0001798_X51006557187_FORGED,X51006557187,group_0576,train,FORGED_REGION,1,EDITED,Metadata,392,463,13,22,C:\Users\jay\New folder (2)\Trustrace\data\document_patches\P0001798_X51006557187_FORGED.png
P0001799_X51006557187_AUTH,X51006557187,group_0576,train,AUTHENTIC_REGION,0,EDITED,AuthenticText,231,933,58,33,C:\Users\jay\New folder (2)\Trustrace\data\document_patches\P0001799_X51006557187_AUTH.png
P0001800_X51006557187_AUTH,X51006557187,group_0576,train,AUTHENTIC_REGION,0,EDITED,AuthenticText,281,117,62,21,C:\Users\jay\New folder (2)\Trustrace\data\document_patches\P0001800_X51006557187_AUTH.png
P0001801_X51006557188_AUTH,X51006557188,group_0577,train,AUTHENTIC_REGION,0,REAL,AuthenticText,26,1016,35,16,C:\Users\jay\New folder (2)\Trustrace\data\document_patches\P0001801_X51006557188_AUTH.png
P0001802_X51006557188_AUTH,X51006557188,group_0577,train,AUTHENTIC_REGION,0,REAL,AuthenticText,387,574,12,16,C:\Users\jay\New folder (2)\Trustrace\data\document_patches\P0001802_X51006557188_AUTH.png
P0001811_X51006557195_FORGED,X51006557195,group_0580,train,FORGED_REGION,1,EDITED,Metadata,337,483,19,27,C:\Users\jay\New folder (2)\Trustrace\data\document_patches\P0001811_X51006557195_FORGED.png
P0001812_X51006557195_FORGED,X51006557195,group_0580,train,FORGED_REGION,1,EDITED,Metadata,304,487,23,25,C:\Users\jay\New folder (2)\Trustrace\data\document_patches\P0001812_X51006557195_FORGED.png
P0001813_X51006557195_AUTH,X51006557195,group_0580,train,AUTHENTIC_REGION,0,EDITED,AuthenticText,261,960,25,31,C:\Users\jay\New folder (2)\Trustrace\data\document_patches\P0001813_X51006557195_AUTH.png
P0001814_X51006557195_AUTH,X51006557195,group_0580,train,AUTHENTIC_REGION,0,EDITED,AuthenticText,74,604,57,17,C:\Users\jay\New folder (2)\Trustrace\data\document_patches\P0001814_X51006557195_AUTH.png
P0001815_X51006557196_AUTH,X51006557196,group_0581,train,AUTHENTIC_REGION,0,REAL,AuthenticText,332,589,12,17,C:\Users\jay\New folder (2)\Trustrace\data\document_patches\P0001815_X51006557196_AUTH.png
P0001816_X51006557196_AUTH,X51006557196,group_0581,train,AUTHENTIC_REGION,0,REAL,AuthenticText,176,78,125,17,C:\Users\jay\New folder (2)\Trustrace\data\document_patches\P0001816_X51006557196_AUTH.png
P0001819_X51006557199_AUTH,X51006557199,group_0583,train,AUTHENTIC_REGION,0,REAL,AuthenticText,30,406,57,16,C:\Users\jay\New folder (2)\Trustrace\data\document_patches\P0001819_X51006557199_AUTH.png
P0001820_X51006557199_AUTH,X51006557199,group_0583,train,AUTHENTIC_REGION,0,REAL,AuthenticText,544,669,22,16,C:\Users\jay\New folder (2)\Trustrace\data\document_patches\P0001820_X51006557199_AUTH.png
P0001823_X51006557208_AUTH,X51006557208,group_0585,train,AUTHENTIC_REGION,0,REAL,AuthenticText,326,144,74,17,C:\Users\jay\New folder (2)\Trustrace\data\document_patches\P0001823_X51006557208_AUTH.png
P0001824_X51006557208_AUTH,X51006557208,group_0585,train,AUTHENTIC_REGION,0,REAL,AuthenticText,86,535,58,16,C:\Users\jay\New folder (2)\Trustrace\data\document_patches\P0001824_X51006557208_AUTH.png
P0001827_X51006557210_AUTH,X51006557210,group_0587,train,AUTHENTIC_REGION,0,REAL,AuthenticText,457,562,47,15,C:\Users\jay\New folder (2)\Trustrace\data\document_patches\P0001827_X51006557210_AUTH.png
P0001828_X51006557210_AUTH,X51006557210,group_0587,train,AUTHENTIC_REGION,0,REAL,AuthenticText,96,428,69,15,C:\Users\jay\New folder (2)\Trustrace\data\document_patches\P0001828_X51006557210_AUTH.png
P0001835_X51006619328_AUTH,X51006619328,group_0591,train,AUTHENTIC_REGION,0,REAL,AuthenticText,188,154,87,38,C:\Users\jay\New folder (2)\Trustrace\data\document_patches\P0001835_X51006619328_AUTH.png
P0001836_X51006619328_AUTH,X51006619328,group_0591,train,AUTHENTIC_REGION,0,REAL,AuthenticText,451,759,124,40,C:\Users\jay\New folder (2)\Trustrace\data\document_patches\P0001836_X51006619328_AUTH.png
P0001839_X51006619341_AUTH,X51006619341,group_0593,train,AUTHENTIC_REGION,0,REAL,AuthenticText,64,1288,78,33,C:\Users\jay\New folder (2)\Trustrace\data\document_patches\P0001839_X51006619341_AUTH.png
P0001840_X51006619341_AUTH,X51006619341,group_0593,train,AUTHENTIC_REGION,0,REAL,AuthenticText,238,328,53,35,C:\Users\jay\New folder (2)\Trustrace\data\document_patches\P0001840_X51006619341_AUTH.png
P0001841_X51006619342_AUTH,X51006619342,group_0594,train,AUTHENTIC_REGION,0,REAL,AuthenticText,359,1250,70,30,C:\Users\jay\New folder (2)\Trustrace\data\document_patches\P0001841_X51006619342_AUTH.png
P0001842_X51006619342_AUTH,X51006619342,group_0594,train,AUTHENTIC_REGION,0,REAL,AuthenticText,787,696,36,30,C:\Users\jay\New folder (2)\Trustrace\data\document_patches\P0001842_X51006619342_AUTH.png
P0001843_X51006619343_FORGED,X51006619343,group_0595,train,FORGED_REGION,1,EDITED,Metadata,259,1957,31,35,C:\Users\jay\New folder (2)\Trustrace\data\document_patches\P0001843_X51006619343_FORGED.png
P0001844_X51006619343_AUTH,X51006619343,group_0595,train,AUTHENTIC_REGION,0,EDITED,AuthenticText,376,489,181,37,C:\Users\jay\New folder (2)\Trustrace\data\document_patches\P0001844_X51006619343_AUTH.png
P0001845_X51006619345_AUTH,X51006619345,group_0596,train,AUTHENTIC_REGION,0,REAL,AuthenticText,437,1317,53,41,C:\Users\jay\New folder (2)\Trustrace\data\document_patches\P0001845_X51006619345_AUTH.png
P0001846_X51006619345_AUTH,X51006619345,group_0596,train,AUTHENTIC_REGION,0,REAL,AuthenticText,650,1165,74,41,C:\Users\jay\New folder (2)\Trustrace\data\document_patches\P0001846_X51006619345_AUTH.png
P0001849_X51006619496_AUTH,X51006619496,group_0598,train,AUTHENTIC_REGION,0,REAL,AuthenticText,784,940,17,23,C:\Users\jay\New folder (2)\Trustrace\data\document_patches\P0001849_X51006619496_AUTH.png
P0001850_X51006619496_AUTH,X51006619496,group_0598,train,AUTHENTIC_REGION,0,REAL,AuthenticText,537,929,36,33,C:\Users\jay\New folder (2)\Trustrace\data\document_patches\P0001850_X51006619496_AUTH.png
P0001851_X51006619503_AUTH,X51006619503,group_0599,train,AUTHENTIC_REGION,0,REAL,AuthenticText,352,1435,108,28,C:\Users\jay\New folder (2)\Trustrace\data\document_patches\P0001851_X51006619503_AUTH.png
P0001852_X51006619503_AUTH,X51006619503,group_0599,train,AUTHENTIC_REGION,0,REAL,AuthenticText,287,369,111,31,C:\Users\jay\New folder (2)\Trustrace\data\document_patches\P0001852_X51006619503_AUTH.png
P0001853_X51006619506_AUTH,X51006619506,group_0600,train,AUTHENTIC_REGION,0,REAL,AuthenticText,328,1032,10,24,C:\Users\jay\New folder (2)\Trustrace\data\document_patches\P0001853_X51006619506_AUTH.png
P0001854_X51006619506_AUTH,X51006619506,group_0600,train,AUTHENTIC_REGION,0,REAL,AuthenticText,350,1360,56,21,C:\Users\jay\New folder (2)\Trustrace\data\document_patches\P0001854_X51006619506_AUTH.png
P0001855_X51006619507_AUTH,X51006619507,group_0601,train,AUTHENTIC_REGION,0,REAL,AuthenticText,707,947,90,32,C:\Users\jay\New folder (2)\Trustrace\data\document_patches\P0001855_X51006619507_AUTH.png
P0001856_X51006619507_AUTH,X51006619507,group_0601,train,AUTHENTIC_REGION,0,REAL,AuthenticText,101,848,17,32,C:\Users\jay\New folder (2)\Trustrace\data\document_patches\P0001856_X51006619507_AUTH.png
P0001859_X51006619545_AUTH,X51006619545,group_0603,train,AUTHENTIC_REGION,0,REAL,AuthenticText,116,2112,84,27,C:\Users\jay\New folder (2)\Trustrace\data\document_patches\P0001859_X51006619545_AUTH.png
P0001860_X51006619545_AUTH,X51006619545,group_0603,train,AUTHENTIC_REGION,0,REAL,AuthenticText,174,1529,90,26,C:\Users\jay\New folder (2)\Trustrace\data\document_patches\P0001860_X51006619545_AUTH.png
P0001871_X51006619561_AUTH,X51006619561,group_0605,train,AUTHENTIC_REGION,0,REAL,AuthenticText,156,351,151,38,C:\Users\jay\New folder (2)\Trustrace\data\document_patches\P0001871_X51006619561_AUTH.png
P0001872_X51006619561_AUTH,X51006619561,group_0605,train,AUTHENTIC_REGION,0,REAL,AuthenticText,412,1349,118,32,C:\Users\jay\New folder (2)\Trustrace\data\document_patches\P0001872_X51006619561_AUTH.png
P0001875_X51006619564_AUTH,X51006619564,group_0607,train,AUTHENTIC_REGION,0,REAL,AuthenticText,67,1418,84,30,C:\Users\jay\New folder (2)\Trustrace\data\document_patches\P0001875_X51006619564_AUTH.png
P0001876_X51006619564_AUTH,X51006619564,group_0607,train,AUTHENTIC_REGION,0,REAL,AuthenticText,158,1270,14,28,C:\Users\jay\New folder (2)\Trustrace\data\document_patches\P0001876_X51006619564_AUTH.png
P0001877_X51006619566_AUTH,X51006619566,group_0608,train,AUTHENTIC_REGION,0,REAL,AuthenticText,515,547,104,31,C:\Users\jay\New folder (2)\Trustrace\data\document_patches\P0001877_X51006619566_AUTH.png
P0001878_X51006619566_AUTH,X51006619566,group_0608,train,AUTHENTIC_REGION,0,REAL,AuthenticText,254,1498,119,32,C:\Users\jay\New folder (2)\Trustrace\data\document_patches\P0001878_X51006619566_AUTH.png
P0001879_X51006619567_AUTH,X51006619567,group_0609,train,AUTHENTIC_REGION,0,REAL,AuthenticText,85,913,133,27,C:\Users\jay\New folder (2)\Trustrace\data\document_patches\P0001879_X51006619567_AUTH.png
P0001880_X51006619567_AUTH,X51006619567,group_0609,train,AUTHENTIC_REGION,0,REAL,AuthenticText,728,1196,57,26,C:\Users\jay\New folder (2)\Trustrace\data\document_patches\P0001880_X51006619567_AUTH.png
P0001881_X51006619569_AUTH,X51006619569,group_0610,train,AUTHENTIC_REGION,0,REAL,AuthenticText,274,777,142,41,C:\Users\jay\New folder (2)\Trustrace\data\document_patches\P0001881_X51006619569_AUTH.png
P0001882_X51006619569_AUTH,X51006619569,group_0610,train,AUTHENTIC_REGION,0,REAL,AuthenticText,434,1429,92,31,C:\Users\jay\New folder (2)\Trustrace\data\document_patches\P0001882_X51006619569_AUTH.png
P0001883_X51006619570_AUTH,X51006619570,group_0611,train,AUTHENTIC_REGION,0,REAL,AuthenticText,210,1641,148,31,C:\Users\jay\New folder (2)\Trustrace\data\document_patches\P0001883_X51006619570_AUTH.png
P0001884_X51006619570_AUTH,X51006619570,group_0611,train,AUTHENTIC_REGION,0,REAL,AuthenticText,568,584,149,32,C:\Users\jay\New folder (2)\Trustrace\data\document_patches\P0001884_X51006619570_AUTH.png
P0001885_X51006619694_AUTH,X51006619694,group_0612,train,AUTHENTIC_REGION,0,REAL,AuthenticText,521,1962,144,38,C:\Users\jay\New folder (2)\Trustrace\data\document_patches\P0001885_X51006619694_AUTH.png
P0001886_X51006619694_AUTH,X51006619694,group_0612,train,AUTHENTIC_REGION,0,REAL,AuthenticText,320,406,55,40,C:\Users\jay\New folder (2)\Trustrace\data\document_patches\P0001886_X51006619694_AUTH.png
P0001887_X51006619696_AUTH,X51006619696,group_0613,train,AUTHENTIC_REGION,0,REAL,AuthenticText,258,500,84,31,C:\Users\jay\New folder (2)\Trustrace\data\document_patches\P0001887_X51006619696_AUTH.png
P0001888_X51006619697_FORGED,X51006619697,group_0614,train,FORGED_REGION,1,EDITED,Product,726,1045,24,50,C:\Users\jay\New folder (2)\Trustrace\data\document_patches\P0001888_X51006619697_FORGED.png
P0001889_X51006619697_FORGED,X51006619697,group_0614,train,FORGED_REGION,1,EDITED,Total/payment,650,1685,43,56,C:\Users\jay\New folder (2)\Trustrace\data\document_patches\P0001889_X51006619697_FORGED.png
P0001890_X51006619697_FORGED,X51006619697,group_0614,train,FORGED_REGION,1,EDITED,Total/payment,730,1787,20,51,C:\Users\jay\New folder (2)\Trustrace\data\document_patches\P0001890_X51006619697_FORGED.png
P0001891_X51006619697_AUTH,X51006619697,group_0614,train,AUTHENTIC_REGION,0,EDITED,AuthenticText,212,1650,56,34,C:\Users\jay\New folder (2)\Trustrace\data\document_patches\P0001891_X51006619697_AUTH.png
P0001892_X51006619697_AUTH,X51006619697,group_0614,train,AUTHENTIC_REGION,0,EDITED,AuthenticText,329,223,50,34,C:\Users\jay\New folder (2)\Trustrace\data\document_patches\P0001892_X51006619697_AUTH.png
P0001893_X51006619697_AUTH,X51006619697,group_0614,train,AUTHENTIC_REGION,0,EDITED,AuthenticText,273,1946,113,36,C:\Users\jay\New folder (2)\Trustrace\data\document_patches\P0001893_X51006619697_AUTH.png
P0001894_X51006619698_AUTH,X51006619698,group_0615,train,AUTHENTIC_REGION,0,REAL,AuthenticText,322,838,109,32,C:\Users\jay\New folder (2)\Trustrace\data\document_patches\P0001894_X51006619698_AUTH.png
P0001895_X51006619698_AUTH,X51006619698,group_0615,train,AUTHENTIC_REGION,0,REAL,AuthenticText,488,638,91,39,C:\Users\jay\New folder (2)\Trustrace\data\document_patches\P0001895_X51006619698_AUTH.png
P0001896_X51006619704_AUTH,X51006619704,group_0618,train,AUTHENTIC_REGION,0,REAL,AuthenticText,283,794,87,30,C:\Users\jay\New folder (2)\Trustrace\data\document_patches\P0001896_X51006619704_AUTH.png
P0001897_X51006619704_AUTH,X51006619704,group_0618,train,AUTHENTIC_REGION,0,REAL,AuthenticText,75,1299,180,30,C:\Users\jay\New folder (2)\Trustrace\data\document_patches\P0001897_X51006619704_AUTH.png
P0001898_X51006619709_FORGED,X51006619709,group_0619,train,FORGED_REGION,1,EDITED,Company,198,323,193,42,C:\Users\jay\New folder (2)\Trustrace\data\document_patches\P0001898_X51006619709_FORGED.png
P0001899_X51006619709_AUTH,X51006619709,group_0619,train,AUTHENTIC_REGION,0,EDITED,AuthenticText,571,1634,48,32,C:\Users\jay\New folder (2)\Trustrace\data\document_patches\P0001899_X51006619709_AUTH.png
P0001902_X51006619758_AUTH,X51006619758,group_0621,train,AUTHENTIC_REGION,0,REAL,AuthenticText,335,496,98,40,C:\Users\jay\New folder (2)\Trustrace\data\document_patches\P0001902_X51006619758_AUTH.png
P0001903_X51006619758_AUTH,X51006619758,group_0621,train,AUTHENTIC_REGION,0,REAL,AuthenticText,366,798,103,32,C:\Users\jay\New folder (2)\Trustrace\data\document_patches\P0001903_X51006619758_AUTH.png
P0001906_X51006619764_AUTH,X51006619764,group_0623,train,AUTHENTIC_REGION,0,REAL,AuthenticText,456,1741,90,30,C:\Users\jay\New folder (2)\Trustrace\data\document_patches\P0001906_X51006619764_AUTH.png
P0001907_X51006619764_AUTH,X51006619764,group_0623,train,AUTHENTIC_REGION,0,REAL,AuthenticText,586,532,147,31,C:\Users\jay\New folder (2)\Trustrace\data\document_patches\P0001907_X51006619764_AUTH.png
P0001908_X51006619765_AUTH,X51006619765,group_0624,train,AUTHENTIC_REGION,0,REAL,AuthenticText,484,1196,12,32,C:\Users\jay\New folder (2)\Trustrace\data\document_patches\P0001908_X51006619765_AUTH.png
P0001909_X51006619765_AUTH,X51006619765,group_0624,train,AUTHENTIC_REGION,0,REAL,AuthenticText,408,587,255,40,C:\Users\jay\New folder (2)\Trustrace\data\document_patches\P0001909_X51006619765_AUTH.png
P0001910_X51006619766_FORGED,X51006619766,group_0625,train,FORGED_REGION,1,EDITED,Product,475,883,14,32,C:\Users\jay\New folder (2)\Trustrace\data\document_patches\P0001910_X51006619766_FORGED.png
P0001911_X51006619766_FORGED,X51006619766,group_0625,train,FORGED_REGION,1,EDITED,Product,474,1034,18,34,C:\Users\jay\New folder (2)\Trustrace\data\document_patches\P0001911_X51006619766_FORGED.png
P0001912_X51006619766_FORGED,X51006619766,group_0625,train,FORGED_REGION,1,EDITED,Product,475,1184,16,35,C:\Users\jay\New folder (2)\Trustrace\data\document_patches\P0001912_X51006619766_FORGED.png
P0001913_X51006619766_FORGED,X51006619766,group_0625,train,FORGED_REGION,1,EDITED,Product,474,1489,17,34,C:\Users\jay\New folder (2)\Trustrace\data\document_patches\P0001913_X51006619766_FORGED.png
P0001914_X51006619766_FORGED,X51006619766,group_0625,train,FORGED_REGION,1,EDITED,Total/payment,766,2047,19,35,C:\Users\jay\New folder (2)\Trustrace\data\document_patches\P0001914_X51006619766_FORGED.png
P0001915_X51006619766_FORGED,X51006619766,group_0625,train,FORGED_REGION,1,EDITED,Total/payment,790,2046,15,36,C:\Users\jay\New folder (2)\Trustrace\data\document_patches\P0001915_X51006619766_FORGED.png
P0001916_X51006619766_FORGED,X51006619766,group_0625,train,FORGED_REGION,1,EDITED,Product,472,1337,18,38,C:\Users\jay\New folder (2)\Trustrace\data\document_patches\P0001916_X51006619766_FORGED.png
P0001917_X51006619766_FORGED,X51006619766,group_0625,train,FORGED_REGION,1,EDITED,Product,471,1639,19,36,C:\Users\jay\New folder (2)\Trustrace\data\document_patches\P0001917_X51006619766_FORGED.png
P0001918_X51006619766_FORGED,X51006619766,group_0625,train,FORGED_REGION,1,EDITED,Product,470,1793,20,35,C:\Users\jay\New folder (2)\Trustrace\data\document_patches\P0001918_X51006619766_FORGED.png
P0001919_X51006619766_FORGED,X51006619766,group_0625,train,FORGED_REGION,1,EDITED,Product,472,1946,15,31,C:\Users\jay\New folder (2)\Trustrace\data\document_patches\P0001919_X51006619766_FORGED.png
P0001920_X51006619766_FORGED,X51006619766,group_0625,train,FORGED_REGION,1,EDITED,Total/payment,245,2044,22,36,C:\Users\jay\New folder (2)\Trustrace\data\document_patches\P0001920_X51006619766_FORGED.png
P0001921_X51006619766_AUTH,X51006619766,group_0625,train,AUTHENTIC_REGION,0,EDITED,AuthenticText,698,1342,73,32,C:\Users\jay\New folder (2)\Trustrace\data\document_patches\P0001921_X51006619766_AUTH.png
P0001922_X51006619766_AUTH,X51006619766,group_0625,train,AUTHENTIC_REGION,0,EDITED,AuthenticText,413,2597,130,33,C:\Users\jay\New folder (2)\Trustrace\data\document_patches\P0001922_X51006619766_AUTH.png
P0001923_X51006619766_AUTH,X51006619766,group_0625,train,AUTHENTIC_REGION,0,EDITED,AuthenticText,59,2444,148,33,C:\Users\jay\New folder (2)\Trustrace\data\document_patches\P0001923_X51006619766_AUTH.png
P0001924_X51006619766_AUTH,X51006619766,group_0625,train,AUTHENTIC_REGION,0,EDITED,AuthenticText,401,682,146,33,C:\Users\jay\New folder (2)\Trustrace\data\document_patches\P0001924_X51006619766_AUTH.png
P0001925_X51006619766_AUTH,X51006619766,group_0625,train,AUTHENTIC_REGION,0,EDITED,AuthenticText,526,2698,126,32,C:\Users\jay\New folder (2)\Trustrace\data\document_patches\P0001925_X51006619766_AUTH.png
P0001926_X51006619766_AUTH,X51006619766,group_0625,train,AUTHENTIC_REGION,0,EDITED,AuthenticText,61,781,149,33,C:\Users\jay\New folder (2)\Trustrace\data\document_patches\P0001926_X51006619766_AUTH.png
P0001927_X51006619766_AUTH,X51006619766,group_0625,train,AUTHENTIC_REGION,0,EDITED,AuthenticText,735,2248,72,32,C:\Users\jay\New folder (2)\Trustrace\data\document_patches\P0001927_X51006619766_AUTH.png
P0001928_X51006619766_AUTH,X51006619766,group_0625,train,AUTHENTIC_REGION,0,EDITED,AuthenticText,60,1338,132,32,C:\Users\jay\New folder (2)\Trustrace\data\document_patches\P0001928_X51006619766_AUTH.png
P0001929_X51006619766_AUTH,X51006619766,group_0625,train,AUTHENTIC_REGION,0,EDITED,AuthenticText,380,1844,54,32,C:\Users\jay\New folder (2)\Trustrace\data\document_patches\P0001929_X51006619766_AUTH.png
P0001930_X51006619766_AUTH,X51006619766,group_0625,train,AUTHENTIC_REGION,0,EDITED,AuthenticText,61,1033,243,33,C:\Users\jay\New folder (2)\Trustrace\data\document_patches\P0001930_X51006619766_AUTH.png
P0001931_X51006619766_AUTH,X51006619766,group_0625,train,AUTHENTIC_REGION,0,EDITED,AuthenticText,154,1905,17,8,C:\Users\jay\New folder (2)\Trustrace\data\document_patches\P0001931_X51006619766_AUTH.png
P0001934_X51006619777_FORGED,X51006619777,group_0627,train,FORGED_REGION,1,EDITED,Company,511,339,91,40,C:\Users\jay\New folder (2)\Trustrace\data\document_patches\P0001934_X51006619777_FORGED.png
P0001935_X51006619777_FORGED,X51006619777,group_0627,train,FORGED_REGION,1,EDITED,Metadata,568,588,92,42,C:\Users\jay\New folder (2)\Trustrace\data\document_patches\P0001935_X51006619777_FORGED.png
P0001936_X51006619777_AUTH,X51006619777,group_0627,train,AUTHENTIC_REGION,0,EDITED,AuthenticText,305,390,63,32,C:\Users\jay\New folder (2)\Trustrace\data\document_patches\P0001936_X51006619777_AUTH.png
P0001937_X51006619777_AUTH,X51006619777,group_0627,train,AUTHENTIC_REGION,0,EDITED,AuthenticText,310,1096,172,31,C:\Users\jay\New folder (2)\Trustrace\data\document_patches\P0001937_X51006619777_AUTH.png
P0001940_X51006619780_AUTH,X51006619780,group_0629,train,AUTHENTIC_REGION,0,REAL,AuthenticText,534,1075,81,33,C:\Users\jay\New folder (2)\Trustrace\data\document_patches\P0001940_X51006619780_AUTH.png
P0001941_X51006619780_AUTH,X51006619780,group_0629,train,AUTHENTIC_REGION,0,REAL,AuthenticText,781,1048,65,60,C:\Users\jay\New folder (2)\Trustrace\data\document_patches\P0001941_X51006619780_AUTH.png
P0001942_X51006619782_FORGED,X51006619782,group_0630,train,FORGED_REGION,1,EDITED,Metadata,719,839,41,44,C:\Users\jay\New folder (2)\Trustrace\data\document_patches\P0001942_X51006619782_FORGED.png
P0001943_X51006619782_FORGED,X51006619782,group_0630,train,FORGED_REGION,1,EDITED,Metadata,790,843,24,39,C:\Users\jay\New folder (2)\Trustrace\data\document_patches\P0001943_X51006619782_FORGED.png
P0001944_X51006619782_AUTH,X51006619782,group_0630,train,AUTHENTIC_REGION,0,EDITED,AuthenticText,155,1138,81,30,C:\Users\jay\New folder (2)\Trustrace\data\document_patches\P0001944_X51006619782_AUTH.png
P0001945_X51006619782_AUTH,X51006619782,group_0630,train,AUTHENTIC_REGION,0,EDITED,AuthenticText,345,1736,85,29,C:\Users\jay\New folder (2)\Trustrace\data\document_patches\P0001945_X51006619782_AUTH.png
P0001946_X51006619783_AUTH,X51006619783,group_0631,train,AUTHENTIC_REGION,0,REAL,AuthenticText,400,1977,47,27,C:\Users\jay\New folder (2)\Trustrace\data\document_patches\P0001946_X51006619783_AUTH.png
P0001947_X51006619783_AUTH,X51006619783,group_0631,train,AUTHENTIC_REGION,0,REAL,AuthenticText,44,1402,68,30,C:\Users\jay\New folder (2)\Trustrace\data\document_patches\P0001947_X51006619783_AUTH.png
P0001949_X51006619785_AUTH,X51006619785,group_0633,train,AUTHENTIC_REGION,0,REAL,AuthenticText,162,950,37,26,C:\Users\jay\New folder (2)\Trustrace\data\document_patches\P0001949_X51006619785_AUTH.png
P0001950_X51006619785_AUTH,X51006619785,group_0633,train,AUTHENTIC_REGION,0,REAL,AuthenticText,272,899,77,26,C:\Users\jay\New folder (2)\Trustrace\data\document_patches\P0001950_X51006619785_AUTH.png
P0001951_X51006619790_AUTH,X51006619790,group_0634,train,AUTHENTIC_REGION,0,REAL,AuthenticText,618,159,32,39,C:\Users\jay\New folder (2)\Trustrace\data\document_patches\P0001951_X51006619790_AUTH.png
P0001952_X51006619790_AUTH,X51006619790,group_0634,train,AUTHENTIC_REGION,0,REAL,AuthenticText,568,1266,65,38,C:\Users\jay\New folder (2)\Trustrace\data\document_patches\P0001952_X51006619790_AUTH.png
P0001955_X51006619854_FORGED,X51006619854,group_0636,train,FORGED_REGION,1,EDITED,Product,698,887,21,38,C:\Users\jay\New folder (2)\Trustrace\data\document_patches\P0001955_X51006619854_FORGED.png
P0001956_X51006619854_FORGED,X51006619854,group_0636,train,FORGED_REGION,1,EDITED,Product,720,887,13,37,C:\Users\jay\New folder (2)\Trustrace\data\document_patches\P0001956_X51006619854_FORGED.png
P0001957_X51006619854_FORGED,X51006619854,group_0636,train,FORGED_REGION,1,EDITED,Total/payment,717,1034,19,44,C:\Users\jay\New folder (2)\Trustrace\data\document_patches\P0001957_X51006619854_FORGED.png
P0001958_X51006619854_FORGED,X51006619854,group_0636,train,FORGED_REGION,1,EDITED,Total/payment,717,1086,18,40,C:\Users\jay\New folder (2)\Trustrace\data\document_patches\P0001958_X51006619854_FORGED.png
P0001959_X51006619854_FORGED,X51006619854,group_0636,train,FORGED_REGION,1,EDITED,Total/payment,713,1134,24,40,C:\Users\jay\New folder (2)\Trustrace\data\document_patches\P0001959_X51006619854_FORGED.png
P0001960_X51006619854_AUTH,X51006619854,group_0636,train,AUTHENTIC_REGION,0,EDITED,AuthenticText,592,1088,36,33,C:\Users\jay\New folder (2)\Trustrace\data\document_patches\P0001960_X51006619854_AUTH.png
P0001961_X51006619854_AUTH,X51006619854,group_0636,train,AUTHENTIC_REGION,0,EDITED,AuthenticText,96,1234,53,32,C:\Users\jay\New folder (2)\Trustrace\data\document_patches\P0001961_X51006619854_AUTH.png
P0001962_X51006619854_AUTH,X51006619854,group_0636,train,AUTHENTIC_REGION,0,EDITED,AuthenticText,607,390,15,31,C:\Users\jay\New folder (2)\Trustrace\data\document_patches\P0001962_X51006619854_AUTH.png
P0001963_X51006619854_AUTH,X51006619854,group_0636,train,AUTHENTIC_REGION,0,EDITED,AuthenticText,254,491,87,33,C:\Users\jay\New folder (2)\Trustrace\data\document_patches\P0001963_X51006619854_AUTH.png
P0001964_X51006619854_AUTH,X51006619854,group_0636,train,AUTHENTIC_REGION,0,EDITED,AuthenticText,594,1435,86,40,C:\Users\jay\New folder (2)\Trustrace\data\document_patches\P0001964_X51006619854_AUTH.png
P0001965_X51006619862_AUTH,X51006619862,group_0637,train,AUTHENTIC_REGION,0,REAL,AuthenticText,284,489,68,29,C:\Users\jay\New folder (2)\Trustrace\data\document_patches\P0001965_X51006619862_AUTH.png
P0001966_X51006619862_AUTH,X51006619862,group_0637,train,AUTHENTIC_REGION,0,REAL,AuthenticText,360,1551,52,28,C:\Users\jay\New folder (2)\Trustrace\data\document_patches\P0001966_X51006619862_AUTH.png
P0001969_X51006619869_AUTH,X51006619869,group_0639,train,AUTHENTIC_REGION,0,REAL,AuthenticText,436,308,68,31,C:\Users\jay\New folder (2)\Trustrace\data\document_patches\P0001969_X51006619869_AUTH.png
P0001970_X51006619869_AUTH,X51006619869,group_0639,train,AUTHENTIC_REGION,0,REAL,AuthenticText,510,1315,73,31,C:\Users\jay\New folder (2)\Trustrace\data\document_patches\P0001970_X51006619869_AUTH.png
P0001973_X51006620175_AUTH,X51006620175,group_0641,train,AUTHENTIC_REGION,0,REAL,AuthenticText,390,1979,35,31,C:\Users\jay\New folder (2)\Trustrace\data\document_patches\P0001973_X51006620175_AUTH.png
P0001974_X51006620175_AUTH,X51006620175,group_0641,train,AUTHENTIC_REGION,0,REAL,AuthenticText,352,1879,53,31,C:\Users\jay\New folder (2)\Trustrace\data\document_patches\P0001974_X51006620175_AUTH.png
P0001975_X51006620176_AUTH,X51006620176,group_0642,train,AUTHENTIC_REGION,0,REAL,AuthenticText,788,779,35,31,C:\Users\jay\New folder (2)\Trustrace\data\document_patches\P0001975_X51006620176_AUTH.png
P0001976_X51006620176_AUTH,X51006620176,group_0642,train,AUTHENTIC_REGION,0,REAL,AuthenticText,75,1376,148,32,C:\Users\jay\New folder (2)\Trustrace\data\document_patches\P0001976_X51006620176_AUTH.png
P0001977_X51006620181_FORGED,X51006620181,group_0643,train,FORGED_REGION,1,EDITED,Metadata,298,1216,13,29,C:\Users\jay\New folder (2)\Trustrace\data\document_patches\P0001977_X51006620181_FORGED.png
P0001978_X51006620181_FORGED,X51006620181,group_0643,train,FORGED_REGION,1,EDITED,Metadata,631,1215,11,30,C:\Users\jay\New folder (2)\Trustrace\data\document_patches\P0001978_X51006620181_FORGED.png
P0001979_X51006620181_AUTH,X51006620181,group_0643,train,AUTHENTIC_REGION,0,EDITED,AuthenticText,340,354,145,32,C:\Users\jay\New folder (2)\Trustrace\data\document_patches\P0001979_X51006620181_AUTH.png
P0001980_X51006620181_AUTH,X51006620181,group_0643,train,AUTHENTIC_REGION,0,EDITED,AuthenticText,468,1042,54,32,C:\Users\jay\New folder (2)\Trustrace\data\document_patches\P0001980_X51006620181_AUTH.png
P0001981_X51006620182_FORGED,X51006620182,group_0644,train,FORGED_REGION,1,EDITED,Product,144,1539,91,40,C:\Users\jay\New folder (2)\Trustrace\data\document_patches\P0001981_X51006620182_FORGED.png
P0001982_X51006620182_FORGED,X51006620182,group_0644,train,FORGED_REGION,1,EDITED,Product,249,1437,97,36,C:\Users\jay\New folder (2)\Trustrace\data\document_patches\P0001982_X51006620182_FORGED.png
P0001983_X51006620182_FORGED,X51006620182,group_0644,train,FORGED_REGION,1,EDITED,Product,251,1540,142,36,C:\Users\jay\New folder (2)\Trustrace\data\document_patches\P0001983_X51006620182_FORGED.png
P0001984_X51006620182_FORGED,X51006620182,group_0644,train,FORGED_REGION,1,EDITED,Product,274,1739,133,38,C:\Users\jay\New folder (2)\Trustrace\data\document_patches\P0001984_X51006620182_FORGED.png
P0001985_X51006620182_AUTH,X51006620182,group_0644,train,AUTHENTIC_REGION,0,EDITED,AuthenticText,276,1136,42,30,C:\Users\jay\New folder (2)\Trustrace\data\document_patches\P0001985_X51006620182_AUTH.png
P0001986_X51006620182_AUTH,X51006620182,group_0644,train,AUTHENTIC_REGION,0,EDITED,AuthenticText,655,1694,86,31,C:\Users\jay\New folder (2)\Trustrace\data\document_patches\P0001986_X51006620182_AUTH.png
P0001987_X51006620182_AUTH,X51006620182,group_0644,train,AUTHENTIC_REGION,0,EDITED,AuthenticText,388,730,153,30,C:\Users\jay\New folder (2)\Trustrace\data\document_patches\P0001987_X51006620182_AUTH.png
P0001988_X51006620182_AUTH,X51006620182,group_0644,train,AUTHENTIC_REGION,0,EDITED,AuthenticText,724,525,64,35,C:\Users\jay\New folder (2)\Trustrace\data\document_patches\P0001988_X51006620182_AUTH.png
P0001989_X51006620186_AUTH,X51006620186,group_0645,train,AUTHENTIC_REGION,0,REAL,AuthenticText,426,2315,131,32,C:\Users\jay\New folder (2)\Trustrace\data\document_patches\P0001989_X51006620186_AUTH.png
P0001990_X51006620186_AUTH,X51006620186,group_0645,train,AUTHENTIC_REGION,0,REAL,AuthenticText,441,348,47,41,C:\Users\jay\New folder (2)\Trustrace\data\document_patches\P0001990_X51006620186_AUTH.png
P0001991_X51006620187_AUTH,X51006620187,group_0646,train,AUTHENTIC_REGION,0,REAL,AuthenticText,211,1275,17,22,C:\Users\jay\New folder (2)\Trustrace\data\document_patches\P0001991_X51006620187_AUTH.png
P0001992_X51006620187_AUTH,X51006620187,group_0646,train,AUTHENTIC_REGION,0,REAL,AuthenticText,50,1237,124,25,C:\Users\jay\New folder (2)\Trustrace\data\document_patches\P0001992_X51006620187_AUTH.png
P0001993_X51006620189_AUTH,X51006620189,group_0647,train,AUTHENTIC_REGION,0,REAL,AuthenticText,519,1135,49,31,C:\Users\jay\New folder (2)\Trustrace\data\document_patches\P0001993_X51006620189_AUTH.png
P0001994_X51006620189_AUTH,X51006620189,group_0647,train,AUTHENTIC_REGION,0,REAL,AuthenticText,161,2288,122,40,C:\Users\jay\New folder (2)\Trustrace\data\document_patches\P0001994_X51006620189_AUTH.png
P0001995_X51006620190_AUTH,X51006620190,group_0648,train,AUTHENTIC_REGION,0,REAL,AuthenticText,227,1597,91,32,C:\Users\jay\New folder (2)\Trustrace\data\document_patches\P0001995_X51006620190_AUTH.png
P0001996_X51006620190_AUTH,X51006620190,group_0648,train,AUTHENTIC_REGION,0,REAL,AuthenticText,695,492,31,39,C:\Users\jay\New folder (2)\Trustrace\data\document_patches\P0001996_X51006620190_AUTH.png
P0001997_X51006620191_AUTH,X51006620191,group_0649,train,AUTHENTIC_REGION,0,REAL,AuthenticText,261,1846,51,31,C:\Users\jay\New folder (2)\Trustrace\data\document_patches\P0001997_X51006620191_AUTH.png
P0001998_X51006620191_AUTH,X51006620191,group_0649,train,AUTHENTIC_REGION,0,REAL,AuthenticText,326,502,47,40,C:\Users\jay\New folder (2)\Trustrace\data\document_patches\P0001998_X51006620191_AUTH.png
P0001999_X51006620192_AUTH,X51006620192,group_0650,train,AUTHENTIC_REGION,0,REAL,AuthenticText,380,449,111,31,C:\Users\jay\New folder (2)\Trustrace\data\document_patches\P0001999_X51006620192_AUTH.png
P0002000_X51006620192_AUTH,X51006620192,group_0650,train,AUTHENTIC_REGION,0,REAL,AuthenticText,61,399,55,30,C:\Users\jay\New folder (2)\Trustrace\data\document_patches\P0002000_X51006620192_AUTH.png
P0002001_X51006620414_AUTH,X51006620414,group_0651,train,AUTHENTIC_REGION,0,REAL,AuthenticText,434,1814,185,35,C:\Users\jay\New folder (2)\Trustrace\data\document_patches\P0002001_X51006620414_AUTH.png
P0002002_X51006620414_AUTH,X51006620414,group_0651,train,AUTHENTIC_REGION,0,REAL,AuthenticText,725,1461,109,27,C:\Users\jay\New folder (2)\Trustrace\data\document_patches\P0002002_X51006620414_AUTH.png
P0002003_X51006620437_AUTH,X51006620437,group_0652,train,AUTHENTIC_REGION,0,REAL,AuthenticText,635,897,123,34,C:\Users\jay\New folder (2)\Trustrace\data\document_patches\P0002003_X51006620437_AUTH.png
P0002004_X51006620437_AUTH,X51006620437,group_0652,train,AUTHENTIC_REGION,0,REAL,AuthenticText,654,799,140,33,C:\Users\jay\New folder (2)\Trustrace\data\document_patches\P0002004_X51006620437_AUTH.png
P0002005_X51006647932_FORGED,X51006647932,group_0653,train,FORGED_REGION,1,EDITED,Product,61,599,532,124,C:\Users\jay\New folder (2)\Trustrace\data\document_patches\P0002005_X51006647932_FORGED.png
P0002006_X51006647932_FORGED,X51006647932,group_0653,train,FORGED_REGION,1,EDITED,Total/payment,448,569,144,33,C:\Users\jay\New folder (2)\Trustrace\data\document_patches\P0002006_X51006647932_FORGED.png
P0002007_X51006647932_FORGED,X51006647932,group_0653,train,FORGED_REGION,1,EDITED,Total/payment,464,931,98,30,C:\Users\jay\New folder (2)\Trustrace\data\document_patches\P0002007_X51006647932_FORGED.png
P0002008_X51006647932_AUTH,X51006647932,group_0653,train,AUTHENTIC_REGION,0,EDITED,AuthenticText,238,490,38,18,C:\Users\jay\New folder (2)\Trustrace\data\document_patches\P0002008_X51006647932_AUTH.png
P0002009_X51006647932_AUTH,X51006647932,group_0653,train,AUTHENTIC_REGION,0,EDITED,AuthenticText,499,1024,11,18,C:\Users\jay\New folder (2)\Trustrace\data\document_patches\P0002009_X51006647932_AUTH.png
P0002010_X51006647932_AUTH,X51006647932,group_0653,train,AUTHENTIC_REGION,0,EDITED,AuthenticText,113,490,25,18,C:\Users\jay\New folder (2)\Trustrace\data\document_patches\P0002010_X51006647932_AUTH.png
P0002011_X51006647933_AUTH,X51006647933,group_0654,train,AUTHENTIC_REGION,0,REAL,AuthenticText,26,343,57,22,C:\Users\jay\New folder (2)\Trustrace\data\document_patches\P0002011_X51006647933_AUTH.png
P0002012_X51006647933_AUTH,X51006647933,group_0654,train,AUTHENTIC_REGION,0,REAL,AuthenticText,319,628,81,21,C:\Users\jay\New folder (2)\Trustrace\data\document_patches\P0002012_X51006647933_AUTH.png
P0002017_X51006679222_AUTH,X51006679222,group_0657,train,AUTHENTIC_REGION,0,REAL,AuthenticText,298,172,41,62,C:\Users\jay\New folder (2)\Trustrace\data\document_patches\P0002017_X51006679222_AUTH.png
P0002018_X51006679222_AUTH,X51006679222,group_0657,train,AUTHENTIC_REGION,0,REAL,AuthenticText,107,1115,34,21,C:\Users\jay\New folder (2)\Trustrace\data\document_patches\P0002018_X51006679222_AUTH.png
P0002021_X51006714065_AUTH,X51006714065,group_0659,train,AUTHENTIC_REGION,0,REAL,AuthenticText,332,285,61,22,C:\Users\jay\New folder (2)\Trustrace\data\document_patches\P0002021_X51006714065_AUTH.png
P0002022_X51006714065_AUTH,X51006714065,group_0659,train,AUTHENTIC_REGION,0,REAL,AuthenticText,25,1031,44,21,C:\Users\jay\New folder (2)\Trustrace\data\document_patches\P0002022_X51006714065_AUTH.png
P0002027_X51006733495_AUTH,X51006733495,group_0662,train,AUTHENTIC_REGION,0,REAL,AuthenticText,679,1005,84,32,C:\Users\jay\New folder (2)\Trustrace\data\document_patches\P0002027_X51006733495_AUTH.png
P0002028_X51006733495_AUTH,X51006733495,group_0662,train,AUTHENTIC_REGION,0,REAL,AuthenticText,658,802,138,33,C:\Users\jay\New folder (2)\Trustrace\data\document_patches\P0002028_X51006733495_AUTH.png
P0002029_X51006828199_AUTH,X51006828199,group_0663,train,AUTHENTIC_REGION,0,REAL,AuthenticText,204,576,82,36,C:\Users\jay\New folder (2)\Trustrace\data\document_patches\P0002029_X51006828199_AUTH.png
P0002030_X51006828199_AUTH,X51006828199,group_0663,train,AUTHENTIC_REGION,0,REAL,AuthenticText,277,618,27,33,C:\Users\jay\New folder (2)\Trustrace\data\document_patches\P0002030_X51006828199_AUTH.png
P0002031_X51006828200_AUTH,X51006828200,group_0664,train,AUTHENTIC_REGION,0,REAL,AuthenticText,37,944,91,32,C:\Users\jay\New folder (2)\Trustrace\data\document_patches\P0002031_X51006828200_AUTH.png
P0002032_X51006828200_AUTH,X51006828200,group_0664,train,AUTHENTIC_REGION,0,REAL,AuthenticText,56,770,48,30,C:\Users\jay\New folder (2)\Trustrace\data\document_patches\P0002032_X51006828200_AUTH.png
P0002033_X51006828201_FORGED,X51006828201,group_0665,train,FORGED_REGION,1,EDITED,Company,402,322,28,23,C:\Users\jay\New folder (2)\Trustrace\data\document_patches\P0002033_X51006828201_FORGED.png
P0002034_X51006828201_FORGED,X51006828201,group_0665,train,FORGED_REGION,1,EDITED,Company,510,322,37,25,C:\Users\jay\New folder (2)\Trustrace\data\document_patches\P0002034_X51006828201_FORGED.png
P0002035_X51006828201_FORGED,X51006828201,group_0665,train,FORGED_REGION,1,EDITED,Other,579,660,35,35,C:\Users\jay\New folder (2)\Trustrace\data\document_patches\P0002035_X51006828201_FORGED.png
P0002036_X51006828201_FORGED,X51006828201,group_0665,train,FORGED_REGION,1,EDITED,Other,702,656,44,42,C:\Users\jay\New folder (2)\Trustrace\data\document_patches\P0002036_X51006828201_FORGED.png
P0002037_X51006828201_FORGED,X51006828201,group_0665,train,FORGED_REGION,1,EDITED,Total/payment,597,1621,25,39,C:\Users\jay\New folder (2)\Trustrace\data\document_patches\P0002037_X51006828201_FORGED.png
P0002038_X51006828201_FORGED,X51006828201,group_0665,train,FORGED_REGION,1,EDITED,Total/payment,626,1696,2,2,C:\Users\jay\New folder (2)\Trustrace\data\document_patches\P0002038_X51006828201_FORGED.png
P0002039_X51006828201_FORGED,X51006828201,group_0665,train,FORGED_REGION,1,EDITED,Total/payment,429,1624,39,25,C:\Users\jay\New folder (2)\Trustrace\data\document_patches\P0002039_X51006828201_FORGED.png
P0002040_X51006828201_FORGED,X51006828201,group_0665,train,FORGED_REGION,1,EDITED,Total/payment,602,1679,17,32,C:\Users\jay\New folder (2)\Trustrace\data\document_patches\P0002040_X51006828201_FORGED.png
P0002041_X51006828201_AUTH,X51006828201,group_0665,train,AUTHENTIC_REGION,0,EDITED,AuthenticText,246,518,78,29,C:\Users\jay\New folder (2)\Trustrace\data\document_patches\P0002041_X51006828201_AUTH.png
P0002042_X51006828201_AUTH,X51006828201,group_0665,train,AUTHENTIC_REGION,0,EDITED,AuthenticText,442,1680,61,28,C:\Users\jay\New folder (2)\Trustrace\data\document_patches\P0002042_X51006828201_AUTH.png
P0002043_X51006828201_AUTH,X51006828201,group_0665,train,AUTHENTIC_REGION,0,EDITED,AuthenticText,201,872,59,29,C:\Users\jay\New folder (2)\Trustrace\data\document_patches\P0002043_X51006828201_AUTH.png
P0002044_X51006828201_AUTH,X51006828201,group_0665,train,AUTHENTIC_REGION,0,EDITED,AuthenticText,214,320,110,30,C:\Users\jay\New folder (2)\Trustrace\data\document_patches\P0002044_X51006828201_AUTH.png
P0002045_X51006828201_AUTH,X51006828201,group_0665,train,AUTHENTIC_REGION,0,EDITED,AuthenticText,441,268,58,28,C:\Users\jay\New folder (2)\Trustrace\data\document_patches\P0002045_X51006828201_AUTH.png
P0002046_X51006828201_AUTH,X51006828201,group_0665,train,AUTHENTIC_REGION,0,EDITED,AuthenticText,295,419,94,32,C:\Users\jay\New folder (2)\Trustrace\data\document_patches\P0002046_X51006828201_AUTH.png
P0002047_X51006828201_AUTH,X51006828201,group_0665,train,AUTHENTIC_REGION,0,EDITED,AuthenticText,230,568,44,29,C:\Users\jay\New folder (2)\Trustrace\data\document_patches\P0002047_X51006828201_AUTH.png
P0002048_X51006828201_AUTH,X51006828201,group_0665,train,AUTHENTIC_REGION,0,EDITED,AuthenticText,224,2638,203,29,C:\Users\jay\New folder (2)\Trustrace\data\document_patches\P0002048_X51006828201_AUTH.png
P0002049_X51006828217_AUTH,X51006828217,group_0666,train,AUTHENTIC_REGION,0,REAL,AuthenticText,627,1650,120,26,C:\Users\jay\New folder (2)\Trustrace\data\document_patches\P0002049_X51006828217_AUTH.png
P0002050_X51006828217_AUTH,X51006828217,group_0666,train,AUTHENTIC_REGION,0,REAL,AuthenticText,256,1595,63,31,C:\Users\jay\New folder (2)\Trustrace\data\document_patches\P0002050_X51006828217_AUTH.png
P0002053_X51006856982_AUTH,X51006856982,group_0668,train,AUTHENTIC_REGION,0,REAL,AuthenticText,465,1679,30,32,C:\Users\jay\New folder (2)\Trustrace\data\document_patches\P0002053_X51006856982_AUTH.png
P0002054_X51006856982_AUTH,X51006856982,group_0668,train,AUTHENTIC_REGION,0,REAL,AuthenticText,37,950,137,33,C:\Users\jay\New folder (2)\Trustrace\data\document_patches\P0002054_X51006856982_AUTH.png
P0002057_X51006857126_AUTH,X51006857126,group_0670,train,AUTHENTIC_REGION,0,REAL,AuthenticText,778,1332,44,28,C:\Users\jay\New folder (2)\Trustrace\data\document_patches\P0002057_X51006857126_AUTH.png
P0002058_X51006857126_AUTH,X51006857126,group_0670,train,AUTHENTIC_REGION,0,REAL,AuthenticText,135,1499,35,35,C:\Users\jay\New folder (2)\Trustrace\data\document_patches\P0002058_X51006857126_AUTH.png
P0002061_X51006857137_AUTH,X51006857137,group_0672,train,AUTHENTIC_REGION,0,REAL,AuthenticText,214,1146,55,25,C:\Users\jay\New folder (2)\Trustrace\data\document_patches\P0002061_X51006857137_AUTH.png
P0002062_X51006857137_AUTH,X51006857137,group_0672,train,AUTHENTIC_REGION,0,REAL,AuthenticText,127,1188,41,26,C:\Users\jay\New folder (2)\Trustrace\data\document_patches\P0002062_X51006857137_AUTH.png
P0002063_X51006857265_AUTH,X51006857265,group_0673,train,AUTHENTIC_REGION,0,REAL,AuthenticText,282,1960,56,34,C:\Users\jay\New folder (2)\Trustrace\data\document_patches\P0002063_X51006857265_AUTH.png
P0002064_X51006857265_AUTH,X51006857265,group_0673,train,AUTHENTIC_REGION,0,REAL,AuthenticText,547,1813,128,40,C:\Users\jay\New folder (2)\Trustrace\data\document_patches\P0002064_X51006857265_AUTH.png
P0002065_X51006857540_AUTH,X51006857540,group_0674,train,AUTHENTIC_REGION,0,REAL,AuthenticText,401,1777,151,34,C:\Users\jay\New folder (2)\Trustrace\data\document_patches\P0002065_X51006857540_AUTH.png
P0002066_X51006857540_AUTH,X51006857540,group_0674,train,AUTHENTIC_REGION,0,REAL,AuthenticText,558,944,65,29,C:\Users\jay\New folder (2)\Trustrace\data\document_patches\P0002066_X51006857540_AUTH.png
P0002067_X51006857660_FORGED,X51006857660,group_0675,train,FORGED_REGION,1,EDITED,Total/payment,761,1461,20,38,C:\Users\jay\New folder (2)\Trustrace\data\document_patches\P0002067_X51006857660_FORGED.png
P0002068_X51006857660_FORGED,X51006857660,group_0675,train,FORGED_REGION,1,EDITED,Total/payment,784,1681,17,29,C:\Users\jay\New folder (2)\Trustrace\data\document_patches\P0002068_X51006857660_FORGED.png
P0002069_X51006857660_AUTH,X51006857660,group_0675,train,AUTHENTIC_REGION,0,EDITED,AuthenticText,686,847,87,31,C:\Users\jay\New folder (2)\Trustrace\data\document_patches\P0002069_X51006857660_AUTH.png
P0002070_X51006857660_AUTH,X51006857660,group_0675,train,AUTHENTIC_REGION,0,EDITED,AuthenticText,379,702,56,32,C:\Users\jay\New folder (2)\Trustrace\data\document_patches\P0002070_X51006857660_AUTH.png
P0002073_X51006867436_AUTH,X51006867436,group_0677,train,AUTHENTIC_REGION,0,REAL,AuthenticText,324,1301,47,24,C:\Users\jay\New folder (2)\Trustrace\data\document_patches\P0002073_X51006867436_AUTH.png
P0002074_X51006867436_AUTH,X51006867436,group_0677,train,AUTHENTIC_REGION,0,REAL,AuthenticText,166,1336,48,23,C:\Users\jay\New folder (2)\Trustrace\data\document_patches\P0002074_X51006867436_AUTH.png
P0002075_X51006882603_AUTH,X51006882603,group_0678,train,AUTHENTIC_REGION,0,REAL,AuthenticText,99,1148,95,21,C:\Users\jay\New folder (2)\Trustrace\data\document_patches\P0002075_X51006882603_AUTH.png
P0002076_X51006882603_AUTH,X51006882603,group_0678,train,AUTHENTIC_REGION,0,REAL,AuthenticText,306,406,54,18,C:\Users\jay\New folder (2)\Trustrace\data\document_patches\P0002076_X51006882603_AUTH.png
P0002077_X51006912959_AUTH,X51006912959,group_0679,train,AUTHENTIC_REGION,0,REAL,AuthenticText,1671,2980,267,65,C:\Users\jay\New folder (2)\Trustrace\data\document_patches\P0002077_X51006912959_AUTH.png
P0002078_X51006912959_AUTH,X51006912959,group_0679,train,AUTHENTIC_REGION,0,REAL,AuthenticText,2544,3402,63,60,C:\Users\jay\New folder (2)\Trustrace\data\document_patches\P0002078_X51006912959_AUTH.png
P0002085_X51006912976_AUTH,X51006912976,group_0682,train,AUTHENTIC_REGION,0,REAL,AuthenticText,2033,3269,161,58,C:\Users\jay\New folder (2)\Trustrace\data\document_patches\P0002085_X51006912976_AUTH.png
P0002086_X51006912976_AUTH,X51006912976,group_0682,train,AUTHENTIC_REGION,0,REAL,AuthenticText,2710,4646,260,72,C:\Users\jay\New folder (2)\Trustrace\data\document_patches\P0002086_X51006912976_AUTH.png
P0002087_X51006912998_AUTH,X51006912998,group_0683,train,AUTHENTIC_REGION,0,REAL,AuthenticText,2436,3672,270,69,C:\Users\jay\New folder (2)\Trustrace\data\document_patches\P0002087_X51006912998_AUTH.png
P0002088_X51006912998_AUTH,X51006912998,group_0683,train,AUTHENTIC_REGION,0,REAL,AuthenticText,2458,1450,110,68,C:\Users\jay\New folder (2)\Trustrace\data\document_patches\P0002088_X51006912998_AUTH.png
P0002089_X51006913007_AUTH,X51006913007,group_0684,train,AUTHENTIC_REGION,0,REAL,AuthenticText,1645,3045,172,71,C:\Users\jay\New folder (2)\Trustrace\data\document_patches\P0002089_X51006913007_AUTH.png
P0002090_X51006913007_AUTH,X51006913007,group_0684,train,AUTHENTIC_REGION,0,REAL,AuthenticText,1495,4140,168,74,C:\Users\jay\New folder (2)\Trustrace\data\document_patches\P0002090_X51006913007_AUTH.png
P0002091_X51006913018_FORGED,X51006913018,group_0685,train,FORGED_REGION,1,EDITED,Other,1521,1699,1877,5026,C:\Users\jay\New folder (2)\Trustrace\data\document_patches\P0002091_X51006913018_FORGED.png
P0002092_X51006913018_FORGED,X51006913018,group_0685,train,FORGED_REGION,1,EDITED,Total/payment,2925,2404,243,101,C:\Users\jay\New folder (2)\Trustrace\data\document_patches\P0002092_X51006913018_FORGED.png
P0002093_X51006913018_FORGED,X51006913018,group_0685,train,FORGED_REGION,1,EDITED,Total/payment,2913,2510,260,95,C:\Users\jay\New folder (2)\Trustrace\data\document_patches\P0002093_X51006913018_FORGED.png
P0002094_X51006913018_FORGED,X51006913018,group_0685,train,FORGED_REGION,1,EDITED,Total/payment,2919,2605,249,95,C:\Users\jay\New folder (2)\Trustrace\data\document_patches\P0002094_X51006913018_FORGED.png
P0002095_X51006913018_FORGED,X51006913018,group_0685,train,FORGED_REGION,1,EDITED,Total/payment,2925,2711,243,89,C:\Users\jay\New folder (2)\Trustrace\data\document_patches\P0002095_X51006913018_FORGED.png
P0002096_X51006913018_FORGED,X51006913018,group_0685,train,FORGED_REGION,1,EDITED,Total/payment,2960,2812,47,83,C:\Users\jay\New folder (2)\Trustrace\data\document_patches\P0002096_X51006913018_FORGED.png
P0002097_X51006913018_FORGED,X51006913018,group_0685,train,FORGED_REGION,1,EDITED,Total/payment,2433,3114,195,89,C:\Users\jay\New folder (2)\Trustrace\data\document_patches\P0002097_X51006913018_FORGED.png
P0002098_X51006913018_FORGED,X51006913018,group_0685,train,FORGED_REGION,1,EDITED,Total/payment,2433,3215,195,95,C:\Users\jay\New folder (2)\Trustrace\data\document_patches\P0002098_X51006913018_FORGED.png
P0002099_X51006913018_FORGED,X51006913018,group_0685,train,FORGED_REGION,1,EDITED,Total/payment,2957,3111,157,83,C:\Users\jay\New folder (2)\Trustrace\data\document_patches\P0002099_X51006913018_FORGED.png
P0002100_X51006913018_FORGED,X51006913018,group_0685,train,FORGED_REGION,1,EDITED,Total/payment,2963,3203,151,98,C:\Users\jay\New folder (2)\Trustrace\data\document_patches\P0002100_X51006913018_FORGED.png
P0002101_X51006913018_AUTH,X51006913018,group_0685,train,AUTHENTIC_REGION,0,EDITED,AuthenticText,2700,1227,137,70,C:\Users\jay\New folder (2)\Trustrace\data\document_patches\P0002101_X51006913018_AUTH.png
P0002102_X51006913018_AUTH,X51006913018,group_0685,train,AUTHENTIC_REGION,0,EDITED,AuthenticText,2775,826,204,72,C:\Users\jay\New folder (2)\Trustrace\data\document_patches\P0002102_X51006913018_AUTH.png
P0002103_X51006913018_AUTH,X51006913018,group_0685,train,AUTHENTIC_REGION,0,EDITED,AuthenticText,2487,1229,102,72,C:\Users\jay\New folder (2)\Trustrace\data\document_patches\P0002103_X51006913018_AUTH.png
P0002104_X51006913018_AUTH,X51006913018,group_0685,train,AUTHENTIC_REGION,0,EDITED,AuthenticText,2877,1127,100,69,C:\Users\jay\New folder (2)\Trustrace\data\document_patches\P0002104_X51006913018_AUTH.png
P0002105_X51006913018_AUTH,X51006913018,group_0685,train,AUTHENTIC_REGION,0,EDITED,AuthenticText,2630,1027,172,72,C:\Users\jay\New folder (2)\Trustrace\data\document_patches\P0002105_X51006913018_AUTH.png
P0002106_X51006913018_AUTH,X51006913018,group_0685,train,AUTHENTIC_REGION,0,EDITED,AuthenticText,2699,1127,138,72,C:\Users\jay\New folder (2)\Trustrace\data\document_patches\P0002106_X51006913018_AUTH.png
P0002107_X51006913018_AUTH,X51006913018,group_0685,train,AUTHENTIC_REGION,0,EDITED,AuthenticText,2316,930,62,71,C:\Users\jay\New folder (2)\Trustrace\data\document_patches\P0002107_X51006913018_AUTH.png
P0002108_X51006913018_AUTH,X51006913018,group_0685,train,AUTHENTIC_REGION,0,EDITED,AuthenticText,2390,534,88,79,C:\Users\jay\New folder (2)\Trustrace\data\document_patches\P0002108_X51006913018_AUTH.png
P0002109_X51006913018_AUTH,X51006913018,group_0685,train,AUTHENTIC_REGION,0,EDITED,AuthenticText,2244,540,92,65,C:\Users\jay\New folder (2)\Trustrace\data\document_patches\P0002109_X51006913018_AUTH.png
P0002110_X51006913018_AUTH,X51006913018,group_0685,train,AUTHENTIC_REGION,0,EDITED,AuthenticText,1961,1527,415,73,C:\Users\jay\New folder (2)\Trustrace\data\document_patches\P0002110_X51006913018_AUTH.png
P0002111_X51006913019_AUTH,X51006913019,group_0686,train,AUTHENTIC_REGION,0,REAL,AuthenticText,2546,3792,8,17,C:\Users\jay\New folder (2)\Trustrace\data\document_patches\P0002111_X51006913019_AUTH.png
P0002112_X51006913019_AUTH,X51006913019,group_0686,train,AUTHENTIC_REGION,0,REAL,AuthenticText,1519,565,100,67,C:\Users\jay\New folder (2)\Trustrace\data\document_patches\P0002112_X51006913019_AUTH.png
P0002137_X51006913030_AUTH,X51006913030,group_0687,train,AUTHENTIC_REGION,0,REAL,AuthenticText,1694,3833,113,48,C:\Users\jay\New folder (2)\Trustrace\data\document_patches\P0002137_X51006913030_AUTH.png
P0002138_X51006913030_AUTH,X51006913030,group_0687,train,AUTHENTIC_REGION,0,REAL,AuthenticText,2148,2045,330,48,C:\Users\jay\New folder (2)\Trustrace\data\document_patches\P0002138_X51006913030_AUTH.png
P0002141_X51006913032_AUTH,X51006913032,group_0689,train,AUTHENTIC_REGION,0,REAL,AuthenticText,2066,4148,415,47,C:\Users\jay\New folder (2)\Trustrace\data\document_patches\P0002141_X51006913032_AUTH.png
P0002142_X51006913032_AUTH,X51006913032,group_0689,train,AUTHENTIC_REGION,0,REAL,AuthenticText,2322,3269,126,47,C:\Users\jay\New folder (2)\Trustrace\data\document_patches\P0002142_X51006913032_AUTH.png
P0002143_X51006913051_AUTH,X51006913051,group_0690,train,AUTHENTIC_REGION,0,REAL,AuthenticText,2913,3449,134,59,C:\Users\jay\New folder (2)\Trustrace\data\document_patches\P0002143_X51006913051_AUTH.png
P0002144_X51006913051_AUTH,X51006913051,group_0690,train,AUTHENTIC_REGION,0,REAL,AuthenticText,2980,2616,78,57,C:\Users\jay\New folder (2)\Trustrace\data\document_patches\P0002144_X51006913051_AUTH.png
P0002145_X51006913054_AUTH,X51006913054,group_0691,train,AUTHENTIC_REGION,0,REAL,AuthenticText,2332,2059,245,48,C:\Users\jay\New folder (2)\Trustrace\data\document_patches\P0002145_X51006913054_AUTH.png
P0002146_X51006913054_AUTH,X51006913054,group_0691,train,AUTHENTIC_REGION,0,REAL,AuthenticText,2458,2765,290,47,C:\Users\jay\New folder (2)\Trustrace\data\document_patches\P0002146_X51006913054_AUTH.png
P0002147_X51006913055_AUTH,X51006913055,group_0692,train,AUTHENTIC_REGION,0,REAL,AuthenticText,2427,1312,135,60,C:\Users\jay\New folder (2)\Trustrace\data\document_patches\P0002147_X51006913055_AUTH.png
P0002148_X51006913055_AUTH,X51006913055,group_0692,train,AUTHENTIC_REGION,0,REAL,AuthenticText,2630,2024,128,61,C:\Users\jay\New folder (2)\Trustrace\data\document_patches\P0002148_X51006913055_AUTH.png
P0002149_X51006913059_AUTH,X51006913059,group_0693,train,AUTHENTIC_REGION,0,REAL,AuthenticText,2780,2833,7,29,C:\Users\jay\New folder (2)\Trustrace\data\document_patches\P0002149_X51006913059_AUTH.png
P0002150_X51006913059_AUTH,X51006913059,group_0693,train,AUTHENTIC_REGION,0,REAL,AuthenticText,2194,2141,28,46,C:\Users\jay\New folder (2)\Trustrace\data\document_patches\P0002150_X51006913059_AUTH.png
P0002157_X51006913068_AUTH,X51006913068,group_0694,train,AUTHENTIC_REGION,0,REAL,AuthenticText,2630,1744,241,73,C:\Users\jay\New folder (2)\Trustrace\data\document_patches\P0002157_X51006913068_AUTH.png
P0002158_X51006913068_AUTH,X51006913068,group_0694,train,AUTHENTIC_REGION,0,REAL,AuthenticText,1528,3367,162,61,C:\Users\jay\New folder (2)\Trustrace\data\document_patches\P0002158_X51006913068_AUTH.png
P0002161_X51006913073_AUTH,X51006913073,group_0696,train,AUTHENTIC_REGION,0,REAL,AuthenticText,2054,3918,101,48,C:\Users\jay\New folder (2)\Trustrace\data\document_patches\P0002161_X51006913073_AUTH.png
P0002162_X51006913073_AUTH,X51006913073,group_0696,train,AUTHENTIC_REGION,0,REAL,AuthenticText,2030,2337,16,47,C:\Users\jay\New folder (2)\Trustrace\data\document_patches\P0002162_X51006913073_AUTH.png
P0002165_X51007103578_AUTH,X51007103578,group_0698,train,AUTHENTIC_REGION,0,REAL,AuthenticText,122,1513,128,26,C:\Users\jay\New folder (2)\Trustrace\data\document_patches\P0002165_X51007103578_AUTH.png
P0002166_X51007103578_AUTH,X51007103578,group_0698,train,AUTHENTIC_REGION,0,REAL,AuthenticText,570,1345,59,25,C:\Users\jay\New folder (2)\Trustrace\data\document_patches\P0002166_X51007103578_AUTH.png
P0002171_X51007103610_AUTH,X51007103610,group_0701,train,AUTHENTIC_REGION,0,REAL,AuthenticText,600,664,30,24,C:\Users\jay\New folder (2)\Trustrace\data\document_patches\P0002171_X51007103610_AUTH.png
P0002172_X51007103610_AUTH,X51007103610,group_0701,train,AUTHENTIC_REGION,0,REAL,AuthenticText,551,832,162,25,C:\Users\jay\New folder (2)\Trustrace\data\document_patches\P0002172_X51007103610_AUTH.png
P0002173_X51007103639_FORGED,X51007103639,group_0702,train,FORGED_REGION,1,EDITED,Product,10,798,672,106,C:\Users\jay\New folder (2)\Trustrace\data\document_patches\P0002173_X51007103639_FORGED.png
P0002174_X51007103639_AUTH,X51007103639,group_0702,train,AUTHENTIC_REGION,0,EDITED,AuthenticText,17,1016,63,25,C:\Users\jay\New folder (2)\Trustrace\data\document_patches\P0002174_X51007103639_AUTH.png
P0002177_X51007103643_AUTH,X51007103643,group_0704,train,AUTHENTIC_REGION,0,REAL,AuthenticText,49,839,212,25,C:\Users\jay\New folder (2)\Trustrace\data\document_patches\P0002177_X51007103643_AUTH.png
P0002178_X51007103643_AUTH,X51007103643,group_0704,train,AUTHENTIC_REGION,0,REAL,AuthenticText,50,906,79,25,C:\Users\jay\New folder (2)\Trustrace\data\document_patches\P0002178_X51007103643_AUTH.png
P0002181_X51007103668_FORGED,X51007103668,group_0706,train,FORGED_REGION,1,EDITED,Product,166,609,13,21,C:\Users\jay\New folder (2)\Trustrace\data\document_patches\P0002181_X51007103668_FORGED.png
P0002182_X51007103668_FORGED,X51007103668,group_0706,train,FORGED_REGION,1,EDITED,Total/payment,315,974,14,24,C:\Users\jay\New folder (2)\Trustrace\data\document_patches\P0002182_X51007103668_FORGED.png
P0002183_X51007103668_FORGED,X51007103668,group_0706,train,FORGED_REGION,1,EDITED,Total/payment,133,1075,15,23,C:\Users\jay\New folder (2)\Trustrace\data\document_patches\P0002183_X51007103668_FORGED.png
P0002184_X51007103668_FORGED,X51007103668,group_0706,train,FORGED_REGION,1,EDITED,Other,219,1277,15,22,C:\Users\jay\New folder (2)\Trustrace\data\document_patches\P0002184_X51007103668_FORGED.png
P0002185_X51007103668_FORGED,X51007103668,group_0706,train,FORGED_REGION,1,EDITED,Other,24,491,712,626,C:\Users\jay\New folder (2)\Trustrace\data\document_patches\P0002185_X51007103668_FORGED.png
P0002186_X51007103668_AUTH,X51007103668,group_0706,train,AUTHENTIC_REGION,0,EDITED,AuthenticText,100,338,43,24,C:\Users\jay\New folder (2)\Trustrace\data\document_patches\P0002186_X51007103668_AUTH.png
P0002187_X51007103668_AUTH,X51007103668,group_0706,train,AUTHENTIC_REGION,0,EDITED,AuthenticText,150,1241,127,26,C:\Users\jay\New folder (2)\Trustrace\data\document_patches\P0002187_X51007103668_AUTH.png
P0002188_X51007103668_AUTH,X51007103668,group_0706,train,AUTHENTIC_REGION,0,EDITED,AuthenticText,380,1140,62,25,C:\Users\jay\New folder (2)\Trustrace\data\document_patches\P0002188_X51007103668_AUTH.png
P0002189_X51007103668_AUTH,X51007103668,group_0706,train,AUTHENTIC_REGION,0,EDITED,AuthenticText,314,1273,62,26,C:\Users\jay\New folder (2)\Trustrace\data\document_patches\P0002189_X51007103668_AUTH.png
P0002190_X51007103668_AUTH,X51007103668,group_0706,train,AUTHENTIC_REGION,0,EDITED,AuthenticText,367,304,154,28,C:\Users\jay\New folder (2)\Trustrace\data\document_patches\P0002190_X51007103668_AUTH.png
P0002191_X51007103675_AUTH,X51007103675,group_0707,train,AUTHENTIC_REGION,0,REAL,AuthenticText,172,1178,111,25,C:\Users\jay\New folder (2)\Trustrace\data\document_patches\P0002191_X51007103675_AUTH.png
P0002192_X51007103675_AUTH,X51007103675,group_0707,train,AUTHENTIC_REGION,0,REAL,AuthenticText,271,1245,45,24,C:\Users\jay\New folder (2)\Trustrace\data\document_patches\P0002192_X51007103675_AUTH.png
P0002193_X51007103681_AUTH,X51007103681,group_0708,train,AUTHENTIC_REGION,0,REAL,AuthenticText,637,808,63,26,C:\Users\jay\New folder (2)\Trustrace\data\document_patches\P0002193_X51007103681_AUTH.png
P0002194_X51007103681_AUTH,X51007103681,group_0708,train,AUTHENTIC_REGION,0,REAL,AuthenticText,378,406,127,28,C:\Users\jay\New folder (2)\Trustrace\data\document_patches\P0002194_X51007103681_AUTH.png
P0002195_X51007103687_AUTH,X51007103687,group_0709,train,AUTHENTIC_REGION,0,REAL,AuthenticText,100,886,46,25,C:\Users\jay\New folder (2)\Trustrace\data\document_patches\P0002195_X51007103687_AUTH.png
P0002196_X51007103687_AUTH,X51007103687,group_0709,train,AUTHENTIC_REGION,0,REAL,AuthenticText,101,582,61,25,C:\Users\jay\New folder (2)\Trustrace\data\document_patches\P0002196_X51007103687_AUTH.png
P0002197_X51007103688_FORGED,X51007103688,group_0710,train,FORGED_REGION,1,EDITED,Company,258,415,16,26,C:\Users\jay\New folder (2)\Trustrace\data\document_patches\P0002197_X51007103688_FORGED.png
P0002198_X51007103688_FORGED,X51007103688,group_0710,train,FORGED_REGION,1,EDITED,Company,260,348,16,27,C:\Users\jay\New folder (2)\Trustrace\data\document_patches\P0002198_X51007103688_FORGED.png
P0002199_X51007103688_FORGED,X51007103688,group_0710,train,FORGED_REGION,1,EDITED,Company,278,347,14,29,C:\Users\jay\New folder (2)\Trustrace\data\document_patches\P0002199_X51007103688_FORGED.png
P0002200_X51007103688_FORGED,X51007103688,group_0710,train,FORGED_REGION,1,EDITED,Metadata,593,456,13,27,C:\Users\jay\New folder (2)\Trustrace\data\document_patches\P0002200_X51007103688_FORGED.png
P0002201_X51007103688_FORGED,X51007103688,group_0710,train,FORGED_REGION,1,EDITED,Company,678,357,11,26,C:\Users\jay\New folder (2)\Trustrace\data\document_patches\P0002201_X51007103688_FORGED.png
P0002202_X51007103688_AUTH,X51007103688,group_0710,train,AUTHENTIC_REGION,0,EDITED,AuthenticText,544,389,141,30,C:\Users\jay\New folder (2)\Trustrace\data\document_patches\P0002202_X51007103688_AUTH.png
P0002203_X51007103688_AUTH,X51007103688,group_0710,train,AUTHENTIC_REGION,0,EDITED,AuthenticText,386,925,27,27,C:\Users\jay\New folder (2)\Trustrace\data\document_patches\P0002203_X51007103688_AUTH.png
P0002204_X51007103688_AUTH,X51007103688,group_0710,train,AUTHENTIC_REGION,0,EDITED,AuthenticText,229,1160,130,27,C:\Users\jay\New folder (2)\Trustrace\data\document_patches\P0002204_X51007103688_AUTH.png
P0002205_X51007103688_AUTH,X51007103688,group_0710,train,AUTHENTIC_REGION,0,EDITED,AuthenticText,106,717,108,29,C:\Users\jay\New folder (2)\Trustrace\data\document_patches\P0002205_X51007103688_AUTH.png
P0002206_X51007103688_AUTH,X51007103688,group_0710,train,AUTHENTIC_REGION,0,EDITED,AuthenticText,377,419,158,30,C:\Users\jay\New folder (2)\Trustrace\data\document_patches\P0002206_X51007103688_AUTH.png
P0002207_X51007103691_AUTH,X51007103691,group_0711,train,AUTHENTIC_REGION,0,REAL,AuthenticText,285,1288,41,26,C:\Users\jay\New folder (2)\Trustrace\data\document_patches\P0002207_X51007103691_AUTH.png
P0002208_X51007103691_AUTH,X51007103691,group_0711,train,AUTHENTIC_REGION,0,REAL,AuthenticText,86,1087,141,32,C:\Users\jay\New folder (2)\Trustrace\data\document_patches\P0002208_X51007103691_AUTH.png
P0002215_X51007135037_AUTH,X51007135037,group_0028,train,AUTHENTIC_REGION,0,REAL,AuthenticText,529,1024,37,28,C:\Users\jay\New folder (2)\Trustrace\data\document_patches\P0002215_X51007135037_AUTH.png
P0002216_X51007135037_AUTH,X51007135037,group_0028,train,AUTHENTIC_REGION,0,REAL,AuthenticText,257,1268,92,26,C:\Users\jay\New folder (2)\Trustrace\data\document_patches\P0002216_X51007135037_AUTH.png
P0002221_X51007225398_AUTH,X51007225398,group_0714,train,AUTHENTIC_REGION,0,REAL,AuthenticText,134,425,50,19,C:\Users\jay\New folder (2)\Trustrace\data\document_patches\P0002221_X51007225398_AUTH.png
P0002222_X51007225398_AUTH,X51007225398,group_0714,train,AUTHENTIC_REGION,0,REAL,AuthenticText,252,865,75,21,C:\Users\jay\New folder (2)\Trustrace\data\document_patches\P0002222_X51007225398_AUTH.png
P0002223_X51007225399_AUTH,X51007225399,group_0715,train,AUTHENTIC_REGION,0,REAL,AuthenticText,277,1294,28,19,C:\Users\jay\New folder (2)\Trustrace\data\document_patches\P0002223_X51007225399_AUTH.png
P0002224_X51007225399_AUTH,X51007225399,group_0715,train,AUTHENTIC_REGION,0,REAL,AuthenticText,64,526,41,18,C:\Users\jay\New folder (2)\Trustrace\data\document_patches\P0002224_X51007225399_AUTH.png
P0002227_X51007225417_FORGED,X51007225417,group_0717,train,FORGED_REGION,1,EDITED,Other,64,350,178,48,C:\Users\jay\New folder (2)\Trustrace\data\document_patches\P0002227_X51007225417_FORGED.png
P0002228_X51007225417_AUTH,X51007225417,group_0717,train,AUTHENTIC_REGION,0,EDITED,AuthenticText,219,467,54,19,C:\Users\jay\New folder (2)\Trustrace\data\document_patches\P0002228_X51007225417_AUTH.png
P0002229_X51007225442_AUTH,X51007225442,group_0718,train,AUTHENTIC_REGION,0,REAL,AuthenticText,363,1073,80,22,C:\Users\jay\New folder (2)\Trustrace\data\document_patches\P0002229_X51007225442_AUTH.png
P0002230_X51007225442_AUTH,X51007225442,group_0718,train,AUTHENTIC_REGION,0,REAL,AuthenticText,20,654,51,21,C:\Users\jay\New folder (2)\Trustrace\data\document_patches\P0002230_X51007225442_AUTH.png
P0002231_X51007228448_AUTH,X51007228448,group_0719,train,AUTHENTIC_REGION,0,REAL,AuthenticText,343,899,82,22,C:\Users\jay\New folder (2)\Trustrace\data\document_patches\P0002231_X51007228448_AUTH.png
P0002232_X51007228448_AUTH,X51007228448,group_0719,train,AUTHENTIC_REGION,0,REAL,AuthenticText,213,675,82,28,C:\Users\jay\New folder (2)\Trustrace\data\document_patches\P0002232_X51007228448_AUTH.png
P0002239_X51007231331_FORGED,X51007231331,group_0722,train,FORGED_REGION,1,EDITED,Product,1910,2723,65,58,C:\Users\jay\New folder (2)\Trustrace\data\document_patches\P0002239_X51007231331_FORGED.png
P0002240_X51007231331_FORGED,X51007231331,group_0722,train,FORGED_REGION,1,EDITED,Total/payment,2646,3152,48,74,C:\Users\jay\New folder (2)\Trustrace\data\document_patches\P0002240_X51007231331_FORGED.png
P0002241_X51007231331_FORGED,X51007231331,group_0722,train,FORGED_REGION,1,EDITED,Total/payment,2758,3160,166,67,C:\Users\jay\New folder (2)\Trustrace\data\document_patches\P0002241_X51007231331_FORGED.png
P0002242_X51007231331_FORGED,X51007231331,group_0722,train,FORGED_REGION,1,EDITED,Product,2778,2707,136,84,C:\Users\jay\New folder (2)\Trustrace\data\document_patches\P0002242_X51007231331_FORGED.png
P0002243_X51007231331_FORGED,X51007231331,group_0722,train,FORGED_REGION,1,EDITED,Total/payment,2769,3066,169,77,C:\Users\jay\New folder (2)\Trustrace\data\document_patches\P0002243_X51007231331_FORGED.png
P0002244_X51007231331_FORGED,X51007231331,group_0722,train,FORGED_REGION,1,EDITED,Total/payment,2739,3234,195,74,C:\Users\jay\New folder (2)\Trustrace\data\document_patches\P0002244_X51007231331_FORGED.png
P0002245_X51007231331_FORGED,X51007231331,group_0722,train,FORGED_REGION,1,EDITED,Total/payment,2309,3825,181,86,C:\Users\jay\New folder (2)\Trustrace\data\document_patches\P0002245_X51007231331_FORGED.png
P0002246_X51007231331_FORGED,X51007231331,group_0722,train,FORGED_REGION,1,EDITED,Total/payment,2856,3824,65,65,C:\Users\jay\New folder (2)\Trustrace\data\document_patches\P0002246_X51007231331_FORGED.png
P0002247_X51007231331_FORGED,X51007231331,group_0722,train,FORGED_REGION,1,EDITED,Total/payment,2817,3839,29,49,C:\Users\jay\New folder (2)\Trustrace\data\document_patches\P0002247_X51007231331_FORGED.png
P0002248_X51007231331_FORGED,X51007231331,group_0722,train,FORGED_REGION,1,EDITED,Total/payment,2749,3445,211,67,C:\Users\jay\New folder (2)\Trustrace\data\document_patches\P0002248_X51007231331_FORGED.png
P0002249_X51007231331_AUTH,X51007231331,group_0722,train,AUTHENTIC_REGION,0,EDITED,AuthenticText,2521,1282,148,56,C:\Users\jay\New folder (2)\Trustrace\data\document_patches\P0002249_X51007231331_AUTH.png
P0002250_X51007231331_AUTH,X51007231331,group_0722,train,AUTHENTIC_REGION,0,EDITED,AuthenticText,2143,1613,143,47,C:\Users\jay\New folder (2)\Trustrace\data\document_patches\P0002250_X51007231331_AUTH.png
P0002251_X51007231331_AUTH,X51007231331,group_0722,train,AUTHENTIC_REGION,0,EDITED,AuthenticText,1623,1535,14,46,C:\Users\jay\New folder (2)\Trustrace\data\document_patches\P0002251_X51007231331_AUTH.png
P0002252_X51007231331_AUTH,X51007231331,group_0722,train,AUTHENTIC_REGION,0,EDITED,AuthenticText,2771,2931,139,58,C:\Users\jay\New folder (2)\Trustrace\data\document_patches\P0002252_X51007231331_AUTH.png
P0002253_X51007231331_AUTH,X51007231331,group_0722,train,AUTHENTIC_REGION,0,EDITED,AuthenticText,2303,1610,313,55,C:\Users\jay\New folder (2)\Trustrace\data\document_patches\P0002253_X51007231331_AUTH.png
P0002254_X51007231331_AUTH,X51007231331,group_0722,train,AUTHENTIC_REGION,0,EDITED,AuthenticText,1470,1990,73,43,C:\Users\jay\New folder (2)\Trustrace\data\document_patches\P0002254_X51007231331_AUTH.png
P0002255_X51007231331_AUTH,X51007231331,group_0722,train,AUTHENTIC_REGION,0,EDITED,AuthenticText,2212,3748,218,51,C:\Users\jay\New folder (2)\Trustrace\data\document_patches\P0002255_X51007231331_AUTH.png
P0002256_X51007231331_AUTH,X51007231331,group_0722,train,AUTHENTIC_REGION,0,EDITED,AuthenticText,1578,2198,384,48,C:\Users\jay\New folder (2)\Trustrace\data\document_patches\P0002256_X51007231331_AUTH.png
P0002257_X51007231331_AUTH,X51007231331,group_0722,train,AUTHENTIC_REGION,0,EDITED,AuthenticText,2399,3964,123,46,C:\Users\jay\New folder (2)\Trustrace\data\document_patches\P0002257_X51007231331_AUTH.png
P0002258_X51007231331_AUTH,X51007231331,group_0722,train,AUTHENTIC_REGION,0,EDITED,AuthenticText,2295,1364,138,46,C:\Users\jay\New folder (2)\Trustrace\data\document_patches\P0002258_X51007231331_AUTH.png
P0002261_X51007231338_FORGED,X51007231338,group_0032,train,FORGED_REGION,1,EDITED,Other,2307,2151,51,83,C:\Users\jay\New folder (2)\Trustrace\data\document_patches\P0002261_X51007231338_FORGED.png
P0002262_X51007231338_FORGED,X51007231338,group_0032,train,FORGED_REGION,1,EDITED,Other,2192,2151,46,86,C:\Users\jay\New folder (2)\Trustrace\data\document_patches\P0002262_X51007231338_FORGED.png
P0002263_X51007231338_AUTH,X51007231338,group_0032,train,AUTHENTIC_REGION,0,EDITED,AuthenticText,1950,2355,411,56,C:\Users\jay\New folder (2)\Trustrace\data\document_patches\P0002263_X51007231338_AUTH.png
P0002264_X51007231338_AUTH,X51007231338,group_0032,train,AUTHENTIC_REGION,0,EDITED,AuthenticText,2436,2890,18,53,C:\Users\jay\New folder (2)\Trustrace\data\document_patches\P0002264_X51007231338_AUTH.png
P0002267_X51007231343_AUTH,X51007231343,group_0723,train,AUTHENTIC_REGION,0,REAL,AuthenticText,2151,1512,294,63,C:\Users\jay\New folder (2)\Trustrace\data\document_patches\P0002267_X51007231343_AUTH.png
P0002268_X51007231343_AUTH,X51007231343,group_0723,train,AUTHENTIC_REGION,0,REAL,AuthenticText,2357,3509,60,37,C:\Users\jay\New folder (2)\Trustrace\data\document_patches\P0002268_X51007231343_AUTH.png
P0002269_X51007231344_AUTH,X51007231344,group_0724,train,AUTHENTIC_REGION,0,REAL,AuthenticText,2885,2737,50,60,C:\Users\jay\New folder (2)\Trustrace\data\document_patches\P0002269_X51007231344_AUTH.png
P0002270_X51007231344_AUTH,X51007231344,group_0724,train,AUTHENTIC_REGION,0,REAL,AuthenticText,2129,3948,161,49,C:\Users\jay\New folder (2)\Trustrace\data\document_patches\P0002270_X51007231344_AUTH.png
P0002271_X51007231346_AUTH,X51007231346,group_0725,train,AUTHENTIC_REGION,0,REAL,AuthenticText,1635,3090,28,60,C:\Users\jay\New folder (2)\Trustrace\data\document_patches\P0002271_X51007231346_AUTH.png
P0002272_X51007231346_AUTH,X51007231346,group_0725,train,AUTHENTIC_REGION,0,REAL,AuthenticText,1787,2330,145,60,C:\Users\jay\New folder (2)\Trustrace\data\document_patches\P0002272_X51007231346_AUTH.png
P0002273_X51007231361_FORGED,X51007231361,group_0726,train,FORGED_REGION,1,EDITED,Metadata,2555,1741,120,214,C:\Users\jay\New folder (2)\Trustrace\data\document_patches\P0002273_X51007231361_FORGED.png
P0002274_X51007231361_AUTH,X51007231361,group_0726,train,AUTHENTIC_REGION,0,EDITED,AuthenticText,1597,3285,72,47,C:\Users\jay\New folder (2)\Trustrace\data\document_patches\P0002274_X51007231361_AUTH.png
P0002275_X51007231364_AUTH,X51007231364,group_0727,train,AUTHENTIC_REGION,0,REAL,AuthenticText,1451,3509,34,68,C:\Users\jay\New folder (2)\Trustrace\data\document_patches\P0002275_X51007231364_AUTH.png
P0002276_X51007231364_AUTH,X51007231364,group_0727,train,AUTHENTIC_REGION,0,REAL,AuthenticText,1957,2117,69,71,C:\Users\jay\New folder (2)\Trustrace\data\document_patches\P0002276_X51007231364_AUTH.png
P0002277_X51007231365_FORGED,X51007231365,group_0728,train,FORGED_REGION,1,EDITED,Metadata,1830,2607,106,84,C:\Users\jay\New folder (2)\Trustrace\data\document_patches\P0002277_X51007231365_FORGED.png
P0002278_X51007231365_FORGED,X51007231365,group_0728,train,FORGED_REGION,1,EDITED,Metadata,2051,4710,112,103,C:\Users\jay\New folder (2)\Trustrace\data\document_patches\P0002278_X51007231365_FORGED.png
P0002279_X51007231365_AUTH,X51007231365,group_0728,train,AUTHENTIC_REGION,0,EDITED,AuthenticText,1333,3262,152,64,C:\Users\jay\New folder (2)\Trustrace\data\document_patches\P0002279_X51007231365_AUTH.png
P0002280_X51007231365_AUTH,X51007231365,group_0728,train,AUTHENTIC_REGION,0,EDITED,AuthenticText,2171,1239,112,64,C:\Users\jay\New folder (2)\Trustrace\data\document_patches\P0002280_X51007231365_AUTH.png
P0002281_X51007231370_AUTH,X51007231370,group_0729,train,AUTHENTIC_REGION,0,REAL,AuthenticText,2016,2663,134,62,C:\Users\jay\New folder (2)\Trustrace\data\document_patches\P0002281_X51007231370_AUTH.png
P0002282_X51007231370_AUTH,X51007231370,group_0729,train,AUTHENTIC_REGION,0,REAL,AuthenticText,1811,2149,98,61,C:\Users\jay\New folder (2)\Trustrace\data\document_patches\P0002282_X51007231370_AUTH.png
P0002289_X51007262328_AUTH,X51007262328,group_0733,train,AUTHENTIC_REGION,0,REAL,AuthenticText,213,319,40,19,C:\Users\jay\New folder (2)\Trustrace\data\document_patches\P0002289_X51007262328_AUTH.png
P0002290_X51007262328_AUTH,X51007262328,group_0733,train,AUTHENTIC_REGION,0,REAL,AuthenticText,247,232,69,18,C:\Users\jay\New folder (2)\Trustrace\data\document_patches\P0002290_X51007262328_AUTH.png
P0002295_X51007339095_AUTH,X51007339095,group_0736,train,AUTHENTIC_REGION,0,REAL,AuthenticText,419,461,56,17,C:\Users\jay\New folder (2)\Trustrace\data\document_patches\P0002295_X51007339095_AUTH.png
P0002296_X51007339095_AUTH,X51007339095,group_0736,train,AUTHENTIC_REGION,0,REAL,AuthenticText,50,263,36,18,C:\Users\jay\New folder (2)\Trustrace\data\document_patches\P0002296_X51007339095_AUTH.png
P0002297_X51007339097_AUTH,X51007339097,group_0737,train,AUTHENTIC_REGION,0,REAL,AuthenticText,362,1227,96,17,C:\Users\jay\New folder (2)\Trustrace\data\document_patches\P0002297_X51007339097_AUTH.png
P0002298_X51007339097_AUTH,X51007339097,group_0737,train,AUTHENTIC_REGION,0,REAL,AuthenticText,70,1091,71,18,C:\Users\jay\New folder (2)\Trustrace\data\document_patches\P0002298_X51007339097_AUTH.png
P0002299_X51007339098_AUTH,X51007339098,group_0001,train,AUTHENTIC_REGION,0,REAL,AuthenticText,146,560,86,19,C:\Users\jay\New folder (2)\Trustrace\data\document_patches\P0002299_X51007339098_AUTH.png
P0002300_X51007339098_AUTH,X51007339098,group_0001,train,AUTHENTIC_REGION,0,REAL,AuthenticText,121,525,69,17,C:\Users\jay\New folder (2)\Trustrace\data\document_patches\P0002300_X51007339098_AUTH.png
P0002305_X51007339106_AUTH,X51007339106,group_0740,train,AUTHENTIC_REGION,0,REAL,AuthenticText,233,345,38,16,C:\Users\jay\New folder (2)\Trustrace\data\document_patches\P0002305_X51007339106_AUTH.png
P0002306_X51007339106_AUTH,X51007339106,group_0740,train,AUTHENTIC_REGION,0,REAL,AuthenticText,535,464,49,17,C:\Users\jay\New folder (2)\Trustrace\data\document_patches\P0002306_X51007339106_AUTH.png
P0002311_X51007339109_AUTH,X51007339109,group_0742,train,AUTHENTIC_REGION,0,REAL,AuthenticText,365,1179,80,16,C:\Users\jay\New folder (2)\Trustrace\data\document_patches\P0002311_X51007339109_AUTH.png
P0002312_X51007339109_AUTH,X51007339109,group_0742,train,AUTHENTIC_REGION,0,REAL,AuthenticText,81,532,11,17,C:\Users\jay\New folder (2)\Trustrace\data\document_patches\P0002312_X51007339109_AUTH.png
P0002313_X51007339110_AUTH,X51007339110,group_0743,train,AUTHENTIC_REGION,0,REAL,AuthenticText,446,1055,128,17,C:\Users\jay\New folder (2)\Trustrace\data\document_patches\P0002313_X51007339110_AUTH.png
P0002314_X51007339110_AUTH,X51007339110,group_0743,train,AUTHENTIC_REGION,0,REAL,AuthenticText,488,771,44,17,C:\Users\jay\New folder (2)\Trustrace\data\document_patches\P0002314_X51007339110_AUTH.png
P0002315_X51007339111_AUTH,X51007339111,group_0001,train,AUTHENTIC_REGION,0,REAL,AuthenticText,257,1239,51,17,C:\Users\jay\New folder (2)\Trustrace\data\document_patches\P0002315_X51007339111_AUTH.png
P0002316_X51007339111_AUTH,X51007339111,group_0001,train,AUTHENTIC_REGION,0,REAL,AuthenticText,249,766,84,16,C:\Users\jay\New folder (2)\Trustrace\data\document_patches\P0002316_X51007339111_AUTH.png
P0002325_X51007339113_AUTH,X51007339113,group_0001,train,AUTHENTIC_REGION,0,REAL,AuthenticText,486,593,44,17,C:\Users\jay\New folder (2)\Trustrace\data\document_patches\P0002325_X51007339113_AUTH.png
P0002326_X51007339113_AUTH,X51007339113,group_0001,train,AUTHENTIC_REGION,0,REAL,AuthenticText,312,1226,47,18,C:\Users\jay\New folder (2)\Trustrace\data\document_patches\P0002326_X51007339113_AUTH.png
P0002327_X51007339114_AUTH,X51007339114,group_0001,train,AUTHENTIC_REGION,0,REAL,AuthenticText,525,896,43,17,C:\Users\jay\New folder (2)\Trustrace\data\document_patches\P0002327_X51007339114_AUTH.png
P0002328_X51007339114_AUTH,X51007339114,group_0001,train,AUTHENTIC_REGION,0,REAL,AuthenticText,246,788,53,17,C:\Users\jay\New folder (2)\Trustrace\data\document_patches\P0002328_X51007339114_AUTH.png
P0002349_X51007339116_AUTH,X51007339116,group_0746,train,AUTHENTIC_REGION,0,REAL,AuthenticText,41,347,63,16,C:\Users\jay\New folder (2)\Trustrace\data\document_patches\P0002349_X51007339116_AUTH.png
P0002350_X51007339116_AUTH,X51007339116,group_0746,train,AUTHENTIC_REGION,0,REAL,AuthenticText,405,945,116,22,C:\Users\jay\New folder (2)\Trustrace\data\document_patches\P0002350_X51007339116_AUTH.png
P0002351_X51007339117_FORGED,X51007339117,group_0001,train,FORGED_REGION,1,EDITED,Total/payment,477,781,58,21,C:\Users\jay\New folder (2)\Trustrace\data\document_patches\P0002351_X51007339117_FORGED.png
P0002352_X51007339117_FORGED,X51007339117,group_0001,train,FORGED_REGION,1,EDITED,Total/payment,477,826,61,19,C:\Users\jay\New folder (2)\Trustrace\data\document_patches\P0002352_X51007339117_FORGED.png
P0002353_X51007339117_FORGED,X51007339117,group_0001,train,FORGED_REGION,1,EDITED,Total/payment,474,881,62,20,C:\Users\jay\New folder (2)\Trustrace\data\document_patches\P0002353_X51007339117_FORGED.png
P0002354_X51007339117_FORGED,X51007339117,group_0001,train,FORGED_REGION,1,EDITED,Total/payment,487,914,46,21,C:\Users\jay\New folder (2)\Trustrace\data\document_patches\P0002354_X51007339117_FORGED.png
P0002355_X51007339117_FORGED,X51007339117,group_0001,train,FORGED_REGION,1,EDITED,Total/payment,483,712,48,21,C:\Users\jay\New folder (2)\Trustrace\data\document_patches\P0002355_X51007339117_FORGED.png
P0002356_X51007339117_AUTH,X51007339117,group_0001,train,AUTHENTIC_REGION,0,EDITED,AuthenticText,516,584,33,22,C:\Users\jay\New folder (2)\Trustrace\data\document_patches\P0002356_X51007339117_AUTH.png
P0002357_X51007339117_AUTH,X51007339117,group_0001,train,AUTHENTIC_REGION,0,EDITED,AuthenticText,36,1065,36,17,C:\Users\jay\New folder (2)\Trustrace\data\document_patches\P0002357_X51007339117_AUTH.png
P0002358_X51007339117_AUTH,X51007339117,group_0001,train,AUTHENTIC_REGION,0,EDITED,AuthenticText,420,1208,17,18,C:\Users\jay\New folder (2)\Trustrace\data\document_patches\P0002358_X51007339117_AUTH.png
P0002359_X51007339117_AUTH,X51007339117,group_0001,train,AUTHENTIC_REGION,0,EDITED,AuthenticText,480,308,112,21,C:\Users\jay\New folder (2)\Trustrace\data\document_patches\P0002359_X51007339117_AUTH.png
P0002360_X51007339117_AUTH,X51007339117,group_0001,train,AUTHENTIC_REGION,0,EDITED,AuthenticText,125,1342,90,17,C:\Users\jay\New folder (2)\Trustrace\data\document_patches\P0002360_X51007339117_AUTH.png
P0002361_X51007339118_AUTH,X51007339118,group_0001,train,AUTHENTIC_REGION,0,REAL,AuthenticText,108,1234,79,17,C:\Users\jay\New folder (2)\Trustrace\data\document_patches\P0002361_X51007339118_AUTH.png
P0002362_X51007339118_AUTH,X51007339118,group_0001,train,AUTHENTIC_REGION,0,REAL,AuthenticText,462,1235,76,17,C:\Users\jay\New folder (2)\Trustrace\data\document_patches\P0002362_X51007339118_AUTH.png
P0002363_X51007339119_AUTH,X51007339119,group_0001,train,AUTHENTIC_REGION,0,REAL,AuthenticText,35,943,37,18,C:\Users\jay\New folder (2)\Trustrace\data\document_patches\P0002363_X51007339119_AUTH.png
P0002364_X51007339119_AUTH,X51007339119,group_0001,train,AUTHENTIC_REGION,0,REAL,AuthenticText,96,865,33,18,C:\Users\jay\New folder (2)\Trustrace\data\document_patches\P0002364_X51007339119_AUTH.png
P0002365_X51007339120_AUTH,X51007339120,group_0001,train,AUTHENTIC_REGION,0,REAL,AuthenticText,486,726,43,17,C:\Users\jay\New folder (2)\Trustrace\data\document_patches\P0002365_X51007339120_AUTH.png
P0002366_X51007339120_AUTH,X51007339120,group_0001,train,AUTHENTIC_REGION,0,REAL,AuthenticText,484,684,17,18,C:\Users\jay\New folder (2)\Trustrace\data\document_patches\P0002366_X51007339120_AUTH.png
P0002367_X51007339121_AUTH,X51007339121,group_0001,train,AUTHENTIC_REGION,0,REAL,AuthenticText,277,468,134,18,C:\Users\jay\New folder (2)\Trustrace\data\document_patches\P0002367_X51007339121_AUTH.png
P0002368_X51007339121_AUTH,X51007339121,group_0001,train,AUTHENTIC_REGION,0,REAL,AuthenticText,114,403,72,20,C:\Users\jay\New folder (2)\Trustrace\data\document_patches\P0002368_X51007339121_AUTH.png
P0002369_X51007339122_AUTH,X51007339122,group_0747,train,AUTHENTIC_REGION,0,REAL,AuthenticText,440,184,70,27,C:\Users\jay\New folder (2)\Trustrace\data\document_patches\P0002369_X51007339122_AUTH.png
P0002370_X51007339122_AUTH,X51007339122,group_0747,train,AUTHENTIC_REGION,0,REAL,AuthenticText,208,1144,49,16,C:\Users\jay\New folder (2)\Trustrace\data\document_patches\P0002370_X51007339122_AUTH.png
P0002381_X51007339127_AUTH,X51007339127,group_0001,train,AUTHENTIC_REGION,0,REAL,AuthenticText,36,945,37,17,C:\Users\jay\New folder (2)\Trustrace\data\document_patches\P0002381_X51007339127_AUTH.png
P0002382_X51007339127_AUTH,X51007339127,group_0001,train,AUTHENTIC_REGION,0,REAL,AuthenticText,97,268,113,17,C:\Users\jay\New folder (2)\Trustrace\data\document_patches\P0002382_X51007339127_AUTH.png
P0002383_X51007339130_AUTH,X51007339130,group_0001,train,AUTHENTIC_REGION,0,REAL,AuthenticText,252,1307,44,17,C:\Users\jay\New folder (2)\Trustrace\data\document_patches\P0002383_X51007339130_AUTH.png
P0002384_X51007339130_AUTH,X51007339130,group_0001,train,AUTHENTIC_REGION,0,REAL,AuthenticText,243,560,40,17,C:\Users\jay\New folder (2)\Trustrace\data\document_patches\P0002384_X51007339130_AUTH.png
P0002387_X51007339132_AUTH,X51007339132,group_0751,train,AUTHENTIC_REGION,0,REAL,AuthenticText,280,837,126,24,C:\Users\jay\New folder (2)\Trustrace\data\document_patches\P0002387_X51007339132_AUTH.png
P0002388_X51007339132_AUTH,X51007339132,group_0751,train,AUTHENTIC_REGION,0,REAL,AuthenticText,496,766,55,17,C:\Users\jay\New folder (2)\Trustrace\data\document_patches\P0002388_X51007339132_AUTH.png
P0002389_X51007339133_FORGED,X51007339133,group_0001,train,FORGED_REGION,1,EDITED,Company,493,189,13,18,C:\Users\jay\New folder (2)\Trustrace\data\document_patches\P0002389_X51007339133_FORGED.png
P0002390_X51007339133_FORGED,X51007339133,group_0001,train,FORGED_REGION,1,EDITED,Other,481,564,15,19,C:\Users\jay\New folder (2)\Trustrace\data\document_patches\P0002390_X51007339133_FORGED.png
P0002391_X51007339133_FORGED,X51007339133,group_0001,train,FORGED_REGION,1,EDITED,Other,173,295,36,18,C:\Users\jay\New folder (2)\Trustrace\data\document_patches\P0002391_X51007339133_FORGED.png
P0002392_X51007339133_FORGED,X51007339133,group_0001,train,FORGED_REGION,1,EDITED,Other,299,295,22,17,C:\Users\jay\New folder (2)\Trustrace\data\document_patches\P0002392_X51007339133_FORGED.png
P0002393_X51007339133_FORGED,X51007339133,group_0001,train,FORGED_REGION,1,EDITED,Company,217,270,37,16,C:\Users\jay\New folder (2)\Trustrace\data\document_patches\P0002393_X51007339133_FORGED.png
P0002394_X51007339133_FORGED,X51007339133,group_0001,train,FORGED_REGION,1,EDITED,Company,256,268,23,17,C:\Users\jay\New folder (2)\Trustrace\data\document_patches\P0002394_X51007339133_FORGED.png
P0002395_X51007339133_FORGED,X51007339133,group_0001,train,FORGED_REGION,1,EDITED,Total/payment,506,763,11,18,C:\Users\jay\New folder (2)\Trustrace\data\document_patches\P0002395_X51007339133_FORGED.png
P0002396_X51007339133_FORGED,X51007339133,group_0001,train,FORGED_REGION,1,EDITED,Total/payment,507,797,9,15,C:\Users\jay\New folder (2)\Trustrace\data\document_patches\P0002396_X51007339133_FORGED.png
P0002397_X51007339133_AUTH,X51007339133,group_0001,train,AUTHENTIC_REGION,0,EDITED,AuthenticText,121,210,60,18,C:\Users\jay\New folder (2)\Trustrace\data\document_patches\P0002397_X51007339133_AUTH.png
P0002398_X51007339133_AUTH,X51007339133,group_0001,train,AUTHENTIC_REGION,0,EDITED,AuthenticText,273,186,61,18,C:\Users\jay\New folder (2)\Trustrace\data\document_patches\P0002398_X51007339133_AUTH.png
P0002399_X51007339133_AUTH,X51007339133,group_0001,train,AUTHENTIC_REGION,0,EDITED,AuthenticText,341,186,66,18,C:\Users\jay\New folder (2)\Trustrace\data\document_patches\P0002399_X51007339133_AUTH.png
P0002400_X51007339133_AUTH,X51007339133,group_0001,train,AUTHENTIC_REGION,0,EDITED,AuthenticText,245,762,54,17,C:\Users\jay\New folder (2)\Trustrace\data\document_patches\P0002400_X51007339133_AUTH.png
P0002401_X51007339133_AUTH,X51007339133,group_0001,train,AUTHENTIC_REGION,0,EDITED,AuthenticText,50,135,123,33,C:\Users\jay\New folder (2)\Trustrace\data\document_patches\P0002401_X51007339133_AUTH.png
P0002402_X51007339133_AUTH,X51007339133,group_0001,train,AUTHENTIC_REGION,0,EDITED,AuthenticText,201,1095,35,13,C:\Users\jay\New folder (2)\Trustrace\data\document_patches\P0002402_X51007339133_AUTH.png
P0002403_X51007339133_AUTH,X51007339133,group_0001,train,AUTHENTIC_REGION,0,EDITED,AuthenticText,555,467,40,17,C:\Users\jay\New folder (2)\Trustrace\data\document_patches\P0002403_X51007339133_AUTH.png
P0002404_X51007339133_AUTH,X51007339133,group_0001,train,AUTHENTIC_REGION,0,EDITED,AuthenticText,460,1279,76,16,C:\Users\jay\New folder (2)\Trustrace\data\document_patches\P0002404_X51007339133_AUTH.png
P0002405_X51007339134_AUTH,X51007339134,group_0001,train,AUTHENTIC_REGION,0,REAL,AuthenticText,176,136,232,31,C:\Users\jay\New folder (2)\Trustrace\data\document_patches\P0002405_X51007339134_AUTH.png
P0002406_X51007339134_AUTH,X51007339134,group_0001,train,AUTHENTIC_REGION,0,REAL,AuthenticText,241,663,61,18,C:\Users\jay\New folder (2)\Trustrace\data\document_patches\P0002406_X51007339134_AUTH.png
P0002407_X51007339135_AUTH,X51007339135,group_0752,train,AUTHENTIC_REGION,0,REAL,AuthenticText,181,133,334,32,C:\Users\jay\New folder (2)\Trustrace\data\document_patches\P0002407_X51007339135_AUTH.png
P0002408_X51007339135_AUTH,X51007339135,group_0752,train,AUTHENTIC_REGION,0,REAL,AuthenticText,342,1304,111,17,C:\Users\jay\New folder (2)\Trustrace\data\document_patches\P0002408_X51007339135_AUTH.png
P0002409_X51007339136_AUTH,X51007339136,group_0753,train,AUTHENTIC_REGION,0,REAL,AuthenticText,78,1521,24,10,C:\Users\jay\New folder (2)\Trustrace\data\document_patches\P0002409_X51007339136_AUTH.png
P0002410_X51007339136_AUTH,X51007339136,group_0753,train,AUTHENTIC_REGION,0,REAL,AuthenticText,39,1187,46,17,C:\Users\jay\New folder (2)\Trustrace\data\document_patches\P0002410_X51007339136_AUTH.png
P0002413_X51007339146_AUTH,X51007339146,group_0755,train,AUTHENTIC_REGION,0,REAL,AuthenticText,50,288,39,17,C:\Users\jay\New folder (2)\Trustrace\data\document_patches\P0002413_X51007339146_AUTH.png
P0002414_X51007339146_AUTH,X51007339146,group_0755,train,AUTHENTIC_REGION,0,REAL,AuthenticText,88,644,51,18,C:\Users\jay\New folder (2)\Trustrace\data\document_patches\P0002414_X51007339146_AUTH.png
P0002415_X51007339150_FORGED,X51007339150,group_0001,train,FORGED_REGION,1,EDITED,Company,36,351,65,20,C:\Users\jay\New folder (2)\Trustrace\data\document_patches\P0002415_X51007339150_FORGED.png
P0002416_X51007339150_FORGED,X51007339150,group_0001,train,FORGED_REGION,1,EDITED,Company,106,351,60,17,C:\Users\jay\New folder (2)\Trustrace\data\document_patches\P0002416_X51007339150_FORGED.png
P0002417_X51007339150_FORGED,X51007339150,group_0001,train,FORGED_REGION,1,EDITED,Total/payment,501,830,5,15,C:\Users\jay\New folder (2)\Trustrace\data\document_patches\P0002417_X51007339150_FORGED.png
P0002418_X51007339150_AUTH,X51007339150,group_0001,train,AUTHENTIC_REGION,0,EDITED,AuthenticText,369,1234,97,17,C:\Users\jay\New folder (2)\Trustrace\data\document_patches\P0002418_X51007339150_AUTH.png
P0002419_X51007339150_AUTH,X51007339150,group_0001,train,AUTHENTIC_REGION,0,EDITED,AuthenticText,243,661,50,19,C:\Users\jay\New folder (2)\Trustrace\data\document_patches\P0002419_X51007339150_AUTH.png
P0002420_X51007339150_AUTH,X51007339150,group_0001,train,AUTHENTIC_REGION,0,EDITED,AuthenticText,184,213,54,17,C:\Users\jay\New folder (2)\Trustrace\data\document_patches\P0002420_X51007339150_AUTH.png
P0002421_X51007339151_FORGED,X51007339151,group_0001,train,FORGED_REGION,1,EDITED,Total/payment,452,768,28,25,C:\Users\jay\New folder (2)\Trustrace\data\document_patches\P0002421_X51007339151_FORGED.png
P0002422_X51007339151_FORGED,X51007339151,group_0001,train,FORGED_REGION,1,EDITED,Total/payment,467,768,24,26,C:\Users\jay\New folder (2)\Trustrace\data\document_patches\P0002422_X51007339151_FORGED.png
P0002423_X51007339151_AUTH,X51007339151,group_0001,train,AUTHENTIC_REGION,0,EDITED,AuthenticText,478,714,44,18,C:\Users\jay\New folder (2)\Trustrace\data\document_patches\P0002423_X51007339151_AUTH.png
P0002424_X51007339151_AUTH,X51007339151,group_0001,train,AUTHENTIC_REGION,0,EDITED,AuthenticText,166,297,149,18,C:\Users\jay\New folder (2)\Trustrace\data\document_patches\P0002424_X51007339151_AUTH.png
P0002425_X51007339152_AUTH,X51007339152,group_0756,train,AUTHENTIC_REGION,0,REAL,AuthenticText,290,562,53,20,C:\Users\jay\New folder (2)\Trustrace\data\document_patches\P0002425_X51007339152_AUTH.png
P0002426_X51007339152_AUTH,X51007339152,group_0756,train,AUTHENTIC_REGION,0,REAL,AuthenticText,368,1229,96,18,C:\Users\jay\New folder (2)\Trustrace\data\document_patches\P0002426_X51007339152_AUTH.png
P0002429_X51007339157_AUTH,X51007339157,group_0758,train,AUTHENTIC_REGION,0,REAL,AuthenticText,89,565,51,18,C:\Users\jay\New folder (2)\Trustrace\data\document_patches\P0002429_X51007339157_AUTH.png
P0002430_X51007339157_AUTH,X51007339157,group_0758,train,AUTHENTIC_REGION,0,REAL,AuthenticText,486,801,44,17,C:\Users\jay\New folder (2)\Trustrace\data\document_patches\P0002430_X51007339157_AUTH.png
P0002431_X51007339158_FORGED,X51007339158,group_0759,train,FORGED_REGION,1,EDITED,Company,120,206,174,21,C:\Users\jay\New folder (2)\Trustrace\data\document_patches\P0002431_X51007339158_FORGED.png
P0002432_X51007339158_FORGED,X51007339158,group_0759,train,FORGED_REGION,1,EDITED,Other,69,50,172,31,C:\Users\jay\New folder (2)\Trustrace\data\document_patches\P0002432_X51007339158_FORGED.png
P0002433_X51007339158_AUTH,X51007339158,group_0759,train,AUTHENTIC_REGION,0,EDITED,AuthenticText,106,324,23,21,C:\Users\jay\New folder (2)\Trustrace\data\document_patches\P0002433_X51007339158_AUTH.png
P0002434_X51007339158_AUTH,X51007339158,group_0759,train,AUTHENTIC_REGION,0,EDITED,AuthenticText,288,1174,68,17,C:\Users\jay\New folder (2)\Trustrace\data\document_patches\P0002434_X51007339158_AUTH.png
P0002435_X51007339159_AUTH,X51007339159,group_0001,train,AUTHENTIC_REGION,0,REAL,AuthenticText,247,630,50,18,C:\Users\jay\New folder (2)\Trustrace\data\document_patches\P0002435_X51007339159_AUTH.png
P0002436_X51007339159_AUTH,X51007339159,group_0001,train,AUTHENTIC_REGION,0,REAL,AuthenticText,559,466,40,17,C:\Users\jay\New folder (2)\Trustrace\data\document_patches\P0002436_X51007339159_AUTH.png
P0002437_X51007339160_AUTH,X51007339160,group_0760,train,AUTHENTIC_REGION,0,REAL,AuthenticText,36,1040,45,18,C:\Users\jay\New folder (2)\Trustrace\data\document_patches\P0002437_X51007339160_AUTH.png
P0002438_X51007339160_AUTH,X51007339160,group_0760,train,AUTHENTIC_REGION,0,REAL,AuthenticText,282,1042,23,17,C:\Users\jay\New folder (2)\Trustrace\data\document_patches\P0002438_X51007339160_AUTH.png
P0002441_X51007339162_AUTH,X51007339162,group_0001,train,AUTHENTIC_REGION,0,REAL,AuthenticText,235,1431,107,19,C:\Users\jay\New folder (2)\Trustrace\data\document_patches\P0002441_X51007339162_AUTH.png
P0002442_X51007339162_AUTH,X51007339162,group_0001,train,AUTHENTIC_REGION,0,REAL,AuthenticText,234,350,38,16,C:\Users\jay\New folder (2)\Trustrace\data\document_patches\P0002442_X51007339162_AUTH.png
P0002443_X51007339163_AUTH,X51007339163,group_0762,train,AUTHENTIC_REGION,0,REAL,AuthenticText,257,1449,44,16,C:\Users\jay\New folder (2)\Trustrace\data\document_patches\P0002443_X51007339163_AUTH.png
P0002444_X51007339163_AUTH,X51007339163,group_0762,train,AUTHENTIC_REGION,0,REAL,AuthenticText,154,710,87,18,C:\Users\jay\New folder (2)\Trustrace\data\document_patches\P0002444_X51007339163_AUTH.png
P0002447_X51007339165_AUTH,X51007339165,group_0764,train,AUTHENTIC_REGION,0,REAL,AuthenticText,120,1357,90,17,C:\Users\jay\New folder (2)\Trustrace\data\document_patches\P0002447_X51007339165_AUTH.png
P0002448_X51007339165_AUTH,X51007339165,group_0764,train,AUTHENTIC_REGION,0,REAL,AuthenticText,440,1224,129,19,C:\Users\jay\New folder (2)\Trustrace\data\document_patches\P0002448_X51007339165_AUTH.png
P0002449_X51007339166_FORGED,X51007339166,group_0765,train,FORGED_REGION,1,EDITED,Product,113,469,25,19,C:\Users\jay\New folder (2)\Trustrace\data\document_patches\P0002449_X51007339166_FORGED.png
P0002450_X51007339166_FORGED,X51007339166,group_0765,train,FORGED_REGION,1,EDITED,Product,69,525,28,19,C:\Users\jay\New folder (2)\Trustrace\data\document_patches\P0002450_X51007339166_FORGED.png
P0002451_X51007339166_FORGED,X51007339166,group_0765,train,FORGED_REGION,1,EDITED,Product,498,523,7,28,C:\Users\jay\New folder (2)\Trustrace\data\document_patches\P0002451_X51007339166_FORGED.png
P0002452_X51007339166_FORGED,X51007339166,group_0765,train,FORGED_REGION,1,EDITED,Total/payment,495,564,11,25,C:\Users\jay\New folder (2)\Trustrace\data\document_patches\P0002452_X51007339166_FORGED.png
P0002453_X51007339166_FORGED,X51007339166,group_0765,train,FORGED_REGION,1,EDITED,Total/payment,498,633,7,27,C:\Users\jay\New folder (2)\Trustrace\data\document_patches\P0002453_X51007339166_FORGED.png
P0002454_X51007339166_FORGED,X51007339166,group_0765,train,FORGED_REGION,1,EDITED,Total/payment,495,709,16,25,C:\Users\jay\New folder (2)\Trustrace\data\document_patches\P0002454_X51007339166_FORGED.png
P0002455_X51007339166_FORGED,X51007339166,group_0765,train,FORGED_REGION,1,EDITED,Total/payment,498,767,11,23,C:\Users\jay\New folder (2)\Trustrace\data\document_patches\P0002455_X51007339166_FORGED.png
P0002456_X51007339166_FORGED,X51007339166,group_0765,train,FORGED_REGION,1,EDITED,Total/payment,498,799,12,23,C:\Users\jay\New folder (2)\Trustrace\data\document_patches\P0002456_X51007339166_FORGED.png
P0002457_X51007339166_FORGED,X51007339166,group_0765,train,FORGED_REGION,1,EDITED,Total/payment,355,864,9,30,C:\Users\jay\New folder (2)\Trustrace\data\document_patches\P0002457_X51007339166_FORGED.png
P0002458_X51007339166_AUTH,X51007339166,group_0765,train,AUTHENTIC_REGION,0,EDITED,AuthenticText,81,948,35,17,C:\Users\jay\New folder (2)\Trustrace\data\document_patches\P0002458_X51007339166_AUTH.png
P0002459_X51007339166_AUTH,X51007339166,group_0765,train,AUTHENTIC_REGION,0,EDITED,AuthenticText,244,562,40,17,C:\Users\jay\New folder (2)\Trustrace\data\document_patches\P0002459_X51007339166_AUTH.png
P0002460_X51007339166_AUTH,X51007339166,group_0765,train,AUTHENTIC_REGION,0,EDITED,AuthenticText,58,1348,120,17,C:\Users\jay\New folder (2)\Trustrace\data\document_patches\P0002460_X51007339166_AUTH.png
P0002461_X51007339166_AUTH,X51007339166,group_0765,train,AUTHENTIC_REGION,0,EDITED,AuthenticText,177,1435,23,13,C:\Users\jay\New folder (2)\Trustrace\data\document_patches\P0002461_X51007339166_AUTH.png
P0002462_X51007339166_AUTH,X51007339166,group_0765,train,AUTHENTIC_REGION,0,EDITED,AuthenticText,50,270,37,18,C:\Users\jay\New folder (2)\Trustrace\data\document_patches\P0002462_X51007339166_AUTH.png
P0002463_X51007339166_AUTH,X51007339166,group_0765,train,AUTHENTIC_REGION,0,EDITED,AuthenticText,52,296,40,17,C:\Users\jay\New folder (2)\Trustrace\data\document_patches\P0002463_X51007339166_AUTH.png
P0002464_X51007339166_AUTH,X51007339166,group_0765,train,AUTHENTIC_REGION,0,EDITED,AuthenticText,177,976,117,22,C:\Users\jay\New folder (2)\Trustrace\data\document_patches\P0002464_X51007339166_AUTH.png
P0002465_X51007339166_AUTH,X51007339166,group_0765,train,AUTHENTIC_REGION,0,EDITED,AuthenticText,43,326,60,16,C:\Users\jay\New folder (2)\Trustrace\data\document_patches\P0002465_X51007339166_AUTH.png
P0002466_X51007339166_AUTH,X51007339166,group_0765,train,AUTHENTIC_REGION,0,EDITED,AuthenticText,312,1317,90,17,C:\Users\jay\New folder (2)\Trustrace\data\document_patches\P0002466_X51007339166_AUTH.png
P0002467_X51007339167_AUTH,X51007339167,group_0001,train,AUTHENTIC_REGION,0,REAL,AuthenticText,342,868,44,18,C:\Users\jay\New folder (2)\Trustrace\data\document_patches\P0002467_X51007339167_AUTH.png
P0002468_X51007339167_AUTH,X51007339167,group_0001,train,AUTHENTIC_REGION,0,REAL,AuthenticText,43,404,61,19,C:\Users\jay\New folder (2)\Trustrace\data\document_patches\P0002468_X51007339167_AUTH.png
P0002469_X51007339638_AUTH,X51007339638,group_0766,train,AUTHENTIC_REGION,0,REAL,AuthenticText,419,1443,28,17,C:\Users\jay\New folder (2)\Trustrace\data\document_patches\P0002469_X51007339638_AUTH.png
P0002470_X51007339638_AUTH,X51007339638,group_0766,train,AUTHENTIC_REGION,0,REAL,AuthenticText,207,1443,37,16,C:\Users\jay\New folder (2)\Trustrace\data\document_patches\P0002470_X51007339638_AUTH.png
P0002471_X51007339639_AUTH,X51007339639,group_0767,train,AUTHENTIC_REGION,0,REAL,AuthenticText,328,1431,48,15,C:\Users\jay\New folder (2)\Trustrace\data\document_patches\P0002471_X51007339639_AUTH.png
P0002472_X51007339639_AUTH,X51007339639,group_0767,train,AUTHENTIC_REGION,0,REAL,AuthenticText,36,602,85,20,C:\Users\jay\New folder (2)\Trustrace\data\document_patches\P0002472_X51007339639_AUTH.png
P0002473_X51007339642_AUTH,X51007339642,group_0768,train,AUTHENTIC_REGION,0,REAL,AuthenticText,149,748,23,20,C:\Users\jay\New folder (2)\Trustrace\data\document_patches\P0002473_X51007339642_AUTH.png
P0002474_X51007339642_AUTH,X51007339642,group_0768,train,AUTHENTIC_REGION,0,REAL,AuthenticText,112,351,85,21,C:\Users\jay\New folder (2)\Trustrace\data\document_patches\P0002474_X51007339642_AUTH.png
P0002475_X51007339643_FORGED,X51007339643,group_0769,train,FORGED_REGION,1,EDITED,Company,205,376,40,24,C:\Users\jay\New folder (2)\Trustrace\data\document_patches\P0002475_X51007339643_FORGED.png
P0002476_X51007339643_FORGED,X51007339643,group_0769,train,FORGED_REGION,1,EDITED,Company,454,379,38,24,C:\Users\jay\New folder (2)\Trustrace\data\document_patches\P0002476_X51007339643_FORGED.png
P0002477_X51007339643_FORGED,X51007339643,group_0769,train,FORGED_REGION,1,EDITED,Metadata,327,402,36,26,C:\Users\jay\New folder (2)\Trustrace\data\document_patches\P0002477_X51007339643_FORGED.png
P0002478_X51007339643_AUTH,X51007339643,group_0769,train,AUTHENTIC_REGION,0,EDITED,AuthenticText,117,1049,48,20,C:\Users\jay\New folder (2)\Trustrace\data\document_patches\P0002478_X51007339643_AUTH.png
P0002479_X51007339643_AUTH,X51007339643,group_0769,train,AUTHENTIC_REGION,0,EDITED,AuthenticText,64,948,120,21,C:\Users\jay\New folder (2)\Trustrace\data\document_patches\P0002479_X51007339643_AUTH.png
P0002480_X51007339643_AUTH,X51007339643,group_0769,train,AUTHENTIC_REGION,0,EDITED,AuthenticText,504,1199,22,20,C:\Users\jay\New folder (2)\Trustrace\data\document_patches\P0002480_X51007339643_AUTH.png
P0002481_X51007339647_AUTH,X51007339647,group_0770,train,AUTHENTIC_REGION,0,REAL,AuthenticText,361,233,11,25,C:\Users\jay\New folder (2)\Trustrace\data\document_patches\P0002481_X51007339647_AUTH.png
P0002482_X51007339647_AUTH,X51007339647,group_0770,train,AUTHENTIC_REGION,0,REAL,AuthenticText,40,628,136,20,C:\Users\jay\New folder (2)\Trustrace\data\document_patches\P0002482_X51007339647_AUTH.png
P0002483_X51007339648_AUTH,X51007339648,group_0771,train,AUTHENTIC_REGION,0,REAL,AuthenticText,351,355,49,21,C:\Users\jay\New folder (2)\Trustrace\data\document_patches\P0002483_X51007339648_AUTH.png
P0002484_X51007339648_AUTH,X51007339648,group_0771,train,AUTHENTIC_REGION,0,REAL,AuthenticText,249,1149,72,21,C:\Users\jay\New folder (2)\Trustrace\data\document_patches\P0002484_X51007339648_AUTH.png
P0002487_X51007339651_AUTH,X51007339651,group_0773,train,AUTHENTIC_REGION,0,REAL,AuthenticText,376,237,71,20,C:\Users\jay\New folder (2)\Trustrace\data\document_patches\P0002487_X51007339651_AUTH.png
P0002488_X51007339651_AUTH,X51007339651,group_0773,train,AUTHENTIC_REGION,0,REAL,AuthenticText,357,1056,21,20,C:\Users\jay\New folder (2)\Trustrace\data\document_patches\P0002488_X51007339651_AUTH.png
P0002489_X51007339653_AUTH,X51007339653,group_0774,train,AUTHENTIC_REGION,0,REAL,AuthenticText,304,782,48,21,C:\Users\jay\New folder (2)\Trustrace\data\document_patches\P0002489_X51007339653_AUTH.png
P0002490_X51007339653_AUTH,X51007339653,group_0774,train,AUTHENTIC_REGION,0,REAL,AuthenticText,69,882,146,22,C:\Users\jay\New folder (2)\Trustrace\data\document_patches\P0002490_X51007339653_AUTH.png
P0002491_X51007339656_AUTH,X51007339656,group_0775,train,AUTHENTIC_REGION,0,REAL,AuthenticText,478,962,10,6,C:\Users\jay\New folder (2)\Trustrace\data\document_patches\P0002491_X51007339656_AUTH.png
P0002492_X51007339656_AUTH,X51007339656,group_0775,train,AUTHENTIC_REGION,0,REAL,AuthenticText,228,1427,98,16,C:\Users\jay\New folder (2)\Trustrace\data\document_patches\P0002492_X51007339656_AUTH.png
P0002495_X51007339658_AUTH,X51007339658,group_0777,train,AUTHENTIC_REGION,0,REAL,AuthenticText,394,1280,5,15,C:\Users\jay\New folder (2)\Trustrace\data\document_patches\P0002495_X51007339658_AUTH.png
P0002496_X51007339658_AUTH,X51007339658,group_0777,train,AUTHENTIC_REGION,0,REAL,AuthenticText,73,21,71,65,C:\Users\jay\New folder (2)\Trustrace\data\document_patches\P0002496_X51007339658_AUTH.png
P0002499_X51007391390_AUTH,X51007391390,group_0779,train,AUTHENTIC_REGION,0,REAL,AuthenticText,217,172,154,26,C:\Users\jay\New folder (2)\Trustrace\data\document_patches\P0002499_X51007391390_AUTH.png
P0002500_X51007391390_AUTH,X51007391390,group_0779,train,AUTHENTIC_REGION,0,REAL,AuthenticText,167,705,64,16,C:\Users\jay\New folder (2)\Trustrace\data\document_patches\P0002500_X51007391390_AUTH.png
P0002501_X51007419197_FORGED,X51007419197,group_0780,train,FORGED_REGION,1,EDITED,Total/payment,9,571,515,244,C:\Users\jay\New folder (2)\Trustrace\data\document_patches\P0002501_X51007419197_FORGED.png
P0002502_X51007419197_AUTH,X51007419197,group_0780,train,AUTHENTIC_REGION,0,EDITED,AuthenticText,136,449,8,15,C:\Users\jay\New folder (2)\Trustrace\data\document_patches\P0002502_X51007419197_AUTH.png
P0002503_X51007433809_FORGED,X51007433809,group_0781,train,FORGED_REGION,1,EDITED,Metadata,381,2027,51,43,C:\Users\jay\New folder (2)\Trustrace\data\document_patches\P0002503_X51007433809_FORGED.png
P0002504_X51007433809_FORGED,X51007433809,group_0781,train,FORGED_REGION,1,EDITED,Total/payment,540,1850,59,41,C:\Users\jay\New folder (2)\Trustrace\data\document_patches\P0002504_X51007433809_FORGED.png
P0002505_X51007433809_AUTH,X51007433809,group_0781,train,AUTHENTIC_REGION,0,EDITED,AuthenticText,88,2086,143,42,C:\Users\jay\New folder (2)\Trustrace\data\document_patches\P0002505_X51007433809_AUTH.png
P0002506_X51007433809_AUTH,X51007433809,group_0781,train,AUTHENTIC_REGION,0,EDITED,AuthenticText,316,252,74,31,C:\Users\jay\New folder (2)\Trustrace\data\document_patches\P0002506_X51007433809_AUTH.png
P0002507_X51007579714_FORGED,X51007579714,group_0782,train,FORGED_REGION,1,EDITED,Metadata,175,523,50,25,C:\Users\jay\New folder (2)\Trustrace\data\document_patches\P0002507_X51007579714_FORGED.png
P0002508_X51007579714_FORGED,X51007579714,group_0782,train,FORGED_REGION,1,EDITED,Company,330,318,16,26,C:\Users\jay\New folder (2)\Trustrace\data\document_patches\P0002508_X51007579714_FORGED.png
P0002509_X51007579714_FORGED,X51007579714,group_0782,train,FORGED_REGION,1,EDITED,Company,302,293,14,22,C:\Users\jay\New folder (2)\Trustrace\data\document_patches\P0002509_X51007579714_FORGED.png
P0002510_X51007579714_AUTH,X51007579714,group_0782,train,AUTHENTIC_REGION,0,EDITED,AuthenticText,29,552,45,21,C:\Users\jay\New folder (2)\Trustrace\data\document_patches\P0002510_X51007579714_AUTH.png
P0002511_X51007579714_AUTH,X51007579714,group_0782,train,AUTHENTIC_REGION,0,EDITED,AuthenticText,195,812,21,19,C:\Users\jay\New folder (2)\Trustrace\data\document_patches\P0002511_X51007579714_AUTH.png
P0002512_X51007579714_AUTH,X51007579714,group_0782,train,AUTHENTIC_REGION,0,EDITED,AuthenticText,90,552,20,21,C:\Users\jay\New folder (2)\Trustrace\data\document_patches\P0002512_X51007579714_AUTH.png
P0002513_X51007579719_AUTH,X51007579719,group_0783,train,AUTHENTIC_REGION,0,REAL,AuthenticText,72,1152,55,22,C:\Users\jay\New folder (2)\Trustrace\data\document_patches\P0002513_X51007579719_AUTH.png
P0002514_X51007579719_AUTH,X51007579719,group_0783,train,AUTHENTIC_REGION,0,REAL,AuthenticText,201,1124,11,20,C:\Users\jay\New folder (2)\Trustrace\data\document_patches\P0002514_X51007579719_AUTH.png
P0002515_X51007579725_FORGED,X51007579725,group_0784,train,FORGED_REGION,1,EDITED,Total/payment,436,799,22,28,C:\Users\jay\New folder (2)\Trustrace\data\document_patches\P0002515_X51007579725_FORGED.png
P0002516_X51007579725_AUTH,X51007579725,group_0784,train,AUTHENTIC_REGION,0,EDITED,AuthenticText,449,569,57,20,C:\Users\jay\New folder (2)\Trustrace\data\document_patches\P0002516_X51007579725_AUTH.png
P0002517_X51007579726_AUTH,X51007579726,group_0785,train,AUTHENTIC_REGION,0,REAL,AuthenticText,398,1313,97,17,C:\Users\jay\New folder (2)\Trustrace\data\document_patches\P0002517_X51007579726_AUTH.png
P0002518_X51007579726_AUTH,X51007579726,group_0785,train,AUTHENTIC_REGION,0,REAL,AuthenticText,52,640,112,18,C:\Users\jay\New folder (2)\Trustrace\data\document_patches\P0002518_X51007579726_AUTH.png
P0002519_X51007843145_AUTH,X51007843145,group_0786,train,AUTHENTIC_REGION,0,REAL,AuthenticText,2043,4528,113,68,C:\Users\jay\New folder (2)\Trustrace\data\document_patches\P0002519_X51007843145_AUTH.png
P0002520_X51007843145_AUTH,X51007843145,group_0786,train,AUTHENTIC_REGION,0,REAL,AuthenticText,2289,3756,234,79,C:\Users\jay\New folder (2)\Trustrace\data\document_patches\P0002520_X51007843145_AUTH.png
P0002521_X51007846266_AUTH,X51007846266,group_0787,train,AUTHENTIC_REGION,0,REAL,AuthenticText,2383,2538,212,49,C:\Users\jay\New folder (2)\Trustrace\data\document_patches\P0002521_X51007846266_AUTH.png
P0002522_X51007846266_AUTH,X51007846266,group_0787,train,AUTHENTIC_REGION,0,REAL,AuthenticText,1583,1852,32,47,C:\Users\jay\New folder (2)\Trustrace\data\document_patches\P0002522_X51007846266_AUTH.png
P0002523_X51007846268_AUTH,X51007846268,group_0788,train,AUTHENTIC_REGION,0,REAL,AuthenticText,1885,4314,161,49,C:\Users\jay\New folder (2)\Trustrace\data\document_patches\P0002523_X51007846268_AUTH.png
P0002524_X51007846268_AUTH,X51007846268,group_0788,train,AUTHENTIC_REGION,0,REAL,AuthenticText,2251,4227,162,63,C:\Users\jay\New folder (2)\Trustrace\data\document_patches\P0002524_X51007846268_AUTH.png
P0002525_X51007846269_AUTH,X51007846269,group_0789,train,AUTHENTIC_REGION,0,REAL,AuthenticText,1685,2729,103,46,C:\Users\jay\New folder (2)\Trustrace\data\document_patches\P0002525_X51007846269_AUTH.png
P0002526_X51007846269_AUTH,X51007846269,group_0789,train,AUTHENTIC_REGION,0,REAL,AuthenticText,2079,2656,229,51,C:\Users\jay\New folder (2)\Trustrace\data\document_patches\P0002526_X51007846269_AUTH.png
P0002527_X51007846270_AUTH,X51007846270,group_0790,train,AUTHENTIC_REGION,0,REAL,AuthenticText,1787,2645,163,66,C:\Users\jay\New folder (2)\Trustrace\data\document_patches\P0002527_X51007846270_AUTH.png
P0002528_X51007846270_AUTH,X51007846270,group_0790,train,AUTHENTIC_REGION,0,REAL,AuthenticText,1428,2980,204,73,C:\Users\jay\New folder (2)\Trustrace\data\document_patches\P0002528_X51007846270_AUTH.png
P0002529_X51007846282_AUTH,X51007846282,group_0791,train,AUTHENTIC_REGION,0,REAL,AuthenticText,1259,2795,273,64,C:\Users\jay\New folder (2)\Trustrace\data\document_patches\P0002529_X51007846282_AUTH.png
P0002530_X51007846282_AUTH,X51007846282,group_0791,train,AUTHENTIC_REGION,0,REAL,AuthenticText,2622,3318,232,63,C:\Users\jay\New folder (2)\Trustrace\data\document_patches\P0002530_X51007846282_AUTH.png
P0002531_X51007846283_AUTH,X51007846283,group_0792,train,AUTHENTIC_REGION,0,REAL,AuthenticText,2249,380,169,69,C:\Users\jay\New folder (2)\Trustrace\data\document_patches\P0002531_X51007846283_AUTH.png
P0002532_X51007846283_AUTH,X51007846283,group_0792,train,AUTHENTIC_REGION,0,REAL,AuthenticText,2178,577,64,66,C:\Users\jay\New folder (2)\Trustrace\data\document_patches\P0002532_X51007846283_AUTH.png
P0002535_X51007846288_AUTH,X51007846288,group_0794,train,AUTHENTIC_REGION,0,REAL,AuthenticText,2570,3763,268,49,C:\Users\jay\New folder (2)\Trustrace\data\document_patches\P0002535_X51007846288_AUTH.png
P0002536_X51007846288_AUTH,X51007846288,group_0794,train,AUTHENTIC_REGION,0,REAL,AuthenticText,2959,2637,194,47,C:\Users\jay\New folder (2)\Trustrace\data\document_patches\P0002536_X51007846288_AUTH.png
P0002543_X51007846302_AUTH,X51007846302,group_0798,train,AUTHENTIC_REGION,0,REAL,AuthenticText,1560,1843,136,61,C:\Users\jay\New folder (2)\Trustrace\data\document_patches\P0002543_X51007846302_AUTH.png
P0002544_X51007846302_AUTH,X51007846302,group_0798,train,AUTHENTIC_REGION,0,REAL,AuthenticText,2377,1319,16,60,C:\Users\jay\New folder (2)\Trustrace\data\document_patches\P0002544_X51007846302_AUTH.png
P0002545_X51007846303_FORGED,X51007846303,group_0799,train,FORGED_REGION,1,EDITED,Metadata,2356,1654,41,55,C:\Users\jay\New folder (2)\Trustrace\data\document_patches\P0002545_X51007846303_FORGED.png
P0002546_X51007846303_FORGED,X51007846303,group_0799,train,FORGED_REGION,1,EDITED,Product,2220,2284,238,50,C:\Users\jay\New folder (2)\Trustrace\data\document_patches\P0002546_X51007846303_FORGED.png
P0002547_X51007846303_AUTH,X51007846303,group_0799,train,AUTHENTIC_REGION,0,EDITED,AuthenticText,2161,1820,332,55,C:\Users\jay\New folder (2)\Trustrace\data\document_patches\P0002547_X51007846303_AUTH.png
P0002548_X51007846303_AUTH,X51007846303,group_0799,train,AUTHENTIC_REGION,0,EDITED,AuthenticText,2116,1655,93,48,C:\Users\jay\New folder (2)\Trustrace\data\document_patches\P0002548_X51007846303_AUTH.png
P0002553_X51007846307_AUTH,X51007846307,group_0802,train,AUTHENTIC_REGION,0,REAL,AuthenticText,1938,4103,100,49,C:\Users\jay\New folder (2)\Trustrace\data\document_patches\P0002553_X51007846307_AUTH.png
P0002554_X51007846307_AUTH,X51007846307,group_0802,train,AUTHENTIC_REGION,0,REAL,AuthenticText,2156,3858,113,48,C:\Users\jay\New folder (2)\Trustrace\data\document_patches\P0002554_X51007846307_AUTH.png
P0002555_X51007846309_AUTH,X51007846309,group_0803,train,AUTHENTIC_REGION,0,REAL,AuthenticText,2041,4052,112,47,C:\Users\jay\New folder (2)\Trustrace\data\document_patches\P0002555_X51007846309_AUTH.png
P0002556_X51007846309_AUTH,X51007846309,group_0803,train,AUTHENTIC_REGION,0,REAL,AuthenticText,2202,2431,230,50,C:\Users\jay\New folder (2)\Trustrace\data\document_patches\P0002556_X51007846309_AUTH.png
P0002557_X51007846310_AUTH,X51007846310,group_0804,train,AUTHENTIC_REGION,0,REAL,AuthenticText,2408,4401,91,61,C:\Users\jay\New folder (2)\Trustrace\data\document_patches\P0002557_X51007846310_AUTH.png
P0002558_X51007846310_AUTH,X51007846310,group_0804,train,AUTHENTIC_REGION,0,REAL,AuthenticText,2245,3563,155,73,C:\Users\jay\New folder (2)\Trustrace\data\document_patches\P0002558_X51007846310_AUTH.png
P0002565_X51007846325_AUTH,X51007846325,group_0806,train,AUTHENTIC_REGION,0,REAL,AuthenticText,2014,1842,90,47,C:\Users\jay\New folder (2)\Trustrace\data\document_patches\P0002565_X51007846325_AUTH.png
P0002566_X51007846325_AUTH,X51007846325,group_0806,train,AUTHENTIC_REGION,0,REAL,AuthenticText,2021,2466,178,52,C:\Users\jay\New folder (2)\Trustrace\data\document_patches\P0002566_X51007846325_AUTH.png
P0002569_X51007846350_AUTH,X51007846350,group_0808,train,AUTHENTIC_REGION,0,REAL,AuthenticText,2557,1467,184,70,C:\Users\jay\New folder (2)\Trustrace\data\document_patches\P0002569_X51007846350_AUTH.png
P0002570_X51007846350_AUTH,X51007846350,group_0808,train,AUTHENTIC_REGION,0,REAL,AuthenticText,2278,1650,203,58,C:\Users\jay\New folder (2)\Trustrace\data\document_patches\P0002570_X51007846350_AUTH.png
P0002571_X51007846353_FORGED,X51007846353,group_0809,train,FORGED_REGION,1,EDITED,Product,1927,2483,51,67,C:\Users\jay\New folder (2)\Trustrace\data\document_patches\P0002571_X51007846353_FORGED.png
P0002572_X51007846353_FORGED,X51007846353,group_0809,train,FORGED_REGION,1,EDITED,Product,2122,2673,48,67,C:\Users\jay\New folder (2)\Trustrace\data\document_patches\P0002572_X51007846353_FORGED.png
P0002573_X51007846353_FORGED,X51007846353,group_0809,train,FORGED_REGION,1,EDITED,Product,2128,3264,45,64,C:\Users\jay\New folder (2)\Trustrace\data\document_patches\P0002573_X51007846353_FORGED.png
P0002574_X51007846353_FORGED,X51007846353,group_0809,train,FORGED_REGION,1,EDITED,Product,1930,3264,48,67,C:\Users\jay\New folder (2)\Trustrace\data\document_patches\P0002574_X51007846353_FORGED.png
P0002575_X51007846353_FORGED,X51007846353,group_0809,train,FORGED_REGION,1,EDITED,Product,2713,2459,45,61,C:\Users\jay\New folder (2)\Trustrace\data\document_patches\P0002575_X51007846353_FORGED.png
P0002576_X51007846353_FORGED,X51007846353,group_0809,train,FORGED_REGION,1,EDITED,Product,2783,2462,35,61,C:\Users\jay\New folder (2)\Trustrace\data\document_patches\P0002576_X51007846353_FORGED.png
P0002577_X51007846353_FORGED,X51007846353,group_0809,train,FORGED_REGION,1,EDITED,Product,2718,2849,40,64,C:\Users\jay\New folder (2)\Trustrace\data\document_patches\P0002577_X51007846353_FORGED.png
P0002578_X51007846353_FORGED,X51007846353,group_0809,train,FORGED_REGION,1,EDITED,Product,2828,2857,40,64,C:\Users\jay\New folder (2)\Trustrace\data\document_patches\P0002578_X51007846353_FORGED.png
P0002579_X51007846353_FORGED,X51007846353,group_0809,train,FORGED_REGION,1,EDITED,Product,2825,3250,45,53,C:\Users\jay\New folder (2)\Trustrace\data\document_patches\P0002579_X51007846353_FORGED.png
P0002580_X51007846353_FORGED,X51007846353,group_0809,train,FORGED_REGION,1,EDITED,Product,1927,3071,48,59,C:\Users\jay\New folder (2)\Trustrace\data\document_patches\P0002580_X51007846353_FORGED.png
P0002581_X51007846353_FORGED,X51007846353,group_0809,train,FORGED_REGION,1,EDITED,Product,2673,3253,51,67,C:\Users\jay\New folder (2)\Trustrace\data\document_patches\P0002581_X51007846353_FORGED.png
P0002582_X51007846353_FORGED,X51007846353,group_0809,train,FORGED_REGION,1,EDITED,Company,2315,1473,35,61,C:\Users\jay\New folder (2)\Trustrace\data\document_patches\P0002582_X51007846353_FORGED.png
P0002583_X51007846353_FORGED,X51007846353,group_0809,train,FORGED_REGION,1,EDITED,Product,2734,3253,32,67,C:\Users\jay\New folder (2)\Trustrace\data\document_patches\P0002583_X51007846353_FORGED.png
P0002584_X51007846353_FORGED,X51007846353,group_0809,train,FORGED_REGION,1,EDITED,Product,2784,3252,36,53,C:\Users\jay\New folder (2)\Trustrace\data\document_patches\P0002584_X51007846353_FORGED.png
P0002585_X51007846353_FORGED,X51007846353,group_0809,train,FORGED_REGION,1,EDITED,Total/payment,2716,3937,233,92,C:\Users\jay\New folder (2)\Trustrace\data\document_patches\P0002585_X51007846353_FORGED.png
P0002586_X51007846353_FORGED,X51007846353,group_0809,train,FORGED_REGION,1,EDITED,Total/payment,2722,3793,220,77,C:\Users\jay\New folder (2)\Trustrace\data\document_patches\P0002586_X51007846353_FORGED.png
P0002587_X51007846353_FORGED,X51007846353,group_0809,train,FORGED_REGION,1,EDITED,Total/payment,2844,3947,96,71,C:\Users\jay\New folder (2)\Trustrace\data\document_patches\P0002587_X51007846353_FORGED.png
P0002588_X51007846353_FORGED,X51007846353,group_0809,train,FORGED_REGION,1,EDITED,Total/payment,2846,4106,101,77,C:\Users\jay\New folder (2)\Trustrace\data\document_patches\P0002588_X51007846353_FORGED.png
P0002589_X51007846353_FORGED,X51007846353,group_0809,train,FORGED_REGION,1,EDITED,Total/payment,2703,4121,107,68,C:\Users\jay\New folder (2)\Trustrace\data\document_patches\P0002589_X51007846353_FORGED.png
P0002590_X51007846353_FORGED,X51007846353,group_0809,train,FORGED_REGION,1,EDITED,Total/payment,2861,3573,73,56,C:\Users\jay\New folder (2)\Trustrace\data\document_patches\P0002590_X51007846353_FORGED.png
P0002591_X51007846353_FORGED,X51007846353,group_0809,train,FORGED_REGION,1,EDITED,Total/payment,2863,3466,83,62,C:\Users\jay\New folder (2)\Trustrace\data\document_patches\P0002591_X51007846353_FORGED.png
P0002592_X51007846353_FORGED,X51007846353,group_0809,train,FORGED_REGION,1,EDITED,Total/payment,2799,3567,36,62,C:\Users\jay\New folder (2)\Trustrace\data\document_patches\P0002592_X51007846353_FORGED.png
P0002593_X51007846353_FORGED,X51007846353,group_0809,train,FORGED_REGION,1,EDITED,Total/payment,2799,3475,34,56,C:\Users\jay\New folder (2)\Trustrace\data\document_patches\P0002593_X51007846353_FORGED.png
P0002594_X51007846353_FORGED,X51007846353,group_0809,train,FORGED_REGION,1,EDITED,Product,2230,3263,43,58,C:\Users\jay\New folder (2)\Trustrace\data\document_patches\P0002594_X51007846353_FORGED.png
P0002595_X51007846353_FORGED,X51007846353,group_0809,train,FORGED_REGION,1,EDITED,Total/payment,2752,3471,43,62,C:\Users\jay\New folder (2)\Trustrace\data\document_patches\P0002595_X51007846353_FORGED.png
P0002596_X51007846353_FORGED,X51007846353,group_0809,train,FORGED_REGION,1,EDITED,Total/payment,2761,4294,192,79,C:\Users\jay\New folder (2)\Trustrace\data\document_patches\P0002596_X51007846353_FORGED.png
P0002597_X51007846353_FORGED,X51007846353,group_0809,train,FORGED_REGION,1,EDITED,Total/payment,2333,4294,210,81,C:\Users\jay\New folder (2)\Trustrace\data\document_patches\P0002597_X51007846353_FORGED.png
P0002598_X51007846353_AUTH,X51007846353,group_0809,train,AUTHENTIC_REGION,0,EDITED,AuthenticText,1636,1236,124,54,C:\Users\jay\New folder (2)\Trustrace\data\document_patches\P0002598_X51007846353_AUTH.png
P0002599_X51007846353_AUTH,X51007846353,group_0809,train,AUTHENTIC_REGION,0,EDITED,AuthenticText,2354,3255,140,57,C:\Users\jay\New folder (2)\Trustrace\data\document_patches\P0002599_X51007846353_AUTH.png
P0002600_X51007846353_AUTH,X51007846353,group_0809,train,AUTHENTIC_REGION,0,EDITED,AuthenticText,2229,3803,174,86,C:\Users\jay\New folder (2)\Trustrace\data\document_patches\P0002600_X51007846353_AUTH.png
P0002601_X51007846353_AUTH,X51007846353,group_0809,train,AUTHENTIC_REGION,0,EDITED,AuthenticText,2547,1791,412,66,C:\Users\jay\New folder (2)\Trustrace\data\document_patches\P0002601_X51007846353_AUTH.png
P0002602_X51007846353_AUTH,X51007846353,group_0809,train,AUTHENTIC_REGION,0,EDITED,AuthenticText,1716,3477,158,59,C:\Users\jay\New folder (2)\Trustrace\data\document_patches\P0002602_X51007846353_AUTH.png
P0002603_X51007846353_AUTH,X51007846353,group_0809,train,AUTHENTIC_REGION,0,EDITED,AuthenticText,1549,2281,127,57,C:\Users\jay\New folder (2)\Trustrace\data\document_patches\P0002603_X51007846353_AUTH.png
P0002604_X51007846353_AUTH,X51007846353,group_0809,train,AUTHENTIC_REGION,0,EDITED,AuthenticText,1952,2670,21,55,C:\Users\jay\New folder (2)\Trustrace\data\document_patches\P0002604_X51007846353_AUTH.png
P0002605_X51007846353_AUTH,X51007846353,group_0809,train,AUTHENTIC_REGION,0,EDITED,AuthenticText,2376,1236,276,55,C:\Users\jay\New folder (2)\Trustrace\data\document_patches\P0002605_X51007846353_AUTH.png
P0002606_X51007846353_AUTH,X51007846353,group_0809,train,AUTHENTIC_REGION,0,EDITED,AuthenticText,1995,2368,379,61,C:\Users\jay\New folder (2)\Trustrace\data\document_patches\P0002606_X51007846353_AUTH.png
P0002607_X51007846353_AUTH,X51007846353,group_0809,train,AUTHENTIC_REGION,0,EDITED,AuthenticText,2677,1236,224,56,C:\Users\jay\New folder (2)\Trustrace\data\document_patches\P0002607_X51007846353_AUTH.png
P0002608_X51007846353_AUTH,X51007846353,group_0809,train,AUTHENTIC_REGION,0,EDITED,AuthenticText,1872,2281,106,69,C:\Users\jay\New folder (2)\Trustrace\data\document_patches\P0002608_X51007846353_AUTH.png
P0002609_X51007846353_AUTH,X51007846353,group_0809,train,AUTHENTIC_REGION,0,EDITED,AuthenticText,2736,2665,139,57,C:\Users\jay\New folder (2)\Trustrace\data\document_patches\P0002609_X51007846353_AUTH.png
P0002610_X51007846353_AUTH,X51007846353,group_0809,train,AUTHENTIC_REGION,0,EDITED,AuthenticText,1981,3803,214,86,C:\Users\jay\New folder (2)\Trustrace\data\document_patches\P0002610_X51007846353_AUTH.png
P0002611_X51007846353_AUTH,X51007846353,group_0809,train,AUTHENTIC_REGION,0,EDITED,AuthenticText,2252,1391,228,58,C:\Users\jay\New folder (2)\Trustrace\data\document_patches\P0002611_X51007846353_AUTH.png
P0002612_X51007846353_AUTH,X51007846353,group_0809,train,AUTHENTIC_REGION,0,EDITED,AuthenticText,1726,3354,197,60,C:\Users\jay\New folder (2)\Trustrace\data\document_patches\P0002612_X51007846353_AUTH.png
P0002613_X51007846353_AUTH,X51007846353,group_0809,train,AUTHENTIC_REGION,0,EDITED,AuthenticText,2909,2469,44,55,C:\Users\jay\New folder (2)\Trustrace\data\document_patches\P0002613_X51007846353_AUTH.png
P0002614_X51007846353_AUTH,X51007846353,group_0809,train,AUTHENTIC_REGION,0,EDITED,AuthenticText,2393,1131,166,64,C:\Users\jay\New folder (2)\Trustrace\data\document_patches\P0002614_X51007846353_AUTH.png
P0002615_X51007846353_AUTH,X51007846353,group_0809,train,AUTHENTIC_REGION,0,EDITED,AuthenticText,2545,1890,154,60,C:\Users\jay\New folder (2)\Trustrace\data\document_patches\P0002615_X51007846353_AUTH.png
P0002616_X51007846353_AUTH,X51007846353,group_0809,train,AUTHENTIC_REGION,0,EDITED,AuthenticText,2035,2280,225,57,C:\Users\jay\New folder (2)\Trustrace\data\document_patches\P0002616_X51007846353_AUTH.png
P0002617_X51007846353_AUTH,X51007846353,group_0809,train,AUTHENTIC_REGION,0,EDITED,AuthenticText,2299,2566,188,59,C:\Users\jay\New folder (2)\Trustrace\data\document_patches\P0002617_X51007846353_AUTH.png
P0002618_X51007846353_AUTH,X51007846353,group_0809,train,AUTHENTIC_REGION,0,EDITED,AuthenticText,2589,1133,399,78,C:\Users\jay\New folder (2)\Trustrace\data\document_patches\P0002618_X51007846353_AUTH.png
P0002619_X51007846353_AUTH,X51007846353,group_0809,train,AUTHENTIC_REGION,0,EDITED,AuthenticText,1563,3477,125,58,C:\Users\jay\New folder (2)\Trustrace\data\document_patches\P0002619_X51007846353_AUTH.png
P0002620_X51007846353_AUTH,X51007846353,group_0809,train,AUTHENTIC_REGION,0,EDITED,AuthenticText,2148,1236,202,55,C:\Users\jay\New folder (2)\Trustrace\data\document_patches\P0002620_X51007846353_AUTH.png
P0002621_X51007846353_AUTH,X51007846353,group_0809,train,AUTHENTIC_REGION,0,EDITED,AuthenticText,1997,4661,209,67,C:\Users\jay\New folder (2)\Trustrace\data\document_patches\P0002621_X51007846353_AUTH.png
P0002622_X51007846353_AUTH,X51007846353,group_0809,train,AUTHENTIC_REGION,0,EDITED,AuthenticText,1756,1885,200,67,C:\Users\jay\New folder (2)\Trustrace\data\document_patches\P0002622_X51007846353_AUTH.png
P0002623_X51007846353_AUTH,X51007846353,group_0809,train,AUTHENTIC_REGION,0,EDITED,AuthenticText,1673,1990,48,57,C:\Users\jay\New folder (2)\Trustrace\data\document_patches\P0002623_X51007846353_AUTH.png
P0002624_X51007846353_AUTH,X51007846353,group_0809,train,AUTHENTIC_REGION,0,EDITED,AuthenticText,2140,2865,139,56,C:\Users\jay\New folder (2)\Trustrace\data\document_patches\P0002624_X51007846353_AUTH.png
P0002625_X51007846355_AUTH,X51007846355,group_0810,train,AUTHENTIC_REGION,0,REAL,AuthenticText,2971,2466,65,70,C:\Users\jay\New folder (2)\Trustrace\data\document_patches\P0002625_X51007846355_AUTH.png
P0002626_X51007846355_AUTH,X51007846355,group_0810,train,AUTHENTIC_REGION,0,REAL,AuthenticText,2872,1183,64,67,C:\Users\jay\New folder (2)\Trustrace\data\document_patches\P0002626_X51007846355_AUTH.png
P0002627_X51007846357_FORGED,X51007846357,group_0811,train,FORGED_REGION,1,EDITED,Product,1935,3520,1131,245,C:\Users\jay\New folder (2)\Trustrace\data\document_patches\P0002627_X51007846357_FORGED.png
P0002628_X51007846357_FORGED,X51007846357,group_0811,train,FORGED_REGION,1,EDITED,Other,1968,4463,1209,286,C:\Users\jay\New folder (2)\Trustrace\data\document_patches\P0002628_X51007846357_FORGED.png
P0002629_X51007846357_FORGED,X51007846357,group_0811,train,FORGED_REGION,1,EDITED,Product,2781,3336,33,65,C:\Users\jay\New folder (2)\Trustrace\data\document_patches\P0002629_X51007846357_FORGED.png
P0002630_X51007846357_FORGED,X51007846357,group_0811,train,FORGED_REGION,1,EDITED,Product,2642,3879,37,78,C:\Users\jay\New folder (2)\Trustrace\data\document_patches\P0002630_X51007846357_FORGED.png
P0002631_X51007846357_FORGED,X51007846357,group_0811,train,FORGED_REGION,1,EDITED,Total/payment,2638,4059,45,78,C:\Users\jay\New folder (2)\Trustrace\data\document_patches\P0002631_X51007846357_FORGED.png
P0002632_X51007846357_FORGED,X51007846357,group_0811,train,FORGED_REGION,1,EDITED,Total/payment,2638,4230,65,86,C:\Users\jay\New folder (2)\Trustrace\data\document_patches\P0002632_X51007846357_FORGED.png
P0002633_X51007846357_FORGED,X51007846357,group_0811,train,FORGED_REGION,1,EDITED,Product,1927,3344,45,78,C:\Users\jay\New folder (2)\Trustrace\data\document_patches\P0002633_X51007846357_FORGED.png
P0002634_X51007846357_FORGED,X51007846357,group_0811,train,FORGED_REGION,1,EDITED,Total/payment,2609,3879,29,65,C:\Users\jay\New folder (2)\Trustrace\data\document_patches\P0002634_X51007846357_FORGED.png
P0002635_X51007846357_FORGED,X51007846357,group_0811,train,FORGED_REGION,1,EDITED,Total/payment,2609,4071,29,65,C:\Users\jay\New folder (2)\Trustrace\data\document_patches\P0002635_X51007846357_FORGED.png
P0002636_X51007846357_FORGED,X51007846357,group_0811,train,FORGED_REGION,1,EDITED,Total/payment,2589,4230,45,90,C:\Users\jay\New folder (2)\Trustrace\data\document_patches\P0002636_X51007846357_FORGED.png
P0002637_X51007846357_AUTH,X51007846357,group_0811,train,AUTHENTIC_REGION,0,EDITED,AuthenticText,2703,1489,118,70,C:\Users\jay\New folder (2)\Trustrace\data\document_patches\P0002637_X51007846357_AUTH.png
P0002638_X51007846357_AUTH,X51007846357,group_0811,train,AUTHENTIC_REGION,0,EDITED,AuthenticText,2247,2233,64,67,C:\Users\jay\New folder (2)\Trustrace\data\document_patches\P0002638_X51007846357_AUTH.png
P0002639_X51007846357_AUTH,X51007846357,group_0811,train,AUTHENTIC_REGION,0,EDITED,AuthenticText,2071,1856,198,69,C:\Users\jay\New folder (2)\Trustrace\data\document_patches\P0002639_X51007846357_AUTH.png
P0002640_X51007846357_AUTH,X51007846357,group_0811,train,AUTHENTIC_REGION,0,EDITED,AuthenticText,1944,4069,29,68,C:\Users\jay\New folder (2)\Trustrace\data\document_patches\P0002640_X51007846357_AUTH.png
P0002641_X51007846357_AUTH,X51007846357,group_0811,train,AUTHENTIC_REGION,0,EDITED,AuthenticText,1935,2990,65,71,C:\Users\jay\New folder (2)\Trustrace\data\document_patches\P0002641_X51007846357_AUTH.png
P0002642_X51007846357_AUTH,X51007846357,group_0811,train,AUTHENTIC_REGION,0,EDITED,AuthenticText,2453,1490,206,73,C:\Users\jay\New folder (2)\Trustrace\data\document_patches\P0002642_X51007846357_AUTH.png
P0002643_X51007846357_AUTH,X51007846357,group_0811,train,AUTHENTIC_REGION,0,EDITED,AuthenticText,2356,1846,475,78,C:\Users\jay\New folder (2)\Trustrace\data\document_patches\P0002643_X51007846357_AUTH.png
P0002644_X51007846357_AUTH,X51007846357,group_0811,train,AUTHENTIC_REGION,0,EDITED,AuthenticText,2040,2987,135,69,C:\Users\jay\New folder (2)\Trustrace\data\document_patches\P0002644_X51007846357_AUTH.png
P0002645_X51007846357_AUTH,X51007846357,group_0811,train,AUTHENTIC_REGION,0,EDITED,AuthenticText,2315,1762,91,69,C:\Users\jay\New folder (2)\Trustrace\data\document_patches\P0002645_X51007846357_AUTH.png
P0002646_X51007846357_AUTH,X51007846357,group_0811,train,AUTHENTIC_REGION,0,EDITED,AuthenticText,1943,4250,100,68,C:\Users\jay\New folder (2)\Trustrace\data\document_patches\P0002646_X51007846357_AUTH.png
P0002647_X51007846358_AUTH,X51007846358,group_0812,train,AUTHENTIC_REGION,0,REAL,AuthenticText,3220,2928,34,62,C:\Users\jay\New folder (2)\Trustrace\data\document_patches\P0002647_X51007846358_AUTH.png
P0002648_X51007846358_AUTH,X51007846358,group_0812,train,AUTHENTIC_REGION,0,REAL,AuthenticText,2486,907,233,66,C:\Users\jay\New folder (2)\Trustrace\data\document_patches\P0002648_X51007846358_AUTH.png
P0002651_X51007846361_AUTH,X51007846361,group_0814,train,AUTHENTIC_REGION,0,REAL,AuthenticText,2279,3287,203,57,C:\Users\jay\New folder (2)\Trustrace\data\document_patches\P0002651_X51007846361_AUTH.png
P0002652_X51007846361_AUTH,X51007846361,group_0814,train,AUTHENTIC_REGION,0,REAL,AuthenticText,2144,3830,89,70,C:\Users\jay\New folder (2)\Trustrace\data\document_patches\P0002652_X51007846361_AUTH.png
P0002653_X51007846366_AUTH,X51007846366,group_0815,train,AUTHENTIC_REGION,0,REAL,AuthenticText,1814,2881,172,66,C:\Users\jay\New folder (2)\Trustrace\data\document_patches\P0002653_X51007846366_AUTH.png
P0002654_X51007846366_AUTH,X51007846366,group_0815,train,AUTHENTIC_REGION,0,REAL,AuthenticText,1936,898,137,69,C:\Users\jay\New folder (2)\Trustrace\data\document_patches\P0002654_X51007846366_AUTH.png
P0002669_X51007846370_AUTH,X51007846370,group_0005,train,AUTHENTIC_REGION,0,REAL,AuthenticText,1943,2148,119,50,C:\Users\jay\New folder (2)\Trustrace\data\document_patches\P0002669_X51007846370_AUTH.png
P0002670_X51007846370_AUTH,X51007846370,group_0005,train,AUTHENTIC_REGION,0,REAL,AuthenticText,2084,2067,145,50,C:\Users\jay\New folder (2)\Trustrace\data\document_patches\P0002670_X51007846370_AUTH.png
P0002671_X51007846371_AUTH,X51007846371,group_0817,train,AUTHENTIC_REGION,0,REAL,AuthenticText,2059,1781,290,63,C:\Users\jay\New folder (2)\Trustrace\data\document_patches\P0002671_X51007846371_AUTH.png
P0002672_X51007846371_AUTH,X51007846371,group_0817,train,AUTHENTIC_REGION,0,REAL,AuthenticText,2091,1863,331,54,C:\Users\jay\New folder (2)\Trustrace\data\document_patches\P0002672_X51007846371_AUTH.png
P0002673_X51007846372_AUTH,X51007846372,group_0005,train,AUTHENTIC_REGION,0,REAL,AuthenticText,2088,3857,264,52,C:\Users\jay\New folder (2)\Trustrace\data\document_patches\P0002673_X51007846372_AUTH.png
P0002674_X51007846372_AUTH,X51007846372,group_0005,train,AUTHENTIC_REGION,0,REAL,AuthenticText,1411,2225,176,48,C:\Users\jay\New folder (2)\Trustrace\data\document_patches\P0002674_X51007846372_AUTH.png
P0002675_X51007846379_AUTH,X51007846379,group_0818,train,AUTHENTIC_REGION,0,REAL,AuthenticText,2252,1232,100,71,C:\Users\jay\New folder (2)\Trustrace\data\document_patches\P0002675_X51007846379_AUTH.png
P0002676_X51007846379_AUTH,X51007846379,group_0818,train,AUTHENTIC_REGION,0,REAL,AuthenticText,1478,4302,100,68,C:\Users\jay\New folder (2)\Trustrace\data\document_patches\P0002676_X51007846379_AUTH.png
P0002679_X51007846388_AUTH,X51007846388,group_0005,train,AUTHENTIC_REGION,0,REAL,AuthenticText,1445,2484,194,48,C:\Users\jay\New folder (2)\Trustrace\data\document_patches\P0002679_X51007846388_AUTH.png
P0002680_X51007846388_AUTH,X51007846388,group_0005,train,AUTHENTIC_REGION,0,REAL,AuthenticText,2327,3963,162,61,C:\Users\jay\New folder (2)\Trustrace\data\document_patches\P0002680_X51007846388_AUTH.png
P0002681_X51007846391_AUTH,X51007846391,group_0005,train,AUTHENTIC_REGION,0,REAL,AuthenticText,2768,3533,182,49,C:\Users\jay\New folder (2)\Trustrace\data\document_patches\P0002681_X51007846391_AUTH.png
P0002682_X51007846391_AUTH,X51007846391,group_0005,train,AUTHENTIC_REGION,0,REAL,AuthenticText,2755,3246,193,48,C:\Users\jay\New folder (2)\Trustrace\data\document_patches\P0002682_X51007846391_AUTH.png
P0002685_X51007846393_AUTH,X51007846393,group_0820,train,AUTHENTIC_REGION,0,REAL,AuthenticText,2357,3509,277,78,C:\Users\jay\New folder (2)\Trustrace\data\document_patches\P0002685_X51007846393_AUTH.png
P0002686_X51007846393_AUTH,X51007846393,group_0820,train,AUTHENTIC_REGION,0,REAL,AuthenticText,2232,4693,59,63,C:\Users\jay\New folder (2)\Trustrace\data\document_patches\P0002686_X51007846393_AUTH.png
P0002687_X51007846395_AUTH,X51007846395,group_0821,train,AUTHENTIC_REGION,0,REAL,AuthenticText,2743,2283,218,72,C:\Users\jay\New folder (2)\Trustrace\data\document_patches\P0002687_X51007846395_AUTH.png
P0002688_X51007846395_AUTH,X51007846395,group_0821,train,AUTHENTIC_REGION,0,REAL,AuthenticText,2440,3462,192,63,C:\Users\jay\New folder (2)\Trustrace\data\document_patches\P0002688_X51007846395_AUTH.png
P0002689_X51007846396_FORGED,X51007846396,group_0822,train,FORGED_REGION,1,EDITED,Product,2913,3127,70,109,C:\Users\jay\New folder (2)\Trustrace\data\document_patches\P0002689_X51007846396_FORGED.png
P0002690_X51007846396_FORGED,X51007846396,group_0822,train,FORGED_REGION,1,EDITED,Total/payment,2926,3323,61,100,C:\Users\jay\New folder (2)\Trustrace\data\document_patches\P0002690_X51007846396_FORGED.png
P0002691_X51007846396_FORGED,X51007846396,group_0822,train,FORGED_REGION,1,EDITED,Total/payment,2922,3433,70,83,C:\Users\jay\New folder (2)\Trustrace\data\document_patches\P0002691_X51007846396_FORGED.png
P0002692_X51007846396_AUTH,X51007846396,group_0822,train,AUTHENTIC_REGION,0,EDITED,AuthenticText,1920,2962,154,68,C:\Users\jay\New folder (2)\Trustrace\data\document_patches\P0002692_X51007846396_AUTH.png
P0002693_X51007846396_AUTH,X51007846396,group_0822,train,AUTHENTIC_REGION,0,EDITED,AuthenticText,1868,4240,352,69,C:\Users\jay\New folder (2)\Trustrace\data\document_patches\P0002693_X51007846396_AUTH.png
P0002694_X51007846396_AUTH,X51007846396,group_0822,train,AUTHENTIC_REGION,0,EDITED,AuthenticText,1848,2081,66,73,C:\Users\jay\New folder (2)\Trustrace\data\document_patches\P0002694_X51007846396_AUTH.png
P0002695_X51007846397_AUTH,X51007846397,group_0823,train,AUTHENTIC_REGION,0,REAL,AuthenticText,1623,3638,159,48,C:\Users\jay\New folder (2)\Trustrace\data\document_patches\P0002695_X51007846397_AUTH.png
P0002696_X51007846397_AUTH,X51007846397,group_0823,train,AUTHENTIC_REGION,0,REAL,AuthenticText,2890,2837,194,47,C:\Users\jay\New folder (2)\Trustrace\data\document_patches\P0002696_X51007846397_AUTH.png
P0002699_X51007846400_AUTH,X51007846400,group_0824,train,AUTHENTIC_REGION,0,REAL,AuthenticText,1626,3672,140,57,C:\Users\jay\New folder (2)\Trustrace\data\document_patches\P0002699_X51007846400_AUTH.png
P0002700_X51007846400_AUTH,X51007846400,group_0824,train,AUTHENTIC_REGION,0,REAL,AuthenticText,1878,3008,262,65,C:\Users\jay\New folder (2)\Trustrace\data\document_patches\P0002700_X51007846400_AUTH.png
P0002701_X51007846403_AUTH,X51007846403,group_0825,train,AUTHENTIC_REGION,0,REAL,AuthenticText,2208,2902,127,65,C:\Users\jay\New folder (2)\Trustrace\data\document_patches\P0002701_X51007846403_AUTH.png
P0002702_X51007846403_AUTH,X51007846403,group_0825,train,AUTHENTIC_REGION,0,REAL,AuthenticText,2270,3320,276,76,C:\Users\jay\New folder (2)\Trustrace\data\document_patches\P0002702_X51007846403_AUTH.png
P0002703_X51007846410_AUTH,X51007846410,group_0032,train,AUTHENTIC_REGION,0,REAL,AuthenticText,2118,2054,452,57,C:\Users\jay\New folder (2)\Trustrace\data\document_patches\P0002703_X51007846410_AUTH.png
P0002704_X51007846410_AUTH,X51007846410,group_0032,train,AUTHENTIC_REGION,0,REAL,AuthenticText,2229,4368,173,65,C:\Users\jay\New folder (2)\Trustrace\data\document_patches\P0002704_X51007846410_AUTH.png
P0002705_X51007846412_AUTH,X51007846412,group_0826,train,AUTHENTIC_REGION,0,REAL,AuthenticText,1317,5372,55,62,C:\Users\jay\New folder (2)\Trustrace\data\document_patches\P0002705_X51007846412_AUTH.png
P0002706_X51007846412_AUTH,X51007846412,group_0826,train,AUTHENTIC_REGION,0,REAL,AuthenticText,2020,5731,21,60,C:\Users\jay\New folder (2)\Trustrace\data\document_patches\P0002706_X51007846412_AUTH.png
P0002709_X51008030560_AUTH,X51008030560,group_0828,train,AUTHENTIC_REGION,0,REAL,AuthenticText,196,1146,83,30,C:\Users\jay\New folder (2)\Trustrace\data\document_patches\P0002709_X51008030560_AUTH.png
P0002710_X51008030560_AUTH,X51008030560,group_0828,train,AUTHENTIC_REGION,0,REAL,AuthenticText,473,450,49,22,C:\Users\jay\New folder (2)\Trustrace\data\document_patches\P0002710_X51008030560_AUTH.png
P0002715_X51008030565_FORGED,X51008030565,group_0831,train,FORGED_REGION,1,EDITED,Product,366,1016,19,30,C:\Users\jay\New folder (2)\Trustrace\data\document_patches\P0002715_X51008030565_FORGED.png
P0002716_X51008030565_FORGED,X51008030565,group_0831,train,FORGED_REGION,1,EDITED,Product,503,1019,17,27,C:\Users\jay\New folder (2)\Trustrace\data\document_patches\P0002716_X51008030565_FORGED.png
P0002717_X51008030565_FORGED,X51008030565,group_0831,train,FORGED_REGION,1,EDITED,Total/payment,560,1125,19,29,C:\Users\jay\New folder (2)\Trustrace\data\document_patches\P0002717_X51008030565_FORGED.png
P0002718_X51008030565_FORGED,X51008030565,group_0831,train,FORGED_REGION,1,EDITED,Total/payment,546,1125,11,29,C:\Users\jay\New folder (2)\Trustrace\data\document_patches\P0002718_X51008030565_FORGED.png
P0002719_X51008030565_FORGED,X51008030565,group_0831,train,FORGED_REGION,1,EDITED,Total/payment,561,1196,17,29,C:\Users\jay\New folder (2)\Trustrace\data\document_patches\P0002719_X51008030565_FORGED.png
P0002720_X51008030565_FORGED,X51008030565,group_0831,train,FORGED_REGION,1,EDITED,Total/payment,546,1197,10,25,C:\Users\jay\New folder (2)\Trustrace\data\document_patches\P0002720_X51008030565_FORGED.png
P0002721_X51008030565_FORGED,X51008030565,group_0831,train,FORGED_REGION,1,EDITED,Total/payment,493,1230,26,29,C:\Users\jay\New folder (2)\Trustrace\data\document_patches\P0002721_X51008030565_FORGED.png
P0002722_X51008030565_FORGED,X51008030565,group_0831,train,FORGED_REGION,1,EDITED,Total/payment,481,1229,10,32,C:\Users\jay\New folder (2)\Trustrace\data\document_patches\P0002722_X51008030565_FORGED.png
P0002723_X51008030565_FORGED,X51008030565,group_0831,train,FORGED_REGION,1,EDITED,Product,429,947,15,26,C:\Users\jay\New folder (2)\Trustrace\data\document_patches\P0002723_X51008030565_FORGED.png
P0002724_X51008030565_FORGED,X51008030565,group_0831,train,FORGED_REGION,1,EDITED,Product,429,1019,14,27,C:\Users\jay\New folder (2)\Trustrace\data\document_patches\P0002724_X51008030565_FORGED.png
P0002725_X51008030565_FORGED,X51008030565,group_0831,train,FORGED_REGION,1,EDITED,Total/payment,579,1160,14,29,C:\Users\jay\New folder (2)\Trustrace\data\document_patches\P0002725_X51008030565_FORGED.png
P0002726_X51008030565_FORGED,X51008030565,group_0831,train,FORGED_REGION,1,EDITED,Total/payment,607,1231,29,28,C:\Users\jay\New folder (2)\Trustrace\data\document_patches\P0002726_X51008030565_FORGED.png
P0002727_X51008030565_AUTH,X51008030565,group_0831,train,AUTHENTIC_REGION,0,EDITED,AuthenticText,521,804,58,27,C:\Users\jay\New folder (2)\Trustrace\data\document_patches\P0002727_X51008030565_AUTH.png
P0002728_X51008030565_AUTH,X51008030565,group_0831,train,AUTHENTIC_REGION,0,EDITED,AuthenticText,179,573,100,27,C:\Users\jay\New folder (2)\Trustrace\data\document_patches\P0002728_X51008030565_AUTH.png
P0002729_X51008030565_AUTH,X51008030565,group_0831,train,AUTHENTIC_REGION,0,EDITED,AuthenticText,341,244,43,28,C:\Users\jay\New folder (2)\Trustrace\data\document_patches\P0002729_X51008030565_AUTH.png
P0002730_X51008030565_AUTH,X51008030565,group_0831,train,AUTHENTIC_REGION,0,EDITED,AuthenticText,42,1194,70,28,C:\Users\jay\New folder (2)\Trustrace\data\document_patches\P0002730_X51008030565_AUTH.png
P0002731_X51008030565_AUTH,X51008030565,group_0831,train,AUTHENTIC_REGION,0,EDITED,AuthenticText,132,319,69,31,C:\Users\jay\New folder (2)\Trustrace\data\document_patches\P0002731_X51008030565_AUTH.png
P0002732_X51008030565_AUTH,X51008030565,group_0831,train,AUTHENTIC_REGION,0,EDITED,AuthenticText,341,428,178,27,C:\Users\jay\New folder (2)\Trustrace\data\document_patches\P0002732_X51008030565_AUTH.png
P0002733_X51008030565_AUTH,X51008030565,group_0831,train,AUTHENTIC_REGION,0,EDITED,AuthenticText,370,695,104,32,C:\Users\jay\New folder (2)\Trustrace\data\document_patches\P0002733_X51008030565_AUTH.png
P0002734_X51008030565_AUTH,X51008030565,group_0831,train,AUTHENTIC_REGION,0,EDITED,AuthenticText,385,803,59,27,C:\Users\jay\New folder (2)\Trustrace\data\document_patches\P0002734_X51008030565_AUTH.png
P0002735_X51008030565_AUTH,X51008030565,group_0831,train,AUTHENTIC_REGION,0,EDITED,AuthenticText,401,243,73,30,C:\Users\jay\New folder (2)\Trustrace\data\document_patches\P0002735_X51008030565_AUTH.png
P0002736_X51008030565_AUTH,X51008030565,group_0831,train,AUTHENTIC_REGION,0,EDITED,AuthenticText,43,1231,143,28,C:\Users\jay\New folder (2)\Trustrace\data\document_patches\P0002736_X51008030565_AUTH.png
P0002737_X51008030565_AUTH,X51008030565,group_0831,train,AUTHENTIC_REGION,0,EDITED,AuthenticText,559,1253,8,7,C:\Users\jay\New folder (2)\Trustrace\data\document_patches\P0002737_X51008030565_AUTH.png
P0002738_X51008030565_AUTH,X51008030565,group_0831,train,AUTHENTIC_REGION,0,EDITED,AuthenticText,41,694,163,32,C:\Users\jay\New folder (2)\Trustrace\data\document_patches\P0002738_X51008030565_AUTH.png
P0002739_X51008030566_AUTH,X51008030566,group_0832,train,AUTHENTIC_REGION,0,REAL,AuthenticText,302,315,148,32,C:\Users\jay\New folder (2)\Trustrace\data\document_patches\P0002739_X51008030566_AUTH.png
P0002740_X51008030566_AUTH,X51008030566,group_0832,train,AUTHENTIC_REGION,0,REAL,AuthenticText,169,568,101,28,C:\Users\jay\New folder (2)\Trustrace\data\document_patches\P0002740_X51008030566_AUTH.png
P0002741_X51008042777_AUTH,X51008042777,group_0833,train,AUTHENTIC_REGION,0,REAL,AuthenticText,526,777,58,27,C:\Users\jay\New folder (2)\Trustrace\data\document_patches\P0002741_X51008042777_AUTH.png
P0002742_X51008042777_AUTH,X51008042777,group_0833,train,AUTHENTIC_REGION,0,REAL,AuthenticText,438,1241,53,31,C:\Users\jay\New folder (2)\Trustrace\data\document_patches\P0002742_X51008042777_AUTH.png
P0002745_X51008042779_AUTH,X51008042779,group_0835,train,AUTHENTIC_REGION,0,REAL,AuthenticText,195,315,23,32,C:\Users\jay\New folder (2)\Trustrace\data\document_patches\P0002745_X51008042779_AUTH.png
P0002746_X51008042779_AUTH,X51008042779,group_0835,train,AUTHENTIC_REGION,0,REAL,AuthenticText,126,999,67,31,C:\Users\jay\New folder (2)\Trustrace\data\document_patches\P0002746_X51008042779_AUTH.png
P0002751_X51008042781_AUTH,X51008042781,group_0837,train,AUTHENTIC_REGION,0,REAL,AuthenticText,134,1044,146,32,C:\Users\jay\New folder (2)\Trustrace\data\document_patches\P0002751_X51008042781_AUTH.png
P0002752_X51008042781_AUTH,X51008042781,group_0837,train,AUTHENTIC_REGION,0,REAL,AuthenticText,582,1011,55,27,C:\Users\jay\New folder (2)\Trustrace\data\document_patches\P0002752_X51008042781_AUTH.png
P0002753_X51008042782_AUTH,X51008042782,group_0838,train,AUTHENTIC_REGION,0,REAL,AuthenticText,426,1351,59,27,C:\Users\jay\New folder (2)\Trustrace\data\document_patches\P0002753_X51008042782_AUTH.png
P0002754_X51008042782_AUTH,X51008042782,group_0838,train,AUTHENTIC_REGION,0,REAL,AuthenticText,261,377,99,30,C:\Users\jay\New folder (2)\Trustrace\data\document_patches\P0002754_X51008042782_AUTH.png
P0002757_X51008042786_AUTH,X51008042786,group_0840,train,AUTHENTIC_REGION,0,REAL,AuthenticText,146,1046,71,27,C:\Users\jay\New folder (2)\Trustrace\data\document_patches\P0002757_X51008042786_AUTH.png
P0002758_X51008042786_AUTH,X51008042786,group_0840,train,AUTHENTIC_REGION,0,REAL,AuthenticText,255,558,7,28,C:\Users\jay\New folder (2)\Trustrace\data\document_patches\P0002758_X51008042786_AUTH.png
P0002759_X51008042787_AUTH,X51008042787,group_0841,train,AUTHENTIC_REGION,0,REAL,AuthenticText,550,623,55,23,C:\Users\jay\New folder (2)\Trustrace\data\document_patches\P0002759_X51008042787_AUTH.png
P0002760_X51008042787_AUTH,X51008042787,group_0841,train,AUTHENTIC_REGION,0,REAL,AuthenticText,215,1989,90,26,C:\Users\jay\New folder (2)\Trustrace\data\document_patches\P0002760_X51008042787_AUTH.png
P0002761_X51008042791_AUTH,X51008042791,group_0842,train,AUTHENTIC_REGION,0,REAL,AuthenticText,106,339,103,31,C:\Users\jay\New folder (2)\Trustrace\data\document_patches\P0002761_X51008042791_AUTH.png
P0002762_X51008042791_AUTH,X51008042791,group_0842,train,AUTHENTIC_REGION,0,REAL,AuthenticText,47,957,69,28,C:\Users\jay\New folder (2)\Trustrace\data\document_patches\P0002762_X51008042791_AUTH.png
P0002763_X51008042792_AUTH,X51008042792,group_0843,train,AUTHENTIC_REGION,0,REAL,AuthenticText,47,1034,69,28,C:\Users\jay\New folder (2)\Trustrace\data\document_patches\P0002763_X51008042792_AUTH.png
P0002764_X51008042792_AUTH,X51008042792,group_0843,train,AUTHENTIC_REGION,0,REAL,AuthenticText,229,999,68,30,C:\Users\jay\New folder (2)\Trustrace\data\document_patches\P0002764_X51008042792_AUTH.png
P0002765_X51008042793_AUTH,X51008042793,group_0844,train,AUTHENTIC_REGION,0,REAL,AuthenticText,155,989,67,33,C:\Users\jay\New folder (2)\Trustrace\data\document_patches\P0002765_X51008042793_AUTH.png
P0002766_X51008042793_AUTH,X51008042793,group_0844,train,AUTHENTIC_REGION,0,REAL,AuthenticText,32,533,41,19,C:\Users\jay\New folder (2)\Trustrace\data\document_patches\P0002766_X51008042793_AUTH.png
P0002767_X51008063849_AUTH,X51008063849,group_0845,train,AUTHENTIC_REGION,0,REAL,AuthenticText,313,909,144,26,C:\Users\jay\New folder (2)\Trustrace\data\document_patches\P0002767_X51008063849_AUTH.png
P0002768_X51008063849_AUTH,X51008063849,group_0845,train,AUTHENTIC_REGION,0,REAL,AuthenticText,594,678,29,23,C:\Users\jay\New folder (2)\Trustrace\data\document_patches\P0002768_X51008063849_AUTH.png
P0002769_X51008064061_AUTH,X51008064061,group_0846,train,AUTHENTIC_REGION,0,REAL,AuthenticText,329,1308,109,28,C:\Users\jay\New folder (2)\Trustrace\data\document_patches\P0002769_X51008064061_AUTH.png
P0002770_X51008064061_AUTH,X51008064061,group_0846,train,AUTHENTIC_REGION,0,REAL,AuthenticText,430,509,45,24,C:\Users\jay\New folder (2)\Trustrace\data\document_patches\P0002770_X51008064061_AUTH.png
P0002771_X51008099041_AUTH,X51008099041,group_0847,train,AUTHENTIC_REGION,0,REAL,AuthenticText,209,696,175,34,C:\Users\jay\New folder (2)\Trustrace\data\document_patches\P0002771_X51008099041_AUTH.png
P0002772_X51008099041_AUTH,X51008099041,group_0847,train,AUTHENTIC_REGION,0,REAL,AuthenticText,192,483,51,32,C:\Users\jay\New folder (2)\Trustrace\data\document_patches\P0002772_X51008099041_AUTH.png
P0002775_X51008099044_AUTH,X51008099044,group_0849,train,AUTHENTIC_REGION,0,REAL,AuthenticText,456,1000,29,34,C:\Users\jay\New folder (2)\Trustrace\data\document_patches\P0002775_X51008099044_AUTH.png
P0002776_X51008099044_AUTH,X51008099044,group_0849,train,AUTHENTIC_REGION,0,REAL,AuthenticText,705,1168,51,34,C:\Users\jay\New folder (2)\Trustrace\data\document_patches\P0002776_X51008099044_AUTH.png
P0002779_X51008099047_AUTH,X51008099047,group_0850,train,AUTHENTIC_REGION,0,REAL,AuthenticText,131,1384,6,24,C:\Users\jay\New folder (2)\Trustrace\data\document_patches\P0002779_X51008099047_AUTH.png
P0002780_X51008099047_AUTH,X51008099047,group_0850,train,AUTHENTIC_REGION,0,REAL,AuthenticText,673,1548,69,32,C:\Users\jay\New folder (2)\Trustrace\data\document_patches\P0002780_X51008099047_AUTH.png
P0002781_X51008099048_AUTH,X51008099048,group_0851,train,AUTHENTIC_REGION,0,REAL,AuthenticText,39,872,111,37,C:\Users\jay\New folder (2)\Trustrace\data\document_patches\P0002781_X51008099048_AUTH.png
P0002782_X51008099048_AUTH,X51008099048,group_0851,train,AUTHENTIC_REGION,0,REAL,AuthenticText,137,1174,79,37,C:\Users\jay\New folder (2)\Trustrace\data\document_patches\P0002782_X51008099048_AUTH.png
P0002783_X51008099049_AUTH,X51008099049,group_0852,train,AUTHENTIC_REGION,0,REAL,AuthenticText,174,1265,57,33,C:\Users\jay\New folder (2)\Trustrace\data\document_patches\P0002783_X51008099049_AUTH.png
P0002784_X51008099049_AUTH,X51008099049,group_0852,train,AUTHENTIC_REGION,0,REAL,AuthenticText,34,795,194,65,C:\Users\jay\New folder (2)\Trustrace\data\document_patches\P0002784_X51008099049_AUTH.png
P0002785_X51008099054_AUTH,X51008099054,group_0853,train,AUTHENTIC_REGION,0,REAL,AuthenticText,309,1996,85,36,C:\Users\jay\New folder (2)\Trustrace\data\document_patches\P0002785_X51008099054_AUTH.png
P0002786_X51008099054_AUTH,X51008099054,group_0853,train,AUTHENTIC_REGION,0,REAL,AuthenticText,502,785,118,37,C:\Users\jay\New folder (2)\Trustrace\data\document_patches\P0002786_X51008099054_AUTH.png
P0002787_X51008099071_FORGED,X51008099071,group_0854,train,FORGED_REGION,1,EDITED,Total/payment,738,1124,107,39,C:\Users\jay\New folder (2)\Trustrace\data\document_patches\P0002787_X51008099071_FORGED.png
P0002788_X51008099071_FORGED,X51008099071,group_0854,train,FORGED_REGION,1,EDITED,Product,190,819,102,39,C:\Users\jay\New folder (2)\Trustrace\data\document_patches\P0002788_X51008099071_FORGED.png
P0002789_X51008099071_AUTH,X51008099071,group_0854,train,AUTHENTIC_REGION,0,EDITED,AuthenticText,334,295,6,20,C:\Users\jay\New folder (2)\Trustrace\data\document_patches\P0002789_X51008099071_AUTH.png
P0002790_X51008099071_AUTH,X51008099071,group_0854,train,AUTHENTIC_REGION,0,EDITED,AuthenticText,271,285,37,31,C:\Users\jay\New folder (2)\Trustrace\data\document_patches\P0002790_X51008099071_AUTH.png
P0002801_X51008099083_AUTH,X51008099083,group_0857,train,AUTHENTIC_REGION,0,REAL,AuthenticText,699,1170,50,32,C:\Users\jay\New folder (2)\Trustrace\data\document_patches\P0002801_X51008099083_AUTH.png
P0002802_X51008099083_AUTH,X51008099083,group_0857,train,AUTHENTIC_REGION,0,REAL,AuthenticText,46,1377,169,34,C:\Users\jay\New folder (2)\Trustrace\data\document_patches\P0002802_X51008099083_AUTH.png
P0002805_X51008099085_AUTH,X51008099085,group_0859,train,AUTHENTIC_REGION,0,REAL,AuthenticText,306,912,48,32,C:\Users\jay\New folder (2)\Trustrace\data\document_patches\P0002805_X51008099085_AUTH.png
P0002806_X51008099085_AUTH,X51008099085,group_0859,train,AUTHENTIC_REGION,0,REAL,AuthenticText,409,1249,82,37,C:\Users\jay\New folder (2)\Trustrace\data\document_patches\P0002806_X51008099085_AUTH.png
P0002807_X51008099086_AUTH,X51008099086,group_0860,train,AUTHENTIC_REGION,0,REAL,AuthenticText,460,914,69,33,C:\Users\jay\New folder (2)\Trustrace\data\document_patches\P0002807_X51008099086_AUTH.png
P0002808_X51008099086_AUTH,X51008099086,group_0860,train,AUTHENTIC_REGION,0,REAL,AuthenticText,56,784,136,38,C:\Users\jay\New folder (2)\Trustrace\data\document_patches\P0002808_X51008099086_AUTH.png
P0002809_X51008099087_AUTH,X51008099087,group_0861,train,AUTHENTIC_REGION,0,REAL,AuthenticText,214,378,28,38,C:\Users\jay\New folder (2)\Trustrace\data\document_patches\P0002809_X51008099087_AUTH.png
P0002810_X51008099087_AUTH,X51008099087,group_0861,train,AUTHENTIC_REGION,0,REAL,AuthenticText,613,377,86,41,C:\Users\jay\New folder (2)\Trustrace\data\document_patches\P0002810_X51008099087_AUTH.png
P0002811_X51008099088_AUTH,X51008099088,group_0862,train,AUTHENTIC_REGION,0,REAL,AuthenticText,531,655,121,33,C:\Users\jay\New folder (2)\Trustrace\data\document_patches\P0002811_X51008099088_AUTH.png
P0002812_X51008099088_AUTH,X51008099088,group_0862,train,AUTHENTIC_REGION,0,REAL,AuthenticText,514,1462,69,33,C:\Users\jay\New folder (2)\Trustrace\data\document_patches\P0002812_X51008099088_AUTH.png
P0002817_X51008099100_AUTH,X51008099100,group_0865,train,AUTHENTIC_REGION,0,REAL,AuthenticText,369,1656,117,33,C:\Users\jay\New folder (2)\Trustrace\data\document_patches\P0002817_X51008099100_AUTH.png
P0002818_X51008099100_AUTH,X51008099100,group_0865,train,AUTHENTIC_REGION,0,REAL,AuthenticText,333,202,95,34,C:\Users\jay\New folder (2)\Trustrace\data\document_patches\P0002818_X51008099100_AUTH.png
P0002819_X51008099102_AUTH,X51008099102,group_0866,train,AUTHENTIC_REGION,0,REAL,AuthenticText,301,456,105,33,C:\Users\jay\New folder (2)\Trustrace\data\document_patches\P0002819_X51008099102_AUTH.png
P0002820_X51008099102_AUTH,X51008099102,group_0866,train,AUTHENTIC_REGION,0,REAL,AuthenticText,37,1710,82,34,C:\Users\jay\New folder (2)\Trustrace\data\document_patches\P0002820_X51008099102_AUTH.png
P0002823_X51008114217_AUTH,X51008114217,group_0868,train,AUTHENTIC_REGION,0,REAL,AuthenticText,132,1481,139,35,C:\Users\jay\New folder (2)\Trustrace\data\document_patches\P0002823_X51008114217_AUTH.png
P0002824_X51008114217_AUTH,X51008114217,group_0868,train,AUTHENTIC_REGION,0,REAL,AuthenticText,49,1521,57,32,C:\Users\jay\New folder (2)\Trustrace\data\document_patches\P0002824_X51008114217_AUTH.png
P0002825_X51008114262_AUTH,X51008114262,group_0870,train,AUTHENTIC_REGION,0,REAL,AuthenticText,385,957,90,27,C:\Users\jay\New folder (2)\Trustrace\data\document_patches\P0002825_X51008114262_AUTH.png
P0002826_X51008114262_AUTH,X51008114262,group_0870,train,AUTHENTIC_REGION,0,REAL,AuthenticText,417,914,59,27,C:\Users\jay\New folder (2)\Trustrace\data\document_patches\P0002826_X51008114262_AUTH.png
P0002827_X51008114266_AUTH,X51008114266,group_0871,train,AUTHENTIC_REGION,0,REAL,AuthenticText,148,547,102,28,C:\Users\jay\New folder (2)\Trustrace\data\document_patches\P0002827_X51008114266_AUTH.png
P0002828_X51008114266_AUTH,X51008114266,group_0871,train,AUTHENTIC_REGION,0,REAL,AuthenticText,143,890,74,28,C:\Users\jay\New folder (2)\Trustrace\data\document_patches\P0002828_X51008114266_AUTH.png
P0002829_X51008114281_AUTH,X51008114281,group_0872,train,AUTHENTIC_REGION,0,REAL,AuthenticText,246,890,69,32,C:\Users\jay\New folder (2)\Trustrace\data\document_patches\P0002829_X51008114281_AUTH.png
P0002830_X51008114281_AUTH,X51008114281,group_0872,train,AUTHENTIC_REGION,0,REAL,AuthenticText,177,640,120,32,C:\Users\jay\New folder (2)\Trustrace\data\document_patches\P0002830_X51008114281_AUTH.png
P0002833_X51008114283_FORGED,X51008114283,group_0874,train,FORGED_REGION,1,EDITED,Other,222,1554,43,40,C:\Users\jay\New folder (2)\Trustrace\data\document_patches\P0002833_X51008114283_FORGED.png
P0002834_X51008114283_AUTH,X51008114283,group_0874,train,AUTHENTIC_REGION,0,EDITED,AuthenticText,760,975,95,32,C:\Users\jay\New folder (2)\Trustrace\data\document_patches\P0002834_X51008114283_AUTH.png
P0002835_X51008114284_AUTH,X51008114284,group_0875,train,AUTHENTIC_REGION,0,REAL,AuthenticText,697,1019,37,32,C:\Users\jay\New folder (2)\Trustrace\data\document_patches\P0002835_X51008114284_AUTH.png
P0002836_X51008114284_AUTH,X51008114284,group_0875,train,AUTHENTIC_REGION,0,REAL,AuthenticText,451,1311,77,32,C:\Users\jay\New folder (2)\Trustrace\data\document_patches\P0002836_X51008114284_AUTH.png
P0002841_X51008122920_AUTH,X51008122920,group_0877,train,AUTHENTIC_REGION,0,REAL,AuthenticText,454,292,75,21,C:\Users\jay\New folder (2)\Trustrace\data\document_patches\P0002841_X51008122920_AUTH.png
P0002842_X51008122920_AUTH,X51008122920,group_0877,train,AUTHENTIC_REGION,0,REAL,AuthenticText,486,1205,63,25,C:\Users\jay\New folder (2)\Trustrace\data\document_patches\P0002842_X51008122920_AUTH.png
P0002843_X51008123446_AUTH,X51008123446,group_0008,train,AUTHENTIC_REGION,0,REAL,AuthenticText,170,254,61,22,C:\Users\jay\New folder (2)\Trustrace\data\document_patches\P0002843_X51008123446_AUTH.png
P0002844_X51008123446_AUTH,X51008123446,group_0008,train,AUTHENTIC_REGION,0,REAL,AuthenticText,63,637,83,21,C:\Users\jay\New folder (2)\Trustrace\data\document_patches\P0002844_X51008123446_AUTH.png
P0002845_X51008123447_FORGED,X51008123447,group_0008,train,FORGED_REGION,1,EDITED,Metadata,280,526,28,28,C:\Users\jay\New folder (2)\Trustrace\data\document_patches\P0002845_X51008123447_FORGED.png
P0002846_X51008123447_FORGED,X51008123447,group_0008,train,FORGED_REGION,1,EDITED,Product,407,596,22,27,C:\Users\jay\New folder (2)\Trustrace\data\document_patches\P0002846_X51008123447_FORGED.png
P0002847_X51008123447_FORGED,X51008123447,group_0008,train,FORGED_REGION,1,EDITED,Total/payment,405,772,27,29,C:\Users\jay\New folder (2)\Trustrace\data\document_patches\P0002847_X51008123447_FORGED.png
P0002848_X51008123447_FORGED,X51008123447,group_0008,train,FORGED_REGION,1,EDITED,Total/payment,404,837,26,31,C:\Users\jay\New folder (2)\Trustrace\data\document_patches\P0002848_X51008123447_FORGED.png
P0002849_X51008123447_FORGED,X51008123447,group_0008,train,FORGED_REGION,1,EDITED,Total/payment,409,875,24,25,C:\Users\jay\New folder (2)\Trustrace\data\document_patches\P0002849_X51008123447_FORGED.png
P0002850_X51008123447_FORGED,X51008123447,group_0008,train,FORGED_REGION,1,EDITED,Total/payment,404,906,27,30,C:\Users\jay\New folder (2)\Trustrace\data\document_patches\P0002850_X51008123447_FORGED.png
P0002851_X51008123447_AUTH,X51008123447,group_0008,train,AUTHENTIC_REGION,0,EDITED,AuthenticText,228,250,68,24,C:\Users\jay\New folder (2)\Trustrace\data\document_patches\P0002851_X51008123447_AUTH.png
P0002852_X51008123447_AUTH,X51008123447,group_0008,train,AUTHENTIC_REGION,0,EDITED,AuthenticText,46,669,62,25,C:\Users\jay\New folder (2)\Trustrace\data\document_patches\P0002852_X51008123447_AUTH.png
P0002853_X51008123447_AUTH,X51008123447,group_0008,train,AUTHENTIC_REGION,0,EDITED,AuthenticText,120,216,41,22,C:\Users\jay\New folder (2)\Trustrace\data\document_patches\P0002853_X51008123447_AUTH.png
P0002854_X51008123447_AUTH,X51008123447,group_0008,train,AUTHENTIC_REGION,0,EDITED,AuthenticText,163,600,72,23,C:\Users\jay\New folder (2)\Trustrace\data\document_patches\P0002854_X51008123447_AUTH.png
P0002855_X51008123447_AUTH,X51008123447,group_0008,train,AUTHENTIC_REGION,0,EDITED,AuthenticText,120,913,30,19,C:\Users\jay\New folder (2)\Trustrace\data\document_patches\P0002855_X51008123447_AUTH.png
P0002856_X51008123447_AUTH,X51008123447,group_0008,train,AUTHENTIC_REGION,0,EDITED,AuthenticText,142,322,19,22,C:\Users\jay\New folder (2)\Trustrace\data\document_patches\P0002856_X51008123447_AUTH.png
P0002857_X51008123450_AUTH,X51008123450,group_0878,train,AUTHENTIC_REGION,0,REAL,AuthenticText,327,145,100,19,C:\Users\jay\New folder (2)\Trustrace\data\document_patches\P0002857_X51008123450_AUTH.png
P0002858_X51008123450_AUTH,X51008123450,group_0878,train,AUTHENTIC_REGION,0,REAL,AuthenticText,271,965,29,17,C:\Users\jay\New folder (2)\Trustrace\data\document_patches\P0002858_X51008123450_AUTH.png
P0002859_X51008123451_FORGED,X51008123451,group_0879,train,FORGED_REGION,1,EDITED,Product,57,641,606,30,C:\Users\jay\New folder (2)\Trustrace\data\document_patches\P0002859_X51008123451_FORGED.png
P0002860_X51008123451_AUTH,X51008123451,group_0879,train,AUTHENTIC_REGION,0,EDITED,AuthenticText,260,432,32,21,C:\Users\jay\New folder (2)\Trustrace\data\document_patches\P0002860_X51008123451_AUTH.png
P0002861_X51008123476_AUTH,X51008123476,group_0008,train,AUTHENTIC_REGION,0,REAL,AuthenticText,220,659,9,20,C:\Users\jay\New folder (2)\Trustrace\data\document_patches\P0002861_X51008123476_AUTH.png
P0002862_X51008123476_AUTH,X51008123476,group_0008,train,AUTHENTIC_REGION,0,REAL,AuthenticText,412,868,19,21,C:\Users\jay\New folder (2)\Trustrace\data\document_patches\P0002862_X51008123476_AUTH.png
P0002863_X51008123580_AUTH,X51008123580,group_0880,train,AUTHENTIC_REGION,0,REAL,AuthenticText,472,928,11,20,C:\Users\jay\New folder (2)\Trustrace\data\document_patches\P0002863_X51008123580_AUTH.png
P0002864_X51008123580_AUTH,X51008123580,group_0880,train,AUTHENTIC_REGION,0,REAL,AuthenticText,555,760,10,20,C:\Users\jay\New folder (2)\Trustrace\data\document_patches\P0002864_X51008123580_AUTH.png
P0002865_X51008123586_AUTH,X51008123586,group_0881,train,AUTHENTIC_REGION,0,REAL,AuthenticText,270,1052,116,16,C:\Users\jay\New folder (2)\Trustrace\data\document_patches\P0002865_X51008123586_AUTH.png
P0002866_X51008123586_AUTH,X51008123586,group_0881,train,AUTHENTIC_REGION,0,REAL,AuthenticText,281,487,34,16,C:\Users\jay\New folder (2)\Trustrace\data\document_patches\P0002866_X51008123586_AUTH.png
P0002867_X51008123599_AUTH,X51008123599,group_0882,train,AUTHENTIC_REGION,0,REAL,AuthenticText,187,618,168,18,C:\Users\jay\New folder (2)\Trustrace\data\document_patches\P0002867_X51008123599_AUTH.png
P0002868_X51008123599_AUTH,X51008123599,group_0882,train,AUTHENTIC_REGION,0,REAL,AuthenticText,196,480,36,24,C:\Users\jay\New folder (2)\Trustrace\data\document_patches\P0002868_X51008123599_AUTH.png
P0002869_X51008123604_AUTH,X51008123604,group_0883,train,AUTHENTIC_REGION,0,REAL,AuthenticText,291,378,15,19,C:\Users\jay\New folder (2)\Trustrace\data\document_patches\P0002869_X51008123604_AUTH.png
P0002870_X51008123604_AUTH,X51008123604,group_0883,train,AUTHENTIC_REGION,0,REAL,AuthenticText,185,1231,19,17,C:\Users\jay\New folder (2)\Trustrace\data\document_patches\P0002870_X51008123604_AUTH.png
P0002871_X51008128052_AUTH,X51008128052,group_0884,train,AUTHENTIC_REGION,0,REAL,AuthenticText,39,1137,9,31,C:\Users\jay\New folder (2)\Trustrace\data\document_patches\P0002871_X51008128052_AUTH.png
P0002872_X51008128052_AUTH,X51008128052,group_0884,train,AUTHENTIC_REGION,0,REAL,AuthenticText,393,754,97,33,C:\Users\jay\New folder (2)\Trustrace\data\document_patches\P0002872_X51008128052_AUTH.png
P0002873_X51008128062_AUTH,X51008128062,group_0885,train,AUTHENTIC_REGION,0,REAL,AuthenticText,118,1158,99,29,C:\Users\jay\New folder (2)\Trustrace\data\document_patches\P0002873_X51008128062_AUTH.png
P0002874_X51008128062_AUTH,X51008128062,group_0885,train,AUTHENTIC_REGION,0,REAL,AuthenticText,801,1396,70,52,C:\Users\jay\New folder (2)\Trustrace\data\document_patches\P0002874_X51008128062_AUTH.png
P0002875_X51008128065_AUTH,X51008128065,group_0886,train,AUTHENTIC_REGION,0,REAL,AuthenticText,447,620,211,33,C:\Users\jay\New folder (2)\Trustrace\data\document_patches\P0002875_X51008128065_AUTH.png
P0002876_X51008128065_AUTH,X51008128065,group_0886,train,AUTHENTIC_REGION,0,REAL,AuthenticText,588,1072,35,33,C:\Users\jay\New folder (2)\Trustrace\data\document_patches\P0002876_X51008128065_AUTH.png
P0002877_X51008142005_AUTH,X51008142005,group_0887,train,AUTHENTIC_REGION,0,REAL,AuthenticText,390,1549,87,27,C:\Users\jay\New folder (2)\Trustrace\data\document_patches\P0002877_X51008142005_AUTH.png
P0002878_X51008142005_AUTH,X51008142005,group_0887,train,AUTHENTIC_REGION,0,REAL,AuthenticText,148,347,43,27,C:\Users\jay\New folder (2)\Trustrace\data\document_patches\P0002878_X51008142005_AUTH.png
P0002879_X51008142030_AUTH,X51008142030,group_0888,train,AUTHENTIC_REGION,0,REAL,AuthenticText,568,1140,16,32,C:\Users\jay\New folder (2)\Trustrace\data\document_patches\P0002879_X51008142030_AUTH.png
P0002880_X51008142030_AUTH,X51008142030,group_0888,train,AUTHENTIC_REGION,0,REAL,AuthenticText,109,877,50,35,C:\Users\jay\New folder (2)\Trustrace\data\document_patches\P0002880_X51008142030_AUTH.png
P0002881_X51008142031_FORGED,X51008142031,group_0889,train,FORGED_REGION,1,EDITED,Metadata,284,737,24,42,C:\Users\jay\New folder (2)\Trustrace\data\document_patches\P0002881_X51008142031_FORGED.png
P0002882_X51008142031_FORGED,X51008142031,group_0889,train,FORGED_REGION,1,EDITED,Metadata,337,740,25,41,C:\Users\jay\New folder (2)\Trustrace\data\document_patches\P0002882_X51008142031_FORGED.png
P0002883_X51008142031_AUTH,X51008142031,group_0889,train,AUTHENTIC_REGION,0,EDITED,AuthenticText,304,568,64,35,C:\Users\jay\New folder (2)\Trustrace\data\document_patches\P0002883_X51008142031_AUTH.png
P0002884_X51008142031_AUTH,X51008142031,group_0889,train,AUTHENTIC_REGION,0,EDITED,AuthenticText,640,1621,57,34,C:\Users\jay\New folder (2)\Trustrace\data\document_patches\P0002884_X51008142031_AUTH.png
P0002885_X51008142032_FORGED,X51008142032,group_0890,train,FORGED_REGION,1,EDITED,Metadata,280,741,23,38,C:\Users\jay\New folder (2)\Trustrace\data\document_patches\P0002885_X51008142032_FORGED.png
P0002886_X51008142032_FORGED,X51008142032,group_0890,train,FORGED_REGION,1,EDITED,Metadata,337,741,18,39,C:\Users\jay\New folder (2)\Trustrace\data\document_patches\P0002886_X51008142032_FORGED.png
P0002887_X51008142032_AUTH,X51008142032,group_0890,train,AUTHENTIC_REGION,0,EDITED,AuthenticText,711,1535,101,32,C:\Users\jay\New folder (2)\Trustrace\data\document_patches\P0002887_X51008142032_AUTH.png
P0002888_X51008142032_AUTH,X51008142032,group_0890,train,AUTHENTIC_REGION,0,EDITED,AuthenticText,478,2058,51,32,C:\Users\jay\New folder (2)\Trustrace\data\document_patches\P0002888_X51008142032_AUTH.png
P0002889_X51008142033_AUTH,X51008142033,group_0891,train,AUTHENTIC_REGION,0,REAL,AuthenticText,108,1531,119,32,C:\Users\jay\New folder (2)\Trustrace\data\document_patches\P0002889_X51008142033_AUTH.png
P0002890_X51008142033_AUTH,X51008142033,group_0891,train,AUTHENTIC_REGION,0,REAL,AuthenticText,745,1709,69,32,C:\Users\jay\New folder (2)\Trustrace\data\document_patches\P0002890_X51008142033_AUTH.png
P0002891_X51008142034_AUTH,X51008142034,group_0892,train,AUTHENTIC_REGION,0,REAL,AuthenticText,667,1329,73,30,C:\Users\jay\New folder (2)\Trustrace\data\document_patches\P0002891_X51008142034_AUTH.png
P0002892_X51008142034_AUTH,X51008142034,group_0892,train,AUTHENTIC_REGION,0,REAL,AuthenticText,156,542,73,30,C:\Users\jay\New folder (2)\Trustrace\data\document_patches\P0002892_X51008142034_AUTH.png
P0002893_X51008142038_FORGED,X51008142038,group_0893,train,FORGED_REGION,1,EDITED,Company,554,445,21,35,C:\Users\jay\New folder (2)\Trustrace\data\document_patches\P0002893_X51008142038_FORGED.png
P0002894_X51008142038_FORGED,X51008142038,group_0893,train,FORGED_REGION,1,EDITED,Company,625,496,21,34,C:\Users\jay\New folder (2)\Trustrace\data\document_patches\P0002894_X51008142038_FORGED.png
P0002895_X51008142038_FORGED,X51008142038,group_0893,train,FORGED_REGION,1,EDITED,Company,643,390,18,36,C:\Users\jay\New folder (2)\Trustrace\data\document_patches\P0002895_X51008142038_FORGED.png
P0002896_X51008142038_AUTH,X51008142038,group_0893,train,AUTHENTIC_REGION,0,EDITED,AuthenticText,256,498,87,32,C:\Users\jay\New folder (2)\Trustrace\data\document_patches\P0002896_X51008142038_AUTH.png
P0002897_X51008142038_AUTH,X51008142038,group_0893,train,AUTHENTIC_REGION,0,EDITED,AuthenticText,400,797,103,32,C:\Users\jay\New folder (2)\Trustrace\data\document_patches\P0002897_X51008142038_AUTH.png
P0002898_X51008142038_AUTH,X51008142038,group_0893,train,AUTHENTIC_REGION,0,EDITED,AuthenticText,103,1541,69,40,C:\Users\jay\New folder (2)\Trustrace\data\document_patches\P0002898_X51008142038_AUTH.png
P0002899_X51008142058_AUTH,X51008142058,group_0894,train,AUTHENTIC_REGION,0,REAL,AuthenticText,459,1562,32,27,C:\Users\jay\New folder (2)\Trustrace\data\document_patches\P0002899_X51008142058_AUTH.png
P0002900_X51008142058_AUTH,X51008142058,group_0894,train,AUTHENTIC_REGION,0,REAL,AuthenticText,131,679,96,28,C:\Users\jay\New folder (2)\Trustrace\data\document_patches\P0002900_X51008142058_AUTH.png
P0002901_X51008142059_AUTH,X51008142059,group_0004,train,AUTHENTIC_REGION,0,REAL,AuthenticText,165,1424,72,27,C:\Users\jay\New folder (2)\Trustrace\data\document_patches\P0002901_X51008142059_AUTH.png
P0002902_X51008142059_AUTH,X51008142059,group_0004,train,AUTHENTIC_REGION,0,REAL,AuthenticText,232,397,93,27,C:\Users\jay\New folder (2)\Trustrace\data\document_patches\P0002902_X51008142059_AUTH.png
P0002903_X51008142060_AUTH,X51008142060,group_0004,train,AUTHENTIC_REGION,0,REAL,AuthenticText,520,1110,96,25,C:\Users\jay\New folder (2)\Trustrace\data\document_patches\P0002903_X51008142060_AUTH.png
P0002904_X51008142060_AUTH,X51008142060,group_0004,train,AUTHENTIC_REGION,0,REAL,AuthenticText,337,396,154,33,C:\Users\jay\New folder (2)\Trustrace\data\document_patches\P0002904_X51008142060_AUTH.png
P0002905_X51008142061_AUTH,X51008142061,group_0004,train,AUTHENTIC_REGION,0,REAL,AuthenticText,168,1349,56,34,C:\Users\jay\New folder (2)\Trustrace\data\document_patches\P0002905_X51008142061_AUTH.png
P0002906_X51008142061_AUTH,X51008142061,group_0004,train,AUTHENTIC_REGION,0,REAL,AuthenticText,335,303,247,34,C:\Users\jay\New folder (2)\Trustrace\data\document_patches\P0002906_X51008142061_AUTH.png
P0002907_X51008142062_AUTH,X51008142062,group_0004,train,AUTHENTIC_REGION,0,REAL,AuthenticText,585,1966,36,27,C:\Users\jay\New folder (2)\Trustrace\data\document_patches\P0002907_X51008142062_AUTH.png
P0002908_X51008142062_AUTH,X51008142062,group_0004,train,AUTHENTIC_REGION,0,REAL,AuthenticText,354,525,30,28,C:\Users\jay\New folder (2)\Trustrace\data\document_patches\P0002908_X51008142062_AUTH.png
P0002909_X51008142063_FORGED,X51008142063,group_0895,train,FORGED_REGION,1,EDITED,Metadata,698,938,25,36,C:\Users\jay\New folder (2)\Trustrace\data\document_patches\P0002909_X51008142063_FORGED.png
P0002910_X51008142063_FORGED,X51008142063,group_0895,train,FORGED_REGION,1,EDITED,Metadata,767,927,27,47,C:\Users\jay\New folder (2)\Trustrace\data\document_patches\P0002910_X51008142063_FORGED.png
P0002911_X51008142063_AUTH,X51008142063,group_0895,train,AUTHENTIC_REGION,0,EDITED,AuthenticText,43,1427,89,26,C:\Users\jay\New folder (2)\Trustrace\data\document_patches\P0002911_X51008142063_AUTH.png
P0002912_X51008142063_AUTH,X51008142063,group_0895,train,AUTHENTIC_REGION,0,EDITED,AuthenticText,673,1142,105,26,C:\Users\jay\New folder (2)\Trustrace\data\document_patches\P0002912_X51008142063_AUTH.png
P0002913_X51008142065_AUTH,X51008142065,group_0896,train,AUTHENTIC_REGION,0,REAL,AuthenticText,46,624,39,29,C:\Users\jay\New folder (2)\Trustrace\data\document_patches\P0002913_X51008142065_AUTH.png
P0002914_X51008142065_AUTH,X51008142065,group_0896,train,AUTHENTIC_REGION,0,REAL,AuthenticText,713,1155,30,25,C:\Users\jay\New folder (2)\Trustrace\data\document_patches\P0002914_X51008142065_AUTH.png
P0002915_X51008142068_AUTH,X51008142068,group_0004,train,AUTHENTIC_REGION,0,REAL,AuthenticText,45,624,38,28,C:\Users\jay\New folder (2)\Trustrace\data\document_patches\P0002915_X51008142068_AUTH.png
P0002916_X51008142068_AUTH,X51008142068,group_0004,train,AUTHENTIC_REGION,0,REAL,AuthenticText,44,1002,185,35,C:\Users\jay\New folder (2)\Trustrace\data\document_patches\P0002916_X51008142068_AUTH.png
P0002921_X51008145505_AUTH,X51008145505,group_0899,train,AUTHENTIC_REGION,0,REAL,AuthenticText,32,328,30,22,C:\Users\jay\New folder (2)\Trustrace\data\document_patches\P0002921_X51008145505_AUTH.png
P0002922_X51008145505_AUTH,X51008145505,group_0899,train,AUTHENTIC_REGION,0,REAL,AuthenticText,36,208,72,27,C:\Users\jay\New folder (2)\Trustrace\data\document_patches\P0002922_X51008145505_AUTH.png
P0002923_X51008164420_AUTH,X51008164420,group_0900,train,AUTHENTIC_REGION,0,REAL,AuthenticText,656,1826,117,32,C:\Users\jay\New folder (2)\Trustrace\data\document_patches\P0002923_X51008164420_AUTH.png
P0002924_X51008164420_AUTH,X51008164420,group_0900,train,AUTHENTIC_REGION,0,REAL,AuthenticText,786,1480,36,32,C:\Users\jay\New folder (2)\Trustrace\data\document_patches\P0002924_X51008164420_AUTH.png
P0002925_X51008164510_AUTH,X51008164510,group_0901,train,AUTHENTIC_REGION,0,REAL,AuthenticText,405,764,95,36,C:\Users\jay\New folder (2)\Trustrace\data\document_patches\P0002925_X51008164510_AUTH.png
P0002926_X51008164510_AUTH,X51008164510,group_0901,train,AUTHENTIC_REGION,0,REAL,AuthenticText,54,764,101,36,C:\Users\jay\New folder (2)\Trustrace\data\document_patches\P0002926_X51008164510_AUTH.png
P0002927_X51008164524_AUTH,X51008164524,group_0902,train,AUTHENTIC_REGION,0,REAL,AuthenticText,243,1576,16,32,C:\Users\jay\New folder (2)\Trustrace\data\document_patches\P0002927_X51008164524_AUTH.png
P0002928_X51008164524_AUTH,X51008164524,group_0902,train,AUTHENTIC_REGION,0,REAL,AuthenticText,41,1275,57,33,C:\Users\jay\New folder (2)\Trustrace\data\document_patches\P0002928_X51008164524_AUTH.png
P0002931_X51008164969_AUTH,X51008164969,group_0904,train,AUTHENTIC_REGION,0,REAL,AuthenticText,491,540,56,21,C:\Users\jay\New folder (2)\Trustrace\data\document_patches\P0002931_X51008164969_AUTH.png
P0002932_X51008164969_AUTH,X51008164969,group_0904,train,AUTHENTIC_REGION,0,REAL,AuthenticText,395,1552,87,26,C:\Users\jay\New folder (2)\Trustrace\data\document_patches\P0002932_X51008164969_AUTH.png
P0002933_X51008164991_AUTH,X51008164991,group_0905,train,AUTHENTIC_REGION,0,REAL,AuthenticText,630,1427,59,27,C:\Users\jay\New folder (2)\Trustrace\data\document_patches\P0002933_X51008164991_AUTH.png
P0002934_X51008164991_AUTH,X51008164991,group_0905,train,AUTHENTIC_REGION,0,REAL,AuthenticText,91,1278,100,28,C:\Users\jay\New folder (2)\Trustrace\data\document_patches\P0002934_X51008164991_AUTH.png
P0002935_X51008164992_AUTH,X51008164992,group_0906,train,AUTHENTIC_REGION,0,REAL,AuthenticText,93,1118,75,27,C:\Users\jay\New folder (2)\Trustrace\data\document_patches\P0002935_X51008164992_AUTH.png
P0002936_X51008164992_AUTH,X51008164992,group_0906,train,AUTHENTIC_REGION,0,REAL,AuthenticText,542,1083,58,27,C:\Users\jay\New folder (2)\Trustrace\data\document_patches\P0002936_X51008164992_AUTH.png
P0002937_X51008164996_AUTH,X51008164996,group_0907,train,AUTHENTIC_REGION,0,REAL,AuthenticText,455,606,99,29,C:\Users\jay\New folder (2)\Trustrace\data\document_patches\P0002937_X51008164996_AUTH.png
P0002938_X51008164996_AUTH,X51008164996,group_0907,train,AUTHENTIC_REGION,0,REAL,AuthenticText,276,1726,89,28,C:\Users\jay\New folder (2)\Trustrace\data\document_patches\P0002938_X51008164996_AUTH.png
P0002939_X51008164997_AUTH,X51008164997,group_0908,train,AUTHENTIC_REGION,0,REAL,AuthenticText,91,941,58,29,C:\Users\jay\New folder (2)\Trustrace\data\document_patches\P0002939_X51008164997_AUTH.png
P0002940_X51008164997_AUTH,X51008164997,group_0908,train,AUTHENTIC_REGION,0,REAL,AuthenticText,182,1202,146,30,C:\Users\jay\New folder (2)\Trustrace\data\document_patches\P0002940_X51008164997_AUTH.png
P0002941_X51008164998_FORGED,X51008164998,group_0909,train,FORGED_REGION,1,EDITED,Product,139,912,11,27,C:\Users\jay\New folder (2)\Trustrace\data\document_patches\P0002941_X51008164998_FORGED.png
P0002942_X51008164998_FORGED,X51008164998,group_0909,train,FORGED_REGION,1,EDITED,Product,154,910,10,28,C:\Users\jay\New folder (2)\Trustrace\data\document_patches\P0002942_X51008164998_FORGED.png
P0002943_X51008164998_FORGED,X51008164998,group_0909,train,FORGED_REGION,1,EDITED,Product,154,988,8,24,C:\Users\jay\New folder (2)\Trustrace\data\document_patches\P0002943_X51008164998_FORGED.png
P0002944_X51008164998_FORGED,X51008164998,group_0909,train,FORGED_REGION,1,EDITED,Total/payment,616,987,41,38,C:\Users\jay\New folder (2)\Trustrace\data\document_patches\P0002944_X51008164998_FORGED.png
P0002945_X51008164998_AUTH,X51008164998,group_0909,train,AUTHENTIC_REGION,0,EDITED,AuthenticText,648,347,44,28,C:\Users\jay\New folder (2)\Trustrace\data\document_patches\P0002945_X51008164998_AUTH.png
P0002946_X51008164998_AUTH,X51008164998,group_0909,train,AUTHENTIC_REGION,0,EDITED,AuthenticText,528,683,86,32,C:\Users\jay\New folder (2)\Trustrace\data\document_patches\P0002946_X51008164998_AUTH.png
P0002947_X51008164998_AUTH,X51008164998,group_0909,train,AUTHENTIC_REGION,0,EDITED,AuthenticText,618,1134,73,27,C:\Users\jay\New folder (2)\Trustrace\data\document_patches\P0002947_X51008164998_AUTH.png
P0002948_X51008164998_AUTH,X51008164998,group_0909,train,AUTHENTIC_REGION,0,EDITED,AuthenticText,182,758,165,31,C:\Users\jay\New folder (2)\Trustrace\data\document_patches\P0002948_X51008164998_AUTH.png
P0002949_X51008164999_AUTH,X51008164999,group_0910,train,AUTHENTIC_REGION,0,REAL,AuthenticText,420,336,149,27,C:\Users\jay\New folder (2)\Trustrace\data\document_patches\P0002949_X51008164999_AUTH.png
P0002950_X51008164999_AUTH,X51008164999,group_0910,train,AUTHENTIC_REGION,0,REAL,AuthenticText,90,1613,59,27,C:\Users\jay\New folder (2)\Trustrace\data\document_patches\P0002950_X51008164999_AUTH.png
P0002953_X51009008095_FORGED,X51009008095,group_0023,train,FORGED_REGION,1,EDITED,Metadata,208,1175,385,39,C:\Users\jay\New folder (2)\Trustrace\data\document_patches\P0002953_X51009008095_FORGED.png
P0002954_X51009008095_AUTH,X51009008095,group_0023,train,AUTHENTIC_REGION,0,EDITED,AuthenticText,188,151,77,23,C:\Users\jay\New folder (2)\Trustrace\data\document_patches\P0002954_X51009008095_AUTH.png
P0002955_X51009447842_FORGED,X51009447842,group_0013,train,FORGED_REGION,1,EDITED,Total/payment,725,1105,47,45,C:\Users\jay\New folder (2)\Trustrace\data\document_patches\P0002955_X51009447842_FORGED.png
P0002956_X51009447842_FORGED,X51009447842,group_0013,train,FORGED_REGION,1,EDITED,Total/payment,725,1298,47,40,C:\Users\jay\New folder (2)\Trustrace\data\document_patches\P0002956_X51009447842_FORGED.png
P0002957_X51009447842_FORGED,X51009447842,group_0013,train,FORGED_REGION,1,EDITED,Total/payment,816,1356,49,43,C:\Users\jay\New folder (2)\Trustrace\data\document_patches\P0002957_X51009447842_FORGED.png
P0002958_X51009447842_AUTH,X51009447842,group_0013,train,AUTHENTIC_REGION,0,EDITED,AuthenticText,324,1592,50,33,C:\Users\jay\New folder (2)\Trustrace\data\document_patches\P0002958_X51009447842_AUTH.png
P0002959_X51009447842_AUTH,X51009447842,group_0013,train,AUTHENTIC_REGION,0,EDITED,AuthenticText,307,782,21,32,C:\Users\jay\New folder (2)\Trustrace\data\document_patches\P0002959_X51009447842_AUTH.png
P0002960_X51009447842_AUTH,X51009447842,group_0013,train,AUTHENTIC_REGION,0,EDITED,AuthenticText,578,354,92,30,C:\Users\jay\New folder (2)\Trustrace\data\document_patches\P0002960_X51009447842_AUTH.png
P0002961_X51009453729_AUTH,X51009453729,group_0014,train,AUTHENTIC_REGION,0,REAL,AuthenticText,109,431,48,16,C:\Users\jay\New folder (2)\Trustrace\data\document_patches\P0002961_X51009453729_AUTH.png
P0002962_X51009453729_AUTH,X51009453729,group_0014,train,AUTHENTIC_REGION,0,REAL,AuthenticText,502,466,20,15,C:\Users\jay\New folder (2)\Trustrace\data\document_patches\P0002962_X51009453729_AUTH.png
P0002965_X51009453804_AUTH,X51009453804,group_0016,train,AUTHENTIC_REGION,0,REAL,AuthenticText,311,183,26,14,C:\Users\jay\New folder (2)\Trustrace\data\document_patches\P0002965_X51009453804_AUTH.png
P0002966_X51009453804_AUTH,X51009453804,group_0016,train,AUTHENTIC_REGION,0,REAL,AuthenticText,316,252,66,16,C:\Users\jay\New folder (2)\Trustrace\data\document_patches\P0002966_X51009453804_AUTH.png
P0002967_X51009568881_AUTH,X51009568881,group_0017,train,AUTHENTIC_REGION,0,REAL,AuthenticText,670,976,80,26,C:\Users\jay\New folder (2)\Trustrace\data\document_patches\P0002967_X51009568881_AUTH.png
P0002968_X51009568881_AUTH,X51009568881,group_0017,train,AUTHENTIC_REGION,0,REAL,AuthenticText,302,746,12,6,C:\Users\jay\New folder (2)\Trustrace\data\document_patches\P0002968_X51009568881_AUTH.png
