sample_id,image_path,label,source_dataset,split_original,group_id,width,height,sha256,md5,file_size,annotation_path,forgery_present,forgery_bbox_available
X00016469612,C:\Users\jay\Downloads\finditagain\findit2\val\X00016469612.png,EDITED,FindItAgain-SROIE,val,group_0033,463,1013,d9dd47945ea5710bb8751ff0c539c79a325c83bc7e39223fd2bd3e91bbc5b2e5,116cf932cead531c1d3dadfa193a496e,291659,C:\Users\jay\Downloads\finditagain\findit2\val\X00016469612.txt,True,True
X00016469619,C:\Users\jay\Downloads\finditagain\findit2\test\X00016469619.png,REAL,FindItAgain-SROIE,test,group_0034,439,1004,547dae9717873e599fe03994a1a4360c5703f4d67b198b77f65709e9276b7517,f3c4f783174c706715198ff87cc2644a,288065,C:\Users\jay\Downloads\finditagain\findit2\test\X00016469619.txt,False,False
X00016469620,C:\Users\jay\Downloads\finditagain\findit2\test\X00016469620.png,REAL,FindItAgain-SROIE,test,group_0035,459,949,263a1d6476c50364ce614a55733f5cd8424d0dc386545f84c09bbfbc5dfc953b,5583eea86bc8c7e3745ccdddd773141b,301022,C:\Users\jay\Downloads\finditagain\findit2\test\X00016469620.txt,False,False
X00016469622,C:\Users\jay\Downloads\finditagain\findit2\train\X00016469622.png,EDITED,FindItAgain-SROIE,train,group_0036,461,933,b88a857de8bf7669b61b87c1d598bcd09e55cac8cc9732bb69cfd564529da507,d7f06f73a795afb3b660001422df75c9,230726,C:\Users\jay\Downloads\finditagain\findit2\train\X00016469622.txt,True,True
X00016469623,C:\Users\jay\Downloads\finditagain\findit2\train\X00016469623.png,REAL,FindItAgain-SROIE,train,group_0037,463,1026,34c5363a86d3b93df1cb3826b5439f169f973613307e05229783542afded3cca,6c98737f1f1ea01f4ca9bd0e612700c3,402571,C:\Users\jay\Downloads\finditagain\findit2\train\X00016469623.txt,False,False
X00016469669,C:\Users\jay\Downloads\finditagain\findit2\test\X00016469669.png,REAL,FindItAgain-SROIE,test,group_0038,463,605,e7922674d7241ce7c020ceba2cd62e4931bb7bf13aa11eb68fb1ab5d736f5851,ff0cf8cb34d335fb6d18470f2e3abca6,229332,C:\Users\jay\Downloads\finditagain\findit2\test\X00016469669.txt,False,False
X00016469670,C:\Users\jay\Downloads\finditagain\findit2\train\X00016469670.png,REAL,FindItAgain-SROIE,train,group_0039,463,894,da1c60aef02c1dbfffc9cb4f4b588b53b411b253e049620c50f9c4099f29392a,839913f189e9f0ac1df52232c6440167,293119,C:\Users\jay\Downloads\finditagain\findit2\train\X00016469670.txt,False,False
X00016469671,C:\Users\jay\Downloads\finditagain\findit2\train\X00016469671.png,REAL,FindItAgain-SROIE,train,group_0040,463,776,5369e91b37092ae2dd5c9abeeef2095ae866e452ae7fc148a51eb37fe6a9de2f,d8daaf5247ab98b5658e2c9b514eccf9,239186,C:\Users\jay\Downloads\finditagain\findit2\train\X00016469671.txt,False,False
X00016469672,C:\Users\jay\Downloads\finditagain\findit2\train\X00016469672.png,REAL,FindItAgain-SROIE,train,group_0041,457,1170,4981e6b35ba0921f2dd49599b931bf36404bced36dbb3c66588e039201d442cd,85a17cc1c092013bc3bd55cf3119ba67,394694,C:\Users\jay\Downloads\finditagain\findit2\train\X00016469672.txt,False,False
X00016469676,C:\Users\jay\Downloads\finditagain\findit2\test\X00016469676.png,REAL,FindItAgain-SROIE,test,group_0042,463,797,ebf4a481c57b461ed66aea4f77fcdf0551e2b3cda6ebb36532dc1bf81947c912,8cd579c4c81c70ea33b636bef085eaa6,212145,C:\Users\jay\Downloads\finditagain\findit2\test\X00016469676.txt,False,False
X51005200931,C:\Users\jay\Downloads\finditagain\findit2\val\X51005200931.png,REAL,FindItAgain-SROIE,val,group_0043,992,1403,9482281849cdc1ce1156625cf01e5c7700f64e57827599b35042e8df0ef09b91,4b7fe72864e20886346e2b0f10e3b8cc,33453,C:\Users\jay\Downloads\finditagain\findit2\val\X51005200931.txt,False,False
X51005200938,C:\Users\jay\Downloads\finditagain\findit2\train\X51005200938.png,REAL,FindItAgain-SROIE,train,group_0044,992,1403,d13bf4582d0e5280c7e580499cb2dbdbc8cd4f2ba68b551742fb69ed8a44bf5a,2a1d86735e54467712e83d3c3e394ae9,32913,C:\Users\jay\Downloads\finditagain\findit2\train\X51005200938.txt,False,False
X51005230605,C:\Users\jay\Downloads\finditagain\findit2\val\X51005230605.png,REAL,FindItAgain-SROIE,val,group_0045,616,1336,d2dec4e1d9475bc9ee2fe05b24163dfdc0c4243b0b20f8afe60e51be7535fea4,5744a2942e4da8d8bf7a6fc4c630c973,1048641,C:\Users\jay\Downloads\finditagain\findit2\val\X51005230605.txt,False,False
X51005230616,C:\Users\jay\Downloads\finditagain\findit2\test\X51005230616.png,EDITED,FindItAgain-SROIE,test,group_0046,524,1830,a046b0fc756d35aa9497effb95219ff9c8f8794e27e0d5538337233811958d2b,e9d43c1ea3ca6461074996d1654a28c9,835401,C:\Users\jay\Downloads\finditagain\findit2\test\X51005230616.txt,True,True
X51005230617,C:\Users\jay\Downloads\finditagain\findit2\train\X51005230617.png,EDITED,FindItAgain-SROIE,train,group_0047,604,1716,40b95cdf3efbabb7c7716efc0eb264eec36bb1b104af9177ec04bbbc585de71d,9b65eb71a2df767c773d2caf7462895a,796726,C:\Users\jay\Downloads\finditagain\findit2\train\X51005230617.txt,True,True
X51005230621,C:\Users\jay\Downloads\finditagain\findit2\train\X51005230621.png,REAL,FindItAgain-SROIE,train,group_0048,593,1769,029d825ed751f92a010256d23decb195247a27f80557af7e006ca441a494db50,6705ef86d4ae2bbf377f40073bb3aabd,1220099,C:\Users\jay\Downloads\finditagain\findit2\train\X51005230621.txt,False,False
X51005230648,C:\Users\jay\Downloads\finditagain\findit2\train\X51005230648.png,REAL,FindItAgain-SROIE,train,group_0049,620,880,089d16ee72d02cbcb8fe0a862a1f619abbc2905f5f5b96339c3246ff8c0d0ff6,504dc1ac0114d73e2fa916b2cce88fe5,677579,C:\Users\jay\Downloads\finditagain\findit2\train\X51005230648.txt,False,False
X51005230657,C:\Users\jay\Downloads\finditagain\findit2\test\X51005230657.png,REAL,FindItAgain-SROIE,test,group_0050,616,992,02d3e21898b77104dd0d230909d5038421036709eb9ed23f30d153ab690a347c,bccd2fb4ee5fe3f6babdf1ea06407c18,790010,C:\Users\jay\Downloads\finditagain\findit2\test\X51005230657.txt,False,False
X51005230659,C:\Users\jay\Downloads\finditagain\findit2\train\X51005230659.png,REAL,FindItAgain-SROIE,train,group_0051,584,1024,ff99249161708a8738c281fec378c7a0ca1ed23f56514c693c48d065b0e7ec37,ae2eb0b308a38587042818f2047b4f00,781241,C:\Users\jay\Downloads\finditagain\findit2\train\X51005230659.txt,False,False
X51005255805,C:\Users\jay\Downloads\finditagain\findit2\train\X51005255805.png,REAL,FindItAgain-SROIE,train,group_0052,873,1656,f00c7390bbf402c5022b6f906f0b5dc6e8192b4cc2b615f92d500c51a2305cba,8607e4c7dfd753d4627a0f7505b43ec3,1878080,C:\Users\jay\Downloads\finditagain\findit2\train\X51005255805.txt,False,False
X51005268200,C:\Users\jay\Downloads\finditagain\findit2\train\X51005268200.png,REAL,FindItAgain-SROIE,train,group_0053,752,2214,248aa40ccbe5510210cfda9844f58395eba64416c93058d19b1ecce68cf055d2,d14ac2ad7ad2576b968abc7a6a60b81b,2126811,C:\Users\jay\Downloads\finditagain\findit2\train\X51005268200.txt,False,False
X51005268262,C:\Users\jay\Downloads\finditagain\findit2\train\X51005268262.png,REAL,FindItAgain-SROIE,train,group_0009,747,1412,4f4c05fbfbdfe8868a5a8bb13e89e540e8582029ad49207e274120177ac9137d,e8bdfa43e44e2a89d58374326f3c5179,1291534,C:\Users\jay\Downloads\finditagain\findit2\train\X51005268262.txt,False,False
X51005268275,C:\Users\jay\Downloads\finditagain\findit2\test\X51005268275.png,REAL,FindItAgain-SROIE,test,group_0010,835,2333,71479d5478c501c951c280fa83e162777708d59646821762fdf25bafadb5b711,b231b54f6217d918d2b3ba2ecb8b06c9,2248975,C:\Users\jay\Downloads\finditagain\findit2\test\X51005268275.txt,False,False
X51005268400,C:\Users\jay\Downloads\finditagain\findit2\train\X51005268400.png,REAL,FindItAgain-SROIE,train,group_0054,807,1390,1f7d7ddfb5f654ca4cd37aa6f2759316df46a7f58e6b963bd1c71d10d021a0e0,fda6c58cfe7e8542982b6fbd50548019,1469885,C:\Users\jay\Downloads\finditagain\findit2\train\X51005268400.txt,False,False
X51005268408,C:\Users\jay\Downloads\finditagain\findit2\test\X51005268408.png,REAL,FindItAgain-SROIE,test,group_0055,758,1559,bca34602558eb14d979949b90a31f7a8eafb326bfb9ef52d7dee20f2292ba8eb,b27d8711baf06e6eeb438d8d838ea481,1577216,C:\Users\jay\Downloads\finditagain\findit2\test\X51005268408.txt,False,False
X51005268472,C:\Users\jay\Downloads\finditagain\findit2\train\X51005268472.png,REAL,FindItAgain-SROIE,train,group_0056,780,2044,189900882ef4cf8c7ba1baf3ce4593d545ca5c1c3181a362c80d01f5ed17fca7,062a3e40fe844456f1f6ed74b788e1e0,1974601,C:\Users\jay\Downloads\finditagain\findit2\train\X51005268472.txt,False,False
X51005288570,C:\Users\jay\Downloads\finditagain\findit2\test\X51005288570.png,REAL,FindItAgain-SROIE,test,group_0057,447,1127,1a92283f588c98df4a6a22498608afc55ecb02b0a55b559e6f581313b1ab4452,ab1ab3a42eb139edb367dfa21cfa15f4,266199,C:\Users\jay\Downloads\finditagain\findit2\test\X51005288570.txt,False,False
X51005301659,C:\Users\jay\Downloads\finditagain\findit2\train\X51005301659.png,REAL,FindItAgain-SROIE,train,group_0009,747,1412,ea94b2fc37fb1ba1828ea55ba23324940570680a4ac554c3eac6730466ed5e15,72cd161b510d0eb14172323c23fdabc1,1291534,C:\Users\jay\Downloads\finditagain\findit2\train\X51005301659.txt,False,False
X51005301661,C:\Users\jay\Downloads\finditagain\findit2\train\X51005301661.png,REAL,FindItAgain-SROIE,train,group_0011,818,1924,66d68b7d45fa53cd82e3548d3911d8922e8c06e9af54e7742890a4a7047855f7,6aa1053fb879206647b2bfed8a7278c6,1808697,C:\Users\jay\Downloads\finditagain\findit2\train\X51005301661.txt,False,False
X51005301666,C:\Users\jay\Downloads\finditagain\findit2\train\X51005301666.png,REAL,FindItAgain-SROIE,train,group_0010,835,2333,00f7a934bf734e4c6a95f0d4d9e898f65496eb9ede13a34ad689472657f0cd92,9a2b9ed1c8e9f49756e16fc82b528dcb,2248975,C:\Users\jay\Downloads\finditagain\findit2\train\X51005301666.txt,False,False
X51005301667,C:\Users\jay\Downloads\finditagain\findit2\train\X51005301667.png,REAL,FindItAgain-SROIE,train,group_0058,835,2333,3d3ed3e5ffc830a1318ad50b06dfd93e244042abf0cce31aede7db4a288791b4,2a30fca9e682f0a2a71d25337fbe80ea,2376672,C:\Users\jay\Downloads\finditagain\findit2\train\X51005301667.txt,False,False
X51005303661,C:\Users\jay\Downloads\finditagain\findit2\train\X51005303661.png,REAL,FindItAgain-SROIE,train,group_0011,818,1924,66d68b7d45fa53cd82e3548d3911d8922e8c06e9af54e7742890a4a7047855f7,6aa1053fb879206647b2bfed8a7278c6,1808697,C:\Users\jay\Downloads\finditagain\findit2\train\X51005303661.txt,False,False
X51005306399,C:\Users\jay\Downloads\finditagain\findit2\train\X51005306399.png,REAL,FindItAgain-SROIE,train,group_0059,447,915,1961f15fd904e249d5dcae82c6be5e95aca68728658b0985672ccc5742b72c77,309920394112279aa2dd06b53afe3190,284251,C:\Users\jay\Downloads\finditagain\findit2\train\X51005306399.txt,False,False
X51005337867,C:\Users\jay\Downloads\finditagain\findit2\train\X51005337867.png,REAL,FindItAgain-SROIE,train,group_0060,619,2175,0388ad461d74151b9d0edbb53645c3efc25ea5a0efc683cf6474b4a43d93ffcb,4662d3244ff6b9a7df52c98695ef62c7,610957,C:\Users\jay\Downloads\finditagain\findit2\train\X51005337867.txt,False,False
X51005337872,C:\Users\jay\Downloads\finditagain\findit2\test\X51005337872.png,REAL,FindItAgain-SROIE,test,group_0061,623,1255,1e96e91245d51af19e3debf0681efb56ba5e29f74cef4e94fa1e2dd6b9c29d55,154de24432b28596f443c8417522c4fd,398011,C:\Users\jay\Downloads\finditagain\findit2\test\X51005337872.txt,False,False
X51005337877,C:\Users\jay\Downloads\finditagain\findit2\test\X51005337877.png,REAL,FindItAgain-SROIE,test,group_0062,627,1071,d284cddad38b6dece2e5e61d98e787b3d7d691569372a38e215d4b34494fe1ea,75e3f0c34b1d48df8b32da5632190499,394468,C:\Users\jay\Downloads\finditagain\findit2\test\X51005337877.txt,False,False
X51005361883,C:\Users\jay\Downloads\finditagain\findit2\test\X51005361883.png,REAL,FindItAgain-SROIE,test,group_0063,993,2481,4100f94ce9aa545d5adcc107dd10081d6c2adf09d6dd69942a436f15b9ee09b2,be0c992c9453304a77b845cde4bba0ce,1479336,C:\Users\jay\Downloads\finditagain\findit2\test\X51005361883.txt,False,False
X51005361895,C:\Users\jay\Downloads\finditagain\findit2\train\X51005361895.png,REAL,FindItAgain-SROIE,train,group_0064,953,1629,97661eac6dfee392c6eff2a44f42be0b5ec24efc4667dd92cadf4c0520447cb9,331d595272c72cff84f708f3b0a8a805,897547,C:\Users\jay\Downloads\finditagain\findit2\train\X51005361895.txt,False,False
X51005361897,C:\Users\jay\Downloads\finditagain\findit2\train\X51005361897.png,REAL,FindItAgain-SROIE,train,group_0065,2481,3508,a2c404c1dcd38ad0ec2b5f56baee3af8fdbd808c7bdd576de38020cb54589034,994af747f46774fc19559dfecf9ae880,1524270,C:\Users\jay\Downloads\finditagain\findit2\train\X51005361897.txt,False,False
X51005361898,C:\Users\jay\Downloads\finditagain\findit2\test\X51005361898.png,REAL,FindItAgain-SROIE,test,group_0066,2481,3508,1339f866cec8a2651c884754f4b3d3e32d2d80b77670105a10858b856d95de2c,e28e8a86595cbf857a46c7400ad25a5b,1681056,C:\Users\jay\Downloads\finditagain\findit2\test\X51005361898.txt,False,False
X51005361900,C:\Users\jay\Downloads\finditagain\findit2\train\X51005361900.png,REAL,FindItAgain-SROIE,train,group_0067,2481,3508,fb8176b0a9e971897c57214122611683ffb84a17ba3db902ec237114550d4a1a,40e49fb89e437bda87a9ca62c41169e6,1590817,C:\Users\jay\Downloads\finditagain\findit2\train\X51005361900.txt,False,False
X51005361906,C:\Users\jay\Downloads\finditagain\findit2\train\X51005361906.png,EDITED,FindItAgain-SROIE,train,group_0068,1654,2339,246a9e9d75cb184da78373aafcd8300b1192e25a619cf58827c016e0ef510f07,734881ecfaaac0077e2fdeed8577541b,3881311,C:\Users\jay\Downloads\finditagain\findit2\train\X51005361906.txt,True,True
X51005361907,C:\Users\jay\Downloads\finditagain\findit2\train\X51005361907.png,REAL,FindItAgain-SROIE,train,group_0069,1654,2339,4231dc235e61765a0e13ec24c5c18cb3d9e42bf4afc874768158412d82034472,735605aa128adb88791e82bceb4ca113,380608,C:\Users\jay\Downloads\finditagain\findit2\train\X51005361907.txt,False,False
X51005361908,C:\Users\jay\Downloads\finditagain\findit2\train\X51005361908.png,REAL,FindItAgain-SROIE,train,group_0070,1654,2339,4cdb3ac8da04d4973516f0f771b339c3406537d192f5031b7d28b07d51fae4ee,1f5490b1247b10d76095ddca0472fc4b,1304485,C:\Users\jay\Downloads\finditagain\findit2\train\X51005361908.txt,False,False
X51005361912,C:\Users\jay\Downloads\finditagain\findit2\train\X51005361912.png,REAL,FindItAgain-SROIE,train,group_0071,933,2445,2a0431340e1248080a5ffeb9581952a22a84f5008578db2963ae72db7c531256,269ccd78e26bf8abcce20c7777e35269,1242667,C:\Users\jay\Downloads\finditagain\findit2\train\X51005361912.txt,False,False
X51005361923,C:\Users\jay\Downloads\finditagain\findit2\train\X51005361923.png,REAL,FindItAgain-SROIE,train,group_0072,2481,3508,f0f9a6db7b095bf7b2581bec2cfb192e344cf7e19a6f986cc7665db5d1daeaaf,a4094bae55cfe9f5c2512fe750e6ddc4,1276253,C:\Users\jay\Downloads\finditagain\findit2\train\X51005361923.txt,False,False
X51005361946,C:\Users\jay\Downloads\finditagain\findit2\train\X51005361946.png,EDITED,FindItAgain-SROIE,train,group_0073,1654,2339,a35cb03419fc2960ce2307fe0dbfd67d9c27b1d74d97ba73e5fee9ef33d20c76,0cbd7a085e7b508cc03ecf63a33f5606,7760267,C:\Users\jay\Downloads\finditagain\findit2\train\X51005361946.txt,True,True
X51005361950,C:\Users\jay\Downloads\finditagain\findit2\train\X51005361950.png,REAL,FindItAgain-SROIE,train,group_0074,949,1349,b7a2283bc1f6fe472c68b02c8ceda775985b835e06d8a4f9808463e2190c0f12,f3eae510e4420e11acd2fcb947326a16,1147462,C:\Users\jay\Downloads\finditagain\findit2\train\X51005361950.txt,False,False
X51005365179,C:\Users\jay\Downloads\finditagain\findit2\train\X51005365179.png,EDITED,FindItAgain-SROIE,train,group_0075,748,1338,13083d97bdf2bb83cb6b22b668030f83e67122d1f8c3312f1e5f7368f887acf6,7f4990e2ca6f6ed809113733c02066e2,4018435,C:\Users\jay\Downloads\finditagain\findit2\train\X51005365179.txt,True,True
X51005365187,C:\Users\jay\Downloads\finditagain\findit2\train\X51005365187.png,REAL,FindItAgain-SROIE,train,group_0076,743,1727,c013410a0bfd0235d0bd5ee7c88b71b7131badb9853bd3b1678d6143fc119df5,dd67a9e549103b747e5c10c26da41581,960196,C:\Users\jay\Downloads\finditagain\findit2\train\X51005365187.txt,False,False
X51005433492,C:\Users\jay\Downloads\finditagain\findit2\train\X51005433492.png,REAL,FindItAgain-SROIE,train,group_0002,1080,1527,7aefe121751533b1da1206c312418018a0377a2648916a617d66d88d1e39345a,e8a8642124f1ee7924b9831c7e54b7cc,73369,C:\Users\jay\Downloads\finditagain\findit2\train\X51005433492.txt,False,False
X51005433494,C:\Users\jay\Downloads\finditagain\findit2\train\X51005433494.png,REAL,FindItAgain-SROIE,train,group_0077,1080,1527,82f169302a57f9c12af028a5f5588f3c8c896666fce55ebfd8ffae3195617db3,8afbdcfd95b4aeb89a34324315d01294,106681,C:\Users\jay\Downloads\finditagain\findit2\train\X51005433494.txt,False,False
X51005433514,C:\Users\jay\Downloads\finditagain\findit2\test\X51005433514.png,REAL,FindItAgain-SROIE,test,group_0003,1080,1527,dfff81f08e1e2d56fb85aad48fdeba536b7c378ba4d36edc57628c7691f20447,93f365537bf7249c31fbe917d4a5f840,71286,C:\Users\jay\Downloads\finditagain\findit2\test\X51005433514.txt,False,False
X51005433518,C:\Users\jay\Downloads\finditagain\findit2\train\X51005433518.png,REAL,FindItAgain-SROIE,train,group_0078,1080,1527,a2f77136c9f91ba8d8300f4bde67399b039019c9964178e20391f01d58762bb4,5950a593892812dd988a24d4ffa27887,69241,C:\Users\jay\Downloads\finditagain\findit2\train\X51005433518.txt,False,False
X51005433522,C:\Users\jay\Downloads\finditagain\findit2\train\X51005433522.png,EDITED,FindItAgain-SROIE,train,group_0079,1080,1527,7d79e0d5b2b7f2516b19216b5ed323c58d9651ad84e5197da0c55bf988ee628b,219a19d1bb6824aaae5de8531a13b948,1655625,C:\Users\jay\Downloads\finditagain\findit2\train\X51005433522.txt,True,True
X51005433533,C:\Users\jay\Downloads\finditagain\findit2\test\X51005433533.png,REAL,FindItAgain-SROIE,test,group_0080,1080,1527,b31566130b5c9938d071a768c241eda3267c39812d521575d44b7a6f7967685d,0e57399ca91016ca95e261cb6d08939f,178988,C:\Users\jay\Downloads\finditagain\findit2\test\X51005433533.txt,False,False
X51005433538,C:\Users\jay\Downloads\finditagain\findit2\val\X51005433538.png,REAL,FindItAgain-SROIE,val,group_0002,1080,1519,bc28b811164e3b3f69f26562dfd78272231a26c9802f6788c9a053ef614c48c2,a21ee0fb7d6f70f595a80087c1cb5c71,74303,C:\Users\jay\Downloads\finditagain\findit2\val\X51005433538.txt,False,False
X51005433541,C:\Users\jay\Downloads\finditagain\findit2\train\X51005433541.png,REAL,FindItAgain-SROIE,train,group_0002,1080,1527,f9350b70f21249f3011935af1b2c9ee1767c820bd73229b142b61ea4181c1035,02ea48802d7e52010671da605fa8c1f2,70536,C:\Users\jay\Downloads\finditagain\findit2\train\X51005433541.txt,False,False
X51005433543,C:\Users\jay\Downloads\finditagain\findit2\test\X51005433543.png,REAL,FindItAgain-SROIE,test,group_0081,1080,1527,5f9690a7975ef233e963abf551fbbab4a4ab11e50d4f99a563779d1940afd2c3,a21321055217df28a73191cff49d37c2,70636,C:\Users\jay\Downloads\finditagain\findit2\test\X51005433543.txt,False,False
X51005433548,C:\Users\jay\Downloads\finditagain\findit2\train\X51005433548.png,REAL,FindItAgain-SROIE,train,group_0082,1080,1527,76caa62719e0ea2701abfe7c0daac9944a6cd110a7ea387f8d1a879038dbd90c,1f97195e4ae1ff215b90b18d5063696d,103461,C:\Users\jay\Downloads\finditagain\findit2\train\X51005433548.txt,False,False
X51005433552,C:\Users\jay\Downloads\finditagain\findit2\test\X51005433552.png,REAL,FindItAgain-SROIE,test,group_0083,1080,1527,84a97bc9cd9dff98fe1353d1a5d6f8c9e08052ecf4537e4c366c85101479d265,128189c24c8d455516363c4018b7814a,96944,C:\Users\jay\Downloads\finditagain\findit2\test\X51005433552.txt,False,False
X51005433553,C:\Users\jay\Downloads\finditagain\findit2\train\X51005433553.png,EDITED,FindItAgain-SROIE,train,group_0084,1080,1527,2c1fdb9f464e20d16529e171292307c880924a3a24c23126920b203f70fbcd09,5a7adaa936fd2f334aa70d623a325c04,207529,C:\Users\jay\Downloads\finditagain\findit2\train\X51005433553.txt,True,True
X51005433556,C:\Users\jay\Downloads\finditagain\findit2\test\X51005433556.png,EDITED,FindItAgain-SROIE,test,group_0085,1080,1527,c1ed7c6e5aaba6b9d2f388b9e407107d75105e1ac83879770493273b534d55d9,f417d79675962618f5ee403656e59a73,222372,C:\Users\jay\Downloads\finditagain\findit2\test\X51005433556.txt,True,True
X51005441398,C:\Users\jay\Downloads\finditagain\findit2\train\X51005441398.png,REAL,FindItAgain-SROIE,train,group_0086,591,1711,aa03b03cb4856d738fc5f2f67a14517377b6cc32728f4b40a617f3f50b1473b1,2c2ee93cdce7b3600421f2d9635969ab,475212,C:\Users\jay\Downloads\finditagain\findit2\train\X51005441398.txt,False,False
X51005441401,C:\Users\jay\Downloads\finditagain\findit2\val\X51005441401.png,EDITED,FindItAgain-SROIE,val,group_0087,619,1131,8509339b06cb1774a3fa3d6ff2b51ef0d7080e2cffc341b3e4e24af33527e8dd,3d3ee616d4530f44b6511a25a939680b,358358,C:\Users\jay\Downloads\finditagain\findit2\val\X51005441401.txt,True,True
X51005441402,C:\Users\jay\Downloads\finditagain\findit2\train\X51005441402.png,REAL,FindItAgain-SROIE,train,group_0088,619,1203,4036b2e39af4a6211f148bf1409122b6d0024918d198a91b341f14cb4fba9e45,adc3b8237d72477486a7f8627334d52e,348152,C:\Users\jay\Downloads\finditagain\findit2\train\X51005441402.txt,False,False
X51005441407,C:\Users\jay\Downloads\finditagain\findit2\val\X51005441407.png,REAL,FindItAgain-SROIE,val,group_0089,627,1235,ca8841acaff511485c44b9912d059e5abe433174292c518f33a2c47880b4ac29,2d1ebc939d71d6f862bced9794f1b738,428455,C:\Users\jay\Downloads\finditagain\findit2\val\X51005441407.txt,False,False
X51005441408,C:\Users\jay\Downloads\finditagain\findit2\train\X51005441408.png,REAL,FindItAgain-SROIE,train,group_0090,627,1535,a968dbb016e95ce59bf8b7f1bbd46206dde243927ba01f7b2fa3f192c3014a5a,6683c2a11a6b2e639b64b1b8edf6bf9a,413371,C:\Users\jay\Downloads\finditagain\findit2\train\X51005441408.txt,False,False
X51005442322,C:\Users\jay\Downloads\finditagain\findit2\train\X51005442322.png,REAL,FindItAgain-SROIE,train,group_0091,1080,1527,5eabab28c6252fee75645744d5f9b6dbd5f349385ea86aef2213607815f2a962,c08ea2b5f1013544100fad372177ff70,174671,C:\Users\jay\Downloads\finditagain\findit2\train\X51005442322.txt,False,False
X51005442327,C:\Users\jay\Downloads\finditagain\findit2\train\X51005442327.png,EDITED,FindItAgain-SROIE,train,group_0092,1080,1527,809a226681dd22194c0fea12b077fe38ac78a9530708a742c20a1e57dcd4d377,335221684197120b7be4453360f70782,154340,C:\Users\jay\Downloads\finditagain\findit2\train\X51005442327.txt,True,True
X51005442333,C:\Users\jay\Downloads\finditagain\findit2\train\X51005442333.png,REAL,FindItAgain-SROIE,train,group_0093,1080,1528,842f2fd949e16380f7867385ec8b7532f751d0243a138e0e0cae275264e6a46f,f56200f9fa7045260354e955dfe69c1a,82163,C:\Users\jay\Downloads\finditagain\findit2\train\X51005442333.txt,False,False
X51005442334,C:\Users\jay\Downloads\finditagain\findit2\train\X51005442334.png,REAL,FindItAgain-SROIE,train,group_0002,1080,1512,3a8159f0ca8f0109fd478fbcdc3070cbe197c73b853a4699920403a02febbdca,5bf2d8a606b50d15cdf311a32eeb2303,79511,C:\Users\jay\Downloads\finditagain\findit2\train\X51005442334.txt,False,False
X51005442338,C:\Users\jay\Downloads\finditagain\findit2\train\X51005442338.png,REAL,FindItAgain-SROIE,train,group_0012,1080,1527,ad4671e6c66b1d86b4c19f487def2e7085affc76d2b9fc76e616e21d7fbb90cd,e2856443817ba0c0d39df271246f8ee4,107032,C:\Users\jay\Downloads\finditagain\findit2\train\X51005442338.txt,False,False
X51005442341,C:\Users\jay\Downloads\finditagain\findit2\train\X51005442341.png,REAL,FindItAgain-SROIE,train,group_0094,1080,1527,b91a664957519365078a72b8a62225693cd7a42849e543644d37a9c554d6a71a,57745d027f7e7b04d0b93398409db59f,42074,C:\Users\jay\Downloads\finditagain\findit2\train\X51005442341.txt,False,False
X51005442343,C:\Users\jay\Downloads\finditagain\findit2\train\X51005442343.png,REAL,FindItAgain-SROIE,train,group_0095,1080,1527,09f2f11f97ac1776304bde96d9e4002c4a623ab01b500718b39f94654f5e7ca6,f5b459e960bc6f80a38fd8037a4ac502,103240,C:\Users\jay\Downloads\finditagain\findit2\train\X51005442343.txt,False,False
X51005442344,C:\Users\jay\Downloads\finditagain\findit2\val\X51005442344.png,REAL,FindItAgain-SROIE,val,group_0096,1080,1527,87a51e7e90ffac4ebf5524a5c844eb977fb884e6870c411d400160b80ab0e887,b7c7a6ee6b07a7d80f56bec3a4b69472,111471,C:\Users\jay\Downloads\finditagain\findit2\val\X51005442344.txt,False,False
X51005442346,C:\Users\jay\Downloads\finditagain\findit2\train\X51005442346.png,REAL,FindItAgain-SROIE,train,group_0097,1080,1527,f381ce12e70a78d72f543329e06836637b6217edde619653aa3c922a5f6a1915,ffd889160255bc8847db3154d0997f8b,111203,C:\Users\jay\Downloads\finditagain\findit2\train\X51005442346.txt,False,False
X51005442361,C:\Users\jay\Downloads\finditagain\findit2\test\X51005442361.png,EDITED,FindItAgain-SROIE,test,group_0098,1080,1528,39c396a62420fafbcde785ef7a54ddcabb019122ef087030d7ecede568b9ec5c,4af19effe258ec944d624e8b203a733e,3310984,C:\Users\jay\Downloads\finditagain\findit2\test\X51005442361.txt,True,True
X51005442366,C:\Users\jay\Downloads\finditagain\findit2\test\X51005442366.png,REAL,FindItAgain-SROIE,test,group_0099,1080,1528,95c5c08c1a68049c1c8e2acea9da5da5898df69d60ea0fc1b1dc2e91cb1111e2,4a3359692b74753389ef2371bad05a32,84384,C:\Users\jay\Downloads\finditagain\findit2\test\X51005442366.txt,False,False
X51005442375,C:\Users\jay\Downloads\finditagain\findit2\train\X51005442375.png,REAL,FindItAgain-SROIE,train,group_0003,1080,1528,5520cb81db2205f96bdc593792f220c7d67d8c425f1c624ad3dc7d292afa6d9a,3e880bd86afad19687c037a09289bd47,77660,C:\Users\jay\Downloads\finditagain\findit2\train\X51005442375.txt,False,False
X51005442376,C:\Users\jay\Downloads\finditagain\findit2\val\X51005442376.png,REAL,FindItAgain-SROIE,val,group_0006,1080,1528,a71a3a50dfee7a75a4a4cf0de6e9925510cddd203a8c9326bb552d02b5ce335c,442f58771b983930978083015f722ad8,78591,C:\Users\jay\Downloads\finditagain\findit2\val\X51005442376.txt,False,False
X51005442378,C:\Users\jay\Downloads\finditagain\findit2\train\X51005442378.png,REAL,FindItAgain-SROIE,train,group_0100,1080,1528,d5e15ade6ddcf5a97030aea0e8359f0b70638cce6c3352518b1b6ccbb1a041a0,4dfc979e3e58eddd12eb65efc06957f4,263384,C:\Users\jay\Downloads\finditagain\findit2\train\X51005442378.txt,False,False
X51005442379,C:\Users\jay\Downloads\finditagain\findit2\train\X51005442379.png,EDITED,FindItAgain-SROIE,train,group_0002,1080,1528,055de4d900aa1f982898547cb4e9ffe67e33db4ea11efde75a6a14dcbbff1746,bb2a21d8810108a5a51d380fee600e71,1656701,C:\Users\jay\Downloads\finditagain\findit2\train\X51005442379.txt,True,True
X51005442382,C:\Users\jay\Downloads\finditagain\findit2\test\X51005442382.png,REAL,FindItAgain-SROIE,test,group_0101,1080,1528,dfd586f07000c21f03e9bf57c4f808fcfe7ed84de609ebbbd8bbdd4ee32ba93e,99a40a8e66974f140ebf2b3934dcd625,76603,C:\Users\jay\Downloads\finditagain\findit2\test\X51005442382.txt,False,False
X51005442383,C:\Users\jay\Downloads\finditagain\findit2\train\X51005442383.png,REAL,FindItAgain-SROIE,train,group_0102,1080,1528,0b50559e9bca73b637f3c7f0edaede5ca7ce356f2e1ccf46bbee92901f4a0dd7,ab4769165ef1a5a07cb818cfe5822cb8,111046,C:\Users\jay\Downloads\finditagain\findit2\train\X51005442383.txt,False,False
X51005442384,C:\Users\jay\Downloads\finditagain\findit2\train\X51005442384.png,REAL,FindItAgain-SROIE,train,group_0002,1080,1528,b8b5d919f29841e8070ae178f2363262a0bdb694da8faee5da6e395a9b9dde3f,4ee106360e1356ee97301a6cbf5205c4,78914,C:\Users\jay\Downloads\finditagain\findit2\train\X51005442384.txt,False,False
X51005442386,C:\Users\jay\Downloads\finditagain\findit2\val\X51005442386.png,REAL,FindItAgain-SROIE,val,group_0002,1080,1528,297dd4b7f0b47befb4628ca993dc208af2cb9d51b99a4ab68d16560af0a9da59,af68a29d28e3282ec821212176aca540,79111,C:\Users\jay\Downloads\finditagain\findit2\val\X51005442386.txt,False,False
X51005442388,C:\Users\jay\Downloads\finditagain\findit2\train\X51005442388.png,REAL,FindItAgain-SROIE,train,group_0103,1080,1528,e97618de56c9f8f0ae3027129f01c74c0a088686d3e735ff771ce178c8c0cef6,22c91d3cec5ecf006f7c992f63efd3cd,62753,C:\Users\jay\Downloads\finditagain\findit2\train\X51005442388.txt,False,False
X51005442392,C:\Users\jay\Downloads\finditagain\findit2\val\X51005442392.png,REAL,FindItAgain-SROIE,val,group_0104,1080,1527,592537b8ab8631188d08620a8367ff6ddfafee667452df6e109aa33858fe3345,2b8ebd3e5e33f8cb4ca24fa9c02331ee,73479,C:\Users\jay\Downloads\finditagain\findit2\val\X51005442392.txt,False,False
X51005442394,C:\Users\jay\Downloads\finditagain\findit2\train\X51005442394.png,REAL,FindItAgain-SROIE,train,group_0002,1080,1527,4f0bc4817344bc0474bc9f06f7b44febf64222bfb44d45e768316a78fe3b5470,1dafca25ca7173adb87626204d356bb6,76070,C:\Users\jay\Downloads\finditagain\findit2\train\X51005442394.txt,False,False
X51005442397,C:\Users\jay\Downloads\finditagain\findit2\test\X51005442397.png,REAL,FindItAgain-SROIE,test,group_0105,1080,1527,69f5cac9ab451edec5a4be18cbabeb704f1bb45dc9a32018f83debbf97a4c19c,a4dae4ba24a1c78076b5319f118d2855,67077,C:\Users\jay\Downloads\finditagain\findit2\test\X51005442397.txt,False,False
X51005444033,C:\Users\jay\Downloads\finditagain\findit2\train\X51005444033.png,REAL,FindItAgain-SROIE,train,group_0106,789,1772,97ba6d1025cfc91a7548a508a6c5137266dda6c4f88ecc1708326a795f2b7b3e,17aee79f69e18bc966a1a28b12b53863,295602,C:\Users\jay\Downloads\finditagain\findit2\train\X51005444033.txt,False,False
X51005444037,C:\Users\jay\Downloads\finditagain\findit2\val\X51005444037.png,REAL,FindItAgain-SROIE,val,group_0107,792,2748,2dc934473dcc76310cb114d56fc0d98b522f45d9b513f4eee61602df91dbbd0a,f505a7995ea59d139ef7af216f33a18b,406595,C:\Users\jay\Downloads\finditagain\findit2\val\X51005444037.txt,False,False
X51005444040,C:\Users\jay\Downloads\finditagain\findit2\val\X51005444040.png,REAL,FindItAgain-SROIE,val,group_0108,789,1757,89cd4dfe2cb3207d722a9437a5d0f7e5fb16f49ed9a2145c8534be303eb05ad4,0f44ed78feea67a73753ca9b32a254c5,295643,C:\Users\jay\Downloads\finditagain\findit2\val\X51005444040.txt,False,False
X51005444041,C:\Users\jay\Downloads\finditagain\findit2\val\X51005444041.png,REAL,FindItAgain-SROIE,val,group_0109,790,2050,a279ad3e9d4bf472976076f15259ff1d75547aad3c1fdc3fd0052578e3b8ca99,c8d1f0da0b13de2f089e5a47a80510be,347033,C:\Users\jay\Downloads\finditagain\findit2\val\X51005444041.txt,False,False
X51005444044,C:\Users\jay\Downloads\finditagain\findit2\train\X51005444044.png,REAL,FindItAgain-SROIE,train,group_0110,751,1278,9e0f7c777fcbf15a6f256de89631a373c709ff14bce2314d43e772ee2927b180,8468f11bd7c32070d11d6277ed849988,151812,C:\Users\jay\Downloads\finditagain\findit2\train\X51005444044.txt,False,False
X51005444045,C:\Users\jay\Downloads\finditagain\findit2\train\X51005444045.png,REAL,FindItAgain-SROIE,train,group_0111,753,1305,fccb8ca2e78782c9b4b3b1059568fa6f6ed97867f2bd95333c485fedccdef64a,c053d316d1a8c0b87f4de12cace1ddb6,214040,C:\Users\jay\Downloads\finditagain\findit2\train\X51005444045.txt,False,False
X51005444046,C:\Users\jay\Downloads\finditagain\findit2\val\X51005444046.png,REAL,FindItAgain-SROIE,val,group_0112,793,1620,6df3a47c35b477e7355e1cea05379a340826d0983ad0752f76505018f3b34b5a,7ea886ecd8fe61f14c688a8a5af7234a,220468,C:\Users\jay\Downloads\finditagain\findit2\val\X51005444046.txt,False,False
X51005447832,C:\Users\jay\Downloads\finditagain\findit2\train\X51005447832.png,REAL,FindItAgain-SROIE,train,group_0113,664,1664,a88be138c10b10c270ef6829e152450b42135b2cbcc15a618e23d8e56ef66f6f,083c9a47d0583f6038bd59f0e6234962,215242,C:\Users\jay\Downloads\finditagain\findit2\train\X51005447832.txt,False,False
X51005447833,C:\Users\jay\Downloads\finditagain\findit2\train\X51005447833.png,EDITED,FindItAgain-SROIE,train,group_0114,668,1598,d77232bcff55cc06f1845146550074f360e32af3ef0c6be8932abf13eff340a4,cb0007b952aec835139907216e32c3fb,376134,C:\Users\jay\Downloads\finditagain\findit2\train\X51005447833.txt,True,True
X51005447839,C:\Users\jay\Downloads\finditagain\findit2\test\X51005447839.png,REAL,FindItAgain-SROIE,test,group_0115,936,1766,f351526c6da570a24948fed8263a5891808e74e5cd83d3dc72f7463766294a98,27f8799bdad77540dc41818581635ce5,294835,C:\Users\jay\Downloads\finditagain\findit2\test\X51005447839.txt,False,False
X51005447840,C:\Users\jay\Downloads\finditagain\findit2\train\X51005447840.png,EDITED,FindItAgain-SROIE,train,group_0116,932,2160,73679db3e8e0c68827bc1f42540ffc8c66a477486cd4b35b43f2f74975a7579c,16a7bb714b59ac81ded6aa9068a6fffa,743919,C:\Users\jay\Downloads\finditagain\findit2\train\X51005447840.txt,True,True
X51005447841,C:\Users\jay\Downloads\finditagain\findit2\val\X51005447841.png,REAL,FindItAgain-SROIE,val,group_0117,932,2160,d6842c291ded5f1e3a7a4dbb57b78896dfbb549164d8cbdd07322edede3eed97,36db38eaf84a933580be1e70a0d1c44e,442159,C:\Users\jay\Downloads\finditagain\findit2\val\X51005447841.txt,False,False
X51005447842,C:\Users\jay\Downloads\finditagain\findit2\test\X51005447842.png,REAL,FindItAgain-SROIE,test,group_0013,928,1769,9d38fedfc224a1c7edc87f7cd5ddb0fd51dad60762382f1e1374af7b16fb7e9c,2869667f4e9f88b6bfff987e269a1422,364122,C:\Users\jay\Downloads\finditagain\findit2\test\X51005447842.txt,False,False
X51005447844,C:\Users\jay\Downloads\finditagain\findit2\val\X51005447844.png,REAL,FindItAgain-SROIE,val,group_0118,936,2015,7940a2039db15e756717e5f66354fed3064327750adf366b2a15a299890bb3d4,4876047a9c2098f8964ff4543df4b77f,313156,C:\Users\jay\Downloads\finditagain\findit2\val\X51005447844.txt,False,False
X51005447848,C:\Users\jay\Downloads\finditagain\findit2\test\X51005447848.png,REAL,FindItAgain-SROIE,test,group_0119,932,1987,33f8575a869adaf6c34785104f9be8bb506635dc5e6dc3d4a758632f29e487c5,22bb4628f3bebda1d1b07fdc4f38e3c7,259548,C:\Users\jay\Downloads\finditagain\findit2\test\X51005447848.txt,False,False
X51005447850,C:\Users\jay\Downloads\finditagain\findit2\train\X51005447850.png,EDITED,FindItAgain-SROIE,train,group_0120,932,1771,2c5b4a7e49d34878eaa5c0de588da7b6cfc3987d3dbe4c14b87176edf4f66cff,337856ce43030824b51e40aaa8e5b8fd,581440,C:\Users\jay\Downloads\finditagain\findit2\train\X51005447850.txt,True,True
X51005447851,C:\Users\jay\Downloads\finditagain\findit2\test\X51005447851.png,EDITED,FindItAgain-SROIE,test,group_0121,928,1771,f39fb23d4df82ccf9296845fd7ead05cbb430682c511d8b04629d19ab97abffa,70f8f123b1f9ab3d21c32fa988256e3c,393340,C:\Users\jay\Downloads\finditagain\findit2\test\X51005447851.txt,True,True
X51005447852,C:\Users\jay\Downloads\finditagain\findit2\val\X51005447852.png,REAL,FindItAgain-SROIE,val,group_0122,888,1571,0df10419bef17be646b5daf844631a3c0b089b687578f904b00fa58d0acccf3c,bbbd5036b6862069d174470430d1f922,349180,C:\Users\jay\Downloads\finditagain\findit2\val\X51005447852.txt,False,False
X51005447853,C:\Users\jay\Downloads\finditagain\findit2\test\X51005447853.png,EDITED,FindItAgain-SROIE,test,group_0123,888,1718,2c6eb8f5cc568ef1ed1b9e277d48f2b529721f0125d551c67e4508365c7a3eea,441c34b6d0e1983a2cfb33ebb67729dd,1542255,C:\Users\jay\Downloads\finditagain\findit2\test\X51005447853.txt,True,True
X51005447859,C:\Users\jay\Downloads\finditagain\findit2\train\X51005447859.png,REAL,FindItAgain-SROIE,train,group_0124,932,1773,0beee17be33f810eeb3931bd19b9c02ccd0a5c9f8b373939792d6c5e93717b4c,399d363bb2471fb8ca913bc72e1c284b,335985,C:\Users\jay\Downloads\finditagain\findit2\train\X51005447859.txt,False,False
X51005447860,C:\Users\jay\Downloads\finditagain\findit2\test\X51005447860.png,REAL,FindItAgain-SROIE,test,group_0125,928,2130,5d7fe42d4f38e8b4857186278d8a435f566992aedd3e4a26edc7d0490176625b,94cb064d902c691cc19e39d08b764e57,392569,C:\Users\jay\Downloads\finditagain\findit2\test\X51005447860.txt,False,False
X51005447861,C:\Users\jay\Downloads\finditagain\findit2\train\X51005447861.png,EDITED,FindItAgain-SROIE,train,group_0126,932,2683,83097c962165628a1b73671d65964652a74567eff5372d6c023da356e101a36f,0c904c9494e55ae3effa7775bb740c77,1074330,C:\Users\jay\Downloads\finditagain\findit2\train\X51005447861.txt,True,True
X51005453729,C:\Users\jay\Downloads\finditagain\findit2\test\X51005453729.png,REAL,FindItAgain-SROIE,test,group_0014,615,931,1c524d52a890ef256e61e09b0a2379a0f49ae9338ad9154cceb84069652ab7e0,9c20891ecef25b09850e219c4731d145,310973,C:\Users\jay\Downloads\finditagain\findit2\test\X51005453729.txt,False,False
X51005453801,C:\Users\jay\Downloads\finditagain\findit2\train\X51005453801.png,REAL,FindItAgain-SROIE,train,group_0015,583,1303,b4e199d0c4d7c91a797e4b1b5b4205df89aff23def7fa38c73a4712fc9d0f633,fcb0c089df9ede62ecd554545c574650,305080,C:\Users\jay\Downloads\finditagain\findit2\train\X51005453801.txt,False,False
X51005453802,C:\Users\jay\Downloads\finditagain\findit2\train\X51005453802.png,REAL,FindItAgain-SROIE,train,group_0127,615,931,e47868eee4ef576755b9f7391ebd3b3d4fb190f4a44703bef783b372ac543778,f8a6da3b9a93ce109745a2b9d6c44711,352030,C:\Users\jay\Downloads\finditagain\findit2\train\X51005453802.txt,False,False
X51005453804,C:\Users\jay\Downloads\finditagain\findit2\train\X51005453804.png,REAL,FindItAgain-SROIE,train,group_0016,619,875,461d03e237018b04b435122834dbb5b2980cbfb3390b01542c27167ca5869ce2,e8b53f038bab86aa7d56a1c5fde1f601,294131,C:\Users\jay\Downloads\finditagain\findit2\train\X51005453804.txt,False,False
X51005568827,C:\Users\jay\Downloads\finditagain\findit2\train\X51005568827.png,REAL,FindItAgain-SROIE,train,group_0128,944,2439,c2f8830189530dbf702c1cb65848b002a0df153a2de1909ac2a4d8a32dde6370,d6c2ff64603d881523a25aa6da365efe,408986,C:\Users\jay\Downloads\finditagain\findit2\train\X51005568827.txt,False,False
X51005568829,C:\Users\jay\Downloads\finditagain\findit2\test\X51005568829.png,REAL,FindItAgain-SROIE,test,group_0129,936,1841,ee060010d5c299ba27c112b25eaebee040ee35f8aac998980a0b2a7bc9ca464a,918443218a4a44233c1834022a451b55,331885,C:\Users\jay\Downloads\finditagain\findit2\test\X51005568829.txt,False,False
X51005568855,C:\Users\jay\Downloads\finditagain\findit2\train\X51005568855.png,EDITED,FindItAgain-SROIE,train,group_0130,936,3521,241d0df6522d873728927fd133a7e1bc5b3b22f82dbc8db0c58bcec954f767c5,1b828e47a6351d5d6430d1824bc7bbb1,1435625,C:\Users\jay\Downloads\finditagain\findit2\train\X51005568855.txt,True,True
X51005568866,C:\Users\jay\Downloads\finditagain\findit2\test\X51005568866.png,EDITED,FindItAgain-SROIE,test,group_0131,936,2753,af9046c2d8077aecd828de426132a6ba211909982a96584a89e6ae39508e7dab,3cb3ba8b8c9a4e687b8c04bfa2fc9d4d,2593772,C:\Users\jay\Downloads\finditagain\findit2\test\X51005568866.txt,True,True
X51005568880,C:\Users\jay\Downloads\finditagain\findit2\train\X51005568880.png,REAL,FindItAgain-SROIE,train,group_0132,932,2220,5739999a91ae538fb91d51524b4ff2033b1b8169e6b3ff5246587f1f33cb63fb,da119b83281d1d291c832ccea25ff6a8,434853,C:\Users\jay\Downloads\finditagain\findit2\train\X51005568880.txt,False,False
X51005568881,C:\Users\jay\Downloads\finditagain\findit2\train\X51005568881.png,EDITED,FindItAgain-SROIE,train,group_0017,884,1678,a4bcc64bc9165fbc5958b97c9753d21800cc180b6b8ffbd06385e33ee748a7ef,5b14affdfbb36d2c6af390b642422652,781845,C:\Users\jay\Downloads\finditagain\findit2\train\X51005568881.txt,True,True
X51005568884,C:\Users\jay\Downloads\finditagain\findit2\test\X51005568884.png,REAL,FindItAgain-SROIE,test,group_0133,936,1676,bcf357a0b44273ad62064465e09af3a2491c8ac41cf3a9d82a16fc94977f420d,13b0bfca6bbc0490c470f0f299f99eef,281277,C:\Users\jay\Downloads\finditagain\findit2\test\X51005568884.txt,False,False
X51005568885,C:\Users\jay\Downloads\finditagain\findit2\train\X51005568885.png,EDITED,FindItAgain-SROIE,train,group_0134,884,1904,7135451ba7e4801efd5513e1ab25138113c65f32d743c7372ea5ca37869e0088,b206da736af0c3baac9751cdfe48f01a,342313,C:\Users\jay\Downloads\finditagain\findit2\train\X51005568885.txt,True,True
X51005568887,C:\Users\jay\Downloads\finditagain\findit2\train\X51005568887.png,REAL,FindItAgain-SROIE,train,group_0135,888,1620,2f538e2b4fa5717f76a46656d8efa9867fe9322b20a2b9ddcaf82109e57a12e0,588c4582953c27d5a74c94c2a89df449,299564,C:\Users\jay\Downloads\finditagain\findit2\train\X51005568887.txt,False,False
X51005568889,C:\Users\jay\Downloads\finditagain\findit2\train\X51005568889.png,EDITED,FindItAgain-SROIE,train,group_0136,888,1621,83671093abe72ec3448be7b3a122e4a3a1d322d0212ff60928f2b2b1258273e4,93e4035502e2c467d83c7c54130581dd,559828,C:\Users\jay\Downloads\finditagain\findit2\train\X51005568889.txt,True,True
X51005568890,C:\Users\jay\Downloads\finditagain\findit2\val\X51005568890.png,EDITED,FindItAgain-SROIE,val,group_0137,888,1615,716e3391cba40c2f59b781ebcf53b263eab3572ac0639f969bc5fada6fec4379,289c728c95d5ac3f7921a43542c58a8c,2888530,C:\Users\jay\Downloads\finditagain\findit2\val\X51005568890.txt,True,True
X51005568891,C:\Users\jay\Downloads\finditagain\findit2\val\X51005568891.png,REAL,FindItAgain-SROIE,val,group_0138,884,2249,019e92f8970a7410e7bf41fa3b2318403cc904136d1e769d9d297cac374352cf,98ae633b7650b4c49402fd6739b09390,475451,C:\Users\jay\Downloads\finditagain\findit2\val\X51005568891.txt,False,False
X51005568892,C:\Users\jay\Downloads\finditagain\findit2\train\X51005568892.png,REAL,FindItAgain-SROIE,train,group_0139,888,1900,05086de653372492775fd12589a09c38204dd7c887779d4b7552b2c7b336525f,9169254d23a05fe69a609ecbfe47c19c,254403,C:\Users\jay\Downloads\finditagain\findit2\train\X51005568892.txt,False,False
X51005568894,C:\Users\jay\Downloads\finditagain\findit2\train\X51005568894.png,REAL,FindItAgain-SROIE,train,group_0140,936,2915,f3e9629dbc0905b295935a33260614af5efb6b33711c31490553ab8f462dd8a9,acd65f1dbd7d677c40dab0ba5455f743,434719,C:\Users\jay\Downloads\finditagain\findit2\train\X51005568894.txt,False,False
X51005568895,C:\Users\jay\Downloads\finditagain\findit2\train\X51005568895.png,REAL,FindItAgain-SROIE,train,group_0141,932,2695,c9afa0656f206732ed357e6eb5f1126b22c9fbc70ebba225ba66081b52c4c31e,fcedcb42b31a1344b120fc86955c9b90,463094,C:\Users\jay\Downloads\finditagain\findit2\train\X51005568895.txt,False,False
X51005568898,C:\Users\jay\Downloads\finditagain\findit2\train\X51005568898.png,REAL,FindItAgain-SROIE,train,group_0142,936,2785,ab97d254af56fcaec72981782544fbfea0351b9a7b236313d8c6f03afd88725b,22e4cd1e7bf612ad74ba7074c9cfd71c,574491,C:\Users\jay\Downloads\finditagain\findit2\train\X51005568898.txt,False,False
X51005568899,C:\Users\jay\Downloads\finditagain\findit2\val\X51005568899.png,REAL,FindItAgain-SROIE,val,group_0143,932,1644,f699816cfe4bafcabc9b1d03b90b0477acf2acf391bbe70bd2b84c7693424b87,c09249e788c486f6ea134ac4e02044cc,261270,C:\Users\jay\Downloads\finditagain\findit2\val\X51005568899.txt,False,False
X51005568900,C:\Users\jay\Downloads\finditagain\findit2\train\X51005568900.png,REAL,FindItAgain-SROIE,train,group_0144,936,1681,8295899dbb206ab780cd224c28b8f7206e593b51831986c89d168369709f05e4,0efeb8141debd7a36248ba907ca89ac6,399833,C:\Users\jay\Downloads\finditagain\findit2\train\X51005568900.txt,False,False
X51005568911,C:\Users\jay\Downloads\finditagain\findit2\test\X51005568911.png,REAL,FindItAgain-SROIE,test,group_0145,932,2067,764caad80a0a297f7117178d70cb9bc15c116e795dfebfbaff875b1bb8d2da53,62414398bc18c8278c8f58fedb08059d,385320,C:\Users\jay\Downloads\finditagain\findit2\test\X51005568911.txt,False,False
X51005568913,C:\Users\jay\Downloads\finditagain\findit2\train\X51005568913.png,REAL,FindItAgain-SROIE,train,group_0146,932,2168,a5c78618784e07ede66450e98c178fb71d2782350a1f918aff1313aa0e594e71,493fd1b52bc180f585123b74fedcb19d,430280,C:\Users\jay\Downloads\finditagain\findit2\train\X51005568913.txt,False,False
X51005568914,C:\Users\jay\Downloads\finditagain\findit2\test\X51005568914.png,REAL,FindItAgain-SROIE,test,group_0147,932,2246,8853365159a71895dfad0e4d54bdcc18659aa41634d6ec8efbd331bde7df4b08,761485e2f93e87387fb74b947f6c1dca,432032,C:\Users\jay\Downloads\finditagain\findit2\test\X51005568914.txt,False,False
X51005577191,C:\Users\jay\Downloads\finditagain\findit2\test\X51005577191.png,REAL,FindItAgain-SROIE,test,group_0018,710,2030,74942952e5be9a35cf83f08ef360894a6c7f1666f43367ae22ef86f11d239ab9,af1d1f080263c8c45ed48a38415906d3,915266,C:\Users\jay\Downloads\finditagain\findit2\test\X51005577191.txt,False,False
X51005577192,C:\Users\jay\Downloads\finditagain\findit2\test\X51005577192.png,REAL,FindItAgain-SROIE,test,group_0018,710,2020,30b06666114212fe5101a755088d18223a011b27b0345573245cb9b62e186f53,ddc3e08075a18e4ec41505495e285351,932018,C:\Users\jay\Downloads\finditagain\findit2\test\X51005577192.txt,False,False
X51005582745,C:\Users\jay\Downloads\finditagain\findit2\val\X51005582745.png,REAL,FindItAgain-SROIE,val,group_0148,884,2466,a07af211a674ff2be79fbf48f6bfb119c3c9c5917b6cbd7ccea2c2c064d38daf,e3f1820d262ec3b610a5c9e9f0226de5,339425,C:\Users\jay\Downloads\finditagain\findit2\val\X51005582745.txt,False,False
X51005587254,C:\Users\jay\Downloads\finditagain\findit2\train\X51005587254.png,EDITED,FindItAgain-SROIE,train,group_0149,963,2260,e644d80318c4e32a5fff756fd8b8b02e757ee9a4d8a017a9db456531f3fc8aea,fd4f6f3438dce892d42263b30605f4b4,8726497,C:\Users\jay\Downloads\finditagain\findit2\train\X51005587254.txt,True,True
X51005587261,C:\Users\jay\Downloads\finditagain\findit2\train\X51005587261.png,REAL,FindItAgain-SROIE,train,group_0150,764,1717,ce5d3745f4dceb03eb352f5054685baff9d51cc5c80d5b3a595444937a8aa372,1fbe9048f7b32bb43a6b36cbe066e5f6,1386208,C:\Users\jay\Downloads\finditagain\findit2\train\X51005587261.txt,False,False
X51005587267,C:\Users\jay\Downloads\finditagain\findit2\test\X51005587267.png,REAL,FindItAgain-SROIE,test,group_0151,853,2537,f1813095eb408862d60e6157059d03618ba103293478a55eaf35970b800a311b,1da9e17bd07fc36cf9d70576279c18b9,2563928,C:\Users\jay\Downloads\finditagain\findit2\test\X51005587267.txt,False,False
X51005605284,C:\Users\jay\Downloads\finditagain\findit2\train\X51005605284.png,REAL,FindItAgain-SROIE,train,group_0152,793,1373,fc6dc1f02f53aa30b93f895d0b9c019dc6c68b336e73bcc1c22038e393ff716c,6205f4348302aee1fadad96ff944b204,783923,C:\Users\jay\Downloads\finditagain\findit2\train\X51005605284.txt,False,False
X51005605285,C:\Users\jay\Downloads\finditagain\findit2\train\X51005605285.png,EDITED,FindItAgain-SROIE,train,group_0153,697,1481,406d695f9c2c5520a7ab9fd250b008816b18c0bb6bb3df8861428f825d6bd6dc,50115e88e12055ecfe55d61d1d9ac122,4147569,C:\Users\jay\Downloads\finditagain\findit2\train\X51005605285.txt,True,True
X51005605286,C:\Users\jay\Downloads\finditagain\findit2\test\X51005605286.png,REAL,FindItAgain-SROIE,test,group_0154,741,1509,38f041c1b781f3d27d54de7d735e8e5ef82e034cda1ad8e34a46446d07a3b47d,c8f7248e1a11c52ea3fa1808cd12f1f3,925206,C:\Users\jay\Downloads\finditagain\findit2\test\X51005605286.txt,False,False
X51005605287,C:\Users\jay\Downloads\finditagain\findit2\train\X51005605287.png,REAL,FindItAgain-SROIE,train,group_0155,741,1204,66de622e1fde8b7503d33117d68ac075f6a8cf6264c4e3cadbc33fb24c34e55d,535ed0d514e65c9f4cb487ea26b6e7a1,653805,C:\Users\jay\Downloads\finditagain\findit2\train\X51005605287.txt,False,False
X51005605295,C:\Users\jay\Downloads\finditagain\findit2\test\X51005605295.png,EDITED,FindItAgain-SROIE,test,group_0156,593,1277,1b5f5167d48da0cc554b2c7243b21f38646254abcbd6c99ab12d93749b0f1675,f0788228fa91d10cd2b088156ad6c3e7,718028,C:\Users\jay\Downloads\finditagain\findit2\test\X51005605295.txt,True,True
X51005605332,C:\Users\jay\Downloads\finditagain\findit2\train\X51005605332.png,REAL,FindItAgain-SROIE,train,group_0157,709,1477,ff91f6779a211128b9b1f3a4faecb2906ec3a448e5e3e8dd7eb91d53e640e9ab,380c14fa2da1cd383b15e0ec3e788431,897066,C:\Users\jay\Downloads\finditagain\findit2\train\X51005605332.txt,False,False
X51005605333,C:\Users\jay\Downloads\finditagain\findit2\val\X51005605333.png,EDITED,FindItAgain-SROIE,val,group_0158,681,1737,44345b465b2da58a07bf163c40911bd32db130e1d0721ff747886533e5f03010,8657a8b9b23cc783db2f452ffd59f3f4,1418064,C:\Users\jay\Downloads\finditagain\findit2\val\X51005605333.txt,True,True
X51005605334,C:\Users\jay\Downloads\finditagain\findit2\train\X51005605334.png,REAL,FindItAgain-SROIE,train,group_0159,761,1713,4f7a44e4dd6d1d8d36820812a86315623508ff65836f8383f462d6ff15506741,cd40c875947afd56767a3c9a62827532,1013257,C:\Users\jay\Downloads\finditagain\findit2\train\X51005605334.txt,False,False
X51005605335,C:\Users\jay\Downloads\finditagain\findit2\val\X51005605335.png,EDITED,FindItAgain-SROIE,val,group_0160,741,1733,877cf1959c382eb2f2e505851025ad926c4668cf6c1537efb58b0ab0de658105,09ae033a8b22d3c8135d35bdac550f8c,1170486,C:\Users\jay\Downloads\finditagain\findit2\val\X51005605335.txt,True,True
X51005621482,C:\Users\jay\Downloads\finditagain\findit2\test\X51005621482.png,REAL,FindItAgain-SROIE,test,group_0161,624,1500,1e4e74866d245177d066c88ce84f6c4c9d6959c02079c16c47881ed0c236033a,f8246ccf2cca9bb760a78ccd72fa7451,219147,C:\Users\jay\Downloads\finditagain\findit2\test\X51005621482.txt,False,False
X51005663272,C:\Users\jay\Downloads\finditagain\findit2\val\X51005663272.png,REAL,FindItAgain-SROIE,val,group_0162,704,1883,d9bf672dc24f9928f2e320938a288889268cc6d95353a025f747dcfa85ea5b45,248895ebd485fc7a27f8448326b0b65f,1454899,C:\Users\jay\Downloads\finditagain\findit2\val\X51005663272.txt,False,False
X51005663273,C:\Users\jay\Downloads\finditagain\findit2\train\X51005663273.png,REAL,FindItAgain-SROIE,train,group_0163,814,1477,5a8491c3556bc6d39079811df296b904a87746c12d8a21ff992b20a7e5b2d9c6,160b0b0a667155c675c62a3157c4cbc2,1230891,C:\Users\jay\Downloads\finditagain\findit2\train\X51005663273.txt,False,False
X51005663274,C:\Users\jay\Downloads\finditagain\findit2\train\X51005663274.png,EDITED,FindItAgain-SROIE,train,group_0164,938,1697,baf6cb9c6087979fc393ca5f3dc22c1f5a0b84f12ff9712b0a3fa91ce54cc703,a44ddb5ff1c721648bcd1fdbe5a6580b,3197368,C:\Users\jay\Downloads\finditagain\findit2\train\X51005663274.txt,True,True
X51005663276,C:\Users\jay\Downloads\finditagain\findit2\train\X51005663276.png,REAL,FindItAgain-SROIE,train,group_0165,937,1449,32cde8f5ce54f9b86aee6e3f83e8e01ea1d954e5203a99b4fb22ccf1b9ad986f,a9259fca490e5d8a7d6d1afa7820fe90,1361228,C:\Users\jay\Downloads\finditagain\findit2\train\X51005663276.txt,False,False
X51005663277,C:\Users\jay\Downloads\finditagain\findit2\test\X51005663277.png,REAL,FindItAgain-SROIE,test,group_0166,937,1450,77e13bb33f0d1815616b4cee3af8dd7ffdddc96025ffa5f88b4a188797ebcc4f,aa35487329b28ac97797683b433a9140,1361071,C:\Users\jay\Downloads\finditagain\findit2\test\X51005663277.txt,False,False
X51005663278,C:\Users\jay\Downloads\finditagain\findit2\val\X51005663278.png,EDITED,FindItAgain-SROIE,val,group_0167,804,2157,5676bf00cf104439231edef8ad1f6deaf279017fe9eeeab88d4726684162835a,90247cc2ee3eb9f47eb5258e75c2efc5,1966131,C:\Users\jay\Downloads\finditagain\findit2\val\X51005663278.txt,True,True
X51005663279,C:\Users\jay\Downloads\finditagain\findit2\train\X51005663279.png,REAL,FindItAgain-SROIE,train,group_0168,943,1871,97846a87f1a777d29f340d9c43379c9fd69ab44073f1c3ade3382f62f606325c,5142458d75370f706780489317989773,361441,C:\Users\jay\Downloads\finditagain\findit2\train\X51005663279.txt,False,False
X51005663280,C:\Users\jay\Downloads\finditagain\findit2\train\X51005663280.png,REAL,FindItAgain-SROIE,train,group_0169,782,2213,880c727011810c57b4ed00df25be6ee03a84793d873be22926f8efe2e4584ae9,6a438881e8943e0f6d6592aac0eff931,2187598,C:\Users\jay\Downloads\finditagain\findit2\train\X51005663280.txt,False,False
X51005663293,C:\Users\jay\Downloads\finditagain\findit2\train\X51005663293.png,EDITED,FindItAgain-SROIE,train,group_0170,713,2066,3ff29bd23869628368d4a47e53715a01bc54c9f84e5a9540140f4936748fc581,2fe7825289329fdd1508bad53405f9ad,4432339,C:\Users\jay\Downloads\finditagain\findit2\train\X51005663293.txt,True,True
X51005663297,C:\Users\jay\Downloads\finditagain\findit2\train\X51005663297.png,REAL,FindItAgain-SROIE,train,group_0171,937,3556,25b3f9b1fd768d7859dd974160e76aa3877578fc2fd02916e42b42416220b182,eaccb7931264b40576650f078f2b72fe,746614,C:\Users\jay\Downloads\finditagain\findit2\train\X51005663297.txt,False,False
X51005663298,C:\Users\jay\Downloads\finditagain\findit2\train\X51005663298.png,REAL,FindItAgain-SROIE,train,group_0172,934,2732,c3824c4e3f36b20ec588193b08c232127529e67f40e555cc5a52e3ea5cda4153,0a0a5533d2707b34e8e21af434c0ebb1,496445,C:\Users\jay\Downloads\finditagain\findit2\train\X51005663298.txt,False,False
X51005663300,C:\Users\jay\Downloads\finditagain\findit2\train\X51005663300.png,REAL,FindItAgain-SROIE,train,group_0173,934,1694,9359d1784660aa0707d0448d21908e08d198b2f332b6de09838a7a20a23bb543,0c137e7849a273936db30ed680bd0bd6,237816,C:\Users\jay\Downloads\finditagain\findit2\train\X51005663300.txt,False,False
X51005663301,C:\Users\jay\Downloads\finditagain\findit2\train\X51005663301.png,REAL,FindItAgain-SROIE,train,group_0174,933,1697,c64e1ce01c7ffffc0d24bfe497adef68499e295df31f14aa6a6aa6af293846b5,ec3be27fe113acc43ec52cfc93a75a0c,252071,C:\Users\jay\Downloads\finditagain\findit2\train\X51005663301.txt,False,False
X51005663307,C:\Users\jay\Downloads\finditagain\findit2\train\X51005663307.png,REAL,FindItAgain-SROIE,train,group_0175,939,2280,28434a35d5aff05d7dd1e690bbea65b148637b3da10c238978bb7901cbd12b73,6f192e82e04860fc5d864d55deeca36b,462415,C:\Users\jay\Downloads\finditagain\findit2\train\X51005663307.txt,False,False
X51005663309,C:\Users\jay\Downloads\finditagain\findit2\train\X51005663309.png,REAL,FindItAgain-SROIE,train,group_0176,914,2421,8b9e857caf607696b746262f121965c764c2df49f77ab9fdeb4aa42611baec92,f00fd3c02e03980416583fe767a5585c,608456,C:\Users\jay\Downloads\finditagain\findit2\train\X51005663309.txt,False,False
X51005663310,C:\Users\jay\Downloads\finditagain\findit2\train\X51005663310.png,REAL,FindItAgain-SROIE,train,group_0177,933,1696,90eb4f1c4792d4b2e98240633ac674197ba68d7e3e2719a89cd463e843492482,ec9197bf8642901b578f267a33f41f53,249721,C:\Users\jay\Downloads\finditagain\findit2\train\X51005663310.txt,False,False
X51005663311,C:\Users\jay\Downloads\finditagain\findit2\train\X51005663311.png,REAL,FindItAgain-SROIE,train,group_0178,936,1698,72de66bcc2cbf683c919f05d4f9578e6bff3c319c06f61ce12f24a149f968ebb,e9ee30dee5e96ef7f07dd9938d2df899,255617,C:\Users\jay\Downloads\finditagain\findit2\train\X51005663311.txt,False,False
X51005663317,C:\Users\jay\Downloads\finditagain\findit2\train\X51005663317.png,EDITED,FindItAgain-SROIE,train,group_0179,935,1695,7aa50857eb5916ed9f068cf364958d451b444c84823708fc03ec75439d126acf,bacef32710612b0cf5a3162cb4d031ad,438112,C:\Users\jay\Downloads\finditagain\findit2\train\X51005663317.txt,True,True
X51005663323,C:\Users\jay\Downloads\finditagain\findit2\train\X51005663323.png,REAL,FindItAgain-SROIE,train,group_0180,888,2390,a179a908770227ede787bd4efa89a1e5049baacff5d0012f4b7e9c246e8df15c,2f0e3dd2f1e6fde1621614425167b3d5,597598,C:\Users\jay\Downloads\finditagain\findit2\train\X51005663323.txt,False,False
X51005663324,C:\Users\jay\Downloads\finditagain\findit2\train\X51005663324.png,REAL,FindItAgain-SROIE,train,group_0181,934,2789,facec7f1424b43df925e02d347bec9530fcc442eb0baac0da5d95c36c2132e19,f0a373071a02c6d475fc65fbd98c95f9,526053,C:\Users\jay\Downloads\finditagain\findit2\train\X51005663324.txt,False,False
X51005675095,C:\Users\jay\Downloads\finditagain\findit2\test\X51005675095.png,REAL,FindItAgain-SROIE,test,group_0182,741,1220,37997ebac387fc0b162806c82670823ee40b5476f3ba5937265a1d1e3e135cf1,7591a271c170a520b1277ba26666ef8b,1069845,C:\Users\jay\Downloads\finditagain\findit2\test\X51005675095.txt,False,False
X51005675099,C:\Users\jay\Downloads\finditagain\findit2\test\X51005675099.png,REAL,FindItAgain-SROIE,test,group_0183,933,1837,e227e1c186960ef29a3f227e724aa0364d3a6a6b3caf117538735a048cd45741,a6b98418bc4da5cfe22e0328a5a97a0c,416114,C:\Users\jay\Downloads\finditagain\findit2\test\X51005675099.txt,False,False
X51005675103,C:\Users\jay\Downloads\finditagain\findit2\train\X51005675103.png,REAL,FindItAgain-SROIE,train,group_0184,932,2078,f5f1fa6a06b5d2d505d987c3667547528db263ae39f0eb7e4c5403cf322e5f9d,58aeb3915940ccedc2c20d82a9cb9e2e,360959,C:\Users\jay\Downloads\finditagain\findit2\train\X51005675103.txt,False,False
X51005675104,C:\Users\jay\Downloads\finditagain\findit2\train\X51005675104.png,REAL,FindItAgain-SROIE,train,group_0185,931,1870,2b6bc8d1f44250cd0807a5dff624324412eeb953bd8da8bddd36458c02c0bc75,feacfe33a3cdef0667d513c92069d0e3,329210,C:\Users\jay\Downloads\finditagain\findit2\train\X51005675104.txt,False,False
X51005675914,C:\Users\jay\Downloads\finditagain\findit2\train\X51005675914.png,EDITED,FindItAgain-SROIE,train,group_0186,828,2080,5cc7e8a85274a91541ea0854bb4194b70ca84a4c9f68086ec98d85929cd3ef1c,0493e3df020529bdadc57393db748d23,1680601,C:\Users\jay\Downloads\finditagain\findit2\train\X51005675914.txt,True,True
X51005676534,C:\Users\jay\Downloads\finditagain\findit2\test\X51005676534.png,REAL,FindItAgain-SROIE,test,group_0187,935,2080,02ba7493d3e604d64d7ff236087b03fb36e03537acea4ac86f64a4c68df7608b,0166587c0cdf254abc72fdd011f2b037,372293,C:\Users\jay\Downloads\finditagain\findit2\test\X51005676534.txt,False,False
X51005676535,C:\Users\jay\Downloads\finditagain\findit2\train\X51005676535.png,EDITED,FindItAgain-SROIE,train,group_0188,933,1974,42d5fdd58621a3de06ca641c55c16377fe5459b16b6045c0f368766fda2b1bbf,b74aebd0e8cfd30fd3bfb39e7db3ce9b,1858729,C:\Users\jay\Downloads\finditagain\findit2\train\X51005676535.txt,True,True
X51005676536,C:\Users\jay\Downloads\finditagain\findit2\train\X51005676536.png,REAL,FindItAgain-SROIE,train,group_0189,933,2079,f4f8503fc74253265ea6bf608f1d673ef6f7526ba28dbfc31b99511a88dcd61f,2bb69afc591f32826fb1d0a5c8cc62d9,372501,C:\Users\jay\Downloads\finditagain\findit2\train\X51005676536.txt,False,False
X51005676537,C:\Users\jay\Downloads\finditagain\findit2\test\X51005676537.png,REAL,FindItAgain-SROIE,test,group_0190,931,1967,8d714fc05c1b9ad36c166a7f87bcc01b117ccdde1eb2d37312be6d9c17de8754,68d8a4e66f60aee6ed3ed2bcbc94e2a8,357512,C:\Users\jay\Downloads\finditagain\findit2\test\X51005676537.txt,False,False
X51005676538,C:\Users\jay\Downloads\finditagain\findit2\val\X51005676538.png,REAL,FindItAgain-SROIE,val,group_0191,932,2172,ed6155b32da038bc13fdf92b05795550de5afc4662f16cab0fe139bdeff9bedd,e385a2a4d4f0c32d7434e37683b53941,381848,C:\Users\jay\Downloads\finditagain\findit2\val\X51005676538.txt,False,False
X51005676539,C:\Users\jay\Downloads\finditagain\findit2\val\X51005676539.png,REAL,FindItAgain-SROIE,val,group_0192,933,1861,d0c360eb2fd9016b751a694033b0424813fb453d923a1db8b2d7b71b8d070e56,c8da78c96e5e82d25b91afff3d3be192,367453,C:\Users\jay\Downloads\finditagain\findit2\val\X51005676539.txt,False,False
X51005676540,C:\Users\jay\Downloads\finditagain\findit2\train\X51005676540.png,EDITED,FindItAgain-SROIE,train,group_0193,940,2077,0645a6f0101798e5da59d18a200be22e078827824496bb4ecd7e89754c2122a1,55c30fc0644b6b0bec18fa4376999c20,702786,C:\Users\jay\Downloads\finditagain\findit2\train\X51005676540.txt,True,True
X51005676541,C:\Users\jay\Downloads\finditagain\findit2\test\X51005676541.png,EDITED,FindItAgain-SROIE,test,group_0194,932,2169,370cceb48e205819598265c12b0014020bc6b11460b23216e8df7f22bf3e9c58,332945e8d006786873d9ed15bea331d5,726170,C:\Users\jay\Downloads\finditagain\findit2\test\X51005676541.txt,True,True
X51005676542,C:\Users\jay\Downloads\finditagain\findit2\train\X51005676542.png,REAL,FindItAgain-SROIE,train,group_0195,932,1867,1838318cfa0f2599f679c8bc46ee50b94251bc20e9041cc708a0547c96219fb4,1fa743c82bbc502054ce143f467fdf9e,380689,C:\Users\jay\Downloads\finditagain\findit2\train\X51005676542.txt,False,False
X51005676543,C:\Users\jay\Downloads\finditagain\findit2\val\X51005676543.png,REAL,FindItAgain-SROIE,val,group_0196,935,1970,b9a2726ee127c9550abcb62b88250b5c6a31c09483db2010f3bf2e2ce15fc0fb,6a47e4b60cfae81d53a157c7aebbcf55,398799,C:\Users\jay\Downloads\finditagain\findit2\val\X51005676543.txt,False,False
X51005676544,C:\Users\jay\Downloads\finditagain\findit2\test\X51005676544.png,REAL,FindItAgain-SROIE,test,group_0197,935,1861,2e3b489212da593e3b8106082ebaf1e8c68f86dc8841a907892b9333085239ac,29f79f15a59ce9bd8e8fd180e6390be3,370283,C:\Users\jay\Downloads\finditagain\findit2\test\X51005676544.txt,False,False
X51005676545,C:\Users\jay\Downloads\finditagain\findit2\test\X51005676545.png,REAL,FindItAgain-SROIE,test,group_0198,934,1860,969b62b753a3738a6d23d5c79a7a965ffec8a0b6387069c0858c70a1ce13bc7e,42dbe439774442d4debc7a39e17cd911,386854,C:\Users\jay\Downloads\finditagain\findit2\test\X51005676545.txt,False,False
X51005676546,C:\Users\jay\Downloads\finditagain\findit2\test\X51005676546.png,EDITED,FindItAgain-SROIE,test,group_0199,935,1864,bcedaaa0bfbff651f779839131f97fbf6c39642b3c71644d7f27b795a51b98a2,269312968a8d803159a5b8114e37c2cf,621737,C:\Users\jay\Downloads\finditagain\findit2\test\X51005676546.txt,True,True
X51005676547,C:\Users\jay\Downloads\finditagain\findit2\train\X51005676547.png,REAL,FindItAgain-SROIE,train,group_0200,932,1864,8670a00ee4e076303c4de34cde7196c89e07be078eea5d5fc083331b26cf8bb4,56158969c6e7d432856de86083a888c2,354263,C:\Users\jay\Downloads\finditagain\findit2\train\X51005676547.txt,False,False
X51005676548,C:\Users\jay\Downloads\finditagain\findit2\val\X51005676548.png,REAL,FindItAgain-SROIE,val,group_0201,935,1975,d9d827ae75de6eafb38b7ee22368bbc8e06b57182fcf6ff7d84cf76247a0e665,cb998675708572576e1986c5184ce4f8,330606,C:\Users\jay\Downloads\finditagain\findit2\val\X51005676548.txt,False,False
X51005676549,C:\Users\jay\Downloads\finditagain\findit2\train\X51005676549.png,REAL,FindItAgain-SROIE,train,group_0202,932,1973,84c5cefce3a2d01360f13f265c3c28982a8db6e335d59b59f86017f257e406a7,f8eb93ac9356753b7ecbf2a8b60eda91,375285,C:\Users\jay\Downloads\finditagain\findit2\train\X51005676549.txt,False,False
X51005677327,C:\Users\jay\Downloads\finditagain\findit2\val\X51005677327.png,REAL,FindItAgain-SROIE,val,group_0203,932,1865,bf31bfd655bd974c6345e7539e5df0492ea00f901ca2b99fd847b55131ecb601,6f1c7ab8beb8d0f68ef8543503105d73,324809,C:\Users\jay\Downloads\finditagain\findit2\val\X51005677327.txt,False,False
X51005677328,C:\Users\jay\Downloads\finditagain\findit2\train\X51005677328.png,REAL,FindItAgain-SROIE,train,group_0204,935,1865,2023878491539b0324c0c166d0f6b8316a6e42f283e996181749362cbdde0b84,ed79fe6ba4afc41eb7283ede4b765931,351957,C:\Users\jay\Downloads\finditagain\findit2\train\X51005677328.txt,False,False
X51005677329,C:\Users\jay\Downloads\finditagain\findit2\train\X51005677329.png,REAL,FindItAgain-SROIE,train,group_0205,938,1864,614c2ce70edfb3670fda5b1fa347c5bcde2beff65fe6956726768a5571f784bb,da8711a699f395e87c63bc39e24c8a4b,366603,C:\Users\jay\Downloads\finditagain\findit2\train\X51005677329.txt,False,False
X51005677331,C:\Users\jay\Downloads\finditagain\findit2\test\X51005677331.png,REAL,FindItAgain-SROIE,test,group_0206,934,2081,632178672af860842db975a7e9b8ce05c1a48dad1f5f1b0a7f9f63e34d21869b,bbfbca0d429589ece383f91c296e25cb,382760,C:\Users\jay\Downloads\finditagain\findit2\test\X51005677331.txt,False,False
X51005677332,C:\Users\jay\Downloads\finditagain\findit2\val\X51005677332.png,REAL,FindItAgain-SROIE,val,group_0207,935,1859,82203838dc89bb98e8abfaef1c06d0a9c69c682742dbb9edcf061530ec789140,5a294cac1417666253b10c17ae5fead6,350642,C:\Users\jay\Downloads\finditagain\findit2\val\X51005677332.txt,False,False
X51005677333,C:\Users\jay\Downloads\finditagain\findit2\train\X51005677333.png,EDITED,FindItAgain-SROIE,train,group_0208,933,2080,c409c3ed13cc4c65442e829e3c0bbf924b52eca65d35f57bab529a4038c2c560,384794ea29776451ffa5ffd5d302c7e5,429748,C:\Users\jay\Downloads\finditagain\findit2\train\X51005677333.txt,True,True
X51005677334,C:\Users\jay\Downloads\finditagain\findit2\val\X51005677334.png,REAL,FindItAgain-SROIE,val,group_0209,932,1975,f831dd2fb03c823fc29d98f3d7ecefc27ae6dfe40e21b60681765fcce01820d8,a5f0c1ab2d2ac15441845980b455a14c,355616,C:\Users\jay\Downloads\finditagain\findit2\val\X51005677334.txt,False,False
X51005677335,C:\Users\jay\Downloads\finditagain\findit2\val\X51005677335.png,REAL,FindItAgain-SROIE,val,group_0019,938,1972,50461adb37bb2c9d95d1b87b4257aba3a67fc73fd0566f80a1b61a8425399049,30973fd1984c11fe5f7fa16844aff451,358885,C:\Users\jay\Downloads\finditagain\findit2\val\X51005677335.txt,False,False
X51005677336,C:\Users\jay\Downloads\finditagain\findit2\train\X51005677336.png,REAL,FindItAgain-SROIE,train,group_0210,934,1869,a05d52f2af82459b175f59fd38800af4ca9f4d16424ce96028a05fee4efdd2c0,d94ef2e9a4c67105d2af926c9fc999d3,350321,C:\Users\jay\Downloads\finditagain\findit2\train\X51005677336.txt,False,False
X51005677337,C:\Users\jay\Downloads\finditagain\findit2\test\X51005677337.png,REAL,FindItAgain-SROIE,test,group_0019,936,1976,243e63b31ee39852fe1c7bc2211bac828520c05ffeb4c53a2e194bfa5031a43b,dc99ff040fc7d8937e495e5a8bd7615c,344427,C:\Users\jay\Downloads\finditagain\findit2\test\X51005677337.txt,False,False
X51005677339,C:\Users\jay\Downloads\finditagain\findit2\train\X51005677339.png,EDITED,FindItAgain-SROIE,train,group_0211,934,1927,0123da7a7ef62169668ea8ab29a6680411eb40531b2a6a92b89c439e3f37ae32,47d8b68466c6a6a11402dc2010b79072,588149,C:\Users\jay\Downloads\finditagain\findit2\train\X51005677339.txt,True,True
X510056849111,C:\Users\jay\Downloads\finditagain\findit2\test\X510056849111.png,REAL,FindItAgain-SROIE,test,group_0020,439,907,6ccd8690646034b1d036cf52b531358f70975c35be7468937e9150e4035f9842,45deefad2f9f12b2ba55aa70f8e4d30d,254819,C:\Users\jay\Downloads\finditagain\findit2\test\X510056849111.txt,False,False
X51005684949,C:\Users\jay\Downloads\finditagain\findit2\train\X51005684949.png,REAL,FindItAgain-SROIE,train,group_0020,439,907,c1068091afd174879feae77bcf0e475ac9d2f478a1a55039a5a8da603da390f8,31fc96f29753fd58385cb072a0d37753,254819,C:\Users\jay\Downloads\finditagain\findit2\train\X51005684949.txt,False,False
X51005685355,C:\Users\jay\Downloads\finditagain\findit2\test\X51005685355.png,REAL,FindItAgain-SROIE,test,group_0212,615,1403,ef3786f06dca423e75ef6f1e137f670f6501faf01bf89622faeb235e4a151258,fe9969b80725b1fe82cb742c28883cd4,532629,C:\Users\jay\Downloads\finditagain\findit2\test\X51005685355.txt,False,False
X51005685357,C:\Users\jay\Downloads\finditagain\findit2\train\X51005685357.png,REAL,FindItAgain-SROIE,train,group_0213,623,1535,474ec773df8efde2ec3f94792eba244c41acb5c3c3dd1c3419bacfc78d088480,ae611f4411ac1283d1c29d706dae8b9d,591183,C:\Users\jay\Downloads\finditagain\findit2\train\X51005685357.txt,False,False
X51005705722,C:\Users\jay\Downloads\finditagain\findit2\train\X51005705722.png,REAL,FindItAgain-SROIE,train,group_0214,958,1816,7987f76e8926b94ffcf0d520a36067d21f1e43ce95fb434e50ee6cc8a3893c46,63a043834fdb39da215f4040b8e2e092,1751939,C:\Users\jay\Downloads\finditagain\findit2\train\X51005705722.txt,False,False
X51005705727,C:\Users\jay\Downloads\finditagain\findit2\test\X51005705727.png,REAL,FindItAgain-SROIE,test,group_0215,1035,2155,14032ba20437671f9892c01fe7e3f858ddfb632412b6254a8c0087652d042a58,fe46643dbdbfe00c0b7108e4b890ec08,2146483,C:\Users\jay\Downloads\finditagain\findit2\test\X51005705727.txt,False,False
X51005705729,C:\Users\jay\Downloads\finditagain\findit2\test\X51005705729.png,EDITED,FindItAgain-SROIE,test,group_0216,958,1922,2bb0165bff1b65cb36133a2ab1a66dec7832e7513a819fe625e2b5bd07c7ebc8,8c2cc78b355a7d725de4de9ccc481227,1844505,C:\Users\jay\Downloads\finditagain\findit2\test\X51005705729.txt,True,True
X51005705759,C:\Users\jay\Downloads\finditagain\findit2\train\X51005705759.png,REAL,FindItAgain-SROIE,train,group_0217,1135,2753,6f393bfd2141aff09a2fdd8bcf0d023bc79104baba794c70777b7d9f7e237a1e,06672569dd3b05ce200caf0ee6a094d0,3582686,C:\Users\jay\Downloads\finditagain\findit2\train\X51005705759.txt,False,False
X51005705760,C:\Users\jay\Downloads\finditagain\findit2\train\X51005705760.png,REAL,FindItAgain-SROIE,train,group_0218,892,2897,23d92034d357e57590453185345a8edc20e060154da09dca9d5e301ed2549d16,7b3c98e31a4af6db1125770ae155d6de,3034153,C:\Users\jay\Downloads\finditagain\findit2\train\X51005705760.txt,False,False
X51005705784,C:\Users\jay\Downloads\finditagain\findit2\train\X51005705784.png,REAL,FindItAgain-SROIE,train,group_0219,787,2204,e410b31f122b32c241e5e9014621284c925d3a897d50dfd9ff343a1fa88e1c5c,5dd15c02ad311ca33db3af224ee00b0d,2139989,C:\Users\jay\Downloads\finditagain\findit2\train\X51005705784.txt,False,False
X51005705804,C:\Users\jay\Downloads\finditagain\findit2\val\X51005705804.png,REAL,FindItAgain-SROIE,val,group_0220,1263,2143,022d3b7d64c90babb12cfc55f02c07347b8df8772902d0a29108c0e28e646812,ddea5809b574b3192f553b0cb4dfcf1d,2535631,C:\Users\jay\Downloads\finditagain\findit2\val\X51005705804.txt,False,False
X51005710963,C:\Users\jay\Downloads\finditagain\findit2\train\X51005710963.png,EDITED,FindItAgain-SROIE,train,group_0221,880,2526,90dd35fc27cbf497468975133d1cc10ebb9bc3153a56c30eca1b723b2bbe2d52,f96e0a3ac331d5f2a665b209815c181f,553831,C:\Users\jay\Downloads\finditagain\findit2\train\X51005710963.txt,True,True
X51005711401,C:\Users\jay\Downloads\finditagain\findit2\train\X51005711401.png,REAL,FindItAgain-SROIE,train,group_0222,932,1907,0287da309d60106dd07c739f297a035329e02c76721f09bc4c551eb41fb4e158,bb3be31816a5b615fb0b751d5e30d214,279996,C:\Users\jay\Downloads\finditagain\findit2\train\X51005711401.txt,False,False
X51005711402,C:\Users\jay\Downloads\finditagain\findit2\test\X51005711402.png,EDITED,FindItAgain-SROIE,test,group_0223,932,1866,905c99a507014fa9216b384a38af3715ba936af2d18b65f14ff685aa9c4bb884,cedc7d25ae469b99aa9d2a7271eb3f92,530311,C:\Users\jay\Downloads\finditagain\findit2\test\X51005711402.txt,True,True
X51005711403,C:\Users\jay\Downloads\finditagain\findit2\train\X51005711403.png,REAL,FindItAgain-SROIE,train,group_0224,932,1865,615b2f42b9a7937cdf2768a50ab52b04e835e7d7eb7d60afdfacbf6ca878c688,e4dd16d827d39a4dad96cd5ca702e3d6,263937,C:\Users\jay\Downloads\finditagain\findit2\train\X51005711403.txt,False,False
X51005711404,C:\Users\jay\Downloads\finditagain\findit2\val\X51005711404.png,EDITED,FindItAgain-SROIE,val,group_0225,932,1780,c783120e802e965e9f7864bc0f78af2146b369cb83d820aca9e345b6386e19f8,6b4bdcc1c51321ea8b70ffa1880c0447,497122,C:\Users\jay\Downloads\finditagain\findit2\val\X51005711404.txt,True,True
X51005711441,C:\Users\jay\Downloads\finditagain\findit2\train\X51005711441.png,REAL,FindItAgain-SROIE,train,group_0226,932,1784,e82cae7902d1b40f42c7726312dae9a15ef60be1b82c7f930bd3329708bf0ea9,7a382f5766b67486b9dc88e7f327b9a1,272224,C:\Users\jay\Downloads\finditagain\findit2\train\X51005711441.txt,False,False
X51005711442,C:\Users\jay\Downloads\finditagain\findit2\train\X51005711442.png,REAL,FindItAgain-SROIE,train,group_0227,932,1869,2a061dfa9eeabb19e74ddb5da008ae076d8fdb688ddce88346d53417011af56a,091fdb1094c95076ac1adf3ef3caecc5,265766,C:\Users\jay\Downloads\finditagain\findit2\train\X51005711442.txt,False,False
X51005711443,C:\Users\jay\Downloads\finditagain\findit2\train\X51005711443.png,EDITED,FindItAgain-SROIE,train,group_0228,932,1866,8e511a1b71379b0702470f0b22c1ac17c7980d61bc94f277e22a9acd5dbf4411,c87f3676c8da3b2430748813df63acbb,503192,C:\Users\jay\Downloads\finditagain\findit2\train\X51005711443.txt,True,True
X51005711444,C:\Users\jay\Downloads\finditagain\findit2\train\X51005711444.png,REAL,FindItAgain-SROIE,train,group_0229,932,1695,d737175a5238114a445d5865959e6420d4e0cce70e31db40d8918bb527aab257,f2a0d545569b39e1517806f58cc13531,261045,C:\Users\jay\Downloads\finditagain\findit2\train\X51005711444.txt,False,False
X51005711445,C:\Users\jay\Downloads\finditagain\findit2\train\X51005711445.png,REAL,FindItAgain-SROIE,train,group_0230,932,1783,96700fbbfd7001aedc6033a7afb20f1f82913adeb4ae50073617e05b5f4d7a88,db24971baf5687102bf3cd6bee95b143,256240,C:\Users\jay\Downloads\finditagain\findit2\train\X51005711445.txt,False,False
X51005711446,C:\Users\jay\Downloads\finditagain\findit2\val\X51005711446.png,REAL,FindItAgain-SROIE,val,group_0231,932,1781,af01af4a0dbc64d52108ef25c7053431a8631d1b8f568d0ec5a4c6eff7b468eb,6a4f6c0179a99d125b8711c298c0bce8,249901,C:\Users\jay\Downloads\finditagain\findit2\val\X51005711446.txt,False,False
X51005711447,C:\Users\jay\Downloads\finditagain\findit2\train\X51005711447.png,REAL,FindItAgain-SROIE,train,group_0232,932,1692,e67b29e25f03ec49d7c71aea1760ea6a807e2c96167fe97e53dc33bd129e03f4,aa1e7b198c0e6e9b04238e1d7591331f,239090,C:\Users\jay\Downloads\finditagain\findit2\train\X51005711447.txt,False,False
X51005711449,C:\Users\jay\Downloads\finditagain\findit2\train\X51005711449.png,REAL,FindItAgain-SROIE,train,group_0233,932,1704,597e9d97b03c0c9d5da852c47843e261be942c5411db6d1b6331b0139ed16ff4,35f7d095fb408295448135620b670332,225989,C:\Users\jay\Downloads\finditagain\findit2\train\X51005711449.txt,False,False
X51005711451,C:\Users\jay\Downloads\finditagain\findit2\train\X51005711451.png,REAL,FindItAgain-SROIE,train,group_0234,932,1695,8cf111fafa99c489950a61dfbb8d6788aa665cb157505d8a686dbc7b91abaf1e,71718be677c3a83c27d0baa7624f4df8,284847,C:\Users\jay\Downloads\finditagain\findit2\train\X51005711451.txt,False,False
X51005711452,C:\Users\jay\Downloads\finditagain\findit2\train\X51005711452.png,REAL,FindItAgain-SROIE,train,group_0235,920,1929,4f2575c362f4438f2e8b4f595959121f08df1a661e7e301ec54c4d5439abcdf8,9a69537faa3abe59dc189a11defe58c8,277216,C:\Users\jay\Downloads\finditagain\findit2\train\X51005711452.txt,False,False
X51005711453,C:\Users\jay\Downloads\finditagain\findit2\test\X51005711453.png,REAL,FindItAgain-SROIE,test,group_0236,920,1757,378f05208d6a18509715b955a9d9ed2601bfaeaf7568f601f33305561ce87d3e,bdb011e2311a896aed2e756436ea39cf,327783,C:\Users\jay\Downloads\finditagain\findit2\test\X51005711453.txt,False,False
X51005711454,C:\Users\jay\Downloads\finditagain\findit2\val\X51005711454.png,EDITED,FindItAgain-SROIE,val,group_0237,936,2283,f640cb0ef32e38745c353a7eb0c6cd2087f506aa0f19b53c66005692d16ad96c,1cda7009306b59c6ee4a0017ed0aba60,756166,C:\Users\jay\Downloads\finditagain\findit2\val\X51005711454.txt,True,True
X51005711456,C:\Users\jay\Downloads\finditagain\findit2\train\X51005711456.png,REAL,FindItAgain-SROIE,train,group_0238,936,2779,901df24369c6e6a0a4d9b132cd55544a4dbaa259ab03adbf380032a60eeaf5f4,cb82f12cb7c8259ab3c42cc121c1a577,398610,C:\Users\jay\Downloads\finditagain\findit2\train\X51005711456.txt,False,False
X51005712017,C:\Users\jay\Downloads\finditagain\findit2\test\X51005712017.png,REAL,FindItAgain-SROIE,test,group_0239,608,1214,f925fb8d1bdc9d2a3dba8755b4950ed780a88ac0f957ce42a57f54a937f5532a,6590d3ff7d8832f3b93c461918296abd,529793,C:\Users\jay\Downloads\finditagain\findit2\test\X51005712017.txt,False,False
X51005712021,C:\Users\jay\Downloads\finditagain\findit2\val\X51005712021.png,REAL,FindItAgain-SROIE,val,group_0240,584,1072,de7ca2eaf14fd771aff4afceaf54567cd11632ee3cdcc64d967de9863d38ee19,a32ad9b7b5edcb2f4aeac779799df47e,702295,C:\Users\jay\Downloads\finditagain\findit2\val\X51005712021.txt,False,False
X51005712038,C:\Users\jay\Downloads\finditagain\findit2\val\X51005712038.png,REAL,FindItAgain-SROIE,val,group_0241,616,1192,6417ced97796789a771e6a5fb8386c62663df0ca8d596e4582e0ecfe1d3288bb,4531f876e69d22948051de8ee05ac667,710879,C:\Users\jay\Downloads\finditagain\findit2\val\X51005712038.txt,False,False
X51005712039,C:\Users\jay\Downloads\finditagain\findit2\train\X51005712039.png,EDITED,FindItAgain-SROIE,train,group_0242,616,1182,f818080a8f16c987d4edb9a220593e0c7f396480c26f8c248adcb6ff48e8dbd6,14cab2e8fd8fbd0dd0bd52c42bbc7d7a,753247,C:\Users\jay\Downloads\finditagain\findit2\train\X51005712039.txt,True,True
X51005715006,C:\Users\jay\Downloads\finditagain\findit2\val\X51005715006.png,REAL,FindItAgain-SROIE,val,group_0243,619,931,a0a064f2847160fafa715894909ed1c3d9070f139c65e74fe4b14b8caff504d7,2b1b4eb852a40de24c445a93751f7995,178450,C:\Users\jay\Downloads\finditagain\findit2\val\X51005715006.txt,False,False
X51005715007,C:\Users\jay\Downloads\finditagain\findit2\train\X51005715007.png,REAL,FindItAgain-SROIE,train,group_0244,615,1811,0c1a9c449c00f26d663816f0443629da2d7f57ed569468cc9d0020068591e78d,1b7f03dc2980614e018b7efebf9b86bb,255762,C:\Users\jay\Downloads\finditagain\findit2\train\X51005715007.txt,False,False
X51005715010,C:\Users\jay\Downloads\finditagain\findit2\train\X51005715010.png,REAL,FindItAgain-SROIE,train,group_0245,615,1727,fc9c60efd79bbf1908b72fe3dd0f76d7d99815e5a6fe5aa63a616f83d79a11e6,c05550c4b5d498eba4d831be9899ab7b,261157,C:\Users\jay\Downloads\finditagain\findit2\train\X51005715010.txt,False,False
X51005715451,C:\Users\jay\Downloads\finditagain\findit2\train\X51005715451.png,REAL,FindItAgain-SROIE,train,group_0246,615,1491,8d2ec95ba600f0883c5ade4fc351b9a7bce09fd6bc75450b670ca2818c113901,3fbf0eac1de181842d5b8c09f659b0df,273535,C:\Users\jay\Downloads\finditagain\findit2\train\X51005715451.txt,False,False
X51005715455,C:\Users\jay\Downloads\finditagain\findit2\train\X51005715455.png,REAL,FindItAgain-SROIE,train,group_0247,591,1123,62418606eed441c334b6eeb9d1ee58b05d135cb5ccf1606591109b612af35bd0,0db018f341ea071626347eff35ed7831,170351,C:\Users\jay\Downloads\finditagain\findit2\train\X51005715455.txt,False,False
X51005715456,C:\Users\jay\Downloads\finditagain\findit2\train\X51005715456.png,REAL,FindItAgain-SROIE,train,group_0248,607,1295,aa9a5aed0b6f5ddf74446baa6ab137a4ee61edc135314c56ff63ba77fe499fb6,b4c93aca9335c7207fdbf2d3f4883a40,234599,C:\Users\jay\Downloads\finditagain\findit2\train\X51005715456.txt,False,False
X51005717526,C:\Users\jay\Downloads\finditagain\findit2\train\X51005717526.png,REAL,FindItAgain-SROIE,train,group_0249,600,1312,4b8ff9b5cbefd04cf749d5f0ee01bb7534f8a84228967903b923ba135baba2f5,4e1add9960a5b5c11fa8510b7ce9369a,756266,C:\Users\jay\Downloads\finditagain\findit2\train\X51005717526.txt,False,False
X51005719814,C:\Users\jay\Downloads\finditagain\findit2\train\X51005719814.png,REAL,FindItAgain-SROIE,train,group_0250,936,1617,be7f742c89fab389b82b341583be29490e411564eca43c2585e43e052d4a6abc,3d7d24937447d0eae179806f91c8a2b3,330250,C:\Users\jay\Downloads\finditagain\findit2\train\X51005719814.txt,False,False
X51005719823,C:\Users\jay\Downloads\finditagain\findit2\train\X51005719823.png,EDITED,FindItAgain-SROIE,train,group_0251,884,2249,22d99b3a7f994ba4f104cd0ca191c6f2e57b7a938ee5eb03e667f75ad6f62ef0,61c485bac802ca1e68814a5187982afa,703534,C:\Users\jay\Downloads\finditagain\findit2\train\X51005719823.txt,True,True
X51005719855,C:\Users\jay\Downloads\finditagain\findit2\train\X51005719855.png,REAL,FindItAgain-SROIE,train,group_0252,932,2126,b1f225c3a0e8fc0d589407cccf36d00beb00a309ae337066b0c2dd3e837c2f1a,d84a6185bf674bfeae2d1acae9ba3b52,315588,C:\Users\jay\Downloads\finditagain\findit2\train\X51005719855.txt,False,False
X51005719856,C:\Users\jay\Downloads\finditagain\findit2\train\X51005719856.png,REAL,FindItAgain-SROIE,train,group_0021,932,2222,9f6c449b4ccb34ab40eca49c6280a321bf4b53e26c0e775ac4c79ace62de181b,d9e987afac891f95e066d872999071ae,396489,C:\Users\jay\Downloads\finditagain\findit2\train\X51005719856.txt,False,False
X51005719857,C:\Users\jay\Downloads\finditagain\findit2\train\X51005719857.png,REAL,FindItAgain-SROIE,train,group_0253,936,2211,2c7da0a45663cc9648a2fb9a45f18c45c370711f7d2511b54c5f3598e7d42bed,326f9c83e15328511b8b40d23dcb7d06,370139,C:\Users\jay\Downloads\finditagain\findit2\train\X51005719857.txt,False,False
X51005719862,C:\Users\jay\Downloads\finditagain\findit2\train\X51005719862.png,REAL,FindItAgain-SROIE,train,group_0254,884,1424,cbd96128c0114d81529973a363967ec1f36620527eaeb7b9a3909c7fa9927a06,93feb517b802d039f3fe199a98832a8b,356913,C:\Users\jay\Downloads\finditagain\findit2\train\X51005719862.txt,False,False
X51005719863,C:\Users\jay\Downloads\finditagain\findit2\train\X51005719863.png,REAL,FindItAgain-SROIE,train,group_0255,884,1940,c1fad8b33b735c8ff53b545fa429721da303b543b44ac497bdb584d33f6762a2,033d076554725b86853b15c16429345c,607561,C:\Users\jay\Downloads\finditagain\findit2\train\X51005719863.txt,False,False
X51005719864,C:\Users\jay\Downloads\finditagain\findit2\test\X51005719864.png,REAL,FindItAgain-SROIE,test,group_0256,884,1741,8d21b15fcecb1ae271ff0fd219fe4427b8c1ed9858d25e9f530fc60d5dc5f359,f979174ffa0eb4c6bf59fabfed122931,361934,C:\Users\jay\Downloads\finditagain\findit2\test\X51005719864.txt,False,False
X51005719873,C:\Users\jay\Downloads\finditagain\findit2\val\X51005719873.png,REAL,FindItAgain-SROIE,val,group_0257,932,2852,53e7f75ce4b45d38c7a5977f8b2fe45834b83eae8e46969bc169f61a0a7fdd9d,a2c1fd70c801f42afccee3ca137b5667,425913,C:\Users\jay\Downloads\finditagain\findit2\val\X51005719873.txt,False,False
X51005719874,C:\Users\jay\Downloads\finditagain\findit2\val\X51005719874.png,REAL,FindItAgain-SROIE,val,group_0258,932,1368,65ef54f86de22d79aff3be3f0cb9df368124aae54910750968a6a0e1cdad2e42,4c4ed363307d684842225b91749c5a2c,238801,C:\Users\jay\Downloads\finditagain\findit2\val\X51005719874.txt,False,False
X51005719882,C:\Users\jay\Downloads\finditagain\findit2\train\X51005719882.png,REAL,FindItAgain-SROIE,train,group_0259,884,1610,b1a853f4a0a1e4811fa30e15cbc0e70d5c4a9c080e74b1d2b1930b19ecbdfaf9,fd678d0edf2ffe580f2434dfc47820c9,366905,C:\Users\jay\Downloads\finditagain\findit2\train\X51005719882.txt,False,False
X51005719883,C:\Users\jay\Downloads\finditagain\findit2\train\X51005719883.png,REAL,FindItAgain-SROIE,train,group_0260,884,1597,a187d5054b86cef257c53a0178da345786d658bcab17d7c1cfc9f060218e0531,4d6c43e8446d1b054b5c5aba66100c77,306379,C:\Users\jay\Downloads\finditagain\findit2\train\X51005719883.txt,False,False
X51005719886,C:\Users\jay\Downloads\finditagain\findit2\train\X51005719886.png,REAL,FindItAgain-SROIE,train,group_0261,932,1708,8005bb80da617e3e156ff1d903402757176ee6b215c1f1f8b01775beb8633996,5d43acc2ea7df8c72f473b141abef945,236686,C:\Users\jay\Downloads\finditagain\findit2\train\X51005719886.txt,False,False
X51005719888,C:\Users\jay\Downloads\finditagain\findit2\train\X51005719888.png,EDITED,FindItAgain-SROIE,train,group_0262,936,1892,b6c7b077d24be67fec1d3cb7febdc7dc8798b180aa6cbc28e670368db41cc4d0,8b97a337149a673047236021daade67a,1783346,C:\Users\jay\Downloads\finditagain\findit2\train\X51005719888.txt,True,True
X51005719889,C:\Users\jay\Downloads\finditagain\findit2\train\X51005719889.png,REAL,FindItAgain-SROIE,train,group_0263,928,2174,c4795fde0fa2bd0eee96e58dc288393a6d975543c8abeae967fa1a6a537f3150,c23e72e9fb479c0f7115a134adf8aba1,326112,C:\Users\jay\Downloads\finditagain\findit2\train\X51005719889.txt,False,False
X51005719893,C:\Users\jay\Downloads\finditagain\findit2\train\X51005719893.png,REAL,FindItAgain-SROIE,train,group_0264,936,2017,914b75583dff1362712c0cba61867c49b8c0b1f6ae360320486dbd3757ac9fb2,368e0708c09010a31cb4bdee505ee940,332221,C:\Users\jay\Downloads\finditagain\findit2\train\X51005719893.txt,False,False
X51005719895,C:\Users\jay\Downloads\finditagain\findit2\val\X51005719895.png,REAL,FindItAgain-SROIE,val,group_0265,888,2662,a72fff55d20606020b034dc26ea81fdfdf7c4d9b968f9a3ca5aee1d0591492a6,fb06df2bc67af062065a4a2d56b6d4ac,460325,C:\Users\jay\Downloads\finditagain\findit2\val\X51005719895.txt,False,False
X51005719896,C:\Users\jay\Downloads\finditagain\findit2\val\X51005719896.png,REAL,FindItAgain-SROIE,val,group_0266,812,2864,56b67fc7eb950b1e45e797c0fbcac72e43ba589cb467a315f76cee099c5938c2,09312cc3002b07af9d7710db91d81715,1150242,C:\Users\jay\Downloads\finditagain\findit2\val\X51005719896.txt,False,False
X51005719898,C:\Users\jay\Downloads\finditagain\findit2\val\X51005719898.png,EDITED,FindItAgain-SROIE,val,group_0267,940,1660,1d734629a210aba39c9c80413b584d3a98e03cc895b18e0dfbe0a5c4d0b69ca7,bce6e7679e56a3dfeb1f5d28c0938848,1573447,C:\Users\jay\Downloads\finditagain\findit2\val\X51005719898.txt,True,True
X51005719899,C:\Users\jay\Downloads\finditagain\findit2\train\X51005719899.png,REAL,FindItAgain-SROIE,train,group_0268,932,1617,6e6435a0bbfa9944ba64e455c24dba783ceaf883442d3069ac943ed96c13218f,002bfcbde224173a905e5a32fc94b09c,263953,C:\Users\jay\Downloads\finditagain\findit2\train\X51005719899.txt,False,False
X51005719902,C:\Users\jay\Downloads\finditagain\findit2\train\X51005719902.png,REAL,FindItAgain-SROIE,train,group_0269,884,1963,b2c5700da8d6c38dfff63303ebd7e026925c84c46aec4ebf7f8b51fbc2cb5394,f4c3a017bf16a38088d7ca24c7fcf68d,342815,C:\Users\jay\Downloads\finditagain\findit2\train\X51005719902.txt,False,False
X51005719903,C:\Users\jay\Downloads\finditagain\findit2\train\X51005719903.png,REAL,FindItAgain-SROIE,train,group_0270,916,1694,d13e95113db9a7fe7da3c0d20c8dd7a2b117fc31acf1c22060bec0d420efe5e7,fdaaee5529bae3c786a485be183e8eee,260267,C:\Users\jay\Downloads\finditagain\findit2\train\X51005719903.txt,False,False
X51005719904,C:\Users\jay\Downloads\finditagain\findit2\val\X51005719904.png,EDITED,FindItAgain-SROIE,val,group_0271,932,1920,b4adda135efea0cf6f07a9dbc186fc360ca665883b1dcd7673ca3ae4b2940f6f,eaaa9f2a12fd275c7c081f88f21197bc,470888,C:\Users\jay\Downloads\finditagain\findit2\val\X51005719904.txt,True,True
X51005719905,C:\Users\jay\Downloads\finditagain\findit2\test\X51005719905.png,REAL,FindItAgain-SROIE,test,group_0272,936,2079,da388115fd5503f3e04593fc0093e91483b9275385fcbe9e2339e3f2c65264c4,e035191fdf695ad2487453841fdcaa22,337658,C:\Users\jay\Downloads\finditagain\findit2\test\X51005719905.txt,False,False
X51005719906,C:\Users\jay\Downloads\finditagain\findit2\train\X51005719906.png,REAL,FindItAgain-SROIE,train,group_0273,932,2253,a99ead9f698d18fa8dd477eb8a42961a8ececcc1b3b2709e24008b4d6be48e19,6c6db0e8c02c623e6ca8a49247502993,323554,C:\Users\jay\Downloads\finditagain\findit2\train\X51005719906.txt,False,False
X51005719912,C:\Users\jay\Downloads\finditagain\findit2\test\X51005719912.png,REAL,FindItAgain-SROIE,test,group_0274,816,2229,8ffe415d4233f57d028cdefce2ec299a9753d00e030deb1c5724136405c2c787,cb198c96377b42bfd0001fd71c3d3908,473885,C:\Users\jay\Downloads\finditagain\findit2\test\X51005719912.txt,False,False
X51005719914,C:\Users\jay\Downloads\finditagain\findit2\train\X51005719914.png,REAL,FindItAgain-SROIE,train,group_0275,940,2594,db937e570a711323141ea340dce886a451ce38a947f074e7093d768ddcc2d4c3,1366932dadbad674f078e81fde0c25e5,649910,C:\Users\jay\Downloads\finditagain\findit2\train\X51005719914.txt,False,False
X51005719917,C:\Users\jay\Downloads\finditagain\findit2\train\X51005719917.png,REAL,FindItAgain-SROIE,train,group_0276,932,2679,7e5322d1898cfde7d30cb8ef4d0ef60cbb4d6143fcab6581c95685f2386d5c0b,47e759a01d0347691ca0be489e15008d,425313,C:\Users\jay\Downloads\finditagain\findit2\train\X51005719917.txt,False,False
X51005722668,C:\Users\jay\Downloads\finditagain\findit2\val\X51005722668.png,REAL,FindItAgain-SROIE,val,group_0277,936,1858,4b2d0cc3dc582bfd53da10ef73c25255735ccf918bb4dc3ecc886903914d409e,e709461a2d1db53e5d59b5fa53cc5b08,281228,C:\Users\jay\Downloads\finditagain\findit2\val\X51005722668.txt,False,False
X51005722699,C:\Users\jay\Downloads\finditagain\findit2\train\X51005722699.png,EDITED,FindItAgain-SROIE,train,group_0278,936,2132,321851d6d0c806a05021962787c1c808ec222b5f017955ef9e7e97b887623c19,daacd0ebf1d0f3746faa09b614cfe7d0,610000,C:\Users\jay\Downloads\finditagain\findit2\train\X51005722699.txt,True,True
X51005724552,C:\Users\jay\Downloads\finditagain\findit2\train\X51005724552.png,REAL,FindItAgain-SROIE,train,group_0004,928,2104,9746ab03acdd638c897f8183271bd2e89c5ddc8f4fd7c1cf52078132a4848b3d,dbf9be119ff65ad9441d15c70cd6372e,672065,C:\Users\jay\Downloads\finditagain\findit2\train\X51005724552.txt,False,False
X51005724554,C:\Users\jay\Downloads\finditagain\findit2\test\X51005724554.png,REAL,FindItAgain-SROIE,test,group_0279,932,2132,328c64032ba84bbe21ad6502d676bd07a6bbceb18146f0433f5df539e0626c93,c3a33945edf829137949f5c714800d49,667419,C:\Users\jay\Downloads\finditagain\findit2\test\X51005724554.txt,False,False
X51005724609,C:\Users\jay\Downloads\finditagain\findit2\train\X51005724609.png,EDITED,FindItAgain-SROIE,train,group_0280,932,2135,697a774e60edd54fda6821c9cbbf7529034fcd94db60b72c5b7df8828fd5bc0c,ef98d6c7e5854fc71d8da245b09f4083,3993625,C:\Users\jay\Downloads\finditagain\findit2\train\X51005724609.txt,True,True
X51005724611,C:\Users\jay\Downloads\finditagain\findit2\train\X51005724611.png,REAL,FindItAgain-SROIE,train,group_0281,928,2107,d409e44e69718f656393d311386a9b813e7c54af7212f573da5f45cda274ba1a,ce50be112b69955a14046473781bcb9c,687828,C:\Users\jay\Downloads\finditagain\findit2\train\X51005724611.txt,False,False
X51005724621,C:\Users\jay\Downloads\finditagain\findit2\train\X51005724621.png,REAL,FindItAgain-SROIE,train,group_0282,932,2107,30c1ddfe37b2f6bc9aacba78c99bc74fefeab410ae4ade3ecf70d5ad09d2eefb,b0cc8602fd24d97f00e0124d080f2775,642841,C:\Users\jay\Downloads\finditagain\findit2\train\X51005724621.txt,False,False
X51005724622,C:\Users\jay\Downloads\finditagain\findit2\train\X51005724622.png,REAL,FindItAgain-SROIE,train,group_0283,932,2216,d7bb58bd1179bad8f6415b1fe09ba8e5fa2ef9f60928c2215c551b921048a006,4bbc0fc46f7404b7ef755c6b40f49c61,719258,C:\Users\jay\Downloads\finditagain\findit2\train\X51005724622.txt,False,False
X51005724623,C:\Users\jay\Downloads\finditagain\findit2\train\X51005724623.png,REAL,FindItAgain-SROIE,train,group_0284,924,2219,8988372fddd9de6f6b9f9894370bbf3aeff69df4a16622d1c893bedbdbad2d03,52702eb4d9c8c55fabf8b580baaea595,646849,C:\Users\jay\Downloads\finditagain\findit2\train\X51005724623.txt,False,False
X51005724624,C:\Users\jay\Downloads\finditagain\findit2\val\X51005724624.png,REAL,FindItAgain-SROIE,val,group_0285,932,2212,d4c6e0a5fbb1baf9a22193739c65594c1e2ee73f4aa3bf8a185440f675af54b3,bf35952098258b666a767b4e2bcb72fd,682920,C:\Users\jay\Downloads\finditagain\findit2\val\X51005724624.txt,False,False
X51005724625,C:\Users\jay\Downloads\finditagain\findit2\train\X51005724625.png,REAL,FindItAgain-SROIE,train,group_0286,928,2317,9f480a881e434bb1193d6c755e96f012bae95679f00ccc026f5065a46a606144,8a8f611e24534b672ca3dc468401938e,723945,C:\Users\jay\Downloads\finditagain\findit2\train\X51005724625.txt,False,False
X51005724626,C:\Users\jay\Downloads\finditagain\findit2\val\X51005724626.png,REAL,FindItAgain-SROIE,val,group_0287,928,2319,d92985191edd183309b5cfdbcc155db5d4e3182e223c4c3ac1f1fc1180a75dd9,7c1abea19563f77772f8d09d4b28b819,754513,C:\Users\jay\Downloads\finditagain\findit2\val\X51005724626.txt,False,False
X51005724627,C:\Users\jay\Downloads\finditagain\findit2\test\X51005724627.png,REAL,FindItAgain-SROIE,test,group_0288,944,2105,82535ae2bb7d000b2441552c53e7e28021e832f89f48ea66b74c64cffb3b36ff,50bb0ea995253226cc5a6b147fcd13ce,691024,C:\Users\jay\Downloads\finditagain\findit2\test\X51005724627.txt,False,False
X51005724628,C:\Users\jay\Downloads\finditagain\findit2\train\X51005724628.png,REAL,FindItAgain-SROIE,train,group_0289,932,2209,6608e0a027ecdf937ce40b7526879040e65d4c62c88f64167defcf3479302115,25ffba63f324c348f5652b0cf33f4aee,664388,C:\Users\jay\Downloads\finditagain\findit2\train\X51005724628.txt,False,False
X51005724629,C:\Users\jay\Downloads\finditagain\findit2\train\X51005724629.png,REAL,FindItAgain-SROIE,train,group_0290,928,2115,bdb275023b861711afaabb8d2513159ac314d87eae0af76274661cd19146bae0,81f742d69835b56182ae5a8e3d535884,680877,C:\Users\jay\Downloads\finditagain\findit2\train\X51005724629.txt,False,False
X51005741929,C:\Users\jay\Downloads\finditagain\findit2\val\X51005741929.png,REAL,FindItAgain-SROIE,val,group_0291,742,2017,672080756c83e04e6bcdb8982aac14c59931474c71adf5cef0f30327620ea570,2adcf431eb22735e29c193bd2163f64f,219904,C:\Users\jay\Downloads\finditagain\findit2\val\X51005741929.txt,False,False
X51005741944,C:\Users\jay\Downloads\finditagain\findit2\val\X51005741944.png,REAL,FindItAgain-SROIE,val,group_0292,735,1889,c12b7f31d9c0d9123044a17223c94566584c5e9c4eb075d208f6063c5597b13b,4b1cbd3388571318295acd28e74b35fd,239252,C:\Users\jay\Downloads\finditagain\findit2\val\X51005741944.txt,False,False
X51005742068,C:\Users\jay\Downloads\finditagain\findit2\train\X51005742068.png,REAL,FindItAgain-SROIE,train,group_0293,831,1331,d5e9a0f07d16d2229dacc25ae25333d9eed06b96ee330e45b1519ce6507a68ee,a788f800dccec0ae0f4b20dabea09bf9,535934,C:\Users\jay\Downloads\finditagain\findit2\train\X51005742068.txt,False,False
X51005742110,C:\Users\jay\Downloads\finditagain\findit2\train\X51005742110.png,REAL,FindItAgain-SROIE,train,group_0294,746,1212,5ba65bab33cb6b338eed1d412bfd6af0866fb580939fcefed1d00f446a79bbd7,db3ecbbed7cad64a870ce1e8daabb9eb,158677,C:\Users\jay\Downloads\finditagain\findit2\train\X51005742110.txt,False,False
X51005745183,C:\Users\jay\Downloads\finditagain\findit2\train\X51005745183.png,EDITED,FindItAgain-SROIE,train,group_0295,740,1173,12e281580eeb5880de09d03ffb00a97bdf97ca175c78e9c95f9ed51da00b8843,a84d64b84a67ed2895c189f950213791,179919,C:\Users\jay\Downloads\finditagain\findit2\train\X51005745183.txt,True,True
X51005745187,C:\Users\jay\Downloads\finditagain\findit2\val\X51005745187.png,REAL,FindItAgain-SROIE,val,group_0296,744,1335,7bd32a5f49e5cc2d58ceee8ef7c92bdb0daca75918fc08eca379d052e45d7a68,e472c65dcee928474b5f715dabe95cab,180231,C:\Users\jay\Downloads\finditagain\findit2\val\X51005745187.txt,False,False
X51005745188,C:\Users\jay\Downloads\finditagain\findit2\train\X51005745188.png,REAL,FindItAgain-SROIE,train,group_0297,706,1659,42919c6f7cb61f04211f28ec1e7483a0f068214bfc39da3615dd313df5806325,1383f6bc1341bb7bd4817c3156e29c26,219847,C:\Users\jay\Downloads\finditagain\findit2\train\X51005745188.txt,False,False
X51005745190,C:\Users\jay\Downloads\finditagain\findit2\test\X51005745190.png,REAL,FindItAgain-SROIE,test,group_0298,744,1970,ab7d7cab321e90ea4842ab9f66b4e03babba13cb679cbb48987881a25257452e,8e049b5bb098fc704a31ef1e7e68d7af,310986,C:\Users\jay\Downloads\finditagain\findit2\test\X51005745190.txt,False,False
X51005745213,C:\Users\jay\Downloads\finditagain\findit2\test\X51005745213.png,REAL,FindItAgain-SROIE,test,group_0299,704,1640,f9f86b25e33a62616a09129a37d06c7f898621a7896b070f26ddd1bf74fd3314,b5223ef719661c07ce667bba03dc755a,230528,C:\Users\jay\Downloads\finditagain\findit2\test\X51005745213.txt,False,False
X51005745214,C:\Users\jay\Downloads\finditagain\findit2\val\X51005745214.png,REAL,FindItAgain-SROIE,val,group_0300,702,1466,f54ce55ea9bc17666493b9240de3f4a7392cf81c08aff3d0d0b6746f006a5cec,699d1ec3785078cb441fa35bade1ca02,181665,C:\Users\jay\Downloads\finditagain\findit2\val\X51005745214.txt,False,False
X51005745244,C:\Users\jay\Downloads\finditagain\findit2\train\X51005745244.png,REAL,FindItAgain-SROIE,train,group_0301,742,1592,98fedc67a156d8d6a726f97c2652b9b7550660270c1075a14480f747aec9899f,176bb396d7d78080a93b44999d012267,188818,C:\Users\jay\Downloads\finditagain\findit2\train\X51005745244.txt,False,False
X51005745249,C:\Users\jay\Downloads\finditagain\findit2\train\X51005745249.png,REAL,FindItAgain-SROIE,train,group_0302,740,1863,a0f873a2050388701f720f18d080d15b6581ea709ffe5a4b75fd54ea5b379a30,f210ad157fdc61a143787c0e6ff9772e,244101,C:\Users\jay\Downloads\finditagain\findit2\train\X51005745249.txt,False,False
X51005745296,C:\Users\jay\Downloads\finditagain\findit2\train\X51005745296.png,REAL,FindItAgain-SROIE,train,group_0303,786,2184,3d9a51baeddcfa598fb55540a58e9c8b774f2cd697b48dddd07e84f49b4a4266,1b6e18d5f656058c007ab7ea77b16a13,283585,C:\Users\jay\Downloads\finditagain\findit2\train\X51005745296.txt,False,False
X51005745298,C:\Users\jay\Downloads\finditagain\findit2\test\X51005745298.png,REAL,FindItAgain-SROIE,test,group_0304,749,1433,1a2cf28aab44d7d4fee2ccaaedd3e815469eace0fbffc444ac541c744a5dc3cc,66228f7ea9f48af891c7ee8f7499faa4,219758,C:\Users\jay\Downloads\finditagain\findit2\test\X51005745298.txt,False,False
X51005746140,C:\Users\jay\Downloads\finditagain\findit2\train\X51005746140.png,REAL,FindItAgain-SROIE,train,group_0305,744,1244,d166010e8507b191ec2bbe5c475eb1575fed0921f365c719843f0f0f7c363f59,57e89a1e79894904ec417b23365adfe6,175885,C:\Users\jay\Downloads\finditagain\findit2\train\X51005746140.txt,False,False
X51005746203,C:\Users\jay\Downloads\finditagain\findit2\train\X51005746203.png,REAL,FindItAgain-SROIE,train,group_0306,744,2171,14e1984bfb9cd215b256973fcad473110529408f7b4c0e9c5c5541b8fffa686a,89d7aec5669e02c3a33ea88a0aa591a9,348090,C:\Users\jay\Downloads\finditagain\findit2\train\X51005746203.txt,False,False
X51005746204,C:\Users\jay\Downloads\finditagain\findit2\train\X51005746204.png,REAL,FindItAgain-SROIE,train,group_0307,705,1473,96ee3972a8ecd26231a5cbdc81bb5458288e46009749e05a0e44b81a9ce85109,9c7920500ba7246e111b1b0172dbc9a6,194650,C:\Users\jay\Downloads\finditagain\findit2\train\X51005746204.txt,False,False
X51005746206,C:\Users\jay\Downloads\finditagain\findit2\test\X51005746206.png,REAL,FindItAgain-SROIE,test,group_0308,731,1701,b9134668dcf824abac4777d7547d86af4867fb3b304e2ca7187ef4e9411a3106,cb246cbb05527e2fb798a7640afe24a0,192396,C:\Users\jay\Downloads\finditagain\findit2\test\X51005746206.txt,False,False
X51005746207,C:\Users\jay\Downloads\finditagain\findit2\train\X51005746207.png,REAL,FindItAgain-SROIE,train,group_0309,745,2001,ae1a295b4cd4f736cd581298fed5c434090883ef0c1e17888895684769d788e4,ee90c85f22bab076ddf51cd4459be1e5,301579,C:\Users\jay\Downloads\finditagain\findit2\train\X51005746207.txt,False,False
X51005746210,C:\Users\jay\Downloads\finditagain\findit2\train\X51005746210.png,REAL,FindItAgain-SROIE,train,group_0310,705,2287,61b867fe9838ead6ea3fa56cbaaa6411fb5336014db96789d6c99968ab100eee,1b72e75b3c29356201ef9df0a295a08d,305557,C:\Users\jay\Downloads\finditagain\findit2\train\X51005746210.txt,False,False
X51005749895,C:\Users\jay\Downloads\finditagain\findit2\test\X51005749895.png,REAL,FindItAgain-SROIE,test,group_0311,934,2132,9e9ed98fd6b9143639a2080ac0622cce09677fa2567f4b73dd70dde530614283,a522af80e6eb7bcb168beacb3342a317,608968,C:\Users\jay\Downloads\finditagain\findit2\test\X51005749895.txt,False,False
X51005749904,C:\Users\jay\Downloads\finditagain\findit2\train\X51005749904.png,REAL,FindItAgain-SROIE,train,group_0312,884,1698,c73afe6bfe9f0ca288c35f92924f672ce8cb2115634191459b1df92afafe4e1e,7dcb20d68cc39257eb3602a0d4d7b254,516186,C:\Users\jay\Downloads\finditagain\findit2\train\X51005749904.txt,False,False
X51005749905,C:\Users\jay\Downloads\finditagain\findit2\train\X51005749905.png,REAL,FindItAgain-SROIE,train,group_0313,942,2020,65b42bd1f892f9f024c36f7093fbbaa33f57cda9e17e0d2cb72187aff7fbeb80,91026927d66da7741fd82ce0e6aa17d4,372543,C:\Users\jay\Downloads\finditagain\findit2\train\X51005749905.txt,False,False
X51005749912,C:\Users\jay\Downloads\finditagain\findit2\val\X51005749912.png,REAL,FindItAgain-SROIE,val,group_0314,932,1838,36a62fa0acdf904258e5fbd6b79260940cb0cc9801bb58855045b70cda3c0c68,a0d136ffb17538b5a6efe72fa5ea8f5b,541995,C:\Users\jay\Downloads\finditagain\findit2\val\X51005749912.txt,False,False
X51005757199,C:\Users\jay\Downloads\finditagain\findit2\train\X51005757199.png,EDITED,FindItAgain-SROIE,train,group_0315,711,1662,e21d4f51cf3298cf5d2173cb85e77a7f83dda6f9fdecc39171ad6f3ef82a854a,a15377594e9dfb891d5564b088344b95,1258221,C:\Users\jay\Downloads\finditagain\findit2\train\X51005757199.txt,True,True
X51005757201,C:\Users\jay\Downloads\finditagain\findit2\train\X51005757201.png,REAL,FindItAgain-SROIE,train,group_0316,704,2587,e40775739f6287b4c13b7cbbb0e047c525c5a51ca1471eae51b3d401fa2890af,076be9deb04ec30ee02110a870d7fc8f,1987506,C:\Users\jay\Downloads\finditagain\findit2\train\X51005757201.txt,False,False
X51005757220,C:\Users\jay\Downloads\finditagain\findit2\test\X51005757220.png,REAL,FindItAgain-SROIE,test,group_0317,706,1798,605c6b1592d502f3c88f10fbd5120b4cfeff2f2298854ceb1992a775d1cbbb99,6c6ba4856236e128839434a217470c8b,1316717,C:\Users\jay\Downloads\finditagain\findit2\test\X51005757220.txt,False,False
X51005757233,C:\Users\jay\Downloads\finditagain\findit2\test\X51005757233.png,REAL,FindItAgain-SROIE,test,group_0318,618,1541,28bedb70c10f33e641298991f3a8dd40f1e1bc390244efb58b2671397bb1cd45,06551a64b4c81ac52afb5ec97c3bc499,1251974,C:\Users\jay\Downloads\finditagain\findit2\test\X51005757233.txt,False,False
X51005757235,C:\Users\jay\Downloads\finditagain\findit2\train\X51005757235.png,REAL,FindItAgain-SROIE,train,group_0319,706,1640,c662a3ff1dfc3c740a01b721d78a6f9966ab1856f83c2381ada07c3736014dcf,316ed09c095dd0afb68a60ae58c2bcfe,1179443,C:\Users\jay\Downloads\finditagain\findit2\train\X51005757235.txt,False,False
X51005757243,C:\Users\jay\Downloads\finditagain\findit2\test\X51005757243.png,EDITED,FindItAgain-SROIE,test,group_0320,708,1652,2f571b5493d472d76d40c55ae7174ff3bc8b8a77b49a8890bb66386b0e54e100,4cadb0f751359f1336812f36a38e0d9a,1302810,C:\Users\jay\Downloads\finditagain\findit2\test\X51005757243.txt,True,True
X51005757248,C:\Users\jay\Downloads\finditagain\findit2\test\X51005757248.png,REAL,FindItAgain-SROIE,test,group_0321,705,1844,c8489aa81f7d5cfb3aa85235ecfaa738e666866416bf8e60e1531f1a55506990,2ca332864eb985e3c14c684cf7349a19,1403424,C:\Users\jay\Downloads\finditagain\findit2\test\X51005757248.txt,False,False
X51005757273,C:\Users\jay\Downloads\finditagain\findit2\train\X51005757273.png,REAL,FindItAgain-SROIE,train,group_0322,711,1313,dabf09bc4ed510b0b033c0261a19abb2fe46ae8b0f78374780676ff3cf94561b,1c1143b277d9462947a15f9303037749,980368,C:\Users\jay\Downloads\finditagain\findit2\train\X51005757273.txt,False,False
X51005757282,C:\Users\jay\Downloads\finditagain\findit2\val\X51005757282.png,REAL,FindItAgain-SROIE,val,group_0323,689,1530,712c7d58b51a72ea190a342b6d26633b77ce02cb5077028cb11f96c38fade6c6,d041dc8eeb1ee83b5d61deba3a734c38,1159962,C:\Users\jay\Downloads\finditagain\findit2\val\X51005757282.txt,False,False
X51005757286,C:\Users\jay\Downloads\finditagain\findit2\train\X51005757286.png,REAL,FindItAgain-SROIE,train,group_0324,710,1208,aa0228def97319d57e9cb0a77ad655680a97fde51251d8e4469c97d1b04c07b3,ad6e81ac472d20d12c07ee26254e43f6,909513,C:\Users\jay\Downloads\finditagain\findit2\train\X51005757286.txt,False,False
X51005757290,C:\Users\jay\Downloads\finditagain\findit2\train\X51005757290.png,REAL,FindItAgain-SROIE,train,group_0325,714,1463,3c9f434e26fe726a12186f848a9da23f8a01430490f73d1e042bf399d3c4d248,cc902e7992bacd6cd46454bfd7b5fed7,1152437,C:\Users\jay\Downloads\finditagain\findit2\train\X51005757290.txt,False,False
X51005757292,C:\Users\jay\Downloads\finditagain\findit2\val\X51005757292.png,REAL,FindItAgain-SROIE,val,group_0326,709,1233,019a165b08e79b451a1174a8623f305e1ab5fbde50d2aafec15ba744000030a9,b9e51d04ec3ffd392a2e7e811612f304,929001,C:\Users\jay\Downloads\finditagain\findit2\val\X51005757292.txt,False,False
X51005757294,C:\Users\jay\Downloads\finditagain\findit2\train\X51005757294.png,REAL,FindItAgain-SROIE,train,group_0327,710,1227,b9a59483ec362617f62d4d64e7160eb5d683ad9877a757527c445b2f868916d1,58d1a385111862f80d3de4a5a69e5849,926305,C:\Users\jay\Downloads\finditagain\findit2\train\X51005757294.txt,False,False
X51005757304,C:\Users\jay\Downloads\finditagain\findit2\val\X51005757304.png,EDITED,FindItAgain-SROIE,val,group_0328,703,1784,a269e41e6016d012071424204000dee56eeb6d951bbce7ed74218ad93d099157,c432c729f65408c3c11d4ce1306b70ba,1315270,C:\Users\jay\Downloads\finditagain\findit2\val\X51005757304.txt,True,True
X51005757308,C:\Users\jay\Downloads\finditagain\findit2\train\X51005757308.png,REAL,FindItAgain-SROIE,train,group_0329,710,1724,b247c017a00002821f57893b1bf52c5f74321cfee9119e230d70fc44bdd2aa8a,460585901cca32c834ab2665654511e9,1390699,C:\Users\jay\Downloads\finditagain\findit2\train\X51005757308.txt,False,False
X51005757323,C:\Users\jay\Downloads\finditagain\findit2\val\X51005757323.png,REAL,FindItAgain-SROIE,val,group_0330,710,1451,ea653a4bf7b7520eea94dc2c10d10fa5cbb23664f485d6af65e50c612410257b,e12b0a6b7fd9abb9382d2e974085cfd4,1115936,C:\Users\jay\Downloads\finditagain\findit2\val\X51005757323.txt,False,False
X51005757324,C:\Users\jay\Downloads\finditagain\findit2\test\X51005757324.png,REAL,FindItAgain-SROIE,test,group_0331,708,1330,3daf535a37e2ea1fc4c1e091dbe907fca855d79389f8635cf927124b086b2e02,41cd3c9de19cf5cf97a00d153a60f0fc,1035590,C:\Users\jay\Downloads\finditagain\findit2\test\X51005757324.txt,False,False
X51005757342,C:\Users\jay\Downloads\finditagain\findit2\train\X51005757342.png,REAL,FindItAgain-SROIE,train,group_0332,708,1400,911b8bc6fc7da326dea31f6806927a5c955044b06eed28954ee0246b2323e0f7,494d75dfd2f757afd618aedff89efab4,1087236,C:\Users\jay\Downloads\finditagain\findit2\train\X51005757342.txt,False,False
X51005757346,C:\Users\jay\Downloads\finditagain\findit2\val\X51005757346.png,REAL,FindItAgain-SROIE,val,group_0333,708,1302,f4f7149ff4bb405bf7d1b7e483d99f67b33c82cd0bcde21586eb2b7146ec526e,acc5cff7146f7caf2080d82c18ca8019,992100,C:\Users\jay\Downloads\finditagain\findit2\val\X51005757346.txt,False,False
X51005757349,C:\Users\jay\Downloads\finditagain\findit2\test\X51005757349.png,EDITED,FindItAgain-SROIE,test,group_0334,703,1373,1d9b30d352f166cd821335197b8ad64a6f2f6205eeeb3e5eaae90fe49aa34968,e7efc782642b0052c0a9294d9c76a03d,2908800,C:\Users\jay\Downloads\finditagain\findit2\test\X51005757349.txt,True,True
X51005757351,C:\Users\jay\Downloads\finditagain\findit2\train\X51005757351.png,REAL,FindItAgain-SROIE,train,group_0335,703,1328,ebbb6e798623e3ef436be48d6e64629e4a2c0e5faa4551066c3180a2fb5ab0d2,1666fa5b8115e8d44caca3cf0d5e793b,992188,C:\Users\jay\Downloads\finditagain\findit2\train\X51005757351.txt,False,False
X51005757353,C:\Users\jay\Downloads\finditagain\findit2\train\X51005757353.png,EDITED,FindItAgain-SROIE,train,group_0336,698,1448,e915593809837ead4e9ed890745270a334f420a91a3b653c5225690f3866f1e5,1a2ea19799fa968ff3faf4386c26ee4f,1161057,C:\Users\jay\Downloads\finditagain\findit2\train\X51005757353.txt,True,True
X51005763940,C:\Users\jay\Downloads\finditagain\findit2\train\X51005763940.png,REAL,FindItAgain-SROIE,train,group_0337,740,1946,cf525de10f9e56aa4120f7d37e917d8412d9f638f122c4478f9f19e88a80f89e,cc968800adba72324a452b0744067003,242548,C:\Users\jay\Downloads\finditagain\findit2\train\X51005763940.txt,False,False
X51005763958,C:\Users\jay\Downloads\finditagain\findit2\train\X51005763958.png,REAL,FindItAgain-SROIE,train,group_0338,742,1625,338d041d6a5774d894d3fe2a75cb07e7d7644880cf72e36db4f3ad008920818c,889775ed5460fe11ebcf1c9b3c40bd99,232253,C:\Users\jay\Downloads\finditagain\findit2\train\X51005763958.txt,False,False
X51005763964,C:\Users\jay\Downloads\finditagain\findit2\val\X51005763964.png,REAL,FindItAgain-SROIE,val,group_0339,745,1217,bfcd6757e7ec23a310cb2407bb916d6138f7e510938c0cd418ecde100dc3a0b4,da5586f1ede839aa538191dbe479b34a,158961,C:\Users\jay\Downloads\finditagain\findit2\val\X51005763964.txt,False,False
X51005763999,C:\Users\jay\Downloads\finditagain\findit2\train\X51005763999.png,REAL,FindItAgain-SROIE,train,group_0340,711,2106,095276755aab1ea36333003e1d727d731dd7103deffe36a4309203dd5ce2d5d7,e5d8acc45994303501841f44476d0726,315469,C:\Users\jay\Downloads\finditagain\findit2\train\X51005763999.txt,False,False
X51005764031,C:\Users\jay\Downloads\finditagain\findit2\train\X51005764031.png,REAL,FindItAgain-SROIE,train,group_0341,747,1866,9989343976c6436c6c2c0b8351afcaf259c252b5c7a746418116ad26bf1e2ffa,36b994906e4aad0561268493e4173b24,267835,C:\Users\jay\Downloads\finditagain\findit2\train\X51005764031.txt,False,False
X51005764154,C:\Users\jay\Downloads\finditagain\findit2\val\X51005764154.png,REAL,FindItAgain-SROIE,val,group_0342,730,1778,f2c26292fceb8fac921860f43ec4b522de81998f56022aeb79338c3e236875b9,b214d33f84752852a083b4e56a443634,217137,C:\Users\jay\Downloads\finditagain\findit2\val\X51005764154.txt,False,False
X51005764161,C:\Users\jay\Downloads\finditagain\findit2\test\X51005764161.png,REAL,FindItAgain-SROIE,test,group_0343,705,1373,61ec6407669c30a0014d4e05ade737ca3fadbc01511501db583edf1ba3231c66,018aebe4224a03b39e17914ec2a6c53a,175788,C:\Users\jay\Downloads\finditagain\findit2\test\X51005764161.txt,False,False
X51005806678,C:\Users\jay\Downloads\finditagain\findit2\val\X51005806678.png,REAL,FindItAgain-SROIE,val,group_0344,986,2559,e37e36b09c0a44a581e0b39876ab2dda30bde43e608c847a9c611a2fc9cdeefe,ce82b37db6f4a70eb019028b1d6a1fad,3030066,C:\Users\jay\Downloads\finditagain\findit2\val\X51005806678.txt,False,False
X51005806679,C:\Users\jay\Downloads\finditagain\findit2\train\X51005806679.png,REAL,FindItAgain-SROIE,train,group_0345,986,2559,b246ef9144664e182222ef63d7596ce18223d42f95a32a7e15bb7234c9003aeb,75cf20cdb081e14a6c4626fa8e9c1dd2,3134264,C:\Users\jay\Downloads\finditagain\findit2\train\X51005806679.txt,False,False
X51005806685,C:\Users\jay\Downloads\finditagain\findit2\test\X51005806685.png,REAL,FindItAgain-SROIE,test,group_0346,747,1180,9ee148c955d6c5f654090677c972e37f5ebd740b2db459dcaf47bdace2a9ca7e,a65cc72a0224b02f67307d24d82b6032,1249402,C:\Users\jay\Downloads\finditagain\findit2\test\X51005806685.txt,False,False
X51005806692,C:\Users\jay\Downloads\finditagain\findit2\train\X51005806692.png,EDITED,FindItAgain-SROIE,train,group_0347,808,2360,2e699b1cca478a33b988ffb385cb620888551ba44cecbae224d85a5dab3d8fbf,6ee1d242e00cd4fb48cea88551b0e711,3109091,C:\Users\jay\Downloads\finditagain\findit2\train\X51005806692.txt,True,True
X51005806695,C:\Users\jay\Downloads\finditagain\findit2\train\X51005806695.png,REAL,FindItAgain-SROIE,train,group_0348,842,1280,997427870fd01f276c75224d421983467bfd4a93191b5e8a93e4264868753c4d,04982dd45afde9378e4587922491a3e6,1544517,C:\Users\jay\Downloads\finditagain\findit2\train\X51005806695.txt,False,False
X51005806696,C:\Users\jay\Downloads\finditagain\findit2\val\X51005806696.png,REAL,FindItAgain-SROIE,val,group_0349,792,1141,fe2eed26d4d60cdce29ac6ab35dbadc16f8501f1309b8c8bf961c61f0c70906f,94583a3c0cbf5eeef758ed2dc004cc67,1291981,C:\Users\jay\Downloads\finditagain\findit2\val\X51005806696.txt,False,False
X51005806698,C:\Users\jay\Downloads\finditagain\findit2\train\X51005806698.png,REAL,FindItAgain-SROIE,train,group_0350,687,1246,039fc923da1c62a9524e5f882a77fcb21a439bc8e8f942d5e0044e391d0f89a4,681619be7610dec9b8c30e51744baff4,1208045,C:\Users\jay\Downloads\finditagain\findit2\train\X51005806698.txt,False,False
X51005806702,C:\Users\jay\Downloads\finditagain\findit2\val\X51005806702.png,EDITED,FindItAgain-SROIE,val,group_0351,841,1424,1f6dfbd5506f09e660941e8013a37b1f5e83044466d6cc4e31510e9755eac436,aeea7f276f9d9b830ae311c2f5fc9c6b,1587301,C:\Users\jay\Downloads\finditagain\findit2\val\X51005806702.txt,True,True
X51005806703,C:\Users\jay\Downloads\finditagain\findit2\train\X51005806703.png,REAL,FindItAgain-SROIE,train,group_0352,864,1617,42adf3b50fb18bafbe004f2895efd86614709a559d88839fde1651dbab58cfc4,f4a17ddc34c8484a02fe7bc80c5046bb,2010159,C:\Users\jay\Downloads\finditagain\findit2\train\X51005806703.txt,False,False
X51005806716,C:\Users\jay\Downloads\finditagain\findit2\train\X51005806716.png,REAL,FindItAgain-SROIE,train,group_0353,770,1290,48e3663a97d0d87ea9e0b05ce02c386ca44a104c2b87ac6f5f7cd2cad094eb2f,b0cdb3b053489104cc701f0065302f6a,1355082,C:\Users\jay\Downloads\finditagain\findit2\train\X51005806716.txt,False,False
X51005806718,C:\Users\jay\Downloads\finditagain\findit2\train\X51005806718.png,REAL,FindItAgain-SROIE,train,group_0354,786,1579,0d8c956535c1df5f0b924038fa3bc17a25db3ddf92997ab3af4375961fdce1c3,ab6b987f8d60dcd128f8a92064b6e2a4,1858533,C:\Users\jay\Downloads\finditagain\findit2\train\X51005806718.txt,False,False
X51005806719,C:\Users\jay\Downloads\finditagain\findit2\train\X51005806719.png,REAL,FindItAgain-SROIE,train,group_0355,864,1373,78c9098af73c56a60b0bf344bba6cfa5b028e86907bab6c0ded5fae1b6c711f0,f5e4e7f1b61ec898a91bde15abebcc34,1525058,C:\Users\jay\Downloads\finditagain\findit2\train\X51005806719.txt,False,False
X51005806720,C:\Users\jay\Downloads\finditagain\findit2\train\X51005806720.png,REAL,FindItAgain-SROIE,train,group_0356,736,1407,1a6814bae8696c9fe664803e7f0966bff0a6e700d085a1d4e0bad65452e0b906,0c88e6cb307ffb995d2063dfeadb6901,1531216,C:\Users\jay\Downloads\finditagain\findit2\train\X51005806720.txt,False,False
X51005889296,C:\Users\jay\Downloads\finditagain\findit2\train\X51005889296.png,REAL,FindItAgain-SROIE,train,group_0357,619,1331,d8739f2f340b327aba12b49d586fd80dba3063d14c9660aa2ffa8d435f3cfa61,4cccf43f23a8164bd1f6dd35ef43d697,503562,C:\Users\jay\Downloads\finditagain\findit2\train\X51005889296.txt,False,False
X51006008057,C:\Users\jay\Downloads\finditagain\findit2\train\X51006008057.png,REAL,FindItAgain-SROIE,train,group_0358,724,2007,1552f391d0e02c07370c48e3ad24a0ffa3bed27cf81dd5a1bf3dd38bbaff1009,dd0966fa268a6bf05ceede297a670767,1385005,C:\Users\jay\Downloads\finditagain\findit2\train\X51006008057.txt,False,False
X51006008073,C:\Users\jay\Downloads\finditagain\findit2\test\X51006008073.png,REAL,FindItAgain-SROIE,test,group_0359,813,1337,6217e262b6d703b8b2f1106b0744243f41a41ef7687986db7d24da5dad603622,c528c1ef6b54e7c4c5b30ca489df6d56,1256177,C:\Users\jay\Downloads\finditagain\findit2\test\X51006008073.txt,False,False
X51006008074,C:\Users\jay\Downloads\finditagain\findit2\train\X51006008074.png,REAL,FindItAgain-SROIE,train,group_0360,748,1457,8a311de0907f61015ed4bfeb93d3c6d6dc96d8e8f344825de39bb34f9abc743d,691460f5715fff873c500f5bf559db7c,1027617,C:\Users\jay\Downloads\finditagain\findit2\train\X51006008074.txt,False,False
X51006008081,C:\Users\jay\Downloads\finditagain\findit2\train\X51006008081.png,REAL,FindItAgain-SROIE,train,group_0361,723,1197,b994106ef82a5e4be2610db6c5f086c4b5e3e390838dc828ef358fb8446e8a26,1cad8ded390730f41f8c32ca5ea80986,1096589,C:\Users\jay\Downloads\finditagain\findit2\train\X51006008081.txt,False,False
X51006008082,C:\Users\jay\Downloads\finditagain\findit2\test\X51006008082.png,REAL,FindItAgain-SROIE,test,group_0362,775,1593,d0bd5334bd405a91f550e66b41b910d55cfa827c18ecf512b5b426c2601ca430,75aea8a31716d6c3d6067b8092d31f1a,1500710,C:\Users\jay\Downloads\finditagain\findit2\test\X51006008082.txt,False,False
X51006008083,C:\Users\jay\Downloads\finditagain\findit2\train\X51006008083.png,REAL,FindItAgain-SROIE,train,group_0363,765,1281,3fa8f7c5acf3bb718f08b15808f128ec341e4af62332b534740f2f081d4f0f7f,c4288ccffc1e8e5c7c8e4f043b712663,1212152,C:\Users\jay\Downloads\finditagain\findit2\train\X51006008083.txt,False,False
X51006008086,C:\Users\jay\Downloads\finditagain\findit2\val\X51006008086.png,EDITED,FindItAgain-SROIE,val,group_0364,754,1863,6d358db533af3ddd2c9964b4432830f829ba1f7c0f70a66c1a44cf5587b02958,4977afad24cbfc1081d574cdfdbbcf51,1543612,C:\Users\jay\Downloads\finditagain\findit2\val\X51006008086.txt,True,True
X51006008089,C:\Users\jay\Downloads\finditagain\findit2\test\X51006008089.png,REAL,FindItAgain-SROIE,test,group_0365,744,2177,e1b9447c564fe429a30de0c90cd499c3ccf8853202a8cb44f253b9103b9b3a78,2980d5f20aeb938d8d35bd016228b896,1649119,C:\Users\jay\Downloads\finditagain\findit2\test\X51006008089.txt,False,False
X51006008090,C:\Users\jay\Downloads\finditagain\findit2\train\X51006008090.png,REAL,FindItAgain-SROIE,train,group_0366,744,2318,3c340e0a39482f27b917e08463f3d56d71a7a466b8ba3b7df0dd43fce71bfcce,b05feb74029d0e33d0083574824c948a,1820307,C:\Users\jay\Downloads\finditagain\findit2\train\X51006008090.txt,False,False
X51006008091,C:\Users\jay\Downloads\finditagain\findit2\train\X51006008091.png,REAL,FindItAgain-SROIE,train,group_0022,746,1824,ed34ab2b13dd5fd305b9ea4f656fe5f0dbb5eaf27eddfc326672114b5b3de5bc,88c1df7b935c801ded9f3d9ed2dea4f8,1379909,C:\Users\jay\Downloads\finditagain\findit2\train\X51006008091.txt,False,False
X51006008092,C:\Users\jay\Downloads\finditagain\findit2\train\X51006008092.png,REAL,FindItAgain-SROIE,train,group_0367,745,2094,90d6e7fb9da2255e286eca4735730429a46dab8e6613c8a610b91a3935031cf3,c722c041ad9aaba8435aa0e06c306e47,1551034,C:\Users\jay\Downloads\finditagain\findit2\train\X51006008092.txt,False,False
X51006008093,C:\Users\jay\Downloads\finditagain\findit2\train\X51006008093.png,REAL,FindItAgain-SROIE,train,group_0368,743,1737,083b9e02cfed2cf8ebabfbbe4769b40b4b31476f2207e23c5b615877bd298b91,3f995c1dc964881a6809476f45dadad1,1295123,C:\Users\jay\Downloads\finditagain\findit2\train\X51006008093.txt,False,False
X51006008095,C:\Users\jay\Downloads\finditagain\findit2\val\X51006008095.png,REAL,FindItAgain-SROIE,val,group_0023,744,1286,09fb9e03c6ff6014aeec44853ad9fc9a2e6d68b357e435d038dbc01b2e227fbd,6783ce408f54f5f55e7cc66960adc9b4,989661,C:\Users\jay\Downloads\finditagain\findit2\val\X51006008095.txt,False,False
X51006008105,C:\Users\jay\Downloads\finditagain\findit2\test\X51006008105.png,REAL,FindItAgain-SROIE,test,group_0369,745,1680,e09e363f224c1d08780b6738cb0a238b49c0afefc48088f4e5ce59dd0bea1cba,c85c259483a65890d68db218509b281c,1364625,C:\Users\jay\Downloads\finditagain\findit2\test\X51006008105.txt,False,False
X51006008166,C:\Users\jay\Downloads\finditagain\findit2\val\X51006008166.png,REAL,FindItAgain-SROIE,val,group_0370,734,1616,5b7be6e0a3d1250d1955116a80ba5bab1c3f1b32ca3d531d6e2bae7ec5755c78,a2557458b543abae2624dc15db598464,1198516,C:\Users\jay\Downloads\finditagain\findit2\val\X51006008166.txt,False,False
X51006008197,C:\Users\jay\Downloads\finditagain\findit2\train\X51006008197.png,REAL,FindItAgain-SROIE,train,group_0371,746,768,3c118a82bf314ce4b8c78fa902040b6f581138df755f21acdd68811f5bcba67d,caea9bff8a31741b0c698c2aedfec81a,625183,C:\Users\jay\Downloads\finditagain\findit2\train\X51006008197.txt,False,False
X51006008206,C:\Users\jay\Downloads\finditagain\findit2\test\X51006008206.png,EDITED,FindItAgain-SROIE,test,group_0372,747,1219,8db2ce3d44431b3dd42ae02c2e2a022bc1f1e07a915db28ecf12b7430fb96845,2fe41a90dff41dff44b30b5240449f5f,955947,C:\Users\jay\Downloads\finditagain\findit2\test\X51006008206.txt,True,True
X51006248253,C:\Users\jay\Downloads\finditagain\findit2\val\X51006248253.png,EDITED,FindItAgain-SROIE,val,group_0373,867,1641,93ecb2a031de352b07858baae81103e7eb7950e8d36850fb5ca99aeb298ab3ff,007df9d4f2c85dc5dc1a6f1261fc7938,1409239,C:\Users\jay\Downloads\finditagain\findit2\val\X51006248253.txt,True,True
X51006311714,C:\Users\jay\Downloads\finditagain\findit2\train\X51006311714.png,REAL,FindItAgain-SROIE,train,group_0374,791,1897,ccad8cbd2bf323db792c1dee6ff9b6fc0ec4665822b101ba1e0b4fad21a5966b,bbd7a2f5c2063d82e54f9ce8f483655e,1581751,C:\Users\jay\Downloads\finditagain\findit2\train\X51006311714.txt,False,False
X51006311758,C:\Users\jay\Downloads\finditagain\findit2\train\X51006311758.png,REAL,FindItAgain-SROIE,train,group_0375,949,2153,fc0e261ef120bc4919ec4789e0abc352de60d26f5c31eda57e1613edadfbd27b,8ad2f71da741862530cd1b118e1faf0a,1653086,C:\Users\jay\Downloads\finditagain\findit2\train\X51006311758.txt,False,False
X51006311764,C:\Users\jay\Downloads\finditagain\findit2\val\X51006311764.png,EDITED,FindItAgain-SROIE,val,group_0376,873,1733,a1d8ff53d68b28d1a7eea9872311e4a709006339967168b5a9276cd9d291a7bd,559c1e25f28720c37fc7e59cce178d50,4558430,C:\Users\jay\Downloads\finditagain\findit2\val\X51006311764.txt,True,True
X51006311767,C:\Users\jay\Downloads\finditagain\findit2\train\X51006311767.png,REAL,FindItAgain-SROIE,train,group_0377,932,2050,cc34b19922a99eb0192169d123df763028522119445a521a71c8be5e339dcb54,009b16ae7a4ce5ed126db742152eb220,1581438,C:\Users\jay\Downloads\finditagain\findit2\train\X51006311767.txt,False,False
X51006311778,C:\Users\jay\Downloads\finditagain\findit2\train\X51006311778.png,REAL,FindItAgain-SROIE,train,group_0378,828,2022,727057cf28836db62031147b1c93eb609b0b932f12cc5afc8eb21aa14b76519f,e62591f0491eee59f725cc301f38b65c,1963495,C:\Users\jay\Downloads\finditagain\findit2\train\X51006311778.txt,False,False
X51006311779,C:\Users\jay\Downloads\finditagain\findit2\val\X51006311779.png,REAL,FindItAgain-SROIE,val,group_0379,807,2033,37db7e0af631664afde864d29dee3289c160ad9be0b7fb959ae28b22469fef40,5f5ff6161e178276c8b5972aa0827cf5,1588108,C:\Users\jay\Downloads\finditagain\findit2\val\X51006311779.txt,False,False
X51006311780,C:\Users\jay\Downloads\finditagain\findit2\val\X51006311780.png,REAL,FindItAgain-SROIE,val,group_0380,850,2023,5d440d9a784ddab427e043ac540f571f4e8bdfe1973690dbc67895e149f31d19,d05660b4172244ab81203195c903b0a7,1892344,C:\Users\jay\Downloads\finditagain\findit2\val\X51006311780.txt,False,False
X51006327953,C:\Users\jay\Downloads\finditagain\findit2\val\X51006327953.png,REAL,FindItAgain-SROIE,val,group_0381,724,1440,74c40afe148a828f260bb1d251adfc22e347718c6eefc4d0f31e579d0a39fcab,acb03c65a26243c30ec4aea842806583,179877,C:\Users\jay\Downloads\finditagain\findit2\val\X51006327953.txt,False,False
X51006327960,C:\Users\jay\Downloads\finditagain\findit2\test\X51006327960.png,REAL,FindItAgain-SROIE,test,group_0382,700,1386,262d12b72109bd951b872eacebbaaf6e730b38da734ea9fdc45992093c602e29,ebe28f928d9b0a89e16d3b60828d17ee,188093,C:\Users\jay\Downloads\finditagain\findit2\test\X51006327960.txt,False,False
X51006327976,C:\Users\jay\Downloads\finditagain\findit2\train\X51006327976.png,REAL,FindItAgain-SROIE,train,group_0383,741,1892,91c50abb46bbe68a6d45aba15f6fe1014dfa50068b0e08e295378b954915db9e,bedf12e9724dc0ff3c4cfaca2abb90ee,264621,C:\Users\jay\Downloads\finditagain\findit2\train\X51006327976.txt,False,False
X51006327978,C:\Users\jay\Downloads\finditagain\findit2\train\X51006327978.png,REAL,FindItAgain-SROIE,train,group_0384,702,2053,0823c707e7cec7521148971e0cffe221ce1fde38d6db3a8c99441af4e2dbd760,9bb129758afe4b39485e3c93ae644622,233524,C:\Users\jay\Downloads\finditagain\findit2\train\X51006327978.txt,False,False
X51006328345,C:\Users\jay\Downloads\finditagain\findit2\train\X51006328345.png,REAL,FindItAgain-SROIE,train,group_0385,703,1423,eaf1cf3963dca4242a69f596a1718a0325f8c3af6b0f1b7f7b186bc13479da56,1487ecb50e2cc396843422419c2477ee,199129,C:\Users\jay\Downloads\finditagain\findit2\train\X51006328345.txt,False,False
X51006328913,C:\Users\jay\Downloads\finditagain\findit2\val\X51006328913.png,REAL,FindItAgain-SROIE,val,group_0024,725,1388,bafdf2e8240772ce5a7f91f9002affc1e7f527d447c6958ffd6807782993a59a,9563d2981c6b12809438a02624fbdef4,190214,C:\Users\jay\Downloads\finditagain\findit2\val\X51006328913.txt,False,False
X51006328919,C:\Users\jay\Downloads\finditagain\findit2\test\X51006328919.png,REAL,FindItAgain-SROIE,test,group_0025,744,1458,2d0d4cb0508ae28b22b964a40fffb7d1100dbc9e25ef8204299640f5a49fa0ee,d2eea01af17dac5932ba95830b323dae,158864,C:\Users\jay\Downloads\finditagain\findit2\test\X51006328919.txt,False,False
X51006328920,C:\Users\jay\Downloads\finditagain\findit2\train\X51006328920.png,REAL,FindItAgain-SROIE,train,group_0386,742,1449,7df235e796ed47e52926366b6623146d7ef0285fab8bb23906da87e92e59e9a7,4dcd5661d77e42909c28fb5e9fff84d5,159644,C:\Users\jay\Downloads\finditagain\findit2\train\X51006328920.txt,False,False
X51006328937,C:\Users\jay\Downloads\finditagain\findit2\train\X51006328937.png,REAL,FindItAgain-SROIE,train,group_0026,703,1819,ac1c575c73502a34382646f52e8b3f7e1b33e549fee3820a978348ded1a3309b,882d1de86135557f2c6a71183f296ecd,173650,C:\Users\jay\Downloads\finditagain\findit2\train\X51006328937.txt,False,False
X51006328967,C:\Users\jay\Downloads\finditagain\findit2\train\X51006328967.png,REAL,FindItAgain-SROIE,train,group_0027,703,1779,3cb3a4d38e7ae713d0d5302973a1f9ba5889f8692a7cfca2765e2e1e63a5ce75,9b65396adfacc36f27f78c60d4760e94,193033,C:\Users\jay\Downloads\finditagain\findit2\train\X51006328967.txt,False,False
X51006329183,C:\Users\jay\Downloads\finditagain\findit2\test\X51006329183.png,EDITED,FindItAgain-SROIE,test,group_0387,741,2164,0080cd4d9760cbf5826ab98cad9769e4c30d9051d8ec630334fed7be37928346,6bc23de838dbcb137b465b37887f5690,229037,C:\Users\jay\Downloads\finditagain\findit2\test\X51006329183.txt,True,True
X51006329388,C:\Users\jay\Downloads\finditagain\findit2\test\X51006329388.png,REAL,FindItAgain-SROIE,test,group_0024,725,1388,bf269acdd2ba32b2c7b245aae9a11465948ea34738370898bebd59a730d31a2f,5a67811e328099b85b854a9356fa2ab5,190214,C:\Users\jay\Downloads\finditagain\findit2\test\X51006329388.txt,False,False
X51006329395,C:\Users\jay\Downloads\finditagain\findit2\val\X51006329395.png,REAL,FindItAgain-SROIE,val,group_0025,744,1458,1f17d961570a3ee791dcda7818c3ba1c5104e553c98b70c1699164e0168e60df,c0afb4a2a82ea53d611b4809d1eed51e,157954,C:\Users\jay\Downloads\finditagain\findit2\val\X51006329395.txt,False,False
X51006329399,C:\Users\jay\Downloads\finditagain\findit2\train\X51006329399.png,REAL,FindItAgain-SROIE,train,group_0026,703,1819,829b2c70f5d9153bf28969211ac961f6ae3b62262a58e1b9b146b667270da2a7,628de77766b6778a29c56c7c0671b174,173650,C:\Users\jay\Downloads\finditagain\findit2\train\X51006329399.txt,False,False
X51006329402,C:\Users\jay\Downloads\finditagain\findit2\train\X51006329402.png,REAL,FindItAgain-SROIE,train,group_0388,702,1433,f01b720e3ee4bd11e645450bcf9f25723312d13b5cee14eb0a95200a32cbedb1,a040682ed93904d1e25cc6d8134045dd,226936,C:\Users\jay\Downloads\finditagain\findit2\train\X51006329402.txt,False,False
X51006332575,C:\Users\jay\Downloads\finditagain\findit2\train\X51006332575.png,REAL,FindItAgain-SROIE,train,group_0027,703,1779,933011667fb8d75946c133a23b8a1f7135592644f0fbe32a468649e8d5c06adc,7ca42789d6124acfefd0e9476458c08f,193033,C:\Users\jay\Downloads\finditagain\findit2\train\X51006332575.txt,False,False
X51006332641,C:\Users\jay\Downloads\finditagain\findit2\train\X51006332641.png,REAL,FindItAgain-SROIE,train,group_0389,708,1173,5decd1b0c806ce73687a0a490781c8ff04f82d46d9b575c98b588d5e346925d4,a76ca0043b2f4a976728e08a9f3ea681,167757,C:\Users\jay\Downloads\finditagain\findit2\train\X51006332641.txt,False,False
X51006332649,C:\Users\jay\Downloads\finditagain\findit2\train\X51006332649.png,REAL,FindItAgain-SROIE,train,group_0390,707,1722,3d90f1db6d40de179e519143cd8cd4a7e0e5a223a40f48c664c46081d1013a0b,1978587264bfbe1329666f94850fcf9b,256489,C:\Users\jay\Downloads\finditagain\findit2\train\X51006332649.txt,False,False
X51006334139,C:\Users\jay\Downloads\finditagain\findit2\train\X51006334139.png,REAL,FindItAgain-SROIE,train,group_0391,701,1162,298f44edbf884e54ff825b8cb4154e0bee29a44c50003b367d6a8758c56d3e52,ab66247dc5802f622d560d7144f4cafc,199121,C:\Users\jay\Downloads\finditagain\findit2\train\X51006334139.txt,False,False
X51006334699,C:\Users\jay\Downloads\finditagain\findit2\train\X51006334699.png,REAL,FindItAgain-SROIE,train,group_0392,696,2213,2660424c29bad409a5bc1a527de3a49f1634af884c2fcd8a9691e2170ac6fe00,5e9bc5a6aaa85010bca4ae9d2346a0a9,289572,C:\Users\jay\Downloads\finditagain\findit2\train\X51006334699.txt,False,False
X51006334741,C:\Users\jay\Downloads\finditagain\findit2\test\X51006334741.png,REAL,FindItAgain-SROIE,test,group_0393,684,1674,b57d358e38eb38c9da252d9796d8f25ae655aa0cd89b569dffad646bb2cef0f0,2aa6e51fe7881fcf387fd43c3eb7d783,249319,C:\Users\jay\Downloads\finditagain\findit2\test\X51006334741.txt,False,False
X51006334742,C:\Users\jay\Downloads\finditagain\findit2\train\X51006334742.png,REAL,FindItAgain-SROIE,train,group_0394,742,1885,0cf9fe9e695acb71af9202cded39ffe6f08a8c6b76c6dd74f7ae048c929b0eb8,dcdcbdf7b733acbd4ab003193bf01197,197896,C:\Users\jay\Downloads\finditagain\findit2\train\X51006334742.txt,False,False
X51006334766,C:\Users\jay\Downloads\finditagain\findit2\train\X51006334766.png,REAL,FindItAgain-SROIE,train,group_0395,738,1619,6b74adb063b1243d8d2d7ff14f8b3bf2dc4132f439d9ffe504fde0eca9fef76f,50d0c9243e0c361edfa4da67a4aae409,201308,C:\Users\jay\Downloads\finditagain\findit2\train\X51006334766.txt,False,False
X51006334770,C:\Users\jay\Downloads\finditagain\findit2\val\X51006334770.png,REAL,FindItAgain-SROIE,val,group_0396,739,1654,054a048ba7896c1f2393513fbd661f668fd24167beac2d17c45b6eeb2f4469f6,f1b436c80650149ffcbca4752d57d2b6,224575,C:\Users\jay\Downloads\finditagain\findit2\val\X51006334770.txt,False,False
X51006334819,C:\Users\jay\Downloads\finditagain\findit2\val\X51006334819.png,REAL,FindItAgain-SROIE,val,group_0397,708,1449,0c44fe44d1ecf4ea944a3e7c1bb8c6309acab061d750ad98d67e0f12ad562a54,2f4a572387c6991af6cacd0d032dbf97,216586,C:\Users\jay\Downloads\finditagain\findit2\val\X51006334819.txt,False,False
X51006334926,C:\Users\jay\Downloads\finditagain\findit2\train\X51006334926.png,REAL,FindItAgain-SROIE,train,group_0398,729,1936,85df2f631dca9a626378148831c6fbd02829165c9d582a2033bf3788a3fdb28d,bf052719ef3a49749f706af54128670a,234368,C:\Users\jay\Downloads\finditagain\findit2\train\X51006334926.txt,False,False
X51006334927,C:\Users\jay\Downloads\finditagain\findit2\train\X51006334927.png,REAL,FindItAgain-SROIE,train,group_0399,744,1416,8c693704526fde95608b448cd184ddc81fbc79bcc9475675a8da54dba73c33c4,ea23adb3c43a60bb46e08380d0e52c1a,156857,C:\Users\jay\Downloads\finditagain\findit2\train\X51006334927.txt,False,False
X51006335314,C:\Users\jay\Downloads\finditagain\findit2\train\X51006335314.png,REAL,FindItAgain-SROIE,train,group_0400,748,1574,8b524d625d0f69e378e89e767e7ff212706031a260023808266f626193445476,0afbcb690cbdadabfd70d7f510876317,192413,C:\Users\jay\Downloads\finditagain\findit2\train\X51006335314.txt,False,False
X51006335547,C:\Users\jay\Downloads\finditagain\findit2\val\X51006335547.png,REAL,FindItAgain-SROIE,val,group_0401,705,1394,523d1a28f2f33f1103f45a4b0d3574d35f6c4b103881fc7b047308d1e3e50c1e,fb9d6e13b57de3c1372377231903fbd9,178296,C:\Users\jay\Downloads\finditagain\findit2\val\X51006335547.txt,False,False
X51006335552,C:\Users\jay\Downloads\finditagain\findit2\test\X51006335552.png,REAL,FindItAgain-SROIE,test,group_0402,704,2452,c9d93b5f083afe46d1c3007aeaec8813fefb1543a339d77a94ae89039ac7223c,4b5a2fe3a357992e978ebba55d0988fe,382363,C:\Users\jay\Downloads\finditagain\findit2\test\X51006335552.txt,False,False
X51006335818,C:\Users\jay\Downloads\finditagain\findit2\test\X51006335818.png,REAL,FindItAgain-SROIE,test,group_0403,698,1708,1df197a533523b3f579ed6202a17c24baf5011c986114e8f6a4e8b176ae402b1,fed1ea43b844def0eeeddebed89ba1a0,237493,C:\Users\jay\Downloads\finditagain\findit2\test\X51006335818.txt,False,False
X51006349081,C:\Users\jay\Downloads\finditagain\findit2\train\X51006349081.png,REAL,FindItAgain-SROIE,train,group_0404,753,1343,87e8775e46ec97faf84b6d479d1c47982406c5c55d8b20edb47c6b378532ca29,02e16aa47f3caa4dddca669f5e0a5bc1,598025,C:\Users\jay\Downloads\finditagain\findit2\train\X51006349081.txt,False,False
X51006349083,C:\Users\jay\Downloads\finditagain\findit2\train\X51006349083.png,REAL,FindItAgain-SROIE,train,group_0405,738,1780,0e4b4f6dae34c6e87c65f1bb3b244d77dfa877b35c533628eaf33fb617e13bfe,adc774a572fce09ae9ad0ac704632785,801771,C:\Users\jay\Downloads\finditagain\findit2\train\X51006349083.txt,False,False
X51006349085,C:\Users\jay\Downloads\finditagain\findit2\train\X51006349085.png,EDITED,FindItAgain-SROIE,train,group_0406,753,1554,02e1ea3e46c3dac381ede348f757d4662a97e56931dd8d00b1dd0166095eb1cb,3f604e58aceec29c35c02dfdd568a0c1,4701401,C:\Users\jay\Downloads\finditagain\findit2\train\X51006349085.txt,True,True
X51006349086,C:\Users\jay\Downloads\finditagain\findit2\test\X51006349086.png,REAL,FindItAgain-SROIE,test,group_0407,522,954,45ee2213838e2771c0b01fc3c03cf822d1c5f3c7ecd40c1c0f3f8a9d6ed2a64e,833774b6c506c1baea8e7e95609a8241,409736,C:\Users\jay\Downloads\finditagain\findit2\test\X51006349086.txt,False,False
X51006350737,C:\Users\jay\Downloads\finditagain\findit2\test\X51006350737.png,REAL,FindItAgain-SROIE,test,group_0408,734,1343,245c34feb6e8ef039c3088496663a7f8b6eb12102e4703d54f82179e35443526,63bf5b01dec579f9ee49d47bf53157cc,625095,C:\Users\jay\Downloads\finditagain\findit2\test\X51006350737.txt,False,False
X51006350750,C:\Users\jay\Downloads\finditagain\findit2\train\X51006350750.png,REAL,FindItAgain-SROIE,train,group_0409,700,1574,cedf74589d24f906dd651ceeff3e89b113847c9d2b350b2187d4438fc1e33ee9,6d83b451771682abd15b3d4ea58bf75b,677221,C:\Users\jay\Downloads\finditagain\findit2\train\X51006350750.txt,False,False
X51006350763,C:\Users\jay\Downloads\finditagain\findit2\train\X51006350763.png,REAL,FindItAgain-SROIE,train,group_0410,705,1564,f1e636354da2f8b896ce1385cbcac8fec124a4db3f1e185da7abd5a3777df93e,774d52cd303eb31e54414574be2733bd,652424,C:\Users\jay\Downloads\finditagain\findit2\train\X51006350763.txt,False,False
X51006387660,C:\Users\jay\Downloads\finditagain\findit2\train\X51006387660.png,REAL,FindItAgain-SROIE,train,group_0411,702,1728,593e7399b5e617566d91362f713d2fb690b98790173d36426a3f8a37c2f275f9,b9da08d7a5fe3f30c3ba925cc8a6c555,213291,C:\Users\jay\Downloads\finditagain\findit2\train\X51006387660.txt,False,False
X51006387737,C:\Users\jay\Downloads\finditagain\findit2\test\X51006387737.png,REAL,FindItAgain-SROIE,test,group_0412,703,1373,cb8b6b8ccd92ef3a56f37ae810cd5edba1b9cf081199aecbe1da6eb6138b2f9f,3257e3e4d71e341a2dbb00683aed9634,192273,C:\Users\jay\Downloads\finditagain\findit2\test\X51006387737.txt,False,False
X51006387740,C:\Users\jay\Downloads\finditagain\findit2\train\X51006387740.png,REAL,FindItAgain-SROIE,train,group_0413,740,1483,b56f7087c629b089b66543bb1caca125395e41c298a7327a3fae9aa48cb6038a,a4b09467467d72af26c192bcf3a88a31,205860,C:\Users\jay\Downloads\finditagain\findit2\train\X51006387740.txt,False,False
X51006387812,C:\Users\jay\Downloads\finditagain\findit2\val\X51006387812.png,REAL,FindItAgain-SROIE,val,group_0414,705,1877,ff88190b1975c8390d43c61a4974f346b6124e80dae461ffd0834fd1b453b968,fc62e424cb62eb3855154b5a8bfc755e,243389,C:\Users\jay\Downloads\finditagain\findit2\val\X51006387812.txt,False,False
X51006387813,C:\Users\jay\Downloads\finditagain\findit2\train\X51006387813.png,REAL,FindItAgain-SROIE,train,group_0415,740,2465,121fbadcc5eb73cbe56b1a1863ad8fbb6217be48533b82984f772586a44ebe93,e0b7bc33436804d3a9583fcb00ba8b2a,447432,C:\Users\jay\Downloads\finditagain\findit2\train\X51006387813.txt,False,False
X51006387847,C:\Users\jay\Downloads\finditagain\findit2\train\X51006387847.png,REAL,FindItAgain-SROIE,train,group_0416,707,1688,e7fe4efb65774b4ec0330ed5ccca226735526fa34c6642942253afc9c5ad77f5,289a2f5e2b2596f27998f73ce4c68a57,236353,C:\Users\jay\Downloads\finditagain\findit2\train\X51006387847.txt,False,False
X51006387850,C:\Users\jay\Downloads\finditagain\findit2\train\X51006387850.png,REAL,FindItAgain-SROIE,train,group_0417,709,1283,6a59b4d28fbef45ab6aee4e80f92e441655359947ae9f6394dc078a75edc1cea,9270c3edba87daf6839abbe3f8d3854a,198628,C:\Users\jay\Downloads\finditagain\findit2\train\X51006387850.txt,False,False
X51006387931,C:\Users\jay\Downloads\finditagain\findit2\train\X51006387931.png,REAL,FindItAgain-SROIE,train,group_0418,522,1085,2b28bee780ac86ccb432d6ad26d051581adcbd482a0263299dc4d34b734f95e3,a733c31e489742d0128a01c644bb94ee,245438,C:\Users\jay\Downloads\finditagain\findit2\train\X51006387931.txt,False,False
X51006387932,C:\Users\jay\Downloads\finditagain\findit2\test\X51006387932.png,REAL,FindItAgain-SROIE,test,group_0419,742,1196,e6c6ce1fd0bbbd9328ee10bd9db68ef8c3379089aa1cb7656efeea0f2ab44cad,c6d69dd007139f4420c7faf037166fb4,323420,C:\Users\jay\Downloads\finditagain\findit2\test\X51006387932.txt,False,False
X51006387950,C:\Users\jay\Downloads\finditagain\findit2\val\X51006387950.png,REAL,FindItAgain-SROIE,val,group_0420,522,1091,0f2f5a186eecd220f257d67917d8828251c991c9b456a9823c92000d722f982d,1af2970bcf29433a9c20e4bb587e1d61,239900,C:\Users\jay\Downloads\finditagain\findit2\val\X51006387950.txt,False,False
X51006387951,C:\Users\jay\Downloads\finditagain\findit2\train\X51006387951.png,REAL,FindItAgain-SROIE,train,group_0421,523,1087,4a0c67e4eaa1d20b0d0610f8b70b0ba348fc08fe96c837b734922809084f0459,75b0a3145103ff4d92c6365d20a89b47,241188,C:\Users\jay\Downloads\finditagain\findit2\train\X51006387951.txt,False,False
X51006387953,C:\Users\jay\Downloads\finditagain\findit2\train\X51006387953.png,REAL,FindItAgain-SROIE,train,group_0422,524,1078,15d506acb429cdb2fa2b5c9914eed3cb255d4fe82b4614da59d1ae6514e02e17,dc902044c156fb5260467a3ce4d3e82d,250660,C:\Users\jay\Downloads\finditagain\findit2\train\X51006387953.txt,False,False
X51006387971,C:\Users\jay\Downloads\finditagain\findit2\train\X51006387971.png,REAL,FindItAgain-SROIE,train,group_0423,704,1513,286060f5b6a4660c5cdb286eebbecf9da3e824e3da13267869467ee17cea2979,9c133271a9547f790344ce5d539456fa,442529,C:\Users\jay\Downloads\finditagain\findit2\train\X51006387971.txt,False,False
X51006387973,C:\Users\jay\Downloads\finditagain\findit2\val\X51006387973.png,REAL,FindItAgain-SROIE,val,group_0424,723,2793,0a1b6a6390f4777a6dba6b1af0ccac12819763a0af8ed3e200602a887ca02308,350232707f4cdd153f3dc98204c818b2,706977,C:\Users\jay\Downloads\finditagain\findit2\val\X51006387973.txt,False,False
X51006388044,C:\Users\jay\Downloads\finditagain\findit2\test\X51006388044.png,EDITED,FindItAgain-SROIE,test,group_0425,705,1474,fa70e204165e4f62313154f23445cf6107c3873179b4aadf804e7f2037e40f3c,5e070cc1e831cf5384c0535d6717c609,1052726,C:\Users\jay\Downloads\finditagain\findit2\test\X51006388044.txt,True,True
X51006388064,C:\Users\jay\Downloads\finditagain\findit2\train\X51006388064.png,REAL,FindItAgain-SROIE,train,group_0426,708,1699,f0fde599cf2e48f5179eb2aa0cff80ef24f4cbe847b75e57db1c4c7ca169b731,adc12f7a9bd79ac278e70ccd17308847,485311,C:\Users\jay\Downloads\finditagain\findit2\train\X51006388064.txt,False,False
X51006388065,C:\Users\jay\Downloads\finditagain\findit2\test\X51006388065.png,REAL,FindItAgain-SROIE,test,group_0427,705,1276,f57df064c57c310d249fd8b9f9af2f53a2384a51007e9e0f3b67f7fa023d61e4,8e61f950cd53ae35f9d49812214164c4,358498,C:\Users\jay\Downloads\finditagain\findit2\test\X51006388065.txt,False,False
X51006388066,C:\Users\jay\Downloads\finditagain\findit2\val\X51006388066.png,REAL,FindItAgain-SROIE,val,group_0428,738,1238,272200436b2c55d98ae96ba98c639b985d90627b9165eeb4d410bbfbc60bfd66,391caba588820d6d6c674e7b40343949,352282,C:\Users\jay\Downloads\finditagain\findit2\val\X51006388066.txt,False,False
X51006388068,C:\Users\jay\Downloads\finditagain\findit2\train\X51006388068.png,REAL,FindItAgain-SROIE,train,group_0429,702,1961,abe8a5f46dd742d54f22de69bf5bdbe6e6be2ada10b453be44df23b74b47fa20,5c22cac185f6ec8ecd5f678da5e5a174,513357,C:\Users\jay\Downloads\finditagain\findit2\train\X51006388068.txt,False,False
X51006388069,C:\Users\jay\Downloads\finditagain\findit2\test\X51006388069.png,REAL,FindItAgain-SROIE,test,group_0430,712,1957,3d92e7a3358dffc95ea3cea38d9252b468de8fc2a3e9622a18e6887c081bc7ec,6f58cba2d1ea8274aa494d899ab108de,528064,C:\Users\jay\Downloads\finditagain\findit2\test\X51006388069.txt,False,False
X51006388081,C:\Users\jay\Downloads\finditagain\findit2\train\X51006388081.png,REAL,FindItAgain-SROIE,train,group_0431,706,1557,cae465a05b79c73e0d300275100b534a2d75a79c72bc3651a2ea3a5de09978cd,beace195509271ccbfc9016542b19272,427042,C:\Users\jay\Downloads\finditagain\findit2\train\X51006388081.txt,False,False
X51006388082,C:\Users\jay\Downloads\finditagain\findit2\train\X51006388082.png,REAL,FindItAgain-SROIE,train,group_0432,701,1399,abde19fa53882c068d3c0a59285f13d7e5a010d514a65336a061e59eb1b61738,04690a3407cc9dc9da7b826feb4d254f,379315,C:\Users\jay\Downloads\finditagain\findit2\train\X51006388082.txt,False,False
X51006388089,C:\Users\jay\Downloads\finditagain\findit2\train\X51006388089.png,REAL,FindItAgain-SROIE,train,group_0433,709,1214,6b0d79529dd1043299bda1c6b09f00193538b8940408c29c26c788375814def6,56983ee4ef37ec218d9ad40a20effe13,353785,C:\Users\jay\Downloads\finditagain\findit2\train\X51006388089.txt,False,False
X51006389865,C:\Users\jay\Downloads\finditagain\findit2\train\X51006389865.png,REAL,FindItAgain-SROIE,train,group_0434,938,1961,e65606629ec956735aaf858868bd8b6da728763a9668f625b3b84bf1875f6a28,41957c02a7ef16943095577c07647fec,314852,C:\Users\jay\Downloads\finditagain\findit2\train\X51006389865.txt,False,False
X51006389884,C:\Users\jay\Downloads\finditagain\findit2\train\X51006389884.png,REAL,FindItAgain-SROIE,train,group_0435,888,2269,574352df577d6f55d565afaa3dc881a02676ed08316a26aad67fd6efa56115d3,95e635bb577a87b87d8641de548634a8,777662,C:\Users\jay\Downloads\finditagain\findit2\train\X51006389884.txt,False,False
X51006389888,C:\Users\jay\Downloads\finditagain\findit2\train\X51006389888.png,REAL,FindItAgain-SROIE,train,group_0436,888,2276,b36d66f8d1e4028cf9bfdeef247c488076226a25ffbe4048396f02dee38ebbf3,197d7ebd24585f300c09de861a16a77e,885464,C:\Users\jay\Downloads\finditagain\findit2\train\X51006389888.txt,False,False
X51006389893,C:\Users\jay\Downloads\finditagain\findit2\train\X51006389893.png,REAL,FindItAgain-SROIE,train,group_0437,890,2264,c9e49e3d874e05359a8423eceb9b3c22d3c1cf77d4e11701e286631a6e3c2534,789fe4581304a4d0bf5d4a3548033328,906145,C:\Users\jay\Downloads\finditagain\findit2\train\X51006389893.txt,False,False
X51006389894,C:\Users\jay\Downloads\finditagain\findit2\train\X51006389894.png,REAL,FindItAgain-SROIE,train,group_0438,885,1791,9269812ac848a87c6c5371483caf15cd5cb6857addc419d32bbb5bab895ed1da,817cb9eeebc1492cda51407f620dc84c,333233,C:\Users\jay\Downloads\finditagain\findit2\train\X51006389894.txt,False,False
X51006389898,C:\Users\jay\Downloads\finditagain\findit2\train\X51006389898.png,REAL,FindItAgain-SROIE,train,group_0439,935,1915,44f0071a7884cdc5f52849dfc304de3a399761047454e63e19e4ff7df9e59ac6,98ea3183ac295839fcefa0a483728364,234865,C:\Users\jay\Downloads\finditagain\findit2\train\X51006389898.txt,False,False
X51006389963,C:\Users\jay\Downloads\finditagain\findit2\test\X51006389963.png,REAL,FindItAgain-SROIE,test,group_0440,935,3296,5459df1869bca922d7d12a6fc1dc3f4f6539ff203e5ee7f0ff9b3b2b584f5bb5,a5595f78dd51381f00864f34e57cdca8,510663,C:\Users\jay\Downloads\finditagain\findit2\test\X51006389963.txt,False,False
X51006392122,C:\Users\jay\Downloads\finditagain\findit2\test\X51006392122.png,REAL,FindItAgain-SROIE,test,group_0441,708,1463,edc21a69daafb752dda1b36de3ba2a8802ad17aeefc6271472ef8df2418441fc,03f4164f336e58afebb8daf6902ea9ee,402928,C:\Users\jay\Downloads\finditagain\findit2\test\X51006392122.txt,False,False
X51006392167,C:\Users\jay\Downloads\finditagain\findit2\train\X51006392167.png,REAL,FindItAgain-SROIE,train,group_0442,745,1158,5d9718a0a2e74dbbbbb4534174489fff2ca6953b843f8a59ca7ae2bc0f0bb712,0bf179cae1db43c9e58d3b10f083b4bb,328855,C:\Users\jay\Downloads\finditagain\findit2\train\X51006392167.txt,False,False
X51006392273,C:\Users\jay\Downloads\finditagain\findit2\train\X51006392273.png,REAL,FindItAgain-SROIE,train,group_0443,698,1372,dbd7de0de2702d6ac6592886247bc2c2ce0ff192177f6da94221d0ba40f52b45,fae9104fa0ea6b34ee4b245abd587b1e,366598,C:\Users\jay\Downloads\finditagain\findit2\train\X51006392273.txt,False,False
X51006392299,C:\Users\jay\Downloads\finditagain\findit2\train\X51006392299.png,EDITED,FindItAgain-SROIE,train,group_0444,751,1370,78fba82a28d41e7cb585b50a14524d76b7b6ee94dbcfaf4f579772e0955c6768,e16e1828b7681d360e79492f408b5916,340767,C:\Users\jay\Downloads\finditagain\findit2\train\X51006392299.txt,True,True
X51006392313,C:\Users\jay\Downloads\finditagain\findit2\train\X51006392313.png,REAL,FindItAgain-SROIE,train,group_0445,744,1787,99b98e094e1e1e43e2fae7597cef758e9d199d8c2d9997a254c90982aa1dadf5,940b901e5c7ee0dbddcc7fab0024149f,517413,C:\Users\jay\Downloads\finditagain\findit2\train\X51006392313.txt,False,False
X51006393376,C:\Users\jay\Downloads\finditagain\findit2\train\X51006393376.png,REAL,FindItAgain-SROIE,train,group_0446,594,1105,635d74cc3cbb17bfd2eed6ff3c41a335613bacd1a458221e1bbd8878ed1d9ffa,1ab3ef8f86ff9fd7154a001d7e4b34da,258790,C:\Users\jay\Downloads\finditagain\findit2\train\X51006393376.txt,False,False
X51006393377,C:\Users\jay\Downloads\finditagain\findit2\val\X51006393377.png,EDITED,FindItAgain-SROIE,val,group_0447,592,1563,8941c3d0d872af60a28a510a442705d9e18fe6ef0b19093bb0388d47e4b7916c,fd815b8407c3b11590ac771897d2e78b,662532,C:\Users\jay\Downloads\finditagain\findit2\val\X51006393377.txt,True,True
X51006401723,C:\Users\jay\Downloads\finditagain\findit2\test\X51006401723.png,REAL,FindItAgain-SROIE,test,group_0028,735,1689,e6f3b58ddd06df5cd5217d99449d09d2d9660585f2ebbf4f45fded3bf8b9e88f,b1734b1e457d6020ab14b90e179745a4,463380,C:\Users\jay\Downloads\finditagain\findit2\test\X51006401723.txt,False,False
X51006401836,C:\Users\jay\Downloads\finditagain\findit2\train\X51006401836.png,REAL,FindItAgain-SROIE,train,group_0448,707,1230,848737476bbc078cf0b8e196b5f97ad1f0090938edbbf26c66f3778e20bbe817,117c7a6d838f1bf224d76a49316d3952,357981,C:\Users\jay\Downloads\finditagain\findit2\train\X51006401836.txt,False,False
X51006401845,C:\Users\jay\Downloads\finditagain\findit2\train\X51006401845.png,REAL,FindItAgain-SROIE,train,group_0449,704,1153,d3475e352ff35c22d18a4c7bdd235a3c31f83fcef5158062564f066f1040ecf9,7500b0d3bf5ab4e1526527ddf2393e35,331570,C:\Users\jay\Downloads\finditagain\findit2\train\X51006401845.txt,False,False
X51006401853,C:\Users\jay\Downloads\finditagain\findit2\train\X51006401853.png,REAL,FindItAgain-SROIE,train,group_0029,704,1404,ad3fa51df34be8419ca0d45b124bd88c517c16e639850cf839872efeb4f951ef,964c160016e29cace27ad599f6ff0100,378072,C:\Users\jay\Downloads\finditagain\findit2\train\X51006401853.txt,False,False
X51006401869,C:\Users\jay\Downloads\finditagain\findit2\train\X51006401869.png,REAL,FindItAgain-SROIE,train,group_0450,708,1394,2877ee6a1e472a85bd91be61124bbd44c22860e945408a5b2adbe04bcbdb1357,550f6854c29810ac858e881dbd072b26,374589,C:\Users\jay\Downloads\finditagain\findit2\train\X51006401869.txt,False,False
X51006401940,C:\Users\jay\Downloads\finditagain\findit2\train\X51006401940.png,REAL,FindItAgain-SROIE,train,group_0451,739,1473,f8b63a59493e97800c8796595d1570b0eb9c857d09225266702d016d26214ad2,19a481208e8250f0f9ae0d5def95819c,431287,C:\Users\jay\Downloads\finditagain\findit2\train\X51006401940.txt,False,False
X51006401977,C:\Users\jay\Downloads\finditagain\findit2\test\X51006401977.png,EDITED,FindItAgain-SROIE,test,group_0452,743,1430,e013efe40557bebb2e6b6458f14a32b358a373c9df6d448ef5f2ea91ed6ad537,f7a180e0b5a421d1c01667b022a7a001,783694,C:\Users\jay\Downloads\finditagain\findit2\test\X51006401977.txt,True,True
X51006401978,C:\Users\jay\Downloads\finditagain\findit2\train\X51006401978.png,REAL,FindItAgain-SROIE,train,group_0453,743,1454,6f66b2a8b449abbc5c9e069690349f3a3b87b2b51055399e459854ba53f0bbdd,56bb4a4585ce9c8fe66094e84bed2bad,393532,C:\Users\jay\Downloads\finditagain\findit2\train\X51006401978.txt,False,False
X51006414392,C:\Users\jay\Downloads\finditagain\findit2\val\X51006414392.png,REAL,FindItAgain-SROIE,val,group_0454,4945,6981,e0b0d475fc614439619905a4a455f023eebb3d0c53f2da5da4db680c2bebf832,cf884c00dc0a447b838419eb4db4591b,904152,C:\Users\jay\Downloads\finditagain\findit2\val\X51006414392.txt,False,False
X51006414394,C:\Users\jay\Downloads\finditagain\findit2\train\X51006414394.png,EDITED,FindItAgain-SROIE,train,group_0455,4961,7016,6f8a9bf075bca8c3f118f142e82fbad3df85f7f13048072eff32f4b48ae6058e,e0cb883e03bfe34fc9fa34bb3b4381cc,1809409,C:\Users\jay\Downloads\finditagain\findit2\train\X51006414394.txt,True,True
X51006414425,C:\Users\jay\Downloads\finditagain\findit2\train\X51006414425.png,REAL,FindItAgain-SROIE,train,group_0456,4961,7016,dde39b8ca01bd2a85fe8545d853822d6fb0ce5d62e06066a283f8c856a8b6a62,b8c7c1198d56ec5b5d0a54c29fafa18f,626295,C:\Users\jay\Downloads\finditagain\findit2\train\X51006414425.txt,False,False
X51006414427,C:\Users\jay\Downloads\finditagain\findit2\train\X51006414427.png,REAL,FindItAgain-SROIE,train,group_0006,4961,7016,68ae494588682ea910c7ea34c3d984b65eb56da9f5855ceeb7609ccef59f86b5,430bbc824ba609a0bc8f2e3ea2f25803,574884,C:\Users\jay\Downloads\finditagain\findit2\train\X51006414427.txt,False,False
X51006414429,C:\Users\jay\Downloads\finditagain\findit2\val\X51006414429.png,REAL,FindItAgain-SROIE,val,group_0006,4961,7016,174cb170b301a3e2d89617e04fb8ad983f40fdefc9242e7233cf2f839971078c,42dc222452b9877d7f04a88bfd4f5ead,574425,C:\Users\jay\Downloads\finditagain\findit2\val\X51006414429.txt,False,False
X51006414431,C:\Users\jay\Downloads\finditagain\findit2\train\X51006414431.png,REAL,FindItAgain-SROIE,train,group_0457,4961,7016,34f6f0a5f0097b5891d76660b6fe252b66d0d5dd96ca626b886bb055cf0e9a26,26de595505c50bed0eca33cd191928de,532046,C:\Users\jay\Downloads\finditagain\findit2\train\X51006414431.txt,False,False
X51006414433,C:\Users\jay\Downloads\finditagain\findit2\train\X51006414433.png,EDITED,FindItAgain-SROIE,train,group_0458,4961,7016,9c095e1bcb9ccf084db51677604b9395ecbcd757614855dfaeb95fab644b0916,f570219238266033c963e2c2b3e7ef2e,748085,C:\Users\jay\Downloads\finditagain\findit2\train\X51006414433.txt,True,True
X51006414470,C:\Users\jay\Downloads\finditagain\findit2\train\X51006414470.png,REAL,FindItAgain-SROIE,train,group_0002,4961,7016,6ae4196ac03a96e425fadf2fe64277dfef423d30327cf17623f4552d946a66f2,599101fe23641e6cb48eade42b3e6f0b,810419,C:\Users\jay\Downloads\finditagain\findit2\train\X51006414470.txt,False,False
X51006414483,C:\Users\jay\Downloads\finditagain\findit2\val\X51006414483.png,REAL,FindItAgain-SROIE,val,group_0002,4961,7016,322b4636836b0b2867ee04905ea8028a0a86d7220b8ff0f22316d4df2345297b,ae35cf1b87ec9f5f8001a72281da7164,889124,C:\Users\jay\Downloads\finditagain\findit2\val\X51006414483.txt,False,False
X51006414485,C:\Users\jay\Downloads\finditagain\findit2\train\X51006414485.png,REAL,FindItAgain-SROIE,train,group_0030,4961,7016,638ef69db31e3fac3593a291a066ba9443beb2bd59073222682f21ee7a77ecf8,63b2a660e74b29aefa384604b013dcf0,643004,C:\Users\jay\Downloads\finditagain\findit2\train\X51006414485.txt,False,False
X51006414512,C:\Users\jay\Downloads\finditagain\findit2\test\X51006414512.png,REAL,FindItAgain-SROIE,test,group_0459,4961,7016,3ad643566c403105e447ec74841ce34c3704acc22616a48f1ba28b7edf929f9d,64226c94258185a417175ec15ec961e1,578920,C:\Users\jay\Downloads\finditagain\findit2\test\X51006414512.txt,False,False
X51006414519,C:\Users\jay\Downloads\finditagain\findit2\test\X51006414519.png,REAL,FindItAgain-SROIE,test,group_0460,4961,7016,a6cf3119aac740e6ea68aadf56525337208e0e4f62abeed7b885794099df3e24,6b0da028761d40e930d24972446c5623,645716,C:\Users\jay\Downloads\finditagain\findit2\test\X51006414519.txt,False,False
X51006414532,C:\Users\jay\Downloads\finditagain\findit2\test\X51006414532.png,REAL,FindItAgain-SROIE,test,group_0461,4961,7016,d45becfb92149ec45f5454d0a9de23003beee42826c11cd7aa4b07d9b43d48e6,5adcfb4c55e1d42f06b340a20119819d,1010086,C:\Users\jay\Downloads\finditagain\findit2\test\X51006414532.txt,False,False
X51006414533,C:\Users\jay\Downloads\finditagain\findit2\test\X51006414533.png,REAL,FindItAgain-SROIE,test,group_0462,4961,7016,44ebd1928e0d3db69b4c9eef36104e16bc14a2e5585c3319a8a6ed3ea2ddc5b5,3d0e568bc308eb657e5a8966f3be222b,567812,C:\Users\jay\Downloads\finditagain\findit2\test\X51006414533.txt,False,False
X51006414592,C:\Users\jay\Downloads\finditagain\findit2\train\X51006414592.png,REAL,FindItAgain-SROIE,train,group_0002,4961,7016,26b115b21dc72c200da9d33596e6bbf9594a6be0c33c6c71ed149789df3ca711,d8568879ec9fa0398e81253caeab8654,560693,C:\Users\jay\Downloads\finditagain\findit2\train\X51006414592.txt,False,False
X51006414593,C:\Users\jay\Downloads\finditagain\findit2\train\X51006414593.png,REAL,FindItAgain-SROIE,train,group_0003,4961,7016,c7c92123390a11de59fddbf0085d37b3730f74d7194572c56ff453510e771d6d,bf473ac8bd837de975f804b45664f524,581427,C:\Users\jay\Downloads\finditagain\findit2\train\X51006414593.txt,False,False
X51006414599,C:\Users\jay\Downloads\finditagain\findit2\test\X51006414599.png,REAL,FindItAgain-SROIE,test,group_0463,4961,7016,0a0c17767b52ebb4760d54d7b2fafee4541d206a868404a833273cf3cea0af7c,bfa3539ddcd40e3d6294c3c762fc1e39,1208415,C:\Users\jay\Downloads\finditagain\findit2\test\X51006414599.txt,False,False
X51006414600,C:\Users\jay\Downloads\finditagain\findit2\val\X51006414600.png,REAL,FindItAgain-SROIE,val,group_0464,4961,7016,3ac3697cf755e24e855fa337b000bb268f29cf45e910fd20b5fd658e6b57f81a,96638e20d2dd31ebb0c87a8c70ed85d9,1165175,C:\Users\jay\Downloads\finditagain\findit2\val\X51006414600.txt,False,False
X51006414631,C:\Users\jay\Downloads\finditagain\findit2\train\X51006414631.png,REAL,FindItAgain-SROIE,train,group_0465,4912,6888,441391b9fdd75904bbab42758cb35f21ef01fab2778113802218180b191de0ce,ca5a71d911a0bb73db9a308160fb7ea2,750147,C:\Users\jay\Downloads\finditagain\findit2\train\X51006414631.txt,False,False
X51006414632,C:\Users\jay\Downloads\finditagain\findit2\train\X51006414632.png,REAL,FindItAgain-SROIE,train,group_0030,4961,7016,6e648ac3dff0777e6266fe388688eecd8d902135aaf1fd561dbeca4bd106bc7f,9283b1d246328c95c02fe45629677011,617818,C:\Users\jay\Downloads\finditagain\findit2\train\X51006414632.txt,False,False
X51006414633,C:\Users\jay\Downloads\finditagain\findit2\train\X51006414633.png,REAL,FindItAgain-SROIE,train,group_0002,4961,7016,0495b01bf0becc05b7861ff6a0f8a34aefab244920e8c4228d3de3ccd2ae2b75,128ad620788b644ba647e2e207017e99,575528,C:\Users\jay\Downloads\finditagain\findit2\train\X51006414633.txt,False,False
X51006414636,C:\Users\jay\Downloads\finditagain\findit2\val\X51006414636.png,EDITED,FindItAgain-SROIE,val,group_0466,4961,7016,b81c9ed0115db9b62c4d09bd070ef75fc2fa4c8a31e38d2c57bdfecd9f632685,95956eefe3a0bc4ec4f46a91fddee11b,69738080,C:\Users\jay\Downloads\finditagain\findit2\val\X51006414636.txt,True,True
X51006414638,C:\Users\jay\Downloads\finditagain\findit2\test\X51006414638.png,REAL,FindItAgain-SROIE,test,group_0012,4961,7016,65c53efb937f7835ed45941c4e9728576d5a331234f5c3e23e24762bd7daa6de,a4807deaf93f1c7162ca5f088a030fc2,885210,C:\Users\jay\Downloads\finditagain\findit2\test\X51006414638.txt,False,False
X51006414671,C:\Users\jay\Downloads\finditagain\findit2\test\X51006414671.png,REAL,FindItAgain-SROIE,test,group_0467,4961,7016,3fe361d83fccbb46c572c52b205fd8c2a972aa594788bd266ca1e7c75dbe3c89,6236d1ee70f75b291454772a93939a4d,631955,C:\Users\jay\Downloads\finditagain\findit2\test\X51006414671.txt,False,False
X51006414674,C:\Users\jay\Downloads\finditagain\findit2\train\X51006414674.png,REAL,FindItAgain-SROIE,train,group_0468,4961,7016,e17a63d7d5e1167c0a1209def2048c8625c7aa56617060945f3ab0f842af4831,08f387ae5f13e9f3b78f46faa751675a,951360,C:\Users\jay\Downloads\finditagain\findit2\train\X51006414674.txt,False,False
X51006414675,C:\Users\jay\Downloads\finditagain\findit2\val\X51006414675.png,REAL,FindItAgain-SROIE,val,group_0469,4961,7016,b45ac89e9aafdf69e1aa68f2f69c3a6e199d7e7d9e6e4a4c50d57475be1309c6,80570ac457e53172390b7979c834cfd8,957320,C:\Users\jay\Downloads\finditagain\findit2\val\X51006414675.txt,False,False
X51006414677,C:\Users\jay\Downloads\finditagain\findit2\train\X51006414677.png,REAL,FindItAgain-SROIE,train,group_0470,4961,7016,f0ec4aa55830988f714efc21fd2eede3747ff0460c1bacd1b8f7214338b6d9ab,8a1619e59f48953229277cc9bf5f8e39,1057899,C:\Users\jay\Downloads\finditagain\findit2\train\X51006414677.txt,False,False
X51006414679,C:\Users\jay\Downloads\finditagain\findit2\train\X51006414679.png,REAL,FindItAgain-SROIE,train,group_0471,4961,7016,ca74a4f6a98169bbf45a06ed25b2740f0c8cf72e84a01dd50a569ff62f40ad61,c249eb6c906cbcd2e2a4f313de36db5c,653075,C:\Users\jay\Downloads\finditagain\findit2\train\X51006414679.txt,False,False
X51006414680,C:\Users\jay\Downloads\finditagain\findit2\test\X51006414680.png,REAL,FindItAgain-SROIE,test,group_0472,4961,7016,747f8073932b779b5127dbb97d9996d85b753815b12abbe1022ceb56083ad029,3fc052fb799990ebb707a9b0181114d0,953196,C:\Users\jay\Downloads\finditagain\findit2\test\X51006414680.txt,False,False
X51006414700,C:\Users\jay\Downloads\finditagain\findit2\train\X51006414700.png,REAL,FindItAgain-SROIE,train,group_0031,4961,7016,0d98419efd66c15c225cbce842facbdfb365f4501d080231b63c89f3505033fd,b3fbf82cd6ecd70e0283958445950ab4,1395089,C:\Users\jay\Downloads\finditagain\findit2\train\X51006414700.txt,False,False
X51006414702,C:\Users\jay\Downloads\finditagain\findit2\train\X51006414702.png,EDITED,FindItAgain-SROIE,train,group_0473,4961,7016,118e9d2f57aa51bb81e56a55b095e41796ff26192a61e743baaf254006728aca,08223e0e0ae1d7ed02815bd40ccb6b95,1514558,C:\Users\jay\Downloads\finditagain\findit2\train\X51006414702.txt,True,True
X51006414703,C:\Users\jay\Downloads\finditagain\findit2\train\X51006414703.png,REAL,FindItAgain-SROIE,train,group_0474,4953,6993,67d15df9aaf3fdc358682d01eb49be75d8598e1393a0d5abd844f06c42b67d13,d3ec95e1481e8a294577973f70e5347f,1547655,C:\Users\jay\Downloads\finditagain\findit2\train\X51006414703.txt,False,False
X51006414708,C:\Users\jay\Downloads\finditagain\findit2\train\X51006414708.png,REAL,FindItAgain-SROIE,train,group_0475,4961,7016,4e95eb6a693e3a636be20dc94973bafb6d072f3af0c80db226d775b6da103238,116d93cec111311cd377c7357d752210,959774,C:\Users\jay\Downloads\finditagain\findit2\train\X51006414708.txt,False,False
X51006414711,C:\Users\jay\Downloads\finditagain\findit2\train\X51006414711.png,REAL,FindItAgain-SROIE,train,group_0476,4961,7016,b481c24b95876caf2804f062bfd9c56823259d8e8f4284b737e2a3a2cbeb90d8,0a8a3bda506cb80e22e5588bb73666f7,1219856,C:\Users\jay\Downloads\finditagain\findit2\train\X51006414711.txt,False,False
X51006414712,C:\Users\jay\Downloads\finditagain\findit2\test\X51006414712.png,REAL,FindItAgain-SROIE,test,group_0477,4961,7016,19cf4c4c0cbf4640d54e990566b94bbdd83fbf8a75998b7f80089d8af9da8288,3b8cfbc282917e1c73cc34312de2cdc7,1232818,C:\Users\jay\Downloads\finditagain\findit2\test\X51006414712.txt,False,False
X51006414713,C:\Users\jay\Downloads\finditagain\findit2\train\X51006414713.png,REAL,FindItAgain-SROIE,train,group_0478,4961,7016,972909b169b040b9f7cfdbe230b47f88d4ecd25b9c44f2d77bc122dea80a10d3,d6503494ffc9b9856b881630df98653f,1128513,C:\Users\jay\Downloads\finditagain\findit2\train\X51006414713.txt,False,False
X51006414714,C:\Users\jay\Downloads\finditagain\findit2\train\X51006414714.png,REAL,FindItAgain-SROIE,train,group_0479,4961,7016,132e260e3d734ab1540853f2b05cc4fbbd42a4c457c80617efff5f176aa07daa,fd0d5ebf1aa7c3bf3ec62467c53241c5,749546,C:\Users\jay\Downloads\finditagain\findit2\train\X51006414714.txt,False,False
X51006414715,C:\Users\jay\Downloads\finditagain\findit2\test\X51006414715.png,EDITED,FindItAgain-SROIE,test,group_0480,4961,7016,e89b0f884ffca9cd1205c80837b518e63d9809424357251dfc5a9989fe4c9e62,d4e7007d36f8088028e5efc4ffd839ab,975313,C:\Users\jay\Downloads\finditagain\findit2\test\X51006414715.txt,True,True
X51006414717,C:\Users\jay\Downloads\finditagain\findit2\train\X51006414717.png,REAL,FindItAgain-SROIE,train,group_0481,4961,7016,ec6b03f976e71a4a3ec9688a9bded79d1624e1238467785ce745f39cd252a74f,dc1db018359f665808ee0f1a8d180143,1179571,C:\Users\jay\Downloads\finditagain\findit2\train\X51006414717.txt,False,False
X51006414718,C:\Users\jay\Downloads\finditagain\findit2\train\X51006414718.png,REAL,FindItAgain-SROIE,train,group_0482,4961,7016,1e93187ebcdb54d8be09baffa5c78e4aae09af773212f991892f1010ff7d3e73,074f10bf5d5e37d8d16f2dafec3a8a1c,1061841,C:\Users\jay\Downloads\finditagain\findit2\train\X51006414718.txt,False,False
X51006414719,C:\Users\jay\Downloads\finditagain\findit2\val\X51006414719.png,REAL,FindItAgain-SROIE,val,group_0031,4961,7016,ea388e5986e322fc7050b70ca822cb36008b515549f0b6cc4ba5164bc5496483,9097835fc4a6798a858713ca777bd7bf,1014430,C:\Users\jay\Downloads\finditagain\findit2\val\X51006414719.txt,False,False
X51006414720,C:\Users\jay\Downloads\finditagain\findit2\test\X51006414720.png,REAL,FindItAgain-SROIE,test,group_0483,4854,6724,cba2b82f195eb7e0f32155e63eb9bca805d3ae1516b251982d83d1dddec18184,8c55bb0f5ea94816da1b31ac02301928,1018578,C:\Users\jay\Downloads\finditagain\findit2\test\X51006414720.txt,False,False
X51006414721,C:\Users\jay\Downloads\finditagain\findit2\train\X51006414721.png,REAL,FindItAgain-SROIE,train,group_0484,4961,7016,7074fa97675a070c1873de5a26b6693812865e9a3b20ed2aa0ef1cc87d3c8878,6f1ae53058d649a3d846fcc51482880c,982632,C:\Users\jay\Downloads\finditagain\findit2\train\X51006414721.txt,False,False
X51006414728,C:\Users\jay\Downloads\finditagain\findit2\val\X51006414728.png,EDITED,FindItAgain-SROIE,val,group_0485,4953,6993,cc8ddd4d760a775f029189ba86e469a854b0b9abbcd9739a44829192bd6e89f6,e167408d6f15f1220efcebdad8db01c5,2111794,C:\Users\jay\Downloads\finditagain\findit2\val\X51006414728.txt,True,True
X51006414733,C:\Users\jay\Downloads\finditagain\findit2\train\X51006414733.png,REAL,FindItAgain-SROIE,train,group_0486,4945,6981,c05d173944ab1e51b4bca0a702920577453c374135e6e29ec7b29ee9ed6baa0a,592bb4b6fb787bd741bcaec69b34435d,2001244,C:\Users\jay\Downloads\finditagain\findit2\train\X51006414733.txt,False,False
X51006438346,C:\Users\jay\Downloads\finditagain\findit2\test\X51006438346.png,REAL,FindItAgain-SROIE,test,group_0487,1654,2338,c16c0e21e829326a2ac532ce41c4867ba5da897af0887d4b59422b1d5f045a8f,09aae6d8c098fafc698910d3d7bdc2d7,339643,C:\Users\jay\Downloads\finditagain\findit2\test\X51006438346.txt,False,False
X51006441473,C:\Users\jay\Downloads\finditagain\findit2\train\X51006441473.png,REAL,FindItAgain-SROIE,train,group_0488,544,1646,b00b485b0115e9d336b5dc0c1c4ccd5a61a1bbc8feb7825a0cb8c155f891a533,143998e1114944ec80e855d9b1680371,707348,C:\Users\jay\Downloads\finditagain\findit2\train\X51006441473.txt,False,False
X51006441474,C:\Users\jay\Downloads\finditagain\findit2\val\X51006441474.png,REAL,FindItAgain-SROIE,val,group_0489,621,975,16a4f113aaa19e349952e40e1ca8957c77017c3470bd692db39d55652249d604,6cf446477e7c3e8f030bdffa465ee6f3,475066,C:\Users\jay\Downloads\finditagain\findit2\val\X51006441474.txt,False,False
X51006466055,C:\Users\jay\Downloads\finditagain\findit2\val\X51006466055.png,REAL,FindItAgain-SROIE,val,group_0490,575,1975,bc953fef993803442d2c1f0dda29b3f1d4fd80bc8b1d879da5e64ed4f60223fc,0b6f2edcce921ed628de42451dba442e,666492,C:\Users\jay\Downloads\finditagain\findit2\val\X51006466055.txt,False,False
X51006466056,C:\Users\jay\Downloads\finditagain\findit2\val\X51006466056.png,REAL,FindItAgain-SROIE,val,group_0491,587,1471,50b4657d89f90e52a3793fa7e6f8aba866301cc869d9bf25059db3f9e5c24729,e66b97f28cd8595a94281913eca2dfde,554938,C:\Users\jay\Downloads\finditagain\findit2\val\X51006466056.txt,False,False
X51006466060,C:\Users\jay\Downloads\finditagain\findit2\train\X51006466060.png,REAL,FindItAgain-SROIE,train,group_0492,443,911,7072267b723c706c25bc7a2b180be435dfabc359380746cfad7cfc89c8d8c6d9,5fc016a33f53938034e8a9893ce02179,276647,C:\Users\jay\Downloads\finditagain\findit2\train\X51006466060.txt,False,False
X51006466062,C:\Users\jay\Downloads\finditagain\findit2\test\X51006466062.png,REAL,FindItAgain-SROIE,test,group_0493,443,875,2a446655053c2b85ea2a016437bf1be466386e8a5da74aa1c3b821282e2e61d2,6d563058d1d585523fb015a1933a5627,216960,C:\Users\jay\Downloads\finditagain\findit2\test\X51006466062.txt,False,False
X51006466065,C:\Users\jay\Downloads\finditagain\findit2\train\X51006466065.png,REAL,FindItAgain-SROIE,train,group_0494,623,1207,c5a06de7a760f669654f297fc61616aff0b90eabc8c3f418ee5e84c897076c29,4281ab81249bbd7c2e92d4caff660ed0,378467,C:\Users\jay\Downloads\finditagain\findit2\train\X51006466065.txt,False,False
X51006466066,C:\Users\jay\Downloads\finditagain\findit2\train\X51006466066.png,REAL,FindItAgain-SROIE,train,group_0495,619,1803,afb81747d33d39df85019e34c78a7515c1cde6461b6a2c15a1c8dd12b486da22,e222b2923bb7e128affc6e7755f53a29,526878,C:\Users\jay\Downloads\finditagain\findit2\train\X51006466066.txt,False,False
X51006466070,C:\Users\jay\Downloads\finditagain\findit2\val\X51006466070.png,REAL,FindItAgain-SROIE,val,group_0496,443,959,192b7073c46975d49a279849fd0cd70e882ddd675fbaa3076406b8bc99c3bc6a,77fe4d0692e09268e334e72abc960713,268883,C:\Users\jay\Downloads\finditagain\findit2\val\X51006466070.txt,False,False
X51006466778,C:\Users\jay\Downloads\finditagain\findit2\val\X51006466778.png,REAL,FindItAgain-SROIE,val,group_0497,615,935,71bb1a3e44e74a5092cec60ff1dfa978e3d6e69a9d3e2b6ee7290a520a3a4fcd,962970777b8f3255aede95a6f6ece9c2,263846,C:\Users\jay\Downloads\finditagain\findit2\val\X51006466778.txt,False,False
X51006502529,C:\Users\jay\Downloads\finditagain\findit2\train\X51006502529.png,REAL,FindItAgain-SROIE,train,group_0498,439,851,2cc050eb3703b58fafbd2ec1de89d53406b36d75e7c50130ba3f917b7b03994a,7ab9987ab3cadffc4858d1e098edf3da,323981,C:\Users\jay\Downloads\finditagain\findit2\train\X51006502529.txt,False,False
X51006502531,C:\Users\jay\Downloads\finditagain\findit2\test\X51006502531.png,REAL,FindItAgain-SROIE,test,group_0499,443,1319,c8d953bb5015aa1eeda61390ac678c659ca980a96b7a87ea4cca57abc30de304,50278e94798be984303f69e7b75838aa,466130,C:\Users\jay\Downloads\finditagain\findit2\test\X51006502531.txt,False,False
X51006502533,C:\Users\jay\Downloads\finditagain\findit2\val\X51006502533.png,REAL,FindItAgain-SROIE,val,group_0500,623,1371,02f30fe42ef41488af5e8cb0e80a5f5647828862ddeb065e99e8278bdedf1587,ba2573a2ee20e71998c300695b15e98e,535362,C:\Users\jay\Downloads\finditagain\findit2\val\X51006502533.txt,False,False
X51006502534,C:\Users\jay\Downloads\finditagain\findit2\train\X51006502534.png,REAL,FindItAgain-SROIE,train,group_0501,435,1275,a5352cf582034f427855e8f605d7d1ad145f093820a03c3d0b27d80cb50e9889,9003f9688adbf76c56b2f06ccd43edf4,382917,C:\Users\jay\Downloads\finditagain\findit2\train\X51006502534.txt,False,False
X51006502535,C:\Users\jay\Downloads\finditagain\findit2\train\X51006502535.png,REAL,FindItAgain-SROIE,train,group_0502,439,1283,e1a072618b4cae624f220a941a27aa06febab6f802551d8e84474b0268d6210b,a8b51cd94596d4e597fdfeb5a9050365,409656,C:\Users\jay\Downloads\finditagain\findit2\train\X51006502535.txt,False,False
X51006502540,C:\Users\jay\Downloads\finditagain\findit2\test\X51006502540.png,REAL,FindItAgain-SROIE,test,group_0503,607,1399,cdf8f30a3743b51a102f469eda03757713aeec9914f0af687d66f7a9773c84d7,cfbc153dea291e0b9526f8f10303264e,493288,C:\Users\jay\Downloads\finditagain\findit2\test\X51006502540.txt,False,False
X51006554833,C:\Users\jay\Downloads\finditagain\findit2\val\X51006554833.png,REAL,FindItAgain-SROIE,val,group_0504,588,1464,6bbc7c98de8db0162a6d149911b4a39be8d35df1d5a580ceaf2ee5327e62c93d,25f7077bef1e95adf7c0397a5029c7c3,489161,C:\Users\jay\Downloads\finditagain\findit2\val\X51006554833.txt,False,False
X51006554841,C:\Users\jay\Downloads\finditagain\findit2\train\X51006554841.png,EDITED,FindItAgain-SROIE,train,group_0505,620,1342,b00ceb65a1499a37039af7eaa4f7072c71ee5f833a4960acc51a7ab0bab6c046,eda62f6aad3d475b0f19b7652a9ae036,520424,C:\Users\jay\Downloads\finditagain\findit2\train\X51006554841.txt,True,True
X51006555072,C:\Users\jay\Downloads\finditagain\findit2\val\X51006555072.png,REAL,FindItAgain-SROIE,val,group_0506,592,982,038021ffceb54f9388b57ca7f743cd1a81396678030d5d0a48875df7699db228,06d9e26f7e4b6251dd54575479bf7be5,524483,C:\Users\jay\Downloads\finditagain\findit2\val\X51006555072.txt,False,False
X51006555125,C:\Users\jay\Downloads\finditagain\findit2\val\X51006555125.png,EDITED,FindItAgain-SROIE,val,group_0507,588,1248,7d77cc31109ea8bab14ffe56934771dc3c550beb75ce91c259f35e407467e4e5,35faacb90389e846bf561598c8789c43,693905,C:\Users\jay\Downloads\finditagain\findit2\val\X51006555125.txt,True,True
X51006555570,C:\Users\jay\Downloads\finditagain\findit2\test\X51006555570.png,REAL,FindItAgain-SROIE,test,group_0508,588,1728,d573700606df0b0a8857a11609c48ebadf93c6f06a3809774da773c7944a9f6d,3a5c58577f8adf6280ffeccd0f569798,857242,C:\Users\jay\Downloads\finditagain\findit2\test\X51006555570.txt,False,False
X51006555780,C:\Users\jay\Downloads\finditagain\findit2\val\X51006555780.png,REAL,FindItAgain-SROIE,val,group_0509,616,1192,f9204daff550a112122a20cc15d2daf6b3f2c9e051a9aaf171cad3cfac37cc68,5316fdc0d3dbf2fdef1c4da3f5fe61a8,661031,C:\Users\jay\Downloads\finditagain\findit2\val\X51006555780.txt,False,False
X51006555784,C:\Users\jay\Downloads\finditagain\findit2\test\X51006555784.png,REAL,FindItAgain-SROIE,test,group_0510,616,1166,28a0614521721704b2f66eee0f5209dfa2ebc342d40950ab4e91b3f7418f90f0,3856868ce722a76ffa336df92fc1def1,857272,C:\Users\jay\Downloads\finditagain\findit2\test\X51006555784.txt,False,False
X51006555806,C:\Users\jay\Downloads\finditagain\findit2\train\X51006555806.png,EDITED,FindItAgain-SROIE,train,group_0511,620,1204,1b5ed5fab11bfc1bdb119c3a1dc6f78875e23e173f3b68a7ab63fba9163f5d83,9cb2743c5d7dd2bdedca58b95792a17d,752570,C:\Users\jay\Downloads\finditagain\findit2\train\X51006555806.txt,True,True
X51006555814,C:\Users\jay\Downloads\finditagain\findit2\train\X51006555814.png,REAL,FindItAgain-SROIE,train,group_0512,616,1240,26fb7f84afa2b5d1d3bfcaa3ed0e48e64091325f768ac31d02aad1180b1af8d5,61df3d23e75e8e46a0d260f9d35f5726,877567,C:\Users\jay\Downloads\finditagain\findit2\train\X51006555814.txt,False,False
X51006555817,C:\Users\jay\Downloads\finditagain\findit2\train\X51006555817.png,REAL,FindItAgain-SROIE,train,group_0513,620,1200,bc685b34129e8c23e568dce872ce033644e1f2c26791173c8f4422176b44e697,422e3fc2bc6f3a5fac84753bb7ba88ad,776558,C:\Users\jay\Downloads\finditagain\findit2\train\X51006555817.txt,False,False
X51006555818,C:\Users\jay\Downloads\finditagain\findit2\test\X51006555818.png,REAL,FindItAgain-SROIE,test,group_0514,620,1298,fe74752204a24cc9b585e98206d241e0da895166e1b03c89fb58347c84d6d28b,ccae4f80d0e4d9126f31fbb9e630e9f6,746936,C:\Users\jay\Downloads\finditagain\findit2\test\X51006555818.txt,False,False
X51006555819,C:\Users\jay\Downloads\finditagain\findit2\train\X51006555819.png,REAL,FindItAgain-SROIE,train,group_0515,616,1200,30f2381a68d643575ac2b2d234c298a9c84c13d10b47545cf702a14e54911261,37f8087fe30a3d0bff107712c09a5ca4,783656,C:\Users\jay\Downloads\finditagain\findit2\train\X51006555819.txt,False,False
X51006555833,C:\Users\jay\Downloads\finditagain\findit2\train\X51006555833.png,REAL,FindItAgain-SROIE,train,group_0516,608,1182,ce6a98ab2a72f3d011282c6d664520bd436246ae102ecc5ea0692fcc719e52f7,62ba4b3f5f67b6e9e0c16e642eda9de9,867792,C:\Users\jay\Downloads\finditagain\findit2\train\X51006555833.txt,False,False
X51006555835,C:\Users\jay\Downloads\finditagain\findit2\val\X51006555835.png,REAL,FindItAgain-SROIE,val,group_0517,612,1232,614b7adadc33619f19cec7a5a6f738230a6075fbe02c454e9265c418b5d1489a,499ba8f68aaf9ae13f40b299d34e546f,845874,C:\Users\jay\Downloads\finditagain\findit2\val\X51006555835.txt,False,False
X51006556591,C:\Users\jay\Downloads\finditagain\findit2\test\X51006556591.png,REAL,FindItAgain-SROIE,test,group_0518,622,1245,68c6a8c5974260adf2e202f5c4fb74e60f4b2aec85e5c288e5eb82452325cfbf,591a0959cea3b56f8b22372bd5a7de5f,858090,C:\Users\jay\Downloads\finditagain\findit2\test\X51006556591.txt,False,False
X51006556596,C:\Users\jay\Downloads\finditagain\findit2\val\X51006556596.png,REAL,FindItAgain-SROIE,val,group_0519,621,1264,9d25aa80260f63e09f1ad0496572e976d11f4df0a786a8c9b7c1646195017084,0627f17ebccb89951eb2681c78703f4c,663483,C:\Users\jay\Downloads\finditagain\findit2\val\X51006556596.txt,False,False
X51006556603,C:\Users\jay\Downloads\finditagain\findit2\test\X51006556603.png,EDITED,FindItAgain-SROIE,test,group_0520,620,968,1d8589b4267f407647808a3a7df4e8f0af7e30eea8a73cef90af8a38f0dfe26b,1a876a4cb4d7616aadcee0622afe5016,1817868,C:\Users\jay\Downloads\finditagain\findit2\test\X51006556603.txt,True,True
X51006556604,C:\Users\jay\Downloads\finditagain\findit2\test\X51006556604.png,REAL,FindItAgain-SROIE,test,group_0521,616,1196,f7743cf539cdbf6ef952b020d2ed32ea8e5040bc75ec322ce2c0fa785ec75d4a,43c9fe05d953b96ef4193c1da8320849,886326,C:\Users\jay\Downloads\finditagain\findit2\test\X51006556604.txt,False,False
X51006556610,C:\Users\jay\Downloads\finditagain\findit2\test\X51006556610.png,REAL,FindItAgain-SROIE,test,group_0522,612,1392,a4847f8a375d8717e232d99e8d6613bbf86f2879f0ed0abd2b5d9dfbcc1009d6,b24fef85f853512bdcbb092b5c52c831,543640,C:\Users\jay\Downloads\finditagain\findit2\test\X51006556610.txt,False,False
X51006556646,C:\Users\jay\Downloads\finditagain\findit2\train\X51006556646.png,REAL,FindItAgain-SROIE,train,group_0523,616,1312,b12851fb4a96796d12216d4261f453295bb10f56c6a18fe0867834c341aaaadd,a567dea354db46007e218243cb939fe4,898571,C:\Users\jay\Downloads\finditagain\findit2\train\X51006556646.txt,False,False
X51006556648,C:\Users\jay\Downloads\finditagain\findit2\test\X51006556648.png,REAL,FindItAgain-SROIE,test,group_0524,620,1216,e501e303435aa89f0291195b32ed64cb0f1b866ef05f76edd004f0979130efdf,14848fb9bf10228e91a7b6f66d81e1ba,903430,C:\Users\jay\Downloads\finditagain\findit2\test\X51006556648.txt,False,False
X51006556650,C:\Users\jay\Downloads\finditagain\findit2\test\X51006556650.png,REAL,FindItAgain-SROIE,test,group_0525,620,1200,d65203d7f53ad819f09689baedf33fb717e60ccc3535a97903ff5d0e706bc369,e31631cf1d8e11923949cb8094647759,833133,C:\Users\jay\Downloads\finditagain\findit2\test\X51006556650.txt,False,False
X51006556654,C:\Users\jay\Downloads\finditagain\findit2\train\X51006556654.png,REAL,FindItAgain-SROIE,train,group_0526,624,1208,2a68d508f194fe27bd570d4144a894d66d97bab3acc6f2269d62888067f46e3e,05bbe410b6eb91ec635fd8707ef00581,682606,C:\Users\jay\Downloads\finditagain\findit2\train\X51006556654.txt,False,False
X51006556656,C:\Users\jay\Downloads\finditagain\findit2\train\X51006556656.png,REAL,FindItAgain-SROIE,train,group_0527,620,1224,af1204a184e4df382710ce6262e149aea165e119669f5234273df9118d4770e3,f73f0c0401b34cc1a8a8e0fad8f1acc6,750624,C:\Users\jay\Downloads\finditagain\findit2\train\X51006556656.txt,False,False
X51006556657,C:\Users\jay\Downloads\finditagain\findit2\train\X51006556657.png,EDITED,FindItAgain-SROIE,train,group_0528,616,1176,9faa03424f968621d63a2f4acf68bf19fc6bcb593636d79775caadb57aa728c9,ac951aa25eb7ee1cbaaf360abe7c7a2a,2187811,C:\Users\jay\Downloads\finditagain\findit2\train\X51006556657.txt,True,True
X51006556658,C:\Users\jay\Downloads\finditagain\findit2\val\X51006556658.png,REAL,FindItAgain-SROIE,val,group_0529,620,1219,ccfd37f0f7cfd7c1f1706e82bc658980ccf7c41e87d4b39c34614811a54929c3,f1dc2f5909297ec9fbf2dff9f2d4c0ea,793319,C:\Users\jay\Downloads\finditagain\findit2\val\X51006556658.txt,False,False
X51006556723,C:\Users\jay\Downloads\finditagain\findit2\train\X51006556723.png,REAL,FindItAgain-SROIE,train,group_0530,620,1008,522d991bdc2870cffed2c421a3f277ceedc8b4811b8b0425e307e31a4641b71d,ce7acd8eb1e7633471d11755042b9a88,730480,C:\Users\jay\Downloads\finditagain\findit2\train\X51006556723.txt,False,False
X51006556726,C:\Users\jay\Downloads\finditagain\findit2\test\X51006556726.png,EDITED,FindItAgain-SROIE,test,group_0531,620,1172,7888c9e7fb0860d28bfb0b38ba6dc76d0ccd2873228f365ff143b96f3940e342,8e9b466ed3c3e48f194b1d4df8c246aa,878518,C:\Users\jay\Downloads\finditagain\findit2\test\X51006556726.txt,True,True
X51006556728,C:\Users\jay\Downloads\finditagain\findit2\train\X51006556728.png,EDITED,FindItAgain-SROIE,train,group_0532,616,1230,2fe769437547e53d22128b2599d0421051c466d9149edf0f7d73df915fb9e204,071e3773150f7dd6adb4660f9b215d82,3046837,C:\Users\jay\Downloads\finditagain\findit2\train\X51006556728.txt,True,True
X51006556730,C:\Users\jay\Downloads\finditagain\findit2\train\X51006556730.png,REAL,FindItAgain-SROIE,train,group_0533,608,918,004d8997be055be2e451d6418ad3a035c0ee3b8b467de1ed8f171bdb28b946c2,91b378183e04ac89b1ec0d39352db60a,486495,C:\Users\jay\Downloads\finditagain\findit2\train\X51006556730.txt,False,False
X51006556732,C:\Users\jay\Downloads\finditagain\findit2\val\X51006556732.png,REAL,FindItAgain-SROIE,val,group_0534,616,1182,77c820026556ba57fa35118d96e646dc19ce3cead6e0442a7908a0a1bff92470,b615ded12e19a8c3053bd7d9542025a3,743462,C:\Users\jay\Downloads\finditagain\findit2\val\X51006556732.txt,False,False
X51006556734,C:\Users\jay\Downloads\finditagain\findit2\train\X51006556734.png,REAL,FindItAgain-SROIE,train,group_0535,620,1208,b03a672662d634ba4a096625f6bcf80ae1369fb9b84606540a3b7aa57bf27333,7963530325746c0a44e8adbc0325be6d,858997,C:\Users\jay\Downloads\finditagain\findit2\train\X51006556734.txt,False,False
X51006556738,C:\Users\jay\Downloads\finditagain\findit2\train\X51006556738.png,REAL,FindItAgain-SROIE,train,group_0536,612,1254,e7af521a1ecf17fa01f4c438906cdb5d1f2f0e8f90fcde1d095ff58acc709219,edbc089095d2c25101684591aeb26a00,882830,C:\Users\jay\Downloads\finditagain\findit2\train\X51006556738.txt,False,False
X51006556740,C:\Users\jay\Downloads\finditagain\findit2\train\X51006556740.png,REAL,FindItAgain-SROIE,train,group_0537,620,1252,1a68f2de0a9cca5863ff23527e8da5412306c69c6b53a9d0822d6a0ea9f04448,88dc68d727e832921a52f985202b8ced,773415,C:\Users\jay\Downloads\finditagain\findit2\train\X51006556740.txt,False,False
X51006556806,C:\Users\jay\Downloads\finditagain\findit2\test\X51006556806.png,REAL,FindItAgain-SROIE,test,group_0538,623,1235,6bb0c919f7412001796c6a45c6e1df0b686d739f450e3c6a653ce6cf4d5b6bd7,2bc8d85b9ca0804b8c0d5585b73d6fd6,770344,C:\Users\jay\Downloads\finditagain\findit2\test\X51006556806.txt,False,False
X51006556808,C:\Users\jay\Downloads\finditagain\findit2\test\X51006556808.png,REAL,FindItAgain-SROIE,test,group_0539,621,1338,c42a88c2d4411aea25a0264ad2062a0b241a6ae470a36c714a65b7161b7d025a,88f3667b561c974bdb48607a1790efa4,700429,C:\Users\jay\Downloads\finditagain\findit2\test\X51006556808.txt,False,False
X51006556809,C:\Users\jay\Downloads\finditagain\findit2\train\X51006556809.png,REAL,FindItAgain-SROIE,train,group_0540,616,1208,3e129fadbe9ae0dc14037cd6f031509c7c736b21e9dd4faa68ef03e9fc29665b,2fbc63d7c7edb522548f5cee6415dc1d,704487,C:\Users\jay\Downloads\finditagain\findit2\train\X51006556809.txt,False,False
X51006556810,C:\Users\jay\Downloads\finditagain\findit2\test\X51006556810.png,REAL,FindItAgain-SROIE,test,group_0541,649,1161,11e618c733f5affaab99e04adf7334853deb48151dde62ddb7d5bc26018afc8d,c94783bbddd6d64be338b9e375afbda5,669122,C:\Users\jay\Downloads\finditagain\findit2\test\X51006556810.txt,False,False
X51006556812,C:\Users\jay\Downloads\finditagain\findit2\test\X51006556812.png,REAL,FindItAgain-SROIE,test,group_0542,620,1204,28ed5a54fdf1389dbcc83809aa3021fc087e60ac7e5e946164dcfba678bab917,2c71222a1429c5545f4ff46c24ae171f,749170,C:\Users\jay\Downloads\finditagain\findit2\test\X51006556812.txt,False,False
X51006556815,C:\Users\jay\Downloads\finditagain\findit2\val\X51006556815.png,REAL,FindItAgain-SROIE,val,group_0543,622,1268,c443ca665a23c53cc62d039e6b7d0c6c7e68c31c0f7c228d5ff69c292b7f9702,4e25ee8e111e34d4b3f642b239132e77,862776,C:\Users\jay\Downloads\finditagain\findit2\val\X51006556815.txt,False,False
X51006556818,C:\Users\jay\Downloads\finditagain\findit2\train\X51006556818.png,EDITED,FindItAgain-SROIE,train,group_0544,616,1200,d92bb0135ac993f201c5dce30a64da5f869a910a4b05e44ec66e7385074b7b86,cdbf8e2d9229a34105cc5a42ceb1860b,2230949,C:\Users\jay\Downloads\finditagain\findit2\train\X51006556818.txt,True,True
X51006556821,C:\Users\jay\Downloads\finditagain\findit2\val\X51006556821.png,REAL,FindItAgain-SROIE,val,group_0545,612,1204,de26d00506342bc23eeb7a45b0f6afba973e24781eabe159438d14f506396735,97a699fa97ba9415a10a279a65e33075,734867,C:\Users\jay\Downloads\finditagain\findit2\val\X51006556821.txt,False,False
X51006556823,C:\Users\jay\Downloads\finditagain\findit2\train\X51006556823.png,REAL,FindItAgain-SROIE,train,group_0546,616,1176,698ebb96a2b38c36e69e2be14f7e71aa91226f0c2ae190cba95253bdf235c9c5,b6f560c0d53719376cd63a1bfae8eae3,869500,C:\Users\jay\Downloads\finditagain\findit2\train\X51006556823.txt,False,False
X51006556824,C:\Users\jay\Downloads\finditagain\findit2\train\X51006556824.png,REAL,FindItAgain-SROIE,train,group_0547,616,1248,33e674cef9c7a94acdc28abfc2e1aa8dbba425cb0a2f42850856578e43ea1c24,1c79e9980c285e8e15fa18518071a891,955025,C:\Users\jay\Downloads\finditagain\findit2\train\X51006556824.txt,False,False
X51006556825,C:\Users\jay\Downloads\finditagain\findit2\train\X51006556825.png,REAL,FindItAgain-SROIE,train,group_0548,616,1184,eb6fe155e4f1c08d9668f7c67cfcea6a0ca21bd2245a3e2888746231715a1c07,df1e4db1fa3af59af0de45f3572a9709,863080,C:\Users\jay\Downloads\finditagain\findit2\train\X51006556825.txt,False,False
X51006556826,C:\Users\jay\Downloads\finditagain\findit2\train\X51006556826.png,REAL,FindItAgain-SROIE,train,group_0549,616,1192,e2b08a134316f01c08745a13abb2ce406f2ee0547a2874c354728a20abadb1f9,08675a6774bc82f15170c299d9472bc6,921842,C:\Users\jay\Downloads\finditagain\findit2\train\X51006556826.txt,False,False
X51006556827,C:\Users\jay\Downloads\finditagain\findit2\test\X51006556827.png,REAL,FindItAgain-SROIE,test,group_0550,616,1224,bb175dbaab55ee78f4064db62b651a7ae567a0c8c0b85b371bf8bdaf659c646c,69d8bdfe77de28d2a3d98ce052d52b79,1001325,C:\Users\jay\Downloads\finditagain\findit2\test\X51006556827.txt,False,False
X51006556828,C:\Users\jay\Downloads\finditagain\findit2\test\X51006556828.png,REAL,FindItAgain-SROIE,test,group_0551,620,1282,e3d98cc963aef31b1811925ee8f80aeb02fe8881b02b51e74b8d2fc8ed849a0c,857382a3e335ec563d1204875a207ec8,967148,C:\Users\jay\Downloads\finditagain\findit2\test\X51006556828.txt,False,False
X51006556829,C:\Users\jay\Downloads\finditagain\findit2\test\X51006556829.png,REAL,FindItAgain-SROIE,test,group_0552,616,1192,45d73887e912bcac4370d86ee5858a9f6cb767f25b7d28684f2409d7974dba23,ab145fed7a4098614c120dbaf8501f75,974194,C:\Users\jay\Downloads\finditagain\findit2\test\X51006556829.txt,False,False
X51006556830,C:\Users\jay\Downloads\finditagain\findit2\test\X51006556830.png,REAL,FindItAgain-SROIE,test,group_0553,612,1256,fc70874bb573371cb016341242d7328fe8bddcb12a70c70dfe3626df56a4bdaa,e23da8b327388efcf8b51626f0d02248,551135,C:\Users\jay\Downloads\finditagain\findit2\test\X51006556830.txt,False,False
X51006556831,C:\Users\jay\Downloads\finditagain\findit2\train\X51006556831.png,REAL,FindItAgain-SROIE,train,group_0554,620,1256,0794ef5837154b6d87b1773417ee0caa22068e50f0002e366889cb250201f0a6,2df92b9db25a8572e33891e09322baf5,567643,C:\Users\jay\Downloads\finditagain\findit2\train\X51006556831.txt,False,False
X51006556838,C:\Users\jay\Downloads\finditagain\findit2\test\X51006556838.png,REAL,FindItAgain-SROIE,test,group_0555,588,1216,270a4f4acdcad84adc35f33fbdf74c10aafdaf610ad3889fddfd994032c72e76,e06e9e318a6cadd2d1e18358fe4a2fe1,718930,C:\Users\jay\Downloads\finditagain\findit2\test\X51006556838.txt,False,False
X51006556839,C:\Users\jay\Downloads\finditagain\findit2\train\X51006556839.png,REAL,FindItAgain-SROIE,train,group_0556,616,1200,1622fe2b2a89a1b75691d48df9058daee4acbb1f2ea8195267642d4d1a9cf888,2ede24996f59739d59e6facd3f083204,792773,C:\Users\jay\Downloads\finditagain\findit2\train\X51006556839.txt,False,False
X51006556840,C:\Users\jay\Downloads\finditagain\findit2\test\X51006556840.png,REAL,FindItAgain-SROIE,test,group_0557,621,1296,0fb62dd3da9c23a1fc5650b055c02f2f4456599832cd6f2bdb6d0a2c8f6c9506,fe9d18e940611c80fbe663a9c1b27f02,677563,C:\Users\jay\Downloads\finditagain\findit2\test\X51006556840.txt,False,False
X51006556841,C:\Users\jay\Downloads\finditagain\findit2\test\X51006556841.png,REAL,FindItAgain-SROIE,test,group_0558,616,1190,29f58ea7dff1fdc47777c5d7c1e55dd6dd3af484ac8661d5cb8e7461463ab6ee,e9b2782e252b496c24a6fd0a9c4891f1,704133,C:\Users\jay\Downloads\finditagain\findit2\test\X51006556841.txt,False,False
X51006556851,C:\Users\jay\Downloads\finditagain\findit2\val\X51006556851.png,EDITED,FindItAgain-SROIE,val,group_0559,616,1264,270fd4bd24a9365831ce31399ba30d082a849abc6875a9d1459a50bf842dccab,ad9dd4f9e47a0c30c3faac189bd74bcf,1056843,C:\Users\jay\Downloads\finditagain\findit2\val\X51006556851.txt,True,True
X51006556852,C:\Users\jay\Downloads\finditagain\findit2\train\X51006556852.png,REAL,FindItAgain-SROIE,train,group_0560,616,1358,cb69627cc8b89adbfa38f192243a9049bda6f8a0b688f8ec94dbd5e7e90f4b24,ebd01e91b85790abe0f8d22c32f18fbd,1031158,C:\Users\jay\Downloads\finditagain\findit2\train\X51006556852.txt,False,False
X51006556861,C:\Users\jay\Downloads\finditagain\findit2\train\X51006556861.png,REAL,FindItAgain-SROIE,train,group_0561,616,1216,dd2170e8e0cd8cd6dc710c466306a4278fb53d37c2ca87d134e28492816fd30d,635208bd9363480e0c5f284c6d6c83a6,804857,C:\Users\jay\Downloads\finditagain\findit2\train\X51006556861.txt,False,False
X51006556865,C:\Users\jay\Downloads\finditagain\findit2\test\X51006556865.png,EDITED,FindItAgain-SROIE,test,group_0562,620,1291,6d6a2dda12663d2b30b0c0dfd65578baa0d46d7b84ee3ea0a88f2cec0135c0e7,adbc4624ccda97954af50a4c9805b770,889054,C:\Users\jay\Downloads\finditagain\findit2\test\X51006556865.txt,True,True
X51006557115,C:\Users\jay\Downloads\finditagain\findit2\train\X51006557115.png,REAL,FindItAgain-SROIE,train,group_0563,616,1230,e4d3750d06c10384a4a9a64ab7a1e28fd9e85bc103c722c7685c57a521d65d28,f4198b150cc3074587dff7e2fcd2d47b,824488,C:\Users\jay\Downloads\finditagain\findit2\train\X51006557115.txt,False,False
X51006557117,C:\Users\jay\Downloads\finditagain\findit2\test\X51006557117.png,EDITED,FindItAgain-SROIE,test,group_0564,620,1245,5a3fa30b86366f4c2e5b57ecb127690de58606de57eb8dc9f1d61a6444b6b430,1952abd4a26840ec2bb1d2455e8da36f,3103374,C:\Users\jay\Downloads\finditagain\findit2\test\X51006557117.txt,True,True
X51006557119,C:\Users\jay\Downloads\finditagain\findit2\val\X51006557119.png,REAL,FindItAgain-SROIE,val,group_0565,616,1150,f272f3cc1e05ad659c6c4b21ec2e36f93dbab8d4ee61fcb1bc09f8175f4247b7,0a01d1b32e57c907ecb6f24300f58a62,797493,C:\Users\jay\Downloads\finditagain\findit2\val\X51006557119.txt,False,False
X51006557161,C:\Users\jay\Downloads\finditagain\findit2\train\X51006557161.png,REAL,FindItAgain-SROIE,train,group_0566,616,1182,054f61f142eb4866950af77f0140e4c303d7d5f5b8358ab8580fa519c90aaa99,a2aa5c221c63540934bc325173250e0f,729243,C:\Users\jay\Downloads\finditagain\findit2\train\X51006557161.txt,False,False
X51006557164,C:\Users\jay\Downloads\finditagain\findit2\train\X51006557164.png,REAL,FindItAgain-SROIE,train,group_0567,612,1208,a83504433eaf0993fd67d38ca2c5a0c5a43efbd8cd1d094612005cf3f13930c2,9db41bbb5c1daefea04f104a5859bc96,866486,C:\Users\jay\Downloads\finditagain\findit2\train\X51006557164.txt,False,False
X51006557168,C:\Users\jay\Downloads\finditagain\findit2\train\X51006557168.png,REAL,FindItAgain-SROIE,train,group_0568,620,1208,b19e081f9773751098b8a386dc71ccb779e4710b0818e5f988c611c94678523b,cd0c9e4330a5ad7af2ae462239659d33,794023,C:\Users\jay\Downloads\finditagain\findit2\train\X51006557168.txt,False,False
X51006557169,C:\Users\jay\Downloads\finditagain\findit2\val\X51006557169.png,EDITED,FindItAgain-SROIE,val,group_0569,616,1184,f1723b3a5da6d5068009d51852075a691a0997d7803792446a871cc4722bfcdb,84ba8f2e540dd35afb891aabbc65682f,2201517,C:\Users\jay\Downloads\finditagain\findit2\val\X51006557169.txt,True,True
X51006557170,C:\Users\jay\Downloads\finditagain\findit2\train\X51006557170.png,REAL,FindItAgain-SROIE,train,group_0570,612,1160,330d8c12042990a863c6eab38a9d226a3d359e51a41e9ebb1bbe095e869ffd2f,5f5f816dae81661f78584ae203de644c,643373,C:\Users\jay\Downloads\finditagain\findit2\train\X51006557170.txt,False,False
X51006557173,C:\Users\jay\Downloads\finditagain\findit2\val\X51006557173.png,REAL,FindItAgain-SROIE,val,group_0571,620,1188,8ecc6502a647e1fda09485d3da826c8c98a58d4d18494142b405c742a6c007cf,8e426e74d16a3cb8cbbdeea54e6654b3,884637,C:\Users\jay\Downloads\finditagain\findit2\val\X51006557173.txt,False,False
X51006557178,C:\Users\jay\Downloads\finditagain\findit2\train\X51006557178.png,REAL,FindItAgain-SROIE,train,group_0572,620,1176,d0d16ed7e09b64038765714ba12d961ad9dbf2af3bde3ff7540320bcc8903018,f5957fb89a1288d2c8aa95903f6d1995,586587,C:\Users\jay\Downloads\finditagain\findit2\train\X51006557178.txt,False,False
X51006557179,C:\Users\jay\Downloads\finditagain\findit2\train\X51006557179.png,REAL,FindItAgain-SROIE,train,group_0573,620,1176,8adaa4de3af8d56de1a5bccfcf99c55362f19ce696e011db1023967ad1520b94,909b9b78f7e433953a4bdbf9ee9570ab,707733,C:\Users\jay\Downloads\finditagain\findit2\train\X51006557179.txt,False,False
X51006557184,C:\Users\jay\Downloads\finditagain\findit2\test\X51006557184.png,REAL,FindItAgain-SROIE,test,group_0574,619,1220,5e7d3cffc695fad32c6534259358e28976d27282939c89d25c36b5754da6ea58,e70546dd2095f130720aba9c230238f2,816812,C:\Users\jay\Downloads\finditagain\findit2\test\X51006557184.txt,False,False
X51006557185,C:\Users\jay\Downloads\finditagain\findit2\train\X51006557185.png,REAL,FindItAgain-SROIE,train,group_0575,616,1224,8fe665ed3d90b0ce552d261508c432045f9e3f601e7a86b58494c8a5a2bb55d9,859e5c5500190554b73dd84b06a5f2ed,898661,C:\Users\jay\Downloads\finditagain\findit2\train\X51006557185.txt,False,False
X51006557187,C:\Users\jay\Downloads\finditagain\findit2\train\X51006557187.png,EDITED,FindItAgain-SROIE,train,group_0576,620,1224,0fe2a5fe7ce8e5a1c4b6e3c443831415136a4d766c33033a482049fc3c60fbf1,d551af59dcc24b27f930554d0c059caa,2290615,C:\Users\jay\Downloads\finditagain\findit2\train\X51006557187.txt,True,True
X51006557188,C:\Users\jay\Downloads\finditagain\findit2\test\X51006557188.png,REAL,FindItAgain-SROIE,test,group_0577,616,1200,7656c6451b3be075d838b204386760e605b60c620ec37aede0265a85bd83ed48,aff7990d9b8bb3d487b176aab90114ef,815698,C:\Users\jay\Downloads\finditagain\findit2\test\X51006557188.txt,False,False
X51006557193,C:\Users\jay\Downloads\finditagain\findit2\train\X51006557193.png,EDITED,FindItAgain-SROIE,train,group_0578,618,1234,c78e6017dedbf5da4a00dbcaddd55ee217cb44d8fbdb339ed8051a47dd0a176a,84f49837e27e46512c0946f0d83b44d4,918167,C:\Users\jay\Downloads\finditagain\findit2\train\X51006557193.txt,True,True
X51006557194,C:\Users\jay\Downloads\finditagain\findit2\val\X51006557194.png,REAL,FindItAgain-SROIE,val,group_0579,616,1224,5f6a3d1adff36e4cd4ee93157e771bd04ff46018c3c585ed4cb0492dee241fd8,829cf80019a28369876ab1ab4ad52926,952960,C:\Users\jay\Downloads\finditagain\findit2\val\X51006557194.txt,False,False
X51006557195,C:\Users\jay\Downloads\finditagain\findit2\test\X51006557195.png,EDITED,FindItAgain-SROIE,test,group_0580,620,1276,878625ad4d19fa844ed0d55d12daea56417549d49d8c9e580b6007965c9faa33,09ff75a1c9b81d8f76483f37aa50e90a,993002,C:\Users\jay\Downloads\finditagain\findit2\test\X51006557195.txt,True,True
X51006557196,C:\Users\jay\Downloads\finditagain\findit2\train\X51006557196.png,REAL,FindItAgain-SROIE,train,group_0581,620,1192,df0023725c57fc9194b47f4d1cd4b0a20f89cde5a7d763682103b254cbe06edb,cddc3a1bd48ccb54b23eccd16a5ac37d,892440,C:\Users\jay\Downloads\finditagain\findit2\train\X51006557196.txt,False,False
X51006557198,C:\Users\jay\Downloads\finditagain\findit2\train\X51006557198.png,REAL,FindItAgain-SROIE,train,group_0582,620,1264,3c986fde02080c32e8189dfe9544d4635f5e221cccc90ecd23cd5413a6fe8c30,465cea9973a47d76f546c9f650099470,938741,C:\Users\jay\Downloads\finditagain\findit2\train\X51006557198.txt,False,False
X51006557199,C:\Users\jay\Downloads\finditagain\findit2\train\X51006557199.png,REAL,FindItAgain-SROIE,train,group_0583,616,1238,b87e0c45cc76002488e1c0c1f6e3c5b5718e51eafc34785e271bfb21db845ac8,f36a1472b80f8ffec779a06cc5f7a44d,881072,C:\Users\jay\Downloads\finditagain\findit2\train\X51006557199.txt,False,False
X51006557202,C:\Users\jay\Downloads\finditagain\findit2\train\X51006557202.png,REAL,FindItAgain-SROIE,train,group_0584,604,1172,92a4e000a83707eee1eb815e197d6893a4eb3387aae678a13f934e9ea145ffec,e95260f565c2a6496aafe3a0d59b4163,707443,C:\Users\jay\Downloads\finditagain\findit2\train\X51006557202.txt,False,False
X51006557208,C:\Users\jay\Downloads\finditagain\findit2\train\X51006557208.png,REAL,FindItAgain-SROIE,train,group_0585,620,1158,5da7e4c26b19b667f0ae0e7eb10075a734215ee0aa87b675fc639103aff4beda,b9c54b6d758854b1231e93cbf465ecaf,800513,C:\Users\jay\Downloads\finditagain\findit2\train\X51006557208.txt,False,False
X51006557209,C:\Users\jay\Downloads\finditagain\findit2\train\X51006557209.png,REAL,FindItAgain-SROIE,train,group_0586,616,960,840cedea7c8cc740596c86309e70b3540c7b4965cf1719981602fefe3640624f,0cff58972a9adde16152b5debbefccc8,688826,C:\Users\jay\Downloads\finditagain\findit2\train\X51006557209.txt,False,False
X51006557210,C:\Users\jay\Downloads\finditagain\findit2\val\X51006557210.png,REAL,FindItAgain-SROIE,val,group_0587,616,1208,bb8eb2d80e53eb41b8a3e3a7187c519d887a08e7c544e38096095264e2d956f9,46ba297e5b9f009c3b0cb338c3b24f8f,844814,C:\Users\jay\Downloads\finditagain\findit2\val\X51006557210.txt,False,False
X51006557213,C:\Users\jay\Downloads\finditagain\findit2\train\X51006557213.png,REAL,FindItAgain-SROIE,train,group_0588,620,1184,bde264839740c3bc22929ce7bf70c12d80be5853f7c5ecb1e42b580041772102,3fe09e957419e817190c721b8c6666dc,889160,C:\Users\jay\Downloads\finditagain\findit2\train\X51006557213.txt,False,False
X51006557507,C:\Users\jay\Downloads\finditagain\findit2\test\X51006557507.png,REAL,FindItAgain-SROIE,test,group_0589,616,1176,41f5042d867678c0cd4f0c7d24edadb6b4adb227535333099a75c9d4e62260fc,74dc170dbdfa29fee790994d0102979f,835044,C:\Users\jay\Downloads\finditagain\findit2\test\X51006557507.txt,False,False
X51006557508,C:\Users\jay\Downloads\finditagain\findit2\test\X51006557508.png,REAL,FindItAgain-SROIE,test,group_0590,616,1224,fc2312abae347249f633fcb70fe8c9a8da864d8517c02224b55ba4f68f03c795,68d1e0bbb4c92a8ebd41e525933f4d07,1012753,C:\Users\jay\Downloads\finditagain\findit2\test\X51006557508.txt,False,False
X51006619328,C:\Users\jay\Downloads\finditagain\findit2\train\X51006619328.png,REAL,FindItAgain-SROIE,train,group_0591,880,1856,d228c3d1cbad064cffa7dd58b41986dc96f9aa35a9ac380a7674f249af9ab501,24f8e66c66ce9ed5d4ae4d8a549e0426,366044,C:\Users\jay\Downloads\finditagain\findit2\train\X51006619328.txt,False,False
X51006619338,C:\Users\jay\Downloads\finditagain\findit2\train\X51006619338.png,REAL,FindItAgain-SROIE,train,group_0592,884,1701,17843667a1fa949cbb58de7f98b9080426540fef339d253cfec4d22122657db5,512e6d2d8b4ff2f58fccf83d68ed6583,386436,C:\Users\jay\Downloads\finditagain\findit2\train\X51006619338.txt,False,False
X51006619341,C:\Users\jay\Downloads\finditagain\findit2\train\X51006619341.png,REAL,FindItAgain-SROIE,train,group_0593,888,1978,51396c4db0f5b740d2ab02c9cd8df65c3ea8d899b41404a9c82e62886a39b379,3aef6d8a34ff4d6ab250e088a70e7c7a,452541,C:\Users\jay\Downloads\finditagain\findit2\train\X51006619341.txt,False,False
X51006619342,C:\Users\jay\Downloads\finditagain\findit2\test\X51006619342.png,REAL,FindItAgain-SROIE,test,group_0594,888,1681,fb4ac1b6a53d50bf0c38bcb579dae493b5c46bebb515673237a18d7fc6555422,df5a24c4d31e31ac69c42e90e8f831fb,353945,C:\Users\jay\Downloads\finditagain\findit2\test\X51006619342.txt,False,False
X51006619343,C:\Users\jay\Downloads\finditagain\findit2\train\X51006619343.png,EDITED,FindItAgain-SROIE,train,group_0595,888,2185,6f85da03f760b45d296632837bbd002dcd53248a483ef6f4467f115d1337cc30,352a5c3a90fc53f8424b76f64bdf769b,444484,C:\Users\jay\Downloads\finditagain\findit2\train\X51006619343.txt,True,True
X51006619345,C:\Users\jay\Downloads\finditagain\findit2\test\X51006619345.png,REAL,FindItAgain-SROIE,test,group_0596,816,2331,7ca03f208ce58c57c4fb906443fa77d0cca96548905c10fc656831a8dbf5c7b6,05b2a7961132f6493c32d089b331d012,566909,C:\Users\jay\Downloads\finditagain\findit2\test\X51006619345.txt,False,False
X51006619346,C:\Users\jay\Downloads\finditagain\findit2\val\X51006619346.png,REAL,FindItAgain-SROIE,val,group_0597,884,2339,917b65cfde72ed5ba2830b4206272fa082d94d64c470ca284807aee7011326ba,1453925af94257930427b8c612e6dccd,500753,C:\Users\jay\Downloads\finditagain\findit2\val\X51006619346.txt,False,False
X51006619496,C:\Users\jay\Downloads\finditagain\findit2\train\X51006619496.png,REAL,FindItAgain-SROIE,train,group_0598,888,2160,e815da398ab880269bb1eac23431cbf1c72af7eae42ed304fa16c6e7f6d040b6,2eb91b3e6b81da3b88e28dfa75901c40,499142,C:\Users\jay\Downloads\finditagain\findit2\train\X51006619496.txt,False,False
X51006619503,C:\Users\jay\Downloads\finditagain\findit2\train\X51006619503.png,REAL,FindItAgain-SROIE,train,group_0599,888,1648,bae10897114612599a57449e168d812f089513d63008ed4ccaf15e8d5f3cbcf8,89a03c31a1a134b41cffcc794b4a5226,256629,C:\Users\jay\Downloads\finditagain\findit2\train\X51006619503.txt,False,False
X51006619506,C:\Users\jay\Downloads\finditagain\findit2\train\X51006619506.png,REAL,FindItAgain-SROIE,train,group_0600,880,1838,9620fbe39f489d17a56ee430afe4e21c2ba376923c2c4b9e0829435679708e2d,6f5dda7a194ea979072c5b1c3d6045e3,241369,C:\Users\jay\Downloads\finditagain\findit2\train\X51006619506.txt,False,False
X51006619507,C:\Users\jay\Downloads\finditagain\findit2\test\X51006619507.png,REAL,FindItAgain-SROIE,test,group_0601,920,1582,f7727c60cb1b5c28c5b31aa4aec1a6438c9cc0345febab6232ca3e44cdea082c,38d8ae7f596feb393395ee45614830ec,196788,C:\Users\jay\Downloads\finditagain\findit2\test\X51006619507.txt,False,False
X51006619509,C:\Users\jay\Downloads\finditagain\findit2\train\X51006619509.png,REAL,FindItAgain-SROIE,train,group_0602,932,1512,167c9913b8a8150058ad4be7d86db7a3a4043690e8accb8c74be84be90b147cf,b3a6ee6615d920c48a6b3d94a6441657,285056,C:\Users\jay\Downloads\finditagain\findit2\train\X51006619509.txt,False,False
X51006619545,C:\Users\jay\Downloads\finditagain\findit2\val\X51006619545.png,REAL,FindItAgain-SROIE,val,group_0603,880,3123,f297331d8a535770e00d5a03a2f165c7a9431e953370dfde724e3f7208ff9457,4e91523dbae1cb8ab6afcef704e18191,734232,C:\Users\jay\Downloads\finditagain\findit2\val\X51006619545.txt,False,False
X51006619550,C:\Users\jay\Downloads\finditagain\findit2\train\X51006619550.png,EDITED,FindItAgain-SROIE,train,group_0604,888,2595,255d1bc33a9055cf898071242fd52628b68591c4a65b5f8230e96479ca2027b9,57e97a8623492f74b7f467faf6c9fb3e,2319467,C:\Users\jay\Downloads\finditagain\findit2\train\X51006619550.txt,True,True
X51006619561,C:\Users\jay\Downloads\finditagain\findit2\test\X51006619561.png,REAL,FindItAgain-SROIE,test,group_0605,888,2904,c9c0c26b4058222e36d76341fb6bf7be43493a1f723310d6330e3408db0d7445,4d960fe418f66dac878f8c8f1e768caf,468862,C:\Users\jay\Downloads\finditagain\findit2\test\X51006619561.txt,False,False
X51006619563,C:\Users\jay\Downloads\finditagain\findit2\val\X51006619563.png,REAL,FindItAgain-SROIE,val,group_0606,888,1684,1ff9767d1e46e654c04a8560c26c7a02c5a12358bc3ce784c0e63aeda2055f4a,0b3d2f58dbeceb13aa434c9c914fbbe2,360236,C:\Users\jay\Downloads\finditagain\findit2\val\X51006619563.txt,False,False
X51006619564,C:\Users\jay\Downloads\finditagain\findit2\train\X51006619564.png,REAL,FindItAgain-SROIE,train,group_0607,888,2200,3f5a7a11f895f96470e77934e9f0a9a5d8ad9ace9fdc80ab94207f3f5958bd2f,b5435f8b3b4f580350e83e2167ddcc77,423199,C:\Users\jay\Downloads\finditagain\findit2\train\X51006619564.txt,False,False
X51006619566,C:\Users\jay\Downloads\finditagain\findit2\train\X51006619566.png,REAL,FindItAgain-SROIE,train,group_0608,884,1679,bb8a54e162b16ded62093230fb5bd6a8687c8eeaf50991433dba8c57870b6a0d,4a58ffc57bec79cc09bbe98838862ac8,358407,C:\Users\jay\Downloads\finditagain\findit2\train\X51006619566.txt,False,False
X51006619567,C:\Users\jay\Downloads\finditagain\findit2\val\X51006619567.png,REAL,FindItAgain-SROIE,val,group_0609,888,1542,10bebb1b13556185b5b9614d37aa6433cfc9683a4934eee6055bc0f026627930,bdce77cc939b0d3490fcf6374c25bf88,226487,C:\Users\jay\Downloads\finditagain\findit2\val\X51006619567.txt,False,False
X51006619569,C:\Users\jay\Downloads\finditagain\findit2\train\X51006619569.png,REAL,FindItAgain-SROIE,train,group_0610,892,1975,17dc2457a65eb9d69f35aa09fd519075b4895f2af72e119e91c8364fa85ffc79,d02e0cde0e15524523a5854589c27e66,439269,C:\Users\jay\Downloads\finditagain\findit2\train\X51006619569.txt,False,False
X51006619570,C:\Users\jay\Downloads\finditagain\findit2\train\X51006619570.png,REAL,FindItAgain-SROIE,train,group_0611,884,2180,f7a65b459e1a251f3be65d2974ab9b4e1e8c2d17f55b788fc5f264085aa6586f,ad06cd7b145b6e6797a278de9470a46a,501222,C:\Users\jay\Downloads\finditagain\findit2\train\X51006619570.txt,False,False
X51006619694,C:\Users\jay\Downloads\finditagain\findit2\train\X51006619694.png,REAL,FindItAgain-SROIE,train,group_0612,812,2214,d768c4e2420f6ac71e722d1677585f8fe34b4401ecccb06a484ff4e3ae796dbc,4ea7c309964eba44ead05dee19e9445b,347853,C:\Users\jay\Downloads\finditagain\findit2\train\X51006619694.txt,False,False
X51006619696,C:\Users\jay\Downloads\finditagain\findit2\train\X51006619696.png,REAL,FindItAgain-SROIE,train,group_0613,884,1677,867d6951c6a5088d214e625eb3dbf1b138daa9eb9e044975429e46d8aa9bcd8c,534660b1aec7ffa4ca7eccf756320bec,286224,C:\Users\jay\Downloads\finditagain\findit2\train\X51006619696.txt,False,False
X51006619697,C:\Users\jay\Downloads\finditagain\findit2\train\X51006619697.png,EDITED,FindItAgain-SROIE,train,group_0614,932,2225,66a922b70129e27d799346c3661c4402f3a886ad8d80a0c8d21576277768f02f,0f2923e8562e62aaa603f7a384f47466,509764,C:\Users\jay\Downloads\finditagain\findit2\train\X51006619697.txt,True,True
X51006619698,C:\Users\jay\Downloads\finditagain\findit2\train\X51006619698.png,REAL,FindItAgain-SROIE,train,group_0615,888,1939,934193116a1969cfd2b4cc7a6ad18180700fec5c18ff7701dc851b7dbb99ec54,5ef0f54f2f1f1713bc6b9741e0611cb8,396295,C:\Users\jay\Downloads\finditagain\findit2\train\X51006619698.txt,False,False
X51006619700,C:\Users\jay\Downloads\finditagain\findit2\train\X51006619700.png,REAL,FindItAgain-SROIE,train,group_0616,884,1826,42264cb276b54880ab1438a714dba2b26eb5b12d3da20029e0c1271e5d6d751e,7adb9c47a959766cb1de61da8890090b,311515,C:\Users\jay\Downloads\finditagain\findit2\train\X51006619700.txt,False,False
X51006619703,C:\Users\jay\Downloads\finditagain\findit2\train\X51006619703.png,REAL,FindItAgain-SROIE,train,group_0617,884,1826,99a7c6a122f2e0eddd71a0dfd25dd7e7110fb6e2255e664276292d7ffbc6dace,8d3d0a4c32ba0d96085c0aa10db682b3,309818,C:\Users\jay\Downloads\finditagain\findit2\train\X51006619703.txt,False,False
X51006619704,C:\Users\jay\Downloads\finditagain\findit2\train\X51006619704.png,REAL,FindItAgain-SROIE,train,group_0618,884,2293,a050be6eea2a3c8070fd5bed34c428457acb0b5765d948fcc43a90fd1ba447df,22341a12f4f21946b21bc565e61c6235,424393,C:\Users\jay\Downloads\finditagain\findit2\train\X51006619704.txt,False,False
X51006619709,C:\Users\jay\Downloads\finditagain\findit2\train\X51006619709.png,EDITED,FindItAgain-SROIE,train,group_0619,884,2822,648e044a5790147bbbb20fd28860e52c709d82260fc517bc9ad2fec7dbc5da32,e34f56404ed51963b0760cf5d90d3a7f,1021836,C:\Users\jay\Downloads\finditagain\findit2\train\X51006619709.txt,True,True
X51006619757,C:\Users\jay\Downloads\finditagain\findit2\train\X51006619757.png,REAL,FindItAgain-SROIE,train,group_0620,888,1996,0a42e9a46426a48536fd07043fc71ec6adab7df4734b749c40b0446dc5d28c41,3d2c56202bbdfd5f38805154d87e5fa3,480842,C:\Users\jay\Downloads\finditagain\findit2\train\X51006619757.txt,False,False
X51006619758,C:\Users\jay\Downloads\finditagain\findit2\train\X51006619758.png,REAL,FindItAgain-SROIE,train,group_0621,884,1688,0e637abb69944a555bf30be2b24a587f0f32fd22ed1f7e37dfb5b2050350c1fc,a82dd1541f04e46793dca788e106b3e9,336482,C:\Users\jay\Downloads\finditagain\findit2\train\X51006619758.txt,False,False
X51006619760,C:\Users\jay\Downloads\finditagain\findit2\train\X51006619760.png,REAL,FindItAgain-SROIE,train,group_0622,888,1522,7d6736932e40616ecd306746988336e97cf26ee03369b46af7a25fc6276f35ad,d8b223e2987bb031cbb41cd74a4f070d,238081,C:\Users\jay\Downloads\finditagain\findit2\train\X51006619760.txt,False,False
X51006619764,C:\Users\jay\Downloads\finditagain\findit2\test\X51006619764.png,REAL,FindItAgain-SROIE,test,group_0623,888,2280,b876d4ac798c8b2ce6f8c913a87f5509893a5fafc9dda3780992b6368f20751e,43d01391c61581d679099d454467201c,446657,C:\Users\jay\Downloads\finditagain\findit2\test\X51006619764.txt,False,False
X51006619765,C:\Users\jay\Downloads\finditagain\findit2\train\X51006619765.png,REAL,FindItAgain-SROIE,train,group_0624,888,2899,2f09ff1f7aa2ec141f9a0bdb49a38114c81e322bfbb44677f69d459e442e162a,0b65b5d93d770b6b976403ce05958182,650011,C:\Users\jay\Downloads\finditagain\findit2\train\X51006619765.txt,False,False
X51006619766,C:\Users\jay\Downloads\finditagain\findit2\train\X51006619766.png,EDITED,FindItAgain-SROIE,train,group_0625,884,2886,d0a5775393f1eea945cfaa0410d26d585e13788cf4245e9aea6537109f0a57ae,f2f0d1c9a0aac10e2d977bc1c21ffd91,640974,C:\Users\jay\Downloads\finditagain\findit2\train\X51006619766.txt,True,True
X51006619772,C:\Users\jay\Downloads\finditagain\findit2\train\X51006619772.png,REAL,FindItAgain-SROIE,train,group_0626,920,1864,5c656b3c670dbb71a3366a2676e6c7531b31fd0aee7a037dac3f4886fc0c816b,ecb1554278ae7c3f9209294bcecbbd22,297349,C:\Users\jay\Downloads\finditagain\findit2\train\X51006619772.txt,False,False
X51006619777,C:\Users\jay\Downloads\finditagain\findit2\train\X51006619777.png,EDITED,FindItAgain-SROIE,train,group_0627,884,1838,80272a0b5d69d17e54c4259e0db408d1027248873e08c79489c81ee876f0f449,d907c142049772a57b19d3404fc949a7,3263732,C:\Users\jay\Downloads\finditagain\findit2\train\X51006619777.txt,True,True
X51006619779,C:\Users\jay\Downloads\finditagain\findit2\train\X51006619779.png,REAL,FindItAgain-SROIE,train,group_0628,936,1562,cdc97b42ad05d953ef9a3cb4eb67de66acd604170291dba0b5d6ee80f5dd9d12,275dcf1ea9e1896227f9e601705c5411,198717,C:\Users\jay\Downloads\finditagain\findit2\train\X51006619779.txt,False,False
X51006619780,C:\Users\jay\Downloads\finditagain\findit2\test\X51006619780.png,REAL,FindItAgain-SROIE,test,group_0629,932,1659,14b9368530531a061ac16f5534bb768b251846679aa5914544448df9e7e72c82,e3f638ee645063d2ad6865a2c77a63e6,186878,C:\Users\jay\Downloads\finditagain\findit2\test\X51006619780.txt,False,False
X51006619782,C:\Users\jay\Downloads\finditagain\findit2\train\X51006619782.png,EDITED,FindItAgain-SROIE,train,group_0630,968,1931,c7daff6038ced98639b3b62185d78e3046a1eaace1d5897630fb56d99717d461,d32aa8358fe39532f61cf175ef40777e,3756251,C:\Users\jay\Downloads\finditagain\findit2\train\X51006619782.txt,True,True
X51006619783,C:\Users\jay\Downloads\finditagain\findit2\val\X51006619783.png,REAL,FindItAgain-SROIE,val,group_0631,928,2068,56c94b72aed751fe0f72df4419657dcf07bcf948f90a3cb910dd4fb178077797,5686242102de0091afb9ee70f865937d,239985,C:\Users\jay\Downloads\finditagain\findit2\val\X51006619783.txt,False,False
X51006619784,C:\Users\jay\Downloads\finditagain\findit2\test\X51006619784.png,REAL,FindItAgain-SROIE,test,group_0632,884,1852,7cda2dfc7192657834dad230385f0b2b3223ebd1be7e8823ae4dab6d94984fc1,fe827ec1a8ccd7fdd5405ff59202490e,258631,C:\Users\jay\Downloads\finditagain\findit2\test\X51006619784.txt,False,False
X51006619785,C:\Users\jay\Downloads\finditagain\findit2\val\X51006619785.png,REAL,FindItAgain-SROIE,val,group_0633,880,2900,3ae60917f2236718baf1189a29a0d543989a201fcfc920ac927065233efab850,741283ccd531f9c992d1bd6e84e2aac3,712292,C:\Users\jay\Downloads\finditagain\findit2\val\X51006619785.txt,False,False
X51006619790,C:\Users\jay\Downloads\finditagain\findit2\train\X51006619790.png,REAL,FindItAgain-SROIE,train,group_0634,884,1868,df0ef8e7c9858bc36e68252a7127cf2f7caba3ecb69f2a99c04fbb2ddfc93cce,92f1e55a5f508a293b28a7b1c459bf5e,341873,C:\Users\jay\Downloads\finditagain\findit2\train\X51006619790.txt,False,False
X51006619842,C:\Users\jay\Downloads\finditagain\findit2\train\X51006619842.png,REAL,FindItAgain-SROIE,train,group_0635,888,1758,ac37cd3a670a841219db645dbbd62414344fb5558a1a2d0046ade4b2f3902aeb,185691ca316e1d90db8d43cb93999cc6,294450,C:\Users\jay\Downloads\finditagain\findit2\train\X51006619842.txt,False,False
X51006619854,C:\Users\jay\Downloads\finditagain\findit2\train\X51006619854.png,EDITED,FindItAgain-SROIE,train,group_0636,888,1677,bf9c713bff7a82919b13cc8b34aa60942b4ad11585e9c7fae30b1710a5c5973a,de4d4a013194d44171f9d0ec8e0b508c,649118,C:\Users\jay\Downloads\finditagain\findit2\train\X51006619854.txt,True,True
X51006619862,C:\Users\jay\Downloads\finditagain\findit2\train\X51006619862.png,REAL,FindItAgain-SROIE,train,group_0637,884,1833,0c43bfc0233ff38221d8260d8f5c662375dd4878ef4a40c8f7bc6d39c48b84d5,7bddaa0b6efa41de8cca6a6e2ea9ca5f,333559,C:\Users\jay\Downloads\finditagain\findit2\train\X51006619862.txt,False,False
X51006619863,C:\Users\jay\Downloads\finditagain\findit2\test\X51006619863.png,REAL,FindItAgain-SROIE,test,group_0638,892,1495,8e21612e81ce50bb6bcf51781ca6ec00bc277b051d72172d53f89387424c1af1,5ffae9598113e36a82dfd08c5b9ee9c2,359148,C:\Users\jay\Downloads\finditagain\findit2\test\X51006619863.txt,False,False
X51006619869,C:\Users\jay\Downloads\finditagain\findit2\test\X51006619869.png,REAL,FindItAgain-SROIE,test,group_0639,888,2021,c239d8bc1eb02b3e9b75dd52c7bc0a2bcddaddf25d468cef5d97d14641e3ec4d,896383742e29630210fb7efc1324e57c,437646,C:\Users\jay\Downloads\finditagain\findit2\test\X51006619869.txt,False,False
X51006620161,C:\Users\jay\Downloads\finditagain\findit2\val\X51006620161.png,REAL,FindItAgain-SROIE,val,group_0640,884,2376,f020f85de0e2de92b154fd4b137cdb3b1e546b0649fdf1919cec8f1389a26104,cf81bd3786ab21d1e7c927713b203b84,405362,C:\Users\jay\Downloads\finditagain\findit2\val\X51006620161.txt,False,False
X51006620175,C:\Users\jay\Downloads\finditagain\findit2\train\X51006620175.png,REAL,FindItAgain-SROIE,train,group_0641,888,2168,9ac86c410fd4495614ed8d42577d9e725c4ff6ada5335e2305b547fd15103e24,dfd0c2df8daa526bedd4884f1cd70263,483372,C:\Users\jay\Downloads\finditagain\findit2\train\X51006620175.txt,False,False
X51006620176,C:\Users\jay\Downloads\finditagain\findit2\val\X51006620176.png,REAL,FindItAgain-SROIE,val,group_0642,888,1813,3d77820fb979420939813397e4c6069ae119cddb3b99894bc8da8223e1447ba0,36a37680dafb14dcb0b558658453b311,385247,C:\Users\jay\Downloads\finditagain\findit2\val\X51006620176.txt,False,False
X51006620181,C:\Users\jay\Downloads\finditagain\findit2\train\X51006620181.png,EDITED,FindItAgain-SROIE,train,group_0643,936,1321,075c03bd8a361e9485bd3dc671c880a78f114e8a6948ddd635363cdc7390f631,4016e1d6c0f820cdfde8e6667cf503a2,1249665,C:\Users\jay\Downloads\finditagain\findit2\train\X51006620181.txt,True,True
X51006620182,C:\Users\jay\Downloads\finditagain\findit2\test\X51006620182.png,EDITED,FindItAgain-SROIE,test,group_0644,888,2792,3fe2a46f065037ae3543149eeae9559bc74412e54d218b04475f99d2e03f69bd,924b6ff0880f81e49ebd96437591fa5a,2489892,C:\Users\jay\Downloads\finditagain\findit2\test\X51006620182.txt,True,True
X51006620186,C:\Users\jay\Downloads\finditagain\findit2\train\X51006620186.png,REAL,FindItAgain-SROIE,train,group_0645,888,2603,6e1c5c40a1d3b60bed9f809edc591abe250ef358fc452f2fc513eb8850dc3d38,b4414875333771a86a38d00821ab6753,617679,C:\Users\jay\Downloads\finditagain\findit2\train\X51006620186.txt,False,False
X51006620187,C:\Users\jay\Downloads\finditagain\findit2\train\X51006620187.png,REAL,FindItAgain-SROIE,train,group_0646,932,1432,fec6a63675e509686878f48915b0a4aceee3838e419b9a437dafb9c8e79828fd,6426c654ba39e8247fd6e6eaf92285eb,221167,C:\Users\jay\Downloads\finditagain\findit2\train\X51006620187.txt,False,False
X51006620189,C:\Users\jay\Downloads\finditagain\findit2\test\X51006620189.png,REAL,FindItAgain-SROIE,test,group_0647,884,2620,c20e810deed613bbd3ed99318a9f960abb5969bd703c9842b71c3320a70fe23a,35934773af2e8452ef0bae3beafd6795,577577,C:\Users\jay\Downloads\finditagain\findit2\test\X51006620189.txt,False,False
X51006620190,C:\Users\jay\Downloads\finditagain\findit2\test\X51006620190.png,REAL,FindItAgain-SROIE,test,group_0648,888,2038,6cb87cc80f4c65dbd6b92e9485d9cdf87ecf7abc10e89564d62e759ec78f390e,9baf5c6e04f0ee7cc27295e64033ab44,441966,C:\Users\jay\Downloads\finditagain\findit2\test\X51006620190.txt,False,False
X51006620191,C:\Users\jay\Downloads\finditagain\findit2\test\X51006620191.png,REAL,FindItAgain-SROIE,test,group_0649,884,1979,3032f7d3011948c6ba9de3997d51949a11febd9a11c7ed534e01db9eaa3d93fd,e336332e706fd73996c4e2d9adf4484f,260422,C:\Users\jay\Downloads\finditagain\findit2\test\X51006620191.txt,False,False
X51006620192,C:\Users\jay\Downloads\finditagain\findit2\train\X51006620192.png,REAL,FindItAgain-SROIE,train,group_0650,888,1917,c4bba485959b34c16297257d31d319d6daee38638599c13b0a9af80321bbb316,89444509e8d1558c94bf9cacc0547c24,615012,C:\Users\jay\Downloads\finditagain\findit2\train\X51006620192.txt,False,False
X51006620414,C:\Users\jay\Downloads\finditagain\findit2\train\X51006620414.png,REAL,FindItAgain-SROIE,train,group_0651,932,2044,6f3faade78852410d28648319f14f24bff2b8df9ce1f48458e021193d8b75ae9,d1038c775d705040390f4408d0681a42,403829,C:\Users\jay\Downloads\finditagain\findit2\train\X51006620414.txt,False,False
X51006620437,C:\Users\jay\Downloads\finditagain\findit2\train\X51006620437.png,REAL,FindItAgain-SROIE,train,group_0652,888,1644,45fb9ca1766486a6d791cefc8858c4cfaac9a2ba229c9344d3aa7c710f6f99e7,666283e59b54805e8017011393998fd5,364266,C:\Users\jay\Downloads\finditagain\findit2\train\X51006620437.txt,False,False
X51006647932,C:\Users\jay\Downloads\finditagain\findit2\train\X51006647932.png,EDITED,FindItAgain-SROIE,train,group_0653,623,1079,8d6be16fac2bf04e796627a5af10d5c14a9a16e4dc8bbc4653c05f3fc2c69b17,2c6be41073ab34bc99d94e395b54ebb0,351675,C:\Users\jay\Downloads\finditagain\findit2\train\X51006647932.txt,True,True
X51006647933,C:\Users\jay\Downloads\finditagain\findit2\test\X51006647933.png,REAL,FindItAgain-SROIE,test,group_0654,443,859,12a11df4c2ef668a578ab4a0d8f779f46f9ec25aaf48d5a522e996ec634ce48a,edb635e9d4d55b0e98aa08199d660d4a,289961,C:\Users\jay\Downloads\finditagain\findit2\test\X51006647933.txt,False,False
X51006647984,C:\Users\jay\Downloads\finditagain\findit2\train\X51006647984.png,REAL,FindItAgain-SROIE,train,group_0655,627,2023,36f08c3d7169d5b923f42238907e7b870b92877f274a7acef4a28ff5248ea69f,98860b1310fcd770eb252d6a482d4e10,590962,C:\Users\jay\Downloads\finditagain\findit2\train\X51006647984.txt,False,False
X51006679216,C:\Users\jay\Downloads\finditagain\findit2\train\X51006679216.png,REAL,FindItAgain-SROIE,train,group_0656,623,1607,0b28c45c68a9fd067aea2e0af18f1b4885cec004191558972a83b058232539ad,c6f5a9544a520e3f7920f0361982aa2d,624878,C:\Users\jay\Downloads\finditagain\findit2\train\X51006679216.txt,False,False
X51006679222,C:\Users\jay\Downloads\finditagain\findit2\train\X51006679222.png,REAL,FindItAgain-SROIE,train,group_0657,615,1347,d6ead1a4e6c3c1b353bd4b8b863b74d9a7926970b49f11fab332459172b09244,e3c07edbf6be98692c38acf766b812a0,434261,C:\Users\jay\Downloads\finditagain\findit2\train\X51006679222.txt,False,False
X51006713996,C:\Users\jay\Downloads\finditagain\findit2\test\X51006713996.png,REAL,FindItAgain-SROIE,test,group_0658,731,1324,9c2fdc72e794f3166d31b6cfc459287b0825591f6c440ba2511353ab24b7c0a0,b4075e2bf06237170fb2ab6199f054d5,1138691,C:\Users\jay\Downloads\finditagain\findit2\test\X51006713996.txt,False,False
X51006714065,C:\Users\jay\Downloads\finditagain\findit2\test\X51006714065.png,REAL,FindItAgain-SROIE,test,group_0659,754,1279,04c8b45a10644f6d134378f5470914b3e86488d9e37857dab851976e87d86bff,a645d20c925708c3298b521bbc9d9a4d,999771,C:\Users\jay\Downloads\finditagain\findit2\test\X51006714065.txt,False,False
X51006714066,C:\Users\jay\Downloads\finditagain\findit2\val\X51006714066.png,REAL,FindItAgain-SROIE,val,group_0660,781,1385,2b78dce67f67b121d5daa7a1386789cc9fb699aa1e462e9dc53f3c572cf9a709,11ef25fd64514626a4736bbd9e9a27ed,1140723,C:\Users\jay\Downloads\finditagain\findit2\val\X51006714066.txt,False,False
X51006733494,C:\Users\jay\Downloads\finditagain\findit2\train\X51006733494.png,EDITED,FindItAgain-SROIE,train,group_0661,932,1812,55333397d44b83c6254e2828f0bd94a778826e3ded590ab519960d57fdbe3339,dd63145356cdd7b85d5a1bf3f4db764d,210399,C:\Users\jay\Downloads\finditagain\findit2\train\X51006733494.txt,True,True
X51006733495,C:\Users\jay\Downloads\finditagain\findit2\train\X51006733495.png,REAL,FindItAgain-SROIE,train,group_0662,884,1642,aee47ead14c0ec23953f8257c7992775b4c07e64df9cd23f41a05358520dd8cb,d2e8b438878c4829c81b55b3ec163f1d,341214,C:\Users\jay\Downloads\finditagain\findit2\train\X51006733495.txt,False,False
X51006828199,C:\Users\jay\Downloads\finditagain\findit2\val\X51006828199.png,REAL,FindItAgain-SROIE,val,group_0663,936,1934,7b04e5c56d5cf59fa0e9d15e3d6fbdb16ed437ac268ff9559f99fb71e2c3a84b,eeb5819f5827b69f5aa16a7d6703bc61,255296,C:\Users\jay\Downloads\finditagain\findit2\val\X51006828199.txt,False,False
X51006828200,C:\Users\jay\Downloads\finditagain\findit2\test\X51006828200.png,REAL,FindItAgain-SROIE,test,group_0664,936,2033,bf4db963ad692e8982036bc594c7d29fd8c98a9d0cf5b8e8c0407b75785c9087,3156ea0fe9594400ef1ba44cea20ace2,227353,C:\Users\jay\Downloads\finditagain\findit2\test\X51006828200.txt,False,False
X51006828201,C:\Users\jay\Downloads\finditagain\findit2\val\X51006828201.png,EDITED,FindItAgain-SROIE,val,group_0665,936,2868,ab066870adf45e174ede1f3a8ec54ade83a91b99b15c5dfb3c50e49f13b3c134,a0bc0d40736a8cd6703e3553373df8c8,2700103,C:\Users\jay\Downloads\finditagain\findit2\val\X51006828201.txt,True,True
X51006828217,C:\Users\jay\Downloads\finditagain\findit2\val\X51006828217.png,REAL,FindItAgain-SROIE,val,group_0666,884,1840,11fcb311d697ca25ce18d376cba7008b128654f2d4b6b3a611e9dd93a9425f3a,c6dbb0e4784879c7fe20cf02071c3a15,355393,C:\Users\jay\Downloads\finditagain\findit2\val\X51006828217.txt,False,False
X51006856981,C:\Users\jay\Downloads\finditagain\findit2\train\X51006856981.png,REAL,FindItAgain-SROIE,train,group_0667,816,2156,c80747c0c9f919d654ad22e494ce73f00c3a65b84a68a09fe173382f0e4eba70,2c0a57f13127ea4125ddfa41fef56bdc,326781,C:\Users\jay\Downloads\finditagain\findit2\train\X51006856981.txt,False,False
X51006856982,C:\Users\jay\Downloads\finditagain\findit2\train\X51006856982.png,REAL,FindItAgain-SROIE,train,group_0668,713,2025,55da35501ef435af579f0fd5a0375e88daceb1328eb12c7f012b9a2b94186ae8,f9abb343d57ec84e9b273f43a16a1774,408573,C:\Users\jay\Downloads\finditagain\findit2\train\X51006856982.txt,False,False
X51006857071,C:\Users\jay\Downloads\finditagain\findit2\train\X51006857071.png,EDITED,FindItAgain-SROIE,train,group_0669,888,2016,45e8ee0e3b2eda566889257e164a3737fb6f6c6c58fec73859e52fa2d8256d24,02c88337c82ec59ecdf4dfb6ae65d4b5,3599177,C:\Users\jay\Downloads\finditagain\findit2\train\X51006857071.txt,True,True
X51006857126,C:\Users\jay\Downloads\finditagain\findit2\test\X51006857126.png,REAL,FindItAgain-SROIE,test,group_0670,884,1667,191d3b4a127ab61d67815e9faff8da6dd6f6e0caa8cf7ffe164d6ab17590928b,f91cdad1bd2cb5f5a7eb64b6a559da3d,297067,C:\Users\jay\Downloads\finditagain\findit2\test\X51006857126.txt,False,False
X51006857132,C:\Users\jay\Downloads\finditagain\findit2\val\X51006857132.png,REAL,FindItAgain-SROIE,val,group_0671,932,2093,fced7844d6657571ef9b2e55aa1c7e4b56430e6d2ddbb9b02a19a6c856435721,c8a27f4c3867705b474980c2ccfdc622,366714,C:\Users\jay\Downloads\finditagain\findit2\val\X51006857132.txt,False,False
X51006857137,C:\Users\jay\Downloads\finditagain\findit2\train\X51006857137.png,REAL,FindItAgain-SROIE,train,group_0672,709,1281,a6569c256c788efd86995395217f911c4e026b1a20470e0b882868d8a744a559,ce45601cf316cb61f911acc669464d65,156828,C:\Users\jay\Downloads\finditagain\findit2\train\X51006857137.txt,False,False
X51006857265,C:\Users\jay\Downloads\finditagain\findit2\train\X51006857265.png,REAL,FindItAgain-SROIE,train,group_0673,884,2104,612a392d4986662eeb13d5c42b2ed74661363fdbd05c558a8748e5aae42eaff6,fdb35b08c7ce9146a2833897ea6c2ae8,491040,C:\Users\jay\Downloads\finditagain\findit2\train\X51006857265.txt,False,False
X51006857540,C:\Users\jay\Downloads\finditagain\findit2\train\X51006857540.png,REAL,FindItAgain-SROIE,train,group_0674,932,2167,b0f567f6fc0511421798ea9ed3f6faabd506c02c15313e2fcf7eacdc88a2f708,62b69d35102085c631a430f0eb9ef3bb,484550,C:\Users\jay\Downloads\finditagain\findit2\train\X51006857540.txt,False,False
X51006857660,C:\Users\jay\Downloads\finditagain\findit2\val\X51006857660.png,EDITED,FindItAgain-SROIE,val,group_0675,932,2143,74c7319ac7a56ce68f128590004506fe2695d769d251fca73f35fa779e928edd,93d797464e59c1f47729553f581149c0,2009687,C:\Users\jay\Downloads\finditagain\findit2\val\X51006857660.txt,True,True
X51006867435,C:\Users\jay\Downloads\finditagain\findit2\train\X51006867435.png,REAL,FindItAgain-SROIE,train,group_0676,532,1336,031193ae062b4d0352d585724955c2b2790922ca9d7934f35081f1a04b7cb703,9773479e9493a0e06c607faa59c28835,869409,C:\Users\jay\Downloads\finditagain\findit2\train\X51006867435.txt,False,False
X51006867436,C:\Users\jay\Downloads\finditagain\findit2\train\X51006867436.png,REAL,FindItAgain-SROIE,train,group_0677,532,1502,2acdaa74de5425b3c94ea0238438149fb5e96ed710e86346733ca5d22b5d1edb,8e2d0caf2d9512ebbdb51243ecf2adb7,1023763,C:\Users\jay\Downloads\finditagain\findit2\train\X51006867436.txt,False,False
X51006882603,C:\Users\jay\Downloads\finditagain\findit2\train\X51006882603.png,REAL,FindItAgain-SROIE,train,group_0678,436,1488,72f55e55c2ce66a942b5777dd68e086da633d5948db1c71a74126f51d9199f59,46c6a9108df180928d1eab0667ebe5f6,734972,C:\Users\jay\Downloads\finditagain\findit2\train\X51006882603.txt,False,False
X51006912959,C:\Users\jay\Downloads\finditagain\findit2\train\X51006912959.png,REAL,FindItAgain-SROIE,train,group_0679,4961,7016,638c72f8907977f6f5eb1c0584771433ee4ad1976a11e3adf763eff7e4bc88be,0e6f4733f43e3cce0fc433e572991c6f,693543,C:\Users\jay\Downloads\finditagain\findit2\train\X51006912959.txt,False,False
X51006912960,C:\Users\jay\Downloads\finditagain\findit2\val\X51006912960.png,REAL,FindItAgain-SROIE,val,group_0680,4854,6712,7f63f60e4a11366c1025de18974332f9db900d08aed3f0d589c1c8a7c977657c,b94705ebf0ef5f2bc9f7c3f4fb4fe326,749350,C:\Users\jay\Downloads\finditagain\findit2\val\X51006912960.txt,False,False
X51006912972,C:\Users\jay\Downloads\finditagain\findit2\train\X51006912972.png,REAL,FindItAgain-SROIE,train,group_0007,4961,7016,1f5a891345112b75c0a715e95a4d08054685ce1f7f817d326a2fddf1efef2e2d,ec82ebb915f18a8d25498f7db3791da8,571473,C:\Users\jay\Downloads\finditagain\findit2\train\X51006912972.txt,False,False
X51006912974,C:\Users\jay\Downloads\finditagain\findit2\train\X51006912974.png,REAL,FindItAgain-SROIE,train,group_0681,4961,7016,c12d76b5e9c864c62eaa38a16a9b1809a42a64e669087823278e00b4c34b95db,f6a3974954f27e158754e47f3bd15e4f,579838,C:\Users\jay\Downloads\finditagain\findit2\train\X51006912974.txt,False,False
X51006912976,C:\Users\jay\Downloads\finditagain\findit2\val\X51006912976.png,REAL,FindItAgain-SROIE,val,group_0682,4961,7016,9727ec0a68f243fcae194b823597f4eaf9666ef0b0d25ce46ec65e36f7418dbb,6def4709d96be7fddb35a862c69e36f8,1044790,C:\Users\jay\Downloads\finditagain\findit2\val\X51006912976.txt,False,False
X51006912998,C:\Users\jay\Downloads\finditagain\findit2\train\X51006912998.png,REAL,FindItAgain-SROIE,train,group_0683,4961,7016,b3c71262bbc24c435c526da7fe3b5de31f2a3c3d8bed013ebc5f4eac5f714dd2,c6e8ce4faa16bec57c807d784fc13213,558755,C:\Users\jay\Downloads\finditagain\findit2\train\X51006912998.txt,False,False
X51006913007,C:\Users\jay\Downloads\finditagain\findit2\train\X51006913007.png,REAL,FindItAgain-SROIE,train,group_0684,4961,7016,a3d463efa184e54bebb763b4aaf949dd01fd41a3873cd5c8c4b496ed7c8f2960,76ac05c058dcb71ba1e1a0925a1e424d,1067444,C:\Users\jay\Downloads\finditagain\findit2\train\X51006913007.txt,False,False
X51006913018,C:\Users\jay\Downloads\finditagain\findit2\train\X51006913018.png,EDITED,FindItAgain-SROIE,train,group_0685,4961,7016,34c551c6ed65f10d99b82bec802dca4a31bf25475933f8eee213c89c6e4cdebe,c9de3cbe994b63b4c04037829ab2eae0,69739568,C:\Users\jay\Downloads\finditagain\findit2\train\X51006913018.txt,True,True
X51006913019,C:\Users\jay\Downloads\finditagain\findit2\test\X51006913019.png,REAL,FindItAgain-SROIE,test,group_0686,4961,7016,ce05bece232b6518d22adb2054dc6944f56d948680446adf8dc3b8edc7c2561e,fac67fc5777d87bb7509c3e7969dd5fd,3209358,C:\Users\jay\Downloads\finditagain\findit2\test\X51006913019.txt,False,False
X51006913023,C:\Users\jay\Downloads\finditagain\findit2\test\X51006913023.png,EDITED,FindItAgain-SROIE,test,group_0003,4961,7016,c794ba7d322ddd74e85fbd6e4d2a9a3384b6433997c1c90c0b23c0a832174b22,6238cf233409f0c85b388726d3439561,1171067,C:\Users\jay\Downloads\finditagain\findit2\test\X51006913023.txt,True,True
X51006913024,C:\Users\jay\Downloads\finditagain\findit2\train\X51006913024.png,EDITED,FindItAgain-SROIE,train,group_0003,4961,7016,c500269a5aea3dcc2b5010b7d4ce4d1e3383db3d567b796c2ded7c863d0ea350,1afc8f790eab189f7086aceafa8e4391,34872287,C:\Users\jay\Downloads\finditagain\findit2\train\X51006913024.txt,True,True
X51006913028,C:\Users\jay\Downloads\finditagain\findit2\train\X51006913028.png,EDITED,FindItAgain-SROIE,train,group_0003,4961,7016,6f98413089cc3811d8b35dab2a35b4ab0c2800957f521ba2f10f5c965137313a,782a83fa4fad15081de4fc72c95b07fd,1201407,C:\Users\jay\Downloads\finditagain\findit2\train\X51006913028.txt,True,True
X51006913030,C:\Users\jay\Downloads\finditagain\findit2\val\X51006913030.png,REAL,FindItAgain-SROIE,val,group_0687,4961,7016,c500f82d226a27fc6da4d17cdaf8010d19c057355f416b556a6dfb7ed4804c99,94be73ed7e53576b3c9adb12c614669d,716853,C:\Users\jay\Downloads\finditagain\findit2\val\X51006913030.txt,False,False
X51006913031,C:\Users\jay\Downloads\finditagain\findit2\test\X51006913031.png,REAL,FindItAgain-SROIE,test,group_0688,4961,7016,824054b7fe958c8c2d4c1f0134b04b451c9ba4d771c13e8dfb15469b88ff356c,a1d069105ec2262fd129cad313835bf0,552240,C:\Users\jay\Downloads\finditagain\findit2\test\X51006913031.txt,False,False
X51006913032,C:\Users\jay\Downloads\finditagain\findit2\train\X51006913032.png,REAL,FindItAgain-SROIE,train,group_0689,4961,7016,336aa1faba3177691037084d346fbe90a76565e3f39b102206f11ace1f9553f8,a3d3ba8f191e90072c7b8ff75ad303a4,663265,C:\Users\jay\Downloads\finditagain\findit2\train\X51006913032.txt,False,False
X51006913051,C:\Users\jay\Downloads\finditagain\findit2\val\X51006913051.png,REAL,FindItAgain-SROIE,val,group_0690,4961,7016,a3f2b694d2314dfe28f4bef31c9abfba270357ce3bc71d26e282958ecaa3d35c,3ba548bd617b66fce751d843b9f1e7dd,767114,C:\Users\jay\Downloads\finditagain\findit2\val\X51006913051.txt,False,False
X51006913054,C:\Users\jay\Downloads\finditagain\findit2\train\X51006913054.png,REAL,FindItAgain-SROIE,train,group_0691,4846,6689,bae5305554f96ae26a7243e8664b826b4ac7f9247a64c36992ffaf42fece265b,5107b157751e6a1b1f291e75ca67851f,794699,C:\Users\jay\Downloads\finditagain\findit2\train\X51006913054.txt,False,False
X51006913055,C:\Users\jay\Downloads\finditagain\findit2\train\X51006913055.png,REAL,FindItAgain-SROIE,train,group_0692,4961,7016,298a10dd137b4ade2bdce6ccb47d5dce429551d924de61daaea5ad6245337e44,2fff67692e92109f2a62892dd0172f8d,767841,C:\Users\jay\Downloads\finditagain\findit2\train\X51006913055.txt,False,False
X51006913059,C:\Users\jay\Downloads\finditagain\findit2\train\X51006913059.png,REAL,FindItAgain-SROIE,train,group_0693,4961,7016,857986fc2c1cad3074ef83a6132a65db21c6a7c7d6410dabc98e8917f1c49550,3d8560f9f7bee2fe1d773f25d22c8fb5,598937,C:\Users\jay\Downloads\finditagain\findit2\train\X51006913059.txt,False,False
X51006913060,C:\Users\jay\Downloads\finditagain\findit2\train\X51006913060.png,REAL,FindItAgain-SROIE,train,group_0003,4961,7016,2d7973273b7e69fd0fd3b4e60c1fd9e689f02bcc9be680f7f3201b6c98b2af13,a72f34d3da0549da279b3e6e30a164bc,557795,C:\Users\jay\Downloads\finditagain\findit2\train\X51006913060.txt,False,False
X51006913061,C:\Users\jay\Downloads\finditagain\findit2\test\X51006913061.png,REAL,FindItAgain-SROIE,test,group_0002,4961,7016,db01a1399e77b93bf3dbedf9adf3ca051a4df6d188c9ac67245aa76073bb3173,1780a3c591322e486cf523471a2d9cf2,550774,C:\Users\jay\Downloads\finditagain\findit2\test\X51006913061.txt,False,False
X51006913067,C:\Users\jay\Downloads\finditagain\findit2\train\X51006913067.png,REAL,FindItAgain-SROIE,train,group_0002,4961,7016,64740c7cfea75c3a52cbf1515775892520f67a2df810bc510dae48cff65a70bd,f98acef5e0c1a6d397ee1015bff17563,554692,C:\Users\jay\Downloads\finditagain\findit2\train\X51006913067.txt,False,False
X51006913068,C:\Users\jay\Downloads\finditagain\findit2\val\X51006913068.png,REAL,FindItAgain-SROIE,val,group_0694,4961,7016,b02efebd74f207ecea568af9b7ee5372ac3580c68d1a1c08274f1d409e53703c,cf3681dcbd375ca8d50273d41a794f6b,604602,C:\Users\jay\Downloads\finditagain\findit2\val\X51006913068.txt,False,False
X51006913070,C:\Users\jay\Downloads\finditagain\findit2\train\X51006913070.png,REAL,FindItAgain-SROIE,train,group_0695,4961,7016,eb5f086dd244300547327c66b8e5a8c16fe06f6b141b4bdab29a109a12eb19b5,f903f41ce61d4de493d16da91fcfaf2a,612006,C:\Users\jay\Downloads\finditagain\findit2\train\X51006913070.txt,False,False
X51006913073,C:\Users\jay\Downloads\finditagain\findit2\val\X51006913073.png,REAL,FindItAgain-SROIE,val,group_0696,4961,7016,f13bf0a7ce6c79180834ca4fae5b1bb85adafd710e7cf593356823a7cb8eb314,9e9a5aadfba1745bc66cbae803af1ee2,616230,C:\Users\jay\Downloads\finditagain\findit2\val\X51006913073.txt,False,False
X51006913074,C:\Users\jay\Downloads\finditagain\findit2\test\X51006913074.png,REAL,FindItAgain-SROIE,test,group_0697,4961,7016,95abb626c0670af252a44f6a1b58570dbaa10054ab9773a829f425a346e8dd94,176f717e6e1efa08344a0a5e5a732ee8,898499,C:\Users\jay\Downloads\finditagain\findit2\test\X51006913074.txt,False,False
X51007103578,C:\Users\jay\Downloads\finditagain\findit2\train\X51007103578.png,REAL,FindItAgain-SROIE,train,group_0698,740,1698,892b434667ad1536d96eece70598f5a32843a7424e841b9c1d5a7a57cdbf9eb9,815b29944d8c26fe74873d06deb55d70,474039,C:\Users\jay\Downloads\finditagain\findit2\train\X51007103578.txt,False,False
X51007103597,C:\Users\jay\Downloads\finditagain\findit2\test\X51007103597.png,REAL,FindItAgain-SROIE,test,group_0699,775,1307,6e4ae695862475a3658961d79d1028f5a1a40e9b93a7a90b432a9acfe7c23d60,26227bc41746b1cca1716494d55c59cf,335067,C:\Users\jay\Downloads\finditagain\findit2\test\X51007103597.txt,False,False
X51007103599,C:\Users\jay\Downloads\finditagain\findit2\train\X51007103599.png,REAL,FindItAgain-SROIE,train,group_0700,792,1301,150657cb315dcd8dc35897689da5dde38971afec1fce2454413975fe985e8e58,108a3ce4bccd377d70264f18c5cc083e,442512,C:\Users\jay\Downloads\finditagain\findit2\train\X51007103599.txt,False,False
X51007103610,C:\Users\jay\Downloads\finditagain\findit2\train\X51007103610.png,REAL,FindItAgain-SROIE,train,group_0701,831,1124,754467111fbd47e476750cfa3a2c8f891599ae066eb6d538315773b0630730ef,e0bffe591072d8d222559628b83f96a0,367367,C:\Users\jay\Downloads\finditagain\findit2\train\X51007103610.txt,False,False
X51007103639,C:\Users\jay\Downloads\finditagain\findit2\test\X51007103639.png,EDITED,FindItAgain-SROIE,test,group_0702,753,1445,8432d8d525a7075f0ed0e60a778b783ee2502a6a05731cdd43cb706e97b1f676,f16971fa429b5152b5bf37db32f6392c,846566,C:\Users\jay\Downloads\finditagain\findit2\test\X51007103639.txt,True,True
X51007103641,C:\Users\jay\Downloads\finditagain\findit2\val\X51007103641.png,REAL,FindItAgain-SROIE,val,group_0703,787,1490,47165e43abc69e397dbebdbd630d14bee5e2a675c1ce6ff61aeb039673e20c84,17718b943de635e5fac2dcad95a59302,528880,C:\Users\jay\Downloads\finditagain\findit2\val\X51007103641.txt,False,False
X51007103643,C:\Users\jay\Downloads\finditagain\findit2\train\X51007103643.png,REAL,FindItAgain-SROIE,train,group_0704,825,1568,9a02e78c2e5b6a073f56bae3dd907ea3546c1b6ed929e15e2caf1d0300262371,825f13980c36f61e7b05369d0091e6a0,415867,C:\Users\jay\Downloads\finditagain\findit2\train\X51007103643.txt,False,False
X51007103649,C:\Users\jay\Downloads\finditagain\findit2\train\X51007103649.png,REAL,FindItAgain-SROIE,train,group_0705,792,1329,0f74afddb6dbf03f9bf2fd42b7df0a47448893868f72ec64c2a7522d41298463,3cbbf5384c2ee7d51ab2f564c2edc089,451067,C:\Users\jay\Downloads\finditagain\findit2\train\X51007103649.txt,False,False
X51007103668,C:\Users\jay\Downloads\finditagain\findit2\train\X51007103668.png,EDITED,FindItAgain-SROIE,train,group_0706,752,1425,830a8c3ff247c5cead7631ee7fe33e0d9a3eead02c8bba69afef67f74cc84667,27e82b7f703fb92cf5fe8d8a20039017,1085386,C:\Users\jay\Downloads\finditagain\findit2\train\X51007103668.txt,True,True
X51007103675,C:\Users\jay\Downloads\finditagain\findit2\train\X51007103675.png,REAL,FindItAgain-SROIE,train,group_0707,741,1428,4d1eacfaf86c470b89b4031ae06dcf74e718f0e160d2dafe867414ef8d33a7e0,5d2fb9a6f2f03a2db0c13a4fbed61798,378192,C:\Users\jay\Downloads\finditagain\findit2\train\X51007103675.txt,False,False
X51007103681,C:\Users\jay\Downloads\finditagain\findit2\train\X51007103681.png,REAL,FindItAgain-SROIE,train,group_0708,864,1213,b7114866bed938195349045b3f89a210931f598df63c287af51afa21db9446dd,0cb7fd59add34580c5ffd56617fe7d5c,400834,C:\Users\jay\Downloads\finditagain\findit2\train\X51007103681.txt,False,False
X51007103687,C:\Users\jay\Downloads\finditagain\findit2\val\X51007103687.png,REAL,FindItAgain-SROIE,val,group_0709,842,1280,be9bfdab5fe5ea8064ccf3fda0e7fc331648de5641c42869d2d7c286b688a4a3,e8ddb9a27abae0941c35a69afdef5e76,412037,C:\Users\jay\Downloads\finditagain\findit2\val\X51007103687.txt,False,False
X51007103688,C:\Users\jay\Downloads\finditagain\findit2\test\X51007103688.png,EDITED,FindItAgain-SROIE,test,group_0710,842,1280,dc6894a8299bb170f1184371beb75c659b2bed5a46da4d3564f21a91dc1cfec9,dd114fdf66822ed467a9a9ce5cfe1008,1094170,C:\Users\jay\Downloads\finditagain\findit2\test\X51007103688.txt,True,True
X51007103691,C:\Users\jay\Downloads\finditagain\findit2\train\X51007103691.png,REAL,FindItAgain-SROIE,train,group_0711,831,1695,d0c9e6f73aa61aa7d6c70aa85ed895f467ed5240086922cdc68b675c0970a81c,0f22a6731980a229fbb499103a02b7d4,531716,C:\Users\jay\Downloads\finditagain\findit2\train\X51007103691.txt,False,False
X51007103692,C:\Users\jay\Downloads\finditagain\findit2\train\X51007103692.png,EDITED,FindItAgain-SROIE,train,group_0712,775,1500,0bcf2378aad84625a24b343da73f8d66511ed1ec8739a162c769e0bf39811fcc,050ee36ee1664a2a7ece684d8a7b547b,554479,C:\Users\jay\Downloads\finditagain\findit2\train\X51007103692.txt,True,True
X51007103702,C:\Users\jay\Downloads\finditagain\findit2\test\X51007103702.png,REAL,FindItAgain-SROIE,test,group_0713,814,1374,d5d479ae7124c06069cfe35e9d60cc3903473d8d1f4b907cc8cd485ab6889c93,947009c7c57a8d81e17941b578bdab85,359370,C:\Users\jay\Downloads\finditagain\findit2\test\X51007103702.txt,False,False
X51007135037,C:\Users\jay\Downloads\finditagain\findit2\train\X51007135037.png,REAL,FindItAgain-SROIE,train,group_0028,735,1689,dabf5866300454e8c842b643617a23b1280d4fe80552a18e743232ccf7b2b23a,76c3cfb0e409526ac537b0d2777be89f,463380,C:\Users\jay\Downloads\finditagain\findit2\train\X51007135037.txt,False,False
X51007135247,C:\Users\jay\Downloads\finditagain\findit2\val\X51007135247.png,EDITED,FindItAgain-SROIE,val,group_0029,704,1404,70084e01f69796ab57134ccdb9d5f6bbb1af23415cc8c550e3ed657d18e64b3c,807ed512de7cc97ea9221d008e745022,662868,C:\Users\jay\Downloads\finditagain\findit2\val\X51007135247.txt,True,True
X51007225398,C:\Users\jay\Downloads\finditagain\findit2\train\X51007225398.png,REAL,FindItAgain-SROIE,train,group_0714,624,1273,67720990ce67ab1fd453a52386daec847f707108f670345d93ca47114257db3e,b2497e557b0aec8fe93cdb261706bb83,173489,C:\Users\jay\Downloads\finditagain\findit2\train\X51007225398.txt,False,False
X51007225399,C:\Users\jay\Downloads\finditagain\findit2\val\X51007225399.png,REAL,FindItAgain-SROIE,val,group_0715,621,1526,6573dcb07bf8107736341453f17e684a91952e496c2b2b6c5053d9afc535b152,59f2dcaeedde6710ef18d78d3f560a1e,228375,C:\Users\jay\Downloads\finditagain\findit2\val\X51007225399.txt,False,False
X51007225406,C:\Users\jay\Downloads\finditagain\findit2\train\X51007225406.png,REAL,FindItAgain-SROIE,train,group_0716,625,1076,563a5e00dee9f0721c4ff6037b842232b7db355a10642d4e5044a2b3fe4b5b89,30cf7c42fa7832c8c6d80dbdcb4080c4,158261,C:\Users\jay\Downloads\finditagain\findit2\train\X51007225406.txt,False,False
X51007225417,C:\Users\jay\Downloads\finditagain\findit2\val\X51007225417.png,EDITED,FindItAgain-SROIE,val,group_0717,622,1428,d75cb038c4321621e57a64e34b38a5e1984456fc2f33a0a6455786c77f6f189c,d085628ce9054e1b9dd60833c651abd0,340546,C:\Users\jay\Downloads\finditagain\findit2\val\X51007225417.txt,True,True
X51007225442,C:\Users\jay\Downloads\finditagain\findit2\val\X51007225442.png,REAL,FindItAgain-SROIE,val,group_0718,621,1280,b0365e6d2f9ecb2a3d6d08e092184331023b7f90e469ca4c00270c2418cda61e,d0734559e0981caddd75a7a6e54154a7,325773,C:\Users\jay\Downloads\finditagain\findit2\val\X51007225442.txt,False,False
X51007228448,C:\Users\jay\Downloads\finditagain\findit2\train\X51007228448.png,REAL,FindItAgain-SROIE,train,group_0719,616,1032,0c760876cd43b9343c12b1cb421560918cfdd8b5f37aaf7194c1fec686658ef0,14231f8fc92cfed7a3333851b4136e2b,675400,C:\Users\jay\Downloads\finditagain\findit2\train\X51007228448.txt,False,False
X51007231274,C:\Users\jay\Downloads\finditagain\findit2\train\X51007231274.png,REAL,FindItAgain-SROIE,train,group_0002,4961,7016,f62ca6667d3aee67003f3651cde9017c357aededfe942090513ddcdaae8f9aab,87dc06088399f70cda16d8690f756354,645381,C:\Users\jay\Downloads\finditagain\findit2\train\X51007231274.txt,False,False
X51007231275,C:\Users\jay\Downloads\finditagain\findit2\val\X51007231275.png,EDITED,FindItAgain-SROIE,val,group_0720,4961,7016,0c2ba85ddfd5e60282a0cdb59bb64f57680337a4ba210ba5a210567339ab29a3,8fc7de27c04f886a48c11a7dfe79e4b9,762499,C:\Users\jay\Downloads\finditagain\findit2\val\X51007231275.txt,True,True
X51007231276,C:\Users\jay\Downloads\finditagain\findit2\train\X51007231276.png,EDITED,FindItAgain-SROIE,train,group_0721,4854,6701,d9ff8aec74224f3889e43006ded2340c534cafe88a498104a362a9cdafbd817d,805159524cb5702b96d76eae3ac9bfd2,32588522,C:\Users\jay\Downloads\finditagain\findit2\train\X51007231276.txt,True,True
X51007231331,C:\Users\jay\Downloads\finditagain\findit2\train\X51007231331.png,EDITED,FindItAgain-SROIE,train,group_0722,4961,7016,c2d73a0c0d1a7de6fe7fbde33e8e521616ffcd98918dcd37aa03c30b050b56af,30b51e23de3f31ec89cb2bc7a385df5c,1360354,C:\Users\jay\Downloads\finditagain\findit2\train\X51007231331.txt,True,True
X51007231336,C:\Users\jay\Downloads\finditagain\findit2\train\X51007231336.png,REAL,FindItAgain-SROIE,train,group_0002,4961,7016,c5a05381b613028a71bba57f4b3f177383cbbec17ac9d1a1113eb4c69be89e67,60db54b5f896546cbc4a02d2ed53e2a5,595631,C:\Users\jay\Downloads\finditagain\findit2\train\X51007231336.txt,False,False
X51007231338,C:\Users\jay\Downloads\finditagain\findit2\train\X51007231338.png,EDITED,FindItAgain-SROIE,train,group_0032,4961,7016,e75fbc2b9f85ccad475286f68276eba7fa47db2bbaf07dc392e69fbe595f3b55,39cc50cd1aa04643fa6a3a31dfafa7dc,34872805,C:\Users\jay\Downloads\finditagain\findit2\train\X51007231338.txt,True,True
X51007231341,C:\Users\jay\Downloads\finditagain\findit2\train\X51007231341.png,REAL,FindItAgain-SROIE,train,group_0003,4961,7016,061539f45b52e3327d41757728e871d017e5c2e6211c2505936fb87511e044ba,8d6c88cedc0baa0c5f4a9b6216f8f1fd,606167,C:\Users\jay\Downloads\finditagain\findit2\train\X51007231341.txt,False,False
X51007231343,C:\Users\jay\Downloads\finditagain\findit2\train\X51007231343.png,REAL,FindItAgain-SROIE,train,group_0723,4961,7016,0404414b4266f78e350ad22c66a89e73ab630f3afbabf33f3380cd1252c0ad14,4ea69de7269eb65eae31887e90f177f3,562005,C:\Users\jay\Downloads\finditagain\findit2\train\X51007231343.txt,False,False
X51007231344,C:\Users\jay\Downloads\finditagain\findit2\train\X51007231344.png,REAL,FindItAgain-SROIE,train,group_0724,4961,7016,082201d328b9734e90817d3bbc5d94b627691a178780eae19c1677ec6e0936f5,2969fa91f057122fa05b9803eb23a98b,618321,C:\Users\jay\Downloads\finditagain\findit2\train\X51007231344.txt,False,False
X51007231346,C:\Users\jay\Downloads\finditagain\findit2\train\X51007231346.png,REAL,FindItAgain-SROIE,train,group_0725,4961,7016,aeda319a9df29ab9820cf5b549b72cf13549c80540e62cf14bdd58df0455f3de,dcd727aa55bbeaca2eb155ffa6987f6e,608331,C:\Users\jay\Downloads\finditagain\findit2\train\X51007231346.txt,False,False
X51007231361,C:\Users\jay\Downloads\finditagain\findit2\test\X51007231361.png,EDITED,FindItAgain-SROIE,test,group_0726,4945,6981,74f2d7d71a19f17c800ee9fde72179449c00296680672dd1ada59d210cb4e9a6,c202e371dc57d05a33568d926cc329f6,2332933,C:\Users\jay\Downloads\finditagain\findit2\test\X51007231361.txt,True,True
X51007231364,C:\Users\jay\Downloads\finditagain\findit2\test\X51007231364.png,REAL,FindItAgain-SROIE,test,group_0727,4961,7016,f458833518727261dd81d90f27e86d58428b72ec4bebb539f144465f350e398f,6cd6bce5fafe4372a792e251228cd597,676213,C:\Users\jay\Downloads\finditagain\findit2\test\X51007231364.txt,False,False
X51007231365,C:\Users\jay\Downloads\finditagain\findit2\train\X51007231365.png,EDITED,FindItAgain-SROIE,train,group_0728,4961,7016,ebb67dde897b909e85f84c57a04ae32e073468ad5484603a708946e54724fa19,e9960a028d454cc7c57614864265d6cd,1789934,C:\Users\jay\Downloads\finditagain\findit2\train\X51007231365.txt,True,True
X51007231370,C:\Users\jay\Downloads\finditagain\findit2\test\X51007231370.png,REAL,FindItAgain-SROIE,test,group_0729,4961,7016,4b01bdcf40c7240e612fba8157cc2d569d247494e1d33817687c3f31125782d9,3f14bae65a9c706d74b78024ea597957,592294,C:\Users\jay\Downloads\finditagain\findit2\test\X51007231370.txt,False,False
X51007231372,C:\Users\jay\Downloads\finditagain\findit2\train\X51007231372.png,REAL,FindItAgain-SROIE,train,group_0730,4961,7016,7e3fb3c59e669b9b90604569dd1a8ede7c23fce45abac4e0c5e89e903c45b536,28d78b3aadeae035a6b20514f860987a,851187,C:\Users\jay\Downloads\finditagain\findit2\train\X51007231372.txt,False,False
X51007231374,C:\Users\jay\Downloads\finditagain\findit2\train\X51007231374.png,REAL,FindItAgain-SROIE,train,group_0731,4961,7016,2dda13dfca54aff6afab8bc0dae28ff20a72082a774bf6cf2d8a1c24ba3dccaa,1999165f8c6c0d0f21d3b2d210d41c5f,684829,C:\Users\jay\Downloads\finditagain\findit2\train\X51007231374.txt,False,False
X51007262315,C:\Users\jay\Downloads\finditagain\findit2\train\X51007262315.png,EDITED,FindItAgain-SROIE,train,group_0732,616,1614,aab3d1d4055dff0ad6c66ed21ceff6796f20ebb60ce0fb671e12a3f7dd40ff36,11b7e21820cce7f3c64541ef17c3c55d,931186,C:\Users\jay\Downloads\finditagain\findit2\train\X51007262315.txt,True,True
X51007262328,C:\Users\jay\Downloads\finditagain\findit2\train\X51007262328.png,REAL,FindItAgain-SROIE,train,group_0733,620,1212,c48d2cf4ce2447700694086ce0536eb59331516299627c8ea871cd7b15e73d2c,22639650357d39c199c62ce177281d7d,543413,C:\Users\jay\Downloads\finditagain\findit2\train\X51007262328.txt,False,False
X51007262330,C:\Users\jay\Downloads\finditagain\findit2\train\X51007262330.png,REAL,FindItAgain-SROIE,train,group_0734,608,1040,9f20eee916ad9c1150ee830d8f2cc6e42b0d7ba3148830738ce0ddda4870df7f,7f7af667d7f6ac2fad77ecc929a36f73,815000,C:\Users\jay\Downloads\finditagain\findit2\train\X51007262330.txt,False,False
X51007339094,C:\Users\jay\Downloads\finditagain\findit2\train\X51007339094.png,REAL,FindItAgain-SROIE,train,group_0735,623,1471,ed39faa5f48ec00d96b7719c9534f033f27ee62ad50aab4f7a8fc5e47dcf4b4a,10406de3fd4822af8cf62080b452b925,1201898,C:\Users\jay\Downloads\finditagain\findit2\train\X51007339094.txt,False,False
X51007339095,C:\Users\jay\Downloads\finditagain\findit2\val\X51007339095.png,REAL,FindItAgain-SROIE,val,group_0736,623,1515,11fa62d2d386b570db085b03ce9ff791be5307920e78ce2bf2f2e447ab18a7bf,4ec9ea26d84291681aabb9e052a314ed,1208908,C:\Users\jay\Downloads\finditagain\findit2\val\X51007339095.txt,False,False
X51007339097,C:\Users\jay\Downloads\finditagain\findit2\val\X51007339097.png,REAL,FindItAgain-SROIE,val,group_0737,619,1475,6481c78ee6181b78cd5fbe506265660d96b0ba4f0f1be7cd74b0a69d29e5bb66,1987acfe972f8765c1a05cf1058fcd77,1169041,C:\Users\jay\Downloads\finditagain\findit2\val\X51007339097.txt,False,False
X51007339098,C:\Users\jay\Downloads\finditagain\findit2\test\X51007339098.png,REAL,FindItAgain-SROIE,test,group_0001,619,1475,aba8e3112f463ed80a279670bb069962faaa2b59c5fbf0a2bce4c18eea223e3c,399d01a0109e3e106667b697b8ea67c6,1169825,C:\Users\jay\Downloads\finditagain\findit2\test\X51007339098.txt,False,False
X51007339100,C:\Users\jay\Downloads\finditagain\findit2\train\X51007339100.png,REAL,FindItAgain-SROIE,train,group_0738,619,1483,a841f99eed6e6172ebc93f14fcde3e7e8c0bf703b7c0659c043582dc8aa2e544,2bf5d905bfa551f4ce8fa884fc67498e,1186885,C:\Users\jay\Downloads\finditagain\findit2\train\X51007339100.txt,False,False
X51007339105,C:\Users\jay\Downloads\finditagain\findit2\train\X51007339105.png,REAL,FindItAgain-SROIE,train,group_0739,619,1475,d8a013425107010eb9983a2288d2e1211126487e53e018f8df5b22f5c36ad575,e02b9d330d7f6e5ad096f24cc48b5c5b,1216258,C:\Users\jay\Downloads\finditagain\findit2\train\X51007339105.txt,False,False
X51007339106,C:\Users\jay\Downloads\finditagain\findit2\train\X51007339106.png,REAL,FindItAgain-SROIE,train,group_0740,619,1583,ede40ba972869770838c17332a16874fb5e311b68a0be80f7cd0e65c4a0cfa1c,ee9ae7d473bc5936c0a816df6690e17f,1237068,C:\Users\jay\Downloads\finditagain\findit2\train\X51007339106.txt,False,False
X51007339107,C:\Users\jay\Downloads\finditagain\findit2\test\X51007339107.png,EDITED,FindItAgain-SROIE,test,group_0741,619,1555,2d21c8c1aa2cb094c41913ea1c71ce81d6e31f9aa1b5d91deca2233cbb18af47,3a18327f9a6233ec66a1301e0157e498,1389296,C:\Users\jay\Downloads\finditagain\findit2\test\X51007339107.txt,True,True
X51007339109,C:\Users\jay\Downloads\finditagain\findit2\train\X51007339109.png,REAL,FindItAgain-SROIE,train,group_0742,615,1475,253c21d92198b907553c962825fe0aad0328ddcfcf104bfd996a7856fd1ccf08,23008f24f8b31d8f94e1fed3404ba415,1132425,C:\Users\jay\Downloads\finditagain\findit2\train\X51007339109.txt,False,False
X51007339110,C:\Users\jay\Downloads\finditagain\findit2\val\X51007339110.png,REAL,FindItAgain-SROIE,val,group_0743,615,1407,1aaab961952af24ef98d30b47dac82981e201690972c9e25a820c13ae20f9bff,6dbfea5c2d79ef546f96b752d2e4aed1,1113649,C:\Users\jay\Downloads\finditagain\findit2\val\X51007339110.txt,False,False
X51007339111,C:\Users\jay\Downloads\finditagain\findit2\train\X51007339111.png,REAL,FindItAgain-SROIE,train,group_0001,623,1407,c1783c13f0081d6e357beda138f498ebedb98e4579f676c56e4dd32b11a421c3,0646db987de17a84acbfeee4fd26111a,1127713,C:\Users\jay\Downloads\finditagain\findit2\train\X51007339111.txt,False,False
X51007339112,C:\Users\jay\Downloads\finditagain\findit2\train\X51007339112.png,EDITED,FindItAgain-SROIE,train,group_0744,623,1467,d21c267a12b1b0401f023091e59ac2307ebbae1394c5756d297ab47eab2764c7,bb47a125ef8b6be85c8f360461b8cd6d,1338158,C:\Users\jay\Downloads\finditagain\findit2\train\X51007339112.txt,True,True
X51007339113,C:\Users\jay\Downloads\finditagain\findit2\train\X51007339113.png,REAL,FindItAgain-SROIE,train,group_0001,623,1475,7dee5ff11df85cbafb5877e3d445a863801c056d58fd55064a37ccf3d2f60867,280aee40fc99ef1d0ac0b5603fd2ce06,1156034,C:\Users\jay\Downloads\finditagain\findit2\train\X51007339113.txt,False,False
X51007339114,C:\Users\jay\Downloads\finditagain\findit2\val\X51007339114.png,REAL,FindItAgain-SROIE,val,group_0001,623,1519,02e8e83f4b4a013465ba84e75bd0307fe6855dc00db1e9041209b528f0f8e473,2ce8f6976eec45387ae287e3808f7184,1236447,C:\Users\jay\Downloads\finditagain\findit2\val\X51007339114.txt,False,False
X51007339115,C:\Users\jay\Downloads\finditagain\findit2\train\X51007339115.png,EDITED,FindItAgain-SROIE,train,group_0745,623,1471,dbdb0324119a81e61c481d48e758959f7ad6396e00fff61ba8c02dc0c2e2f1cd,02e05087770cb48a90384f95c4e5ecc9,1368321,C:\Users\jay\Downloads\finditagain\findit2\train\X51007339115.txt,True,True
X51007339116,C:\Users\jay\Downloads\finditagain\findit2\test\X51007339116.png,REAL,FindItAgain-SROIE,test,group_0746,623,1471,9dcec4bcf24104237092356dcb3a1c6da1718f70946c35953d5cb13d1ce84580,f0eff1263c3bc59f0f23441121d0647a,1208587,C:\Users\jay\Downloads\finditagain\findit2\test\X51007339116.txt,False,False
X51007339117,C:\Users\jay\Downloads\finditagain\findit2\val\X51007339117.png,EDITED,FindItAgain-SROIE,val,group_0001,623,1591,e36de23a31fe8c3e8b81ebc4821f6d9bcf59f303a96919ef4da60810087d8367,2faea4e3892620cfb4308e229fdea5cb,2986505,C:\Users\jay\Downloads\finditagain\findit2\val\X51007339117.txt,True,True
X51007339118,C:\Users\jay\Downloads\finditagain\findit2\test\X51007339118.png,REAL,FindItAgain-SROIE,test,group_0001,623,1399,246f50ee167e37a1330eaad8aba471ba8385c8f9036fc16ffcee8cd41118ae45,426bacda0c23913e18351d05943844e8,1110559,C:\Users\jay\Downloads\finditagain\findit2\test\X51007339118.txt,False,False
X51007339119,C:\Users\jay\Downloads\finditagain\findit2\train\X51007339119.png,REAL,FindItAgain-SROIE,train,group_0001,623,1471,d9ecaa734d80933c94aa7c91b6c77034f765f93c20b93bad29e0142dcbea049f,ad4febf615425a0a0ab6e0de2d16219e,1170392,C:\Users\jay\Downloads\finditagain\findit2\train\X51007339119.txt,False,False
X51007339120,C:\Users\jay\Downloads\finditagain\findit2\val\X51007339120.png,REAL,FindItAgain-SROIE,val,group_0001,623,1555,59a032748c923d8451e840f3ad30e462967f7dfb86e1319b6d0966671a881e4f,5d6efea6221d6bee28541147a7a3b502,1240998,C:\Users\jay\Downloads\finditagain\findit2\val\X51007339120.txt,False,False
X51007339121,C:\Users\jay\Downloads\finditagain\findit2\val\X51007339121.png,REAL,FindItAgain-SROIE,val,group_0001,623,1479,6aac0887fd2a4e83276c18642f4e2311fdd52808945d62e29dcffc1560734fb6,cbce7bd540de28bfaed20ea60deefd38,1170314,C:\Users\jay\Downloads\finditagain\findit2\val\X51007339121.txt,False,False
X51007339122,C:\Users\jay\Downloads\finditagain\findit2\train\X51007339122.png,REAL,FindItAgain-SROIE,train,group_0747,623,1475,c5aac6226e7aa35e96088ee6e6f81a4ff760ec33bd50acdfd1894dd200c17c70,a6fbce5f493e350bf4f6298dd5c6d744,1167215,C:\Users\jay\Downloads\finditagain\findit2\train\X51007339122.txt,False,False
X51007339125,C:\Users\jay\Downloads\finditagain\findit2\test\X51007339125.png,REAL,FindItAgain-SROIE,test,group_0748,623,1471,163b24a0287c4bd2fef7cbcb6a28366b4fb24a17490011bef1b16dce9ddaa326,416a3a62987220ce8a1ece4c98c6d254,1241714,C:\Users\jay\Downloads\finditagain\findit2\test\X51007339125.txt,False,False
X51007339126,C:\Users\jay\Downloads\finditagain\findit2\train\X51007339126.png,EDITED,FindItAgain-SROIE,train,group_0749,623,1519,6d2136983bd8393cf8a12d642c3349fa7ba1ef36de896be768abb9c94cb81fff,fbc14b9a490cae6e2b77584a3439be0b,1444604,C:\Users\jay\Downloads\finditagain\findit2\train\X51007339126.txt,True,True
X51007339127,C:\Users\jay\Downloads\finditagain\findit2\test\X51007339127.png,REAL,FindItAgain-SROIE,test,group_0001,623,1475,7d266af2afc0f901c3ec0b1ecdf22b087d4e5508d8e2b7f311e9d00d3a74ac4d,28d3109f154347fd70c0b5fcdb174ab2,1157870,C:\Users\jay\Downloads\finditagain\findit2\test\X51007339127.txt,False,False
X51007339130,C:\Users\jay\Downloads\finditagain\findit2\train\X51007339130.png,REAL,FindItAgain-SROIE,train,group_0001,619,1475,5a9fd028be4a31213893f795808161747aa98589241c7d7fcf705bb1ba95b153,f1552248798966ac6d09cf26517c8784,1156170,C:\Users\jay\Downloads\finditagain\findit2\train\X51007339130.txt,False,False
X51007339131,C:\Users\jay\Downloads\finditagain\findit2\val\X51007339131.png,REAL,FindItAgain-SROIE,val,group_0750,623,1539,29d6bdf2249536fa9a8049e07d244f47f113c707fcda20041c3a9a42321c0afa,9368f3b8cf94cd3b5a0f20435abdefca,1280338,C:\Users\jay\Downloads\finditagain\findit2\val\X51007339131.txt,False,False
X51007339132,C:\Users\jay\Downloads\finditagain\findit2\test\X51007339132.png,REAL,FindItAgain-SROIE,test,group_0751,635,1323,727d2e898a2d31e20acab054caa645493453cebbea9058b17cdc1684c121a94a,f79889cf0a2fd2aacfa919a101f45b7d,1049133,C:\Users\jay\Downloads\finditagain\findit2\test\X51007339132.txt,False,False
X51007339133,C:\Users\jay\Downloads\finditagain\findit2\val\X51007339133.png,EDITED,FindItAgain-SROIE,val,group_0001,623,1475,534b8842920caed24520415c7779ef0b1b202d243da847ac4960393ef939b925,5ec572a36fd06589605adf2805ef79bb,2773741,C:\Users\jay\Downloads\finditagain\findit2\val\X51007339133.txt,True,True
X51007339134,C:\Users\jay\Downloads\finditagain\findit2\train\X51007339134.png,REAL,FindItAgain-SROIE,train,group_0001,619,1475,5ad07001aa036c1a4d7b3d0494cb7d4d25008bb3d01a2e1cfcf502084e69f5c2,e5d54113517a859fcbb932c2994ff9f6,1195414,C:\Users\jay\Downloads\finditagain\findit2\train\X51007339134.txt,False,False
X51007339135,C:\Users\jay\Downloads\finditagain\findit2\val\X51007339135.png,REAL,FindItAgain-SROIE,val,group_0752,623,1471,9a877905a83fb004126b73c06398b850ff52c914d693d7990aea0d8924a6404a,e6017701bece5f692215a3663400967e,1182627,C:\Users\jay\Downloads\finditagain\findit2\val\X51007339135.txt,False,False
X51007339136,C:\Users\jay\Downloads\finditagain\findit2\val\X51007339136.png,REAL,FindItAgain-SROIE,val,group_0753,623,1719,cb29d5d673ec305c2fe1876e41c5afd204c496b8129d87fc1956200f257e0dd8,6e58495cd6007ed483d82a9e9ae6146c,1372493,C:\Users\jay\Downloads\finditagain\findit2\val\X51007339136.txt,False,False
X51007339139,C:\Users\jay\Downloads\finditagain\findit2\val\X51007339139.png,REAL,FindItAgain-SROIE,val,group_0754,619,1407,b15edd60b408ffcc9de8b3ad94655661ab81f2deb01e42de8e01b8a0a1b17543,7ea19cd769fe3cf9a10c47e670fac096,1152443,C:\Users\jay\Downloads\finditagain\findit2\val\X51007339139.txt,False,False
X51007339146,C:\Users\jay\Downloads\finditagain\findit2\train\X51007339146.png,REAL,FindItAgain-SROIE,train,group_0755,619,1547,c22c6517b79cc6b8435f7cb413bae0eaf4f4a19fda69c3cff6dd803e0c4e878c,7c64d407f9765364cf161db915b257a1,1224126,C:\Users\jay\Downloads\finditagain\findit2\train\X51007339146.txt,False,False
X51007339150,C:\Users\jay\Downloads\finditagain\findit2\train\X51007339150.png,EDITED,FindItAgain-SROIE,train,group_0001,623,1475,fe069c6f0791cf7736c35696a48995bf5fdd1cdf2c563f0e2faf84fcc0782672,d6afe91207743fe71a237304e562bd32,2773817,C:\Users\jay\Downloads\finditagain\findit2\train\X51007339150.txt,True,True
X51007339151,C:\Users\jay\Downloads\finditagain\findit2\train\X51007339151.png,EDITED,FindItAgain-SROIE,train,group_0001,615,1479,486a6e6f38d962fa057637bfe9bb8300862c59a3a62afdc0923d021944f5709e,96dd0214830b76df1d05418acc7c235e,1217354,C:\Users\jay\Downloads\finditagain\findit2\train\X51007339151.txt,True,True
X51007339152,C:\Users\jay\Downloads\finditagain\findit2\train\X51007339152.png,REAL,FindItAgain-SROIE,train,group_0756,623,1479,bd041dbe5d366c2197b8957e2fa53e5c8bcb2b64f4cf95c3026ef977dcaca65e,9ca11e732b32cb6b1571688beb5aeb3b,1164202,C:\Users\jay\Downloads\finditagain\findit2\train\X51007339152.txt,False,False
X51007339156,C:\Users\jay\Downloads\finditagain\findit2\train\X51007339156.png,REAL,FindItAgain-SROIE,train,group_0757,619,1475,7aa14f24169e8929552384b277c20c28788b4e6be0b8cd91991c9d326bd7e114,609220b84659d6fcfd7568452944d77b,1163849,C:\Users\jay\Downloads\finditagain\findit2\train\X51007339156.txt,False,False
X51007339157,C:\Users\jay\Downloads\finditagain\findit2\val\X51007339157.png,REAL,FindItAgain-SROIE,val,group_0758,615,1475,7d7f3c986f8618e7fd2ce39072740b84287cb15e44f810798674d07deb1399e3,1e355c94d5c1c091174e9ce98f66d85a,1128522,C:\Users\jay\Downloads\finditagain\findit2\val\X51007339157.txt,False,False
X51007339158,C:\Users\jay\Downloads\finditagain\findit2\train\X51007339158.png,EDITED,FindItAgain-SROIE,train,group_0759,619,1479,f677477bb7d0614d3908b58f83aa32693194e919d27c5fdd70f56184e0f78f66,91e9727346eac89276ce8c2c77dd4bca,1375737,C:\Users\jay\Downloads\finditagain\findit2\train\X51007339158.txt,True,True
X51007339159,C:\Users\jay\Downloads\finditagain\findit2\train\X51007339159.png,REAL,FindItAgain-SROIE,train,group_0001,619,1507,4927b44f4bf0fcc10a204dbce2407e8c953037ebfbff8da87bda50b6339306b0,d3960f371f78c3c21bb9b25cfb07f647,1224314,C:\Users\jay\Downloads\finditagain\findit2\train\X51007339159.txt,False,False
X51007339160,C:\Users\jay\Downloads\finditagain\findit2\train\X51007339160.png,REAL,FindItAgain-SROIE,train,group_0760,623,1499,c7be2ec1507ad6555617ef3429323c917a1ce59fbb9ae2afbdd3e120663d0bad,838fcf169683dc38da296aabbe60e30c,1192675,C:\Users\jay\Downloads\finditagain\findit2\train\X51007339160.txt,False,False
X51007339161,C:\Users\jay\Downloads\finditagain\findit2\test\X51007339161.png,REAL,FindItAgain-SROIE,test,group_0761,623,1507,e05a7064ad94d964bf2e742d206ba896d085e8f1cb60ecc70a84d0115e489ce2,e35e5ee12f57ae79c6ff9b753d5d614b,1245806,C:\Users\jay\Downloads\finditagain\findit2\test\X51007339161.txt,False,False
X51007339162,C:\Users\jay\Downloads\finditagain\findit2\train\X51007339162.png,REAL,FindItAgain-SROIE,train,group_0001,623,1511,26deba260ee8b12905a21fc1903f241a783bf2769fa06e2d33befac07216a5fc,271b44046603a5b3b28802f93ef1337b,1209926,C:\Users\jay\Downloads\finditagain\findit2\train\X51007339162.txt,False,False
X51007339163,C:\Users\jay\Downloads\finditagain\findit2\train\X51007339163.png,REAL,FindItAgain-SROIE,train,group_0762,627,1599,a374f5192da90fe92ffe2c49134acd2d621e53f8cdff6d1222d86eb3be8c47d3,8eb5ed30e11420bb33f5fddb042c71ea,1287529,C:\Users\jay\Downloads\finditagain\findit2\train\X51007339163.txt,False,False
X51007339164,C:\Users\jay\Downloads\finditagain\findit2\train\X51007339164.png,REAL,FindItAgain-SROIE,train,group_0763,627,1559,7204f4972677683370a1927e4b108f195fe3ed5e964efe7ffedcbf36b0920475,243e13426229d3ae145b7ed20bec025a,1271830,C:\Users\jay\Downloads\finditagain\findit2\train\X51007339164.txt,False,False
X51007339165,C:\Users\jay\Downloads\finditagain\findit2\test\X51007339165.png,REAL,FindItAgain-SROIE,test,group_0764,619,1607,83b3fd7e9ef0953945013b2b3bc4498aa69a04f625d2efc5ac31e6f5db09e924,79d9d17a2ee3cc9b94affdc4ff302793,1321410,C:\Users\jay\Downloads\finditagain\findit2\test\X51007339165.txt,False,False
X51007339166,C:\Users\jay\Downloads\finditagain\findit2\train\X51007339166.png,EDITED,FindItAgain-SROIE,train,group_0765,623,1511,fb2245cc2b8ccad9b2cd8cb05b9b628d2bce87d39a6d398d8fc8a8dab4a71e01,a199adef35f02d682e4381a01af5c550,1387558,C:\Users\jay\Downloads\finditagain\findit2\train\X51007339166.txt,True,True
X51007339167,C:\Users\jay\Downloads\finditagain\findit2\train\X51007339167.png,REAL,FindItAgain-SROIE,train,group_0001,619,1511,ceb5e3dac94f97d0bc437be5c58f744cc43996ebe141cd11ee8da3e2789d4665,1a39247a074d0f4a1a76181dfc0550a0,1228963,C:\Users\jay\Downloads\finditagain\findit2\train\X51007339167.txt,False,False
X51007339638,C:\Users\jay\Downloads\finditagain\findit2\test\X51007339638.png,REAL,FindItAgain-SROIE,test,group_0766,591,1807,4e857b0806c7ae476838c663ddb7f1562a0cdc6e57ab7b65a95c844ec6b6b5f8,f515cf180d4ee59d9027dcc24c98c4f4,1684972,C:\Users\jay\Downloads\finditagain\findit2\test\X51007339638.txt,False,False
X51007339639,C:\Users\jay\Downloads\finditagain\findit2\test\X51007339639.png,REAL,FindItAgain-SROIE,test,group_0767,591,1779,f1a7f9a1811b48cf3b4589f7f624fc28de038cfa326150e2649bf70ebad1069b,b221bbf18bfbc24d6b2d44d9d33307ee,1843361,C:\Users\jay\Downloads\finditagain\findit2\test\X51007339639.txt,False,False
X51007339642,C:\Users\jay\Downloads\finditagain\findit2\test\X51007339642.png,REAL,FindItAgain-SROIE,test,group_0768,595,1771,98d505fbef6c99434d2dc082be2fb452830f59ecf4ac576b4c2134adcdbfb9b5,f0fc1d3b5f12d1ce62a0bbd49dafa718,1690700,C:\Users\jay\Downloads\finditagain\findit2\test\X51007339642.txt,False,False
X51007339643,C:\Users\jay\Downloads\finditagain\findit2\train\X51007339643.png,EDITED,FindItAgain-SROIE,train,group_0769,591,1659,aa66bbfe1f6e5c6b3fcbb639eb23fd69aa661dff719d0e01fb5eefc0ed4467a0,c901bf80ff058daa0e194c022949dc35,3935511,C:\Users\jay\Downloads\finditagain\findit2\train\X51007339643.txt,True,True
X51007339647,C:\Users\jay\Downloads\finditagain\findit2\train\X51007339647.png,REAL,FindItAgain-SROIE,train,group_0770,591,1783,b1aab6be0cf5de1e0e8035d86965623f57e4743e8403c9edf9156fb6da7c5260,2b7b756759ab2a1259896dc20b2f9161,1838570,C:\Users\jay\Downloads\finditagain\findit2\train\X51007339647.txt,False,False
X51007339648,C:\Users\jay\Downloads\finditagain\findit2\test\X51007339648.png,REAL,FindItAgain-SROIE,test,group_0771,591,1803,7aa26f2851b8d4c56b83fcbcb7b28801c2605bf2bde2ad17e961c05d707b7061,480d448f1965261196dab8c609d4500a,1895913,C:\Users\jay\Downloads\finditagain\findit2\test\X51007339648.txt,False,False
X51007339650,C:\Users\jay\Downloads\finditagain\findit2\val\X51007339650.png,REAL,FindItAgain-SROIE,val,group_0772,591,1759,4bba51a9a4d128ada6543e6db62df0a466743dc6f69046d5124e2d4f20e19d5e,901a39624ab523c7ae861915449eda8f,1786602,C:\Users\jay\Downloads\finditagain\findit2\val\X51007339650.txt,False,False
X51007339651,C:\Users\jay\Downloads\finditagain\findit2\val\X51007339651.png,REAL,FindItAgain-SROIE,val,group_0773,587,1783,66ee6831ba78ef1efa9bbd9a5a8815ac14cdbaf65917eba86d2ace0f10a7eb00,4ae4ae499f9203f24ecb0bc94656a9b8,1619751,C:\Users\jay\Downloads\finditagain\findit2\val\X51007339651.txt,False,False
X51007339653,C:\Users\jay\Downloads\finditagain\findit2\test\X51007339653.png,REAL,FindItAgain-SROIE,test,group_0774,591,1395,8fed89c068e701c9871e6681c6054a8b3abf1a3e9267bcf8a6eda731c5040321,45ff523b7e8e97ad375da121a0a9cf2c,1432843,C:\Users\jay\Downloads\finditagain\findit2\test\X51007339653.txt,False,False
X51007339656,C:\Users\jay\Downloads\finditagain\findit2\train\X51007339656.png,REAL,FindItAgain-SROIE,train,group_0775,591,1771,ae669a30458b15c1f130cb5d5ac489ca9ac2bde9140d09d0b0579190f270ecb0,73eed9b76f2ec555366ed312b1f9a133,1912505,C:\Users\jay\Downloads\finditagain\findit2\train\X51007339656.txt,False,False
X51007339657,C:\Users\jay\Downloads\finditagain\findit2\val\X51007339657.png,REAL,FindItAgain-SROIE,val,group_0776,587,1815,6a3de7203b1becaeecb6aefc8620bbdecaa0539d8b7f258cbbffa0b66a44303a,7c288b6e737bc3a7f39fd6b255b0256a,1612203,C:\Users\jay\Downloads\finditagain\findit2\val\X51007339657.txt,False,False
X51007339658,C:\Users\jay\Downloads\finditagain\findit2\train\X51007339658.png,REAL,FindItAgain-SROIE,train,group_0777,587,1771,c89a0c569eae9ee8b9d6eece49224ba19e6da2fa23062eed31ed28e6be474419,1ab3ba47fa31a3d712fbcb2c7f1c41f2,1786486,C:\Users\jay\Downloads\finditagain\findit2\train\X51007339658.txt,False,False
X51007391372,C:\Users\jay\Downloads\finditagain\findit2\train\X51007391372.png,REAL,FindItAgain-SROIE,train,group_0778,587,1779,0ccc6a6fb1bd3e7a6544cfde040fdeb3dcfa95b922ad89f055d4d5dbb2b14352,b3a971f8918242b381549b834c2db2e7,845034,C:\Users\jay\Downloads\finditagain\findit2\train\X51007391372.txt,False,False
X51007391390,C:\Users\jay\Downloads\finditagain\findit2\train\X51007391390.png,REAL,FindItAgain-SROIE,train,group_0779,615,1063,d1bb7dcc312fc8277955e6e2adbe67d25e50b329e5ea2c6afcfd43ac4845cd23,ebd0203f2f51d416abde49250d81e324,597403,C:\Users\jay\Downloads\finditagain\findit2\train\X51007391390.txt,False,False
X51007419197,C:\Users\jay\Downloads\finditagain\findit2\val\X51007419197.png,EDITED,FindItAgain-SROIE,val,group_0780,612,984,924b52169b20adf608b587eb1d310a894583db4d0c52e0b8960885aae43d0707,2c2ffc0345698e5b84c272c2dbfa414c,343480,C:\Users\jay\Downloads\finditagain\findit2\val\X51007419197.txt,True,True
X51007433809,C:\Users\jay\Downloads\finditagain\findit2\train\X51007433809.png,EDITED,FindItAgain-SROIE,train,group_0781,933,2300,aacd7d8dd50f8da9b81beb641b024ce5f8c8afaf2c08f0353ad4ef51e37289dd,a8fe9c4390d5da870ff4452c1ff50822,3100670,C:\Users\jay\Downloads\finditagain\findit2\train\X51007433809.txt,True,True
X51007579714,C:\Users\jay\Downloads\finditagain\findit2\test\X51007579714.png,EDITED,FindItAgain-SROIE,test,group_0782,631,1691,7707fb888935c3d4e4b64925d8521fb13540a145aade1513f4bd46272a4fd483,122c061463532347c8229f13b3b65e99,471936,C:\Users\jay\Downloads\finditagain\findit2\test\X51007579714.txt,True,True
X51007579719,C:\Users\jay\Downloads\finditagain\findit2\train\X51007579719.png,REAL,FindItAgain-SROIE,train,group_0783,627,1735,be7a160325450649c61b11ab0fe38bfb548aa4e4ec220d35f604858463d780bc,5a8c6c92886a13cb665f29bbeed110b7,442153,C:\Users\jay\Downloads\finditagain\findit2\train\X51007579719.txt,False,False
X51007579725,C:\Users\jay\Downloads\finditagain\findit2\val\X51007579725.png,EDITED,FindItAgain-SROIE,val,group_0784,627,1199,0599268d34e250f8897a545f39b47d37865cd4b67f19b3a2604c5e4d897808fa,a5552b52aafeb384102e0bc0f67c988b,389337,C:\Users\jay\Downloads\finditagain\findit2\val\X51007579725.txt,True,True
X51007579726,C:\Users\jay\Downloads\finditagain\findit2\val\X51007579726.png,REAL,FindItAgain-SROIE,val,group_0785,627,1411,c0d430ec0c21efc81373b1ca40cd24d83f514574e7ad52510ee60154d0818f11,9cbf924b8a4681c057735c5a473ed25e,510508,C:\Users\jay\Downloads\finditagain\findit2\val\X51007579726.txt,False,False
X51007843145,C:\Users\jay\Downloads\finditagain\findit2\test\X51007843145.png,REAL,FindItAgain-SROIE,test,group_0786,4961,7016,437938a34153a99c98ec8e18235527a80df7b9d2a563ca1a35cb9d6d30edd0cf,0f9f1aaa6a2700b66dcafa97126fb5f0,817402,C:\Users\jay\Downloads\finditagain\findit2\test\X51007843145.txt,False,False
X51007846266,C:\Users\jay\Downloads\finditagain\findit2\train\X51007846266.png,REAL,FindItAgain-SROIE,train,group_0787,4961,7016,aabeb93a225f732527ca1f905f102d6ea196757aa7741bb7fa8c746636b27980,97604778577c3367597cdebc9d881f60,568295,C:\Users\jay\Downloads\finditagain\findit2\train\X51007846266.txt,False,False
X51007846268,C:\Users\jay\Downloads\finditagain\findit2\train\X51007846268.png,REAL,FindItAgain-SROIE,train,group_0788,4961,7016,8a9fbe7c598327b17464046bbfa0f19e78c4557fce34419ac0fd030ea5e447e2,79d6d8d08d20287705f8b86e95cf3917,657620,C:\Users\jay\Downloads\finditagain\findit2\train\X51007846268.txt,False,False
X51007846269,C:\Users\jay\Downloads\finditagain\findit2\train\X51007846269.png,REAL,FindItAgain-SROIE,train,group_0789,4961,7016,9b73b6d702e9e8e00e96a586a612cbf14a2bb04956b24f34dc9f909c6b92dea7,219f7690a9abdb16eb33d9256713eb3f,581925,C:\Users\jay\Downloads\finditagain\findit2\train\X51007846269.txt,False,False
X51007846270,C:\Users\jay\Downloads\finditagain\findit2\test\X51007846270.png,REAL,FindItAgain-SROIE,test,group_0790,4961,7016,dab5523e7541fe7921f4f6d25e64942e22f33d13c2befdb13ff49bacd29ce964,9c626bfa5310d9653aed9828a5bc610b,950384,C:\Users\jay\Downloads\finditagain\findit2\test\X51007846270.txt,False,False
X51007846282,C:\Users\jay\Downloads\finditagain\findit2\test\X51007846282.png,REAL,FindItAgain-SROIE,test,group_0791,4961,7016,8a3c3780be3b5250b96c4b2a3fed971bf78526b7626dce1409d2f3cb5ece4271,676edf0f6d59c389436ebec35606da91,828738,C:\Users\jay\Downloads\finditagain\findit2\test\X51007846282.txt,False,False
X51007846283,C:\Users\jay\Downloads\finditagain\findit2\val\X51007846283.png,REAL,FindItAgain-SROIE,val,group_0792,4961,7016,96e7304addbefca52fc5623b4679bea7f1a9f95214d711576559857ed4287744,35f6b93ac168c96be574fa961bb04434,1563862,C:\Users\jay\Downloads\finditagain\findit2\val\X51007846283.txt,False,False
X51007846286,C:\Users\jay\Downloads\finditagain\findit2\train\X51007846286.png,REAL,FindItAgain-SROIE,train,group_0793,4961,7016,555534727bac73c714064cf57ae5a3c2047da4d83afdbbce4a07776145b5b655,c1df68589e5172a88ca0b705dc3e3258,770131,C:\Users\jay\Downloads\finditagain\findit2\train\X51007846286.txt,False,False
X51007846288,C:\Users\jay\Downloads\finditagain\findit2\train\X51007846288.png,REAL,FindItAgain-SROIE,train,group_0794,4961,7016,093ee7b6882a39e399d964ddfccf90b78b3c3126c88f6606e322b3c808d6d05b,daf438424ba596a33ff094394e14bac1,861765,C:\Users\jay\Downloads\finditagain\findit2\train\X51007846288.txt,False,False
X51007846289,C:\Users\jay\Downloads\finditagain\findit2\train\X51007846289.png,REAL,FindItAgain-SROIE,train,group_0795,4961,7016,451246a7059690d92d79fade0b5420c39bf4a22e0f0078fff53531013db310b9,e7c8be4aeac9205c3e82d8133f73bb89,907274,C:\Users\jay\Downloads\finditagain\findit2\train\X51007846289.txt,False,False
X51007846290,C:\Users\jay\Downloads\finditagain\findit2\train\X51007846290.png,REAL,FindItAgain-SROIE,train,group_0796,4961,7016,57eb6b02d3077767692047521e0724b870c2e3ee0ff14a0c76049ea5dfa2dffa,c69ea2f45a26892aa24b41e8571435d6,1170580,C:\Users\jay\Downloads\finditagain\findit2\train\X51007846290.txt,False,False
X51007846301,C:\Users\jay\Downloads\finditagain\findit2\train\X51007846301.png,REAL,FindItAgain-SROIE,train,group_0797,4961,7016,e48639a572f27df5eba8200dc4a02dfed9a29ff1b267d344f3200844979d76b5,9372a29a54b89bfcb4bb90efa408d938,1539228,C:\Users\jay\Downloads\finditagain\findit2\train\X51007846301.txt,False,False
X51007846302,C:\Users\jay\Downloads\finditagain\findit2\train\X51007846302.png,REAL,FindItAgain-SROIE,train,group_0798,4961,7016,87d2f02174dd8cf3bb662b44b75de96c95bfa38460631ce52853688e2af00a2a,36a648b5807e51e671edf9160c8e81ac,943924,C:\Users\jay\Downloads\finditagain\findit2\train\X51007846302.txt,False,False
X51007846303,C:\Users\jay\Downloads\finditagain\findit2\train\X51007846303.png,EDITED,FindItAgain-SROIE,train,group_0799,4961,7016,f45a765fa799a5a617c7817cf99ed18182600fd47b08e2c61779ccd56b706f7a,f3b4c14938a90f739092c46201aabe9c,1303587,C:\Users\jay\Downloads\finditagain\findit2\train\X51007846303.txt,True,True
X51007846304,C:\Users\jay\Downloads\finditagain\findit2\train\X51007846304.png,REAL,FindItAgain-SROIE,train,group_0800,4961,7016,603661fb1c0fd11856cec1c259fa3fb4fab4807acfeddada59f8bd58bdebe6a8,104e39a12f7b90005c0f555826a86482,784462,C:\Users\jay\Downloads\finditagain\findit2\train\X51007846304.txt,False,False
X51007846305,C:\Users\jay\Downloads\finditagain\findit2\train\X51007846305.png,REAL,FindItAgain-SROIE,train,group_0801,4961,7016,40cd1b105c9af083767754fa29fde1730505593082269af537f9bb42c2bee78b,73af9de748b6967207b8f49a7538b290,1734774,C:\Users\jay\Downloads\finditagain\findit2\train\X51007846305.txt,False,False
X51007846307,C:\Users\jay\Downloads\finditagain\findit2\train\X51007846307.png,REAL,FindItAgain-SROIE,train,group_0802,4961,7016,03a0258ff7a85c6e570e1df52b47934f836f9a4cd7ddd14a242682ca9b543ba5,cc9e325480699b6fd917464bb2fbdefc,660677,C:\Users\jay\Downloads\finditagain\findit2\train\X51007846307.txt,False,False
X51007846309,C:\Users\jay\Downloads\finditagain\findit2\val\X51007846309.png,REAL,FindItAgain-SROIE,val,group_0803,4961,7016,c50515cef165ce5310574e53a55d2118ef444a5f1b8c9699e00840b7b57b44de,cba1ddfc11edb6f42e40ed485371e602,643163,C:\Users\jay\Downloads\finditagain\findit2\val\X51007846309.txt,False,False
X51007846310,C:\Users\jay\Downloads\finditagain\findit2\val\X51007846310.png,REAL,FindItAgain-SROIE,val,group_0804,4961,7016,d1082f8fa6d9e174a692704485041967117cbb896cc65c09017bf206b33d0484,b15c520bc038fcb3702ac3d39b2974de,892021,C:\Users\jay\Downloads\finditagain\findit2\val\X51007846310.txt,False,False
X51007846321,C:\Users\jay\Downloads\finditagain\findit2\train\X51007846321.png,EDITED,FindItAgain-SROIE,train,group_0805,4961,7016,70c004d14e94452793d7a458b7a9ba25767fe11f2e557aa6a369cec90b76834e,97d70c2dbf17803a158d72b68ad8dbb1,1068830,C:\Users\jay\Downloads\finditagain\findit2\train\X51007846321.txt,True,True
X51007846325,C:\Users\jay\Downloads\finditagain\findit2\train\X51007846325.png,REAL,FindItAgain-SROIE,train,group_0806,4961,7016,6f74db1efb8189d710bebeaba22763115f5ca655caf8409b9d61cac43f9a489a,bb266cbf318839747c8bc672828ca0ea,1079118,C:\Users\jay\Downloads\finditagain\findit2\train\X51007846325.txt,False,False
X51007846326,C:\Users\jay\Downloads\finditagain\findit2\test\X51007846326.png,REAL,FindItAgain-SROIE,test,group_0807,4961,7016,037e158877ef9dc63b2183e040d16fedc866818fa45dc764cad18314a1fdbb1e,422311ca116aeb1132dd8e568b9bb07e,1431065,C:\Users\jay\Downloads\finditagain\findit2\test\X51007846326.txt,False,False
X51007846350,C:\Users\jay\Downloads\finditagain\findit2\train\X51007846350.png,REAL,FindItAgain-SROIE,train,group_0808,4961,7016,419c36ed7968b3a414951c7daaaaf926195708481c149931d46d9809a712f900,bbfc6eca323287cc67310fdf0f9b96ce,1007083,C:\Users\jay\Downloads\finditagain\findit2\train\X51007846350.txt,False,False
X51007846353,C:\Users\jay\Downloads\finditagain\findit2\train\X51007846353.png,EDITED,FindItAgain-SROIE,train,group_0809,4961,7016,2b5dc6197cd8924819347e0b38f60cc0ee0fe40e82d9bf605639a4c86cfa3650,f5d7815e43bc92c3ef70a28c7a2f3f14,34876079,C:\Users\jay\Downloads\finditagain\findit2\train\X51007846353.txt,True,True
X51007846355,C:\Users\jay\Downloads\finditagain\findit2\train\X51007846355.png,REAL,FindItAgain-SROIE,train,group_0810,4961,7016,33a695c24bde408b2e80911716d72276227709233e30849fe8a62fac50a226e8,40680994db6c3e293870c8de6f3c626c,1295112,C:\Users\jay\Downloads\finditagain\findit2\train\X51007846355.txt,False,False
X51007846357,C:\Users\jay\Downloads\finditagain\findit2\test\X51007846357.png,EDITED,FindItAgain-SROIE,test,group_0811,4961,7016,1d679799da023990809e1b57cf34058356d6c2e99c50b396ae2b18b2adf52633,b2bc381c1500346b3e724b435d471ee2,872181,C:\Users\jay\Downloads\finditagain\findit2\test\X51007846357.txt,True,True
X51007846358,C:\Users\jay\Downloads\finditagain\findit2\train\X51007846358.png,REAL,FindItAgain-SROIE,train,group_0812,4961,7016,8d924513c83b2028a90f4fe21122b5a45d31c4d3ce5414af4d7d23eb4a80c2d4,2e38264b2c728a10aa91d71164146d22,1996508,C:\Users\jay\Downloads\finditagain\findit2\train\X51007846358.txt,False,False
X51007846360,C:\Users\jay\Downloads\finditagain\findit2\train\X51007846360.png,REAL,FindItAgain-SROIE,train,group_0813,4961,7016,d1375bad2811f2609a4590898736862f680e24f4e1b0b59366b02a83325d09bd,93fedda41a33cb89223ec4e671f57975,1151725,C:\Users\jay\Downloads\finditagain\findit2\train\X51007846360.txt,False,False
X51007846361,C:\Users\jay\Downloads\finditagain\findit2\train\X51007846361.png,REAL,FindItAgain-SROIE,train,group_0814,4961,7016,745f2d0588ce41e839575b9c4b3bf30f47b9736109123ec0c497fa82bebc1b5e,c1380a490646875bfdb7bb26200ec637,726923,C:\Users\jay\Downloads\finditagain\findit2\train\X51007846361.txt,False,False
X51007846366,C:\Users\jay\Downloads\finditagain\findit2\test\X51007846366.png,REAL,FindItAgain-SROIE,test,group_0815,4961,7016,3fe479cee80c40d9e1ae24a2aa2dd5002615e94cf63b9e077d5cb1734e3e1ec0,7d98844737b580110cf22b657aa6bfc5,1263607,C:\Users\jay\Downloads\finditagain\findit2\test\X51007846366.txt,False,False
X51007846368,C:\Users\jay\Downloads\finditagain\findit2\train\X51007846368.png,EDITED,FindItAgain-SROIE,train,group_0816,4961,7016,3ca0d89ee9a4d9f27f7be1e6f91ea665a1d36480b886dae18aaab53be9a67c91,9ac0bdc133fc9971fd57bc901968cc12,1158945,C:\Users\jay\Downloads\finditagain\findit2\train\X51007846368.txt,True,True
X51007846370,C:\Users\jay\Downloads\finditagain\findit2\val\X51007846370.png,REAL,FindItAgain-SROIE,val,group_0005,4961,7016,dfe69666a834c349d60281228b1326396ebb496979c71771dc0f25d5195ec583,9bba9e3207440413459b5318421e2f3c,855324,C:\Users\jay\Downloads\finditagain\findit2\val\X51007846370.txt,False,False
X51007846371,C:\Users\jay\Downloads\finditagain\findit2\test\X51007846371.png,REAL,FindItAgain-SROIE,test,group_0817,4961,7016,a4f10ff5fb4509d17129299121b9001c9d643b5696e4aabebbfafc2eff4782dc,765ad9d5ad0e47db49a7281ce95b6652,1403619,C:\Users\jay\Downloads\finditagain\findit2\test\X51007846371.txt,False,False
X51007846372,C:\Users\jay\Downloads\finditagain\findit2\val\X51007846372.png,REAL,FindItAgain-SROIE,val,group_0005,4961,7016,ad67cffffab6e0d55e24cfb1765d770ed5d23ea283d05f5b9c7423d1b7e2bde8,a91f83047d22ca241d9573d8b91050ec,857491,C:\Users\jay\Downloads\finditagain\findit2\val\X51007846372.txt,False,False
X51007846379,C:\Users\jay\Downloads\finditagain\findit2\train\X51007846379.png,REAL,FindItAgain-SROIE,train,group_0818,4961,7016,aa305c67da0efc93c99ba9bad3b74aab17b8484419216343de92772767e8b220,7391e5f873f7f1d0d13deb02ee5bb2e3,1485503,C:\Users\jay\Downloads\finditagain\findit2\train\X51007846379.txt,False,False
X51007846387,C:\Users\jay\Downloads\finditagain\findit2\train\X51007846387.png,REAL,FindItAgain-SROIE,train,group_0819,4961,7016,7ce11d8e284f21fbc6d34835b2da9ebc7594ffeda387550bc668e3bdc466a99e,c0cd2e166cbd4b32ba79cbcd2d99f8ce,1299447,C:\Users\jay\Downloads\finditagain\findit2\train\X51007846387.txt,False,False
X51007846388,C:\Users\jay\Downloads\finditagain\findit2\train\X51007846388.png,REAL,FindItAgain-SROIE,train,group_0005,4961,7016,7b8f890abd095cf4c715acfeda56d27b3cbc19228473d377ae71c2673fd02767,55f01b7c229b872d065b75814c75414f,582669,C:\Users\jay\Downloads\finditagain\findit2\train\X51007846388.txt,False,False
X51007846391,C:\Users\jay\Downloads\finditagain\findit2\val\X51007846391.png,REAL,FindItAgain-SROIE,val,group_0005,4961,7016,d5f00006635a4dd3fc3c78bcae48f92a39b4dec4ece7510117c7ff1682ce4eb7,8d1e021629962ec31f4bd9589d703f42,581549,C:\Users\jay\Downloads\finditagain\findit2\val\X51007846391.txt,False,False
X51007846392,C:\Users\jay\Downloads\finditagain\findit2\train\X51007846392.png,REAL,FindItAgain-SROIE,train,group_0007,4961,7016,371d8eb3d77477e4883bd37f6dd15d26a458cf7df9255fce60921a56dcbc2b31,aba6f7db88028856b1b0ceb1a0e8f0b9,627922,C:\Users\jay\Downloads\finditagain\findit2\train\X51007846392.txt,False,False
X51007846393,C:\Users\jay\Downloads\finditagain\findit2\test\X51007846393.png,REAL,FindItAgain-SROIE,test,group_0820,4961,7016,c4a4de01bbc3a16c46e1923bef4bb3c125b3e387f29358fd6d13b6e2cfe8c7d3,d0715cfc42613654ea821f919e49ae43,1807091,C:\Users\jay\Downloads\finditagain\findit2\test\X51007846393.txt,False,False
X51007846395,C:\Users\jay\Downloads\finditagain\findit2\train\X51007846395.png,REAL,FindItAgain-SROIE,train,group_0821,4961,7016,fc668f8c422d9b2b973b760d59e6bd1eea4fd746101ef061b179cafed637c18a,6760bc5a951981ead64e853c7f7e3d32,732589,C:\Users\jay\Downloads\finditagain\findit2\train\X51007846395.txt,False,False
X51007846396,C:\Users\jay\Downloads\finditagain\findit2\train\X51007846396.png,EDITED,FindItAgain-SROIE,train,group_0822,4961,7016,df4244a36ef59cc1c79da71c2041b5e9d90e10af21293da2426b080c8ae9bdf0,9416e0f75d51fb3eef709b3c780c1e9d,811153,C:\Users\jay\Downloads\finditagain\findit2\train\X51007846396.txt,True,True
X51007846397,C:\Users\jay\Downloads\finditagain\findit2\train\X51007846397.png,REAL,FindItAgain-SROIE,train,group_0823,4961,7016,c11976a5d47c04586a3370e12285b3ae0c1c902bdcf075c1c3adac325931874d,1e864889cd671a90f174ae8b9051e1f8,592939,C:\Users\jay\Downloads\finditagain\findit2\train\X51007846397.txt,False,False
X51007846398,C:\Users\jay\Downloads\finditagain\findit2\test\X51007846398.png,REAL,FindItAgain-SROIE,test,group_0007,4961,7016,2286130a74124b71a1fe129bc453b5cda2676bc1bdca429542c78831a5846abb,cd9654dd1e9ae47c53ce6e34a2d21639,627409,C:\Users\jay\Downloads\finditagain\findit2\test\X51007846398.txt,False,False
X51007846400,C:\Users\jay\Downloads\finditagain\findit2\train\X51007846400.png,REAL,FindItAgain-SROIE,train,group_0824,4961,7016,465dbd86dc381fb4ef4e19b4caa9d1c70443789d8384553e54e318c9446eefe6,b26fbcdbb04fe0b8b62c432201d9599a,804388,C:\Users\jay\Downloads\finditagain\findit2\train\X51007846400.txt,False,False
X51007846403,C:\Users\jay\Downloads\finditagain\findit2\test\X51007846403.png,REAL,FindItAgain-SROIE,test,group_0825,4961,7016,684efee4859dac582f65892c1bd3ed227464cc558e4ffed4d0e2e6e8d4216b03,a6a082a8139e725e622189a065808a1a,707218,C:\Users\jay\Downloads\finditagain\findit2\test\X51007846403.txt,False,False
X51007846410,C:\Users\jay\Downloads\finditagain\findit2\test\X51007846410.png,REAL,FindItAgain-SROIE,test,group_0032,4961,7016,e67b229bfcf8cc58c463c016b262a90e890a61ed2eaf30f7e88d925ea56d2a24,4f7215368a77f196afff08febe568d33,830644,C:\Users\jay\Downloads\finditagain\findit2\test\X51007846410.txt,False,False
X51007846412,C:\Users\jay\Downloads\finditagain\findit2\train\X51007846412.png,REAL,FindItAgain-SROIE,train,group_0826,4961,7016,1109a4e11bf94446c888ded19a942bf56cce3d0ec9a9ffe2f72578b77a159b5a,203fc7da9d7f3444c4d15ff3cf114aa3,1133899,C:\Users\jay\Downloads\finditagain\findit2\train\X51007846412.txt,False,False
X51007846451,C:\Users\jay\Downloads\finditagain\findit2\train\X51007846451.png,REAL,FindItAgain-SROIE,train,group_0827,4961,7016,6aba85bba3d4778056b3434b998899eedf1ce4f206db49f4080065bfec7135ea,7b05afa3c8938c72b9d1779b1105a2e4,695835,C:\Users\jay\Downloads\finditagain\findit2\train\X51007846451.txt,False,False
X51008030560,C:\Users\jay\Downloads\finditagain\findit2\train\X51008030560.png,REAL,FindItAgain-SROIE,train,group_0828,794,1354,70620ba5330b807225becdbccb389fc816e4e4d5f5e02ed8517c2c0e3d59a296,42cf3f9045661a7dd6b01b31012187e8,209544,C:\Users\jay\Downloads\finditagain\findit2\train\X51008030560.txt,False,False
X51008030561,C:\Users\jay\Downloads\finditagain\findit2\train\X51008030561.png,REAL,FindItAgain-SROIE,train,group_0829,787,1605,b44a3f9e95c4cc069845726650f87f0c47216e0d9211248d526ea5bf17269133,2050df240b244dae5382948faa99248d,391255,C:\Users\jay\Downloads\finditagain\findit2\train\X51008030561.txt,False,False
X51008030563,C:\Users\jay\Downloads\finditagain\findit2\val\X51008030563.png,REAL,FindItAgain-SROIE,val,group_0830,787,1636,7e512f80ed6f871c7f44398f2bf3c3165db009efb1ce815800fe151e3271bc38,4aeba9b9f335ffa593525c1d21b87349,325051,C:\Users\jay\Downloads\finditagain\findit2\val\X51008030563.txt,False,False
X51008030565,C:\Users\jay\Downloads\finditagain\findit2\train\X51008030565.png,EDITED,FindItAgain-SROIE,train,group_0831,791,1623,23f6192bf9a9f3ee1d5685d187e19193786665b644710748d49bc2d5fd5cecec,38b0e85601b2acff7919430c4048861f,340044,C:\Users\jay\Downloads\finditagain\findit2\train\X51008030565.txt,True,True
X51008030566,C:\Users\jay\Downloads\finditagain\findit2\train\X51008030566.png,REAL,FindItAgain-SROIE,train,group_0832,788,1609,42d9684d933c43c8476abff1b55adfd8333f535c4587d1ab02f8a07e1f8fa777,ed7df3ce2cefb23dd0b26c75b2bd17e5,263907,C:\Users\jay\Downloads\finditagain\findit2\train\X51008030566.txt,False,False
X51008042777,C:\Users\jay\Downloads\finditagain\findit2\val\X51008042777.png,REAL,FindItAgain-SROIE,val,group_0833,789,1442,3c14430be83fb5220ea34ccf154612ddb31fb36e625f484f989b150209508a54,9a5c8900105dd945065bfdf7fcc8a43e,227439,C:\Users\jay\Downloads\finditagain\findit2\val\X51008042777.txt,False,False
X51008042778,C:\Users\jay\Downloads\finditagain\findit2\train\X51008042778.png,REAL,FindItAgain-SROIE,train,group_0834,791,1512,d0c411caff3c2f3659d922cc30ca6672ea783d0b5ac92f2f2d3c91951e5e754f,ef1409b389e3816819e8f65f8c120fc7,198426,C:\Users\jay\Downloads\finditagain\findit2\train\X51008042778.txt,False,False
X51008042779,C:\Users\jay\Downloads\finditagain\findit2\val\X51008042779.png,REAL,FindItAgain-SROIE,val,group_0835,794,1708,263369d31c0e15437f8950bff2a2cc9574e954488f7e2109480879849e298c95,947435d49e9ae910b9ee0ef8844b1cd3,308628,C:\Users\jay\Downloads\finditagain\findit2\val\X51008042779.txt,False,False
X51008042780,C:\Users\jay\Downloads\finditagain\findit2\train\X51008042780.png,EDITED,FindItAgain-SROIE,train,group_0836,791,1731,9877e5fc8f10d5d7fe1e2e96fcc8b3310297743234ed20aea550fc77dfaee0b0,5f1ceed3e9279fb74b9299a891221858,704469,C:\Users\jay\Downloads\finditagain\findit2\train\X51008042780.txt,True,True
X51008042781,C:\Users\jay\Downloads\finditagain\findit2\train\X51008042781.png,REAL,FindItAgain-SROIE,train,group_0837,793,1471,2dd7ed8adcce4a0ff533ffef1c43c82af7a80c8d92dd7579f751b2259c3ff6f6,8dd3f1c4b602365c3a3d4e6663fb7066,259140,C:\Users\jay\Downloads\finditagain\findit2\train\X51008042781.txt,False,False
X51008042782,C:\Users\jay\Downloads\finditagain\findit2\train\X51008042782.png,REAL,FindItAgain-SROIE,train,group_0838,794,1515,770b571857d08f91416da973859bc86fae362d89796d4811e7cc60a230eee95f,2661d9afbdd749a43956db828a0300b2,296603,C:\Users\jay\Downloads\finditagain\findit2\train\X51008042782.txt,False,False
X51008042783,C:\Users\jay\Downloads\finditagain\findit2\val\X51008042783.png,REAL,FindItAgain-SROIE,val,group_0839,783,1583,cc4824494041e813efde60b7535fc6b774ebd94ce6c7911bf9044170d24fa3a6,fabaa51a8e609db1d20f6866c52dad97,278935,C:\Users\jay\Downloads\finditagain\findit2\val\X51008042783.txt,False,False
X51008042786,C:\Users\jay\Downloads\finditagain\findit2\train\X51008042786.png,REAL,FindItAgain-SROIE,train,group_0840,787,1509,0c5bdd3ec1e17b3321f06eb596deee76e4a629241daef90c0856025f58a61f32,9fb1dbd28b27c041e443066ac227179e,233104,C:\Users\jay\Downloads\finditagain\findit2\train\X51008042786.txt,False,False
X51008042787,C:\Users\jay\Downloads\finditagain\findit2\train\X51008042787.png,REAL,FindItAgain-SROIE,train,group_0841,791,2682,9f1f3c2e86b0839130426f309fc622e0d35ae85209ef7feb4d19c415b04db78b,5ac4fdbda104a3a881039fcc996998bf,564381,C:\Users\jay\Downloads\finditagain\findit2\train\X51008042787.txt,False,False
X51008042791,C:\Users\jay\Downloads\finditagain\findit2\test\X51008042791.png,REAL,FindItAgain-SROIE,test,group_0842,792,1447,d8fe139759406536a49c14f6de1c9169b3487828465cc27b640eee3e17f9528d,722ebe573a957bb45d35ca6fff37e08c,200812,C:\Users\jay\Downloads\finditagain\findit2\test\X51008042791.txt,False,False
X51008042792,C:\Users\jay\Downloads\finditagain\findit2\val\X51008042792.png,REAL,FindItAgain-SROIE,val,group_0843,791,1453,d32dc29e6d552385c356de74d1acc6f097a013300dd35761264f2b229d947895,e0d360ac41a61442249d10cfdc2f7617,218769,C:\Users\jay\Downloads\finditagain\findit2\val\X51008042792.txt,False,False
X51008042793,C:\Users\jay\Downloads\finditagain\findit2\train\X51008042793.png,REAL,FindItAgain-SROIE,train,group_0844,791,1334,767df8b1ef43250f6c951769a763b9d9e8a76d68ad16775547a7f7dca6578b59,870bde5f16b60f7b98857a3db16559d6,213476,C:\Users\jay\Downloads\finditagain\findit2\train\X51008042793.txt,False,False
X51008063849,C:\Users\jay\Downloads\finditagain\findit2\train\X51008063849.png,REAL,FindItAgain-SROIE,train,group_0845,757,1204,e63215f44bcbd0381b4aa14cf79a3e8561526fc3be55279563229ec74c2133ff,28f04a49fa1eae647e4ec39d881bc3ea,819989,C:\Users\jay\Downloads\finditagain\findit2\train\X51008063849.txt,False,False
X51008064061,C:\Users\jay\Downloads\finditagain\findit2\val\X51008064061.png,REAL,FindItAgain-SROIE,val,group_0846,825,2135,4e2f6f24ce5ca1282d1a24e9c0e0c6a213caea9be9474e89146b5ee49dc9a568,f655dd2f1898c9e5de902471d7cc3651,1105335,C:\Users\jay\Downloads\finditagain\findit2\val\X51008064061.txt,False,False
X51008099041,C:\Users\jay\Downloads\finditagain\findit2\val\X51008099041.png,REAL,FindItAgain-SROIE,val,group_0847,932,1654,52c006da0ab37ad9672c6f0419c0147f93391029fc6a7c55ec50ac62b7726e5e,4c97de9ec71e0062b4a0f11326a90d75,231630,C:\Users\jay\Downloads\finditagain\findit2\val\X51008099041.txt,False,False
X51008099043,C:\Users\jay\Downloads\finditagain\findit2\test\X51008099043.png,REAL,FindItAgain-SROIE,test,group_0848,928,1738,81092ac2167acc9d6d8230a19f39fa88620b1c07e7ecbff5b9a9e0d17adb6f7e,3d40f0979d7fa5681e36c46d43ed80b7,279870,C:\Users\jay\Downloads\finditagain\findit2\test\X51008099043.txt,False,False
X51008099044,C:\Users\jay\Downloads\finditagain\findit2\train\X51008099044.png,REAL,FindItAgain-SROIE,train,group_0849,928,1828,f346fd78721e66d6a3a5ea7bda2f5a52832a49de7af070474b4e5ada0fe78c32,44f266109ed957a4182e9e052a1e004d,283491,C:\Users\jay\Downloads\finditagain\findit2\train\X51008099044.txt,False,False
X51008099046,C:\Users\jay\Downloads\finditagain\findit2\test\X51008099046.png,REAL,FindItAgain-SROIE,test,group_0021,932,1742,ec6036cad6d5ba1f1798d0272faac8935cb1b93355bcb986a2c9016ef758b835,6c89c076adce40ec56c7cbf752cf5d01,254628,C:\Users\jay\Downloads\finditagain\findit2\test\X51008099046.txt,False,False
X51008099047,C:\Users\jay\Downloads\finditagain\findit2\train\X51008099047.png,REAL,FindItAgain-SROIE,train,group_0850,932,1741,849aba350367de55c64e977a7cc571c058147924dbcabf623aa9e3a43262fd85,5e2916bb99ac2be038f4587089c5b4c4,266059,C:\Users\jay\Downloads\finditagain\findit2\train\X51008099047.txt,False,False
X51008099048,C:\Users\jay\Downloads\finditagain\findit2\val\X51008099048.png,REAL,FindItAgain-SROIE,val,group_0851,932,1974,1950d7aeea1b928f1f84efc035fbcb2a43e1c5b4956fab3f76134fe54dbe4859,09f2762b55f121a2e248402af097df3b,294927,C:\Users\jay\Downloads\finditagain\findit2\val\X51008099048.txt,False,False
X51008099049,C:\Users\jay\Downloads\finditagain\findit2\val\X51008099049.png,REAL,FindItAgain-SROIE,val,group_0852,932,2143,87586ffe7849f7fce46999acb7a081362c23287a107cf3e4bd9d4f08227fa142,60df78ced3565e546cbda6700842d372,346282,C:\Users\jay\Downloads\finditagain\findit2\val\X51008099049.txt,False,False
X51008099054,C:\Users\jay\Downloads\finditagain\findit2\val\X51008099054.png,REAL,FindItAgain-SROIE,val,group_0853,932,2113,cb99a23964d6bbf2658df709f5980f567f2a248fb92ba8b29985ac5ba80e5a76,8d91dc4d06dc76e5e31530c0469fbfc1,294128,C:\Users\jay\Downloads\finditagain\findit2\val\X51008099054.txt,False,False
X51008099071,C:\Users\jay\Downloads\finditagain\findit2\train\X51008099071.png,EDITED,FindItAgain-SROIE,train,group_0854,932,1718,3d737d18a14542b3d5655105fda47b030a2253177d8ce7372465bba14b1d2d07,fa67699e5a170d3574f36e4fdf23dddb,465574,C:\Users\jay\Downloads\finditagain\findit2\train\X51008099071.txt,True,True
X51008099073,C:\Users\jay\Downloads\finditagain\findit2\test\X51008099073.png,REAL,FindItAgain-SROIE,test,group_0855,932,1795,654abd238d7f46c07e25edaa7cb4f73d88963f395820bc27b6210d61af57ae13,d425acd1356a35324a55c272c7d4723e,272482,C:\Users\jay\Downloads\finditagain\findit2\test\X51008099073.txt,False,False
X51008099081,C:\Users\jay\Downloads\finditagain\findit2\test\X51008099081.png,EDITED,FindItAgain-SROIE,test,group_0856,932,1659,9f59acf9fa1bf60e9b03146c942c312143bc8e449aa52351d1c583c9b9f21b25,1e81957cfc00510fccd8b369b5971f87,422689,C:\Users\jay\Downloads\finditagain\findit2\test\X51008099081.txt,True,True
X51008099083,C:\Users\jay\Downloads\finditagain\findit2\val\X51008099083.png,REAL,FindItAgain-SROIE,val,group_0857,936,1829,48de7b4c41118e5baf84f7bb838a30a0f681ed69605116b925fda3857df4f48f,c4162c3704d606463c7b58f6761495a2,280584,C:\Users\jay\Downloads\finditagain\findit2\val\X51008099083.txt,False,False
X51008099084,C:\Users\jay\Downloads\finditagain\findit2\train\X51008099084.png,REAL,FindItAgain-SROIE,train,group_0858,932,1741,5d4d3c1288fc4eab164471a38b99ec6d131f7e6414e2756141817033a6104fb8,728bddcc12769ff8276a69df8041ced8,256090,C:\Users\jay\Downloads\finditagain\findit2\train\X51008099084.txt,False,False
X51008099085,C:\Users\jay\Downloads\finditagain\findit2\val\X51008099085.png,REAL,FindItAgain-SROIE,val,group_0859,932,1740,fec2b6c0817073b7d27940e268edc06ae1212039efef7fd70437ecdeb3dd194e,024771ce6b8a2014ad7b0ad7a2b9e561,238618,C:\Users\jay\Downloads\finditagain\findit2\val\X51008099085.txt,False,False
X51008099086,C:\Users\jay\Downloads\finditagain\findit2\train\X51008099086.png,REAL,FindItAgain-SROIE,train,group_0860,928,1830,180d19cfa104dd20b582bba6536dee0a0cf50e3055511611a4e80c56dd2c070d,8834d045136458d10b19f6d1adceded3,407181,C:\Users\jay\Downloads\finditagain\findit2\train\X51008099086.txt,False,False
X51008099087,C:\Users\jay\Downloads\finditagain\findit2\train\X51008099087.png,REAL,FindItAgain-SROIE,train,group_0861,932,1964,47b6c10ab46ff3cef6a3066e42edef9500c153f971d484eee47b49e252e54dfc,c21a1a9dfa88420f64f970a3289c4067,303823,C:\Users\jay\Downloads\finditagain\findit2\train\X51008099087.txt,False,False
X51008099088,C:\Users\jay\Downloads\finditagain\findit2\test\X51008099088.png,REAL,FindItAgain-SROIE,test,group_0862,932,1667,fb35f6735c196d0d128358e7e88a9a2434ee4eac48d78fe5bc2b90a71c3c7222,961252adb3de5e6366f50473c7e288a1,235771,C:\Users\jay\Downloads\finditagain\findit2\test\X51008099088.txt,False,False
X51008099089,C:\Users\jay\Downloads\finditagain\findit2\val\X51008099089.png,REAL,FindItAgain-SROIE,val,group_0863,932,1826,f383e24ee340b192ba03d45d4e8cf6c49e3750af2eb1dece0021de7f122a9af2,a0b090886948c02d09b74d9780fec48e,295645,C:\Users\jay\Downloads\finditagain\findit2\val\X51008099089.txt,False,False
X51008099090,C:\Users\jay\Downloads\finditagain\findit2\train\X51008099090.png,REAL,FindItAgain-SROIE,train,group_0864,932,1659,d9e76695b687445194de20a28f449cee4df2e14d7af819109d18ddbfdc9052ab,740dda7c7aacaa327b9c22830ba2b8ca,248123,C:\Users\jay\Downloads\finditagain\findit2\train\X51008099090.txt,False,False
X51008099100,C:\Users\jay\Downloads\finditagain\findit2\val\X51008099100.png,REAL,FindItAgain-SROIE,val,group_0865,932,2191,c224a7bdfc1893922ab19eeb85a32f5aaef99a4a0446ded8cdd115c7236f0a39,882872f60d807e73647e9434c8ea0f50,391681,C:\Users\jay\Downloads\finditagain\findit2\val\X51008099100.txt,False,False
X51008099102,C:\Users\jay\Downloads\finditagain\findit2\train\X51008099102.png,REAL,FindItAgain-SROIE,train,group_0866,932,2722,a8daf6282625c5c36de5c9bd7768089040e000288c2e94f5d483d45d18af1df2,9b024d15afcbadd719c080091527e28c,475773,C:\Users\jay\Downloads\finditagain\findit2\train\X51008099102.txt,False,False
X51008114216,C:\Users\jay\Downloads\finditagain\findit2\test\X51008114216.png,REAL,FindItAgain-SROIE,test,group_0867,936,1663,46e212fb1efe3a00c23f03d6bc9f90cfb6f8205d49a51478382790debbb38992,bdd0ebe5ad15b866af9624dabf4d8aac,514535,C:\Users\jay\Downloads\finditagain\findit2\test\X51008114216.txt,False,False
X51008114217,C:\Users\jay\Downloads\finditagain\findit2\test\X51008114217.png,REAL,FindItAgain-SROIE,test,group_0868,936,2004,e2b5c6ccae6b435f00417afc749ada044c348d06c30e35c63500b4045ee034e5,e3a3e56421a80ae68f0e75d8215171c7,577851,C:\Users\jay\Downloads\finditagain\findit2\test\X51008114217.txt,False,False
X51008114260,C:\Users\jay\Downloads\finditagain\findit2\train\X51008114260.png,EDITED,FindItAgain-SROIE,train,group_0869,751,1324,f93dfc49379a1a55e22f65710e7de28041454bf5cb9403e657dd391088770d5e,bc05df4a685ca4f6feff1d75db625086,1004766,C:\Users\jay\Downloads\finditagain\findit2\train\X51008114260.txt,True,False
X51008114262,C:\Users\jay\Downloads\finditagain\findit2\train\X51008114262.png,REAL,FindItAgain-SROIE,train,group_0870,748,1397,5ccf979bf577e1283db48a1a0e8e1b963064bb6fa93920e4e1d1f7e8c0aa6ec2,1656ebeebcccb4c2c45df4e062c58dc7,345568,C:\Users\jay\Downloads\finditagain\findit2\train\X51008114262.txt,False,False
X51008114266,C:\Users\jay\Downloads\finditagain\findit2\test\X51008114266.png,REAL,FindItAgain-SROIE,test,group_0871,750,1471,10e8f234e6b293bdc7c1d7c14801a8cd482b5981da0ecc7df7921b53d92844a8,199b6bb2b3708b6a5105239b60c3291e,394565,C:\Users\jay\Downloads\finditagain\findit2\test\X51008114266.txt,False,False
X51008114281,C:\Users\jay\Downloads\finditagain\findit2\val\X51008114281.png,REAL,FindItAgain-SROIE,val,group_0872,884,1636,dfe9e5380a5472f1e25b61cb5389939cae67d64e948c392798e3506ab65be330,44a4e40a04367b9a8e2b9945da9f9215,378823,C:\Users\jay\Downloads\finditagain\findit2\val\X51008114281.txt,False,False
X51008114282,C:\Users\jay\Downloads\finditagain\findit2\train\X51008114282.png,REAL,FindItAgain-SROIE,train,group_0873,888,1741,e701998e8bd262e121b8c4e6e27a77b2ae6c9ce05a579dead75509607d2805a8,2bc388e1271100ec4a41f680217aed9f,376817,C:\Users\jay\Downloads\finditagain\findit2\train\X51008114282.txt,False,False
X51008114283,C:\Users\jay\Downloads\finditagain\findit2\val\X51008114283.png,EDITED,FindItAgain-SROIE,val,group_0874,936,1741,706bd2117c82bf5271434a241ee4667054b8201483f72ea326a6cea9f62aa5fd,b8d980ff46f73d0c863cc0798ba808fd,3278323,C:\Users\jay\Downloads\finditagain\findit2\val\X51008114283.txt,True,True
X51008114284,C:\Users\jay\Downloads\finditagain\findit2\val\X51008114284.png,REAL,FindItAgain-SROIE,val,group_0875,936,1665,a45ac364b8329bca2ac2438f98f6d3f375ca27058465dd03e567b9d83ec6739e,d38f486e5d757046d1e967fca2ac2b08,452603,C:\Users\jay\Downloads\finditagain\findit2\val\X51008114284.txt,False,False
X51008114321,C:\Users\jay\Downloads\finditagain\findit2\train\X51008114321.png,EDITED,FindItAgain-SROIE,train,group_0876,936,1749,5f33cfa5558a97ebc05eaeeb968ef9c56f6386f9cb91a476b8975c120d1fd3b8,0ff1d7d90532293809c97931ff7e7a00,506622,C:\Users\jay\Downloads\finditagain\findit2\train\X51008114321.txt,True,True
X51008122920,C:\Users\jay\Downloads\finditagain\findit2\train\X51008122920.png,REAL,FindItAgain-SROIE,train,group_0877,748,1444,6f6774e37972bc917286d6e62c1a7c4839b35450e19b3b38899498f6b8b2c557,2ce09e62d90a58e8c65b3eba2f670eec,638724,C:\Users\jay\Downloads\finditagain\findit2\train\X51008122920.txt,False,False
X51008123446,C:\Users\jay\Downloads\finditagain\findit2\val\X51008123446.png,REAL,FindItAgain-SROIE,val,group_0008,532,1271,7b8dde0be0b5ba317fbccb281aaa3dd3d1da0d7e2f80036b49cf53262f85fb9a,aef508905d32381fb5971ab226ec2cd3,366488,C:\Users\jay\Downloads\finditagain\findit2\val\X51008123446.txt,False,False
X51008123447,C:\Users\jay\Downloads\finditagain\findit2\test\X51008123447.png,EDITED,FindItAgain-SROIE,test,group_0008,532,1305,3362ca3f2311094922812545254d4efaf71a6743447a64413984cc2860a8a5a0,36e84e3878c979f9eebec00c574a8715,441898,C:\Users\jay\Downloads\finditagain\findit2\test\X51008123447.txt,True,True
X51008123450,C:\Users\jay\Downloads\finditagain\findit2\test\X51008123450.png,REAL,FindItAgain-SROIE,test,group_0878,537,1247,7e3e6676374471cd7444b4bc0e2e837cab21ebad3861a9d614f18c19e7fa2aa0,ca7b5a66f58cad57822981240bfe49a8,385095,C:\Users\jay\Downloads\finditagain\findit2\test\X51008123450.txt,False,False
X51008123451,C:\Users\jay\Downloads\finditagain\findit2\test\X51008123451.png,EDITED,FindItAgain-SROIE,test,group_0879,748,1271,1b67fa81ddc247652d17e83646e4418bbf5af5efbd6636042a74da59561a09f7,f9c1a72c9589bcf57ecc0d7927f3853d,3817513,C:\Users\jay\Downloads\finditagain\findit2\test\X51008123451.txt,True,True
X51008123476,C:\Users\jay\Downloads\finditagain\findit2\val\X51008123476.png,REAL,FindItAgain-SROIE,val,group_0008,532,1295,b62e4442759672e49c284aac838cc85120f34cd334c7f568dac81087b5f25f8b,6735c4fe9c867c0ee3b500bd6c17f0f2,380093,C:\Users\jay\Downloads\finditagain\findit2\val\X51008123476.txt,False,False
X51008123580,C:\Users\jay\Downloads\finditagain\findit2\train\X51008123580.png,REAL,FindItAgain-SROIE,train,group_0880,621,1331,6b88d671110c1c20416c78a325d8248bb7444d4b73b5dedc52dd5178f943fa93,7edc8df92d9deb5e1261542561fe5131,342634,C:\Users\jay\Downloads\finditagain\findit2\train\X51008123580.txt,False,False
X51008123586,C:\Users\jay\Downloads\finditagain\findit2\train\X51008123586.png,REAL,FindItAgain-SROIE,train,group_0881,622,1144,ef097390820cae90b56a46bf0ccaffd2bced5f96942ca05df997a856e981dff7,4a3898135cb5583643bdf1cec446e955,181820,C:\Users\jay\Downloads\finditagain\findit2\train\X51008123586.txt,False,False
X51008123599,C:\Users\jay\Downloads\finditagain\findit2\train\X51008123599.png,REAL,FindItAgain-SROIE,train,group_0882,622,1310,1c7899b0c9bed3b616c47e31a39e2abf82666139e544e9f356153eeab0a652b2,407a14c0a113eac8452c7569321dbdc6,184101,C:\Users\jay\Downloads\finditagain\findit2\train\X51008123599.txt,False,False
X51008123604,C:\Users\jay\Downloads\finditagain\findit2\train\X51008123604.png,REAL,FindItAgain-SROIE,train,group_0883,622,1423,735a92d23de83a08fb50c68765526c2df0a9d93fbd2adab96b7ce2c8730c305b,7f77843e9501758ee0b6e6160ea8f1c1,209562,C:\Users\jay\Downloads\finditagain\findit2\train\X51008123604.txt,False,False
X51008128052,C:\Users\jay\Downloads\finditagain\findit2\train\X51008128052.png,REAL,FindItAgain-SROIE,train,group_0884,932,1786,ad03ef4f6b27ae2c819729c9dd3d78a76d87674b9b359b5249003412bc96e811,ad8a374165a964ea491dfe9ebda6843e,249670,C:\Users\jay\Downloads\finditagain\findit2\train\X51008128052.txt,False,False
X51008128062,C:\Users\jay\Downloads\finditagain\findit2\train\X51008128062.png,REAL,FindItAgain-SROIE,train,group_0885,928,1559,d1ea547be8fdd622391755738fc319c84fba3f8d952102f2f43973856e1de6c3,94c7fbee98b555b11fde53fa4022df01,262537,C:\Users\jay\Downloads\finditagain\findit2\train\X51008128062.txt,False,False
X51008128065,C:\Users\jay\Downloads\finditagain\findit2\train\X51008128065.png,REAL,FindItAgain-SROIE,train,group_0886,884,1613,7a37aee36a1924d17314a048d431cb09d8f700a8da79eccdddc26cf41773c65c,75db5695a774a6528e1f5650d908dd82,383307,C:\Users\jay\Downloads\finditagain\findit2\train\X51008128065.txt,False,False
X51008142005,C:\Users\jay\Downloads\finditagain\findit2\test\X51008142005.png,REAL,FindItAgain-SROIE,test,group_0887,791,1794,6a850187723310dd5f2caca599ae9173042704262c9647c3ad9dda4482331909,4a74df578ec980e7b2b1628137ba45eb,338679,C:\Users\jay\Downloads\finditagain\findit2\test\X51008142005.txt,False,False
X51008142030,C:\Users\jay\Downloads\finditagain\findit2\train\X51008142030.png,REAL,FindItAgain-SROIE,train,group_0888,936,1992,8126e7cfa087433fd7f532c41abbaafc33cd44e031805339f3deff823521f479,600592d99551384bf74ba1735c61cd81,357597,C:\Users\jay\Downloads\finditagain\findit2\train\X51008142030.txt,False,False
X51008142031,C:\Users\jay\Downloads\finditagain\findit2\train\X51008142031.png,EDITED,FindItAgain-SROIE,train,group_0889,932,2166,3feafeb92b421977700869e530c1cbfa066911d5cd835990f1e86c21a4e7be46,8eaba78e5948b59d1d08d9e34bc5e9d9,641621,C:\Users\jay\Downloads\finditagain\findit2\train\X51008142031.txt,True,True
X51008142032,C:\Users\jay\Downloads\finditagain\findit2\val\X51008142032.png,EDITED,FindItAgain-SROIE,val,group_0890,932,2167,cec97f50f9eea8c5c622c397a350a342403680104e592cff4554996353b66af7,31aa84a75e33ae561ab63dae4b99210b,4048103,C:\Users\jay\Downloads\finditagain\findit2\val\X51008142032.txt,True,True
X51008142033,C:\Users\jay\Downloads\finditagain\findit2\train\X51008142033.png,REAL,FindItAgain-SROIE,train,group_0891,936,1949,d5a47d0d8ba47461478d548c3234991919d298fe5d5ae1973eec1c0d4ea7c981,15f8a4f32ab13a2d4872934edfd76d06,327280,C:\Users\jay\Downloads\finditagain\findit2\train\X51008142033.txt,False,False
X51008142034,C:\Users\jay\Downloads\finditagain\findit2\train\X51008142034.png,REAL,FindItAgain-SROIE,train,group_0892,884,1854,4fd0a0763855827049b0650e3b6bc51497ca514e95ca1fa2503df6fcf0e98a17,310260faab99b9c13ff6278b70e72c5e,394433,C:\Users\jay\Downloads\finditagain\findit2\train\X51008142034.txt,False,False
X51008142038,C:\Users\jay\Downloads\finditagain\findit2\test\X51008142038.png,EDITED,FindItAgain-SROIE,test,group_0893,892,1686,c458fc51a4321dd2209081b63ef85d8637a3dddf269eef75bb52164c5b2291f4,d3d68a604a97ea2b27bdcf0908b91f5d,643909,C:\Users\jay\Downloads\finditagain\findit2\test\X51008142038.txt,True,True
X51008142058,C:\Users\jay\Downloads\finditagain\findit2\test\X51008142058.png,REAL,FindItAgain-SROIE,test,group_0894,928,2110,5826fbacbac062495f17b3f94cd8ba880e3e1e60c6b5424d08f29ba1531c8a17,80bde110b75b6be0e032b2f810e96ab1,345109,C:\Users\jay\Downloads\finditagain\findit2\test\X51008142058.txt,False,False
X51008142059,C:\Users\jay\Downloads\finditagain\findit2\test\X51008142059.png,REAL,FindItAgain-SROIE,test,group_0004,932,2211,ef86b303d9e2498e883d4bbf6af30ffcdd8d577e2b0116b7165eab9821aaff61,105ba4f959b52978948f820630eedd61,357388,C:\Users\jay\Downloads\finditagain\findit2\test\X51008142059.txt,False,False
X51008142060,C:\Users\jay\Downloads\finditagain\findit2\val\X51008142060.png,REAL,FindItAgain-SROIE,val,group_0004,928,2143,fbe6be845907fe2ccd31f558d10e97f3e76b17250ede140fb69f926a36d7e95a,12793305ec60a66e3685d05822c3a9be,364642,C:\Users\jay\Downloads\finditagain\findit2\val\X51008142060.txt,False,False
X51008142061,C:\Users\jay\Downloads\finditagain\findit2\val\X51008142061.png,REAL,FindItAgain-SROIE,val,group_0004,932,2214,e4d20cd1eb911444be9b78f49135e7a4cb0243e8fb6b8ccda0eac9edb4192a77,520db5ad246af66f80f8ca6642c98882,364365,C:\Users\jay\Downloads\finditagain\findit2\val\X51008142061.txt,False,False
X51008142062,C:\Users\jay\Downloads\finditagain\findit2\val\X51008142062.png,REAL,FindItAgain-SROIE,val,group_0004,928,2213,1d22d8ded52b573ed00172e28d1ca07df57b3e2152d7c008c8c35d27a424a87b,62207b80092267420d4f1b53fcc354c1,367132,C:\Users\jay\Downloads\finditagain\findit2\val\X51008142062.txt,False,False
X51008142063,C:\Users\jay\Downloads\finditagain\findit2\train\X51008142063.png,EDITED,FindItAgain-SROIE,train,group_0895,928,2350,a55329fbaa05155642b27e73bf08b3391dddedf7d8cdf272871a9b67c9bd64b2,6c4ae8d62db265316f3fdb15d0a35453,698197,C:\Users\jay\Downloads\finditagain\findit2\train\X51008142063.txt,True,True
X51008142065,C:\Users\jay\Downloads\finditagain\findit2\val\X51008142065.png,REAL,FindItAgain-SROIE,val,group_0896,932,2354,1f94bcc64c8381d7d2542a52e20c3086aef45b696399c463d7f0982edf8974d8,ddcbf9d13554422737a73d9eb84823bf,416433,C:\Users\jay\Downloads\finditagain\findit2\val\X51008142065.txt,False,False
X51008142068,C:\Users\jay\Downloads\finditagain\findit2\train\X51008142068.png,REAL,FindItAgain-SROIE,train,group_0004,928,2104,c43bd3f08e0b8adee9ef5aa3447a67cc9993ccb740fb17c2518db1d30465c7b4,d4aee7ecf5a7d24033ae09057fc2d510,343999,C:\Users\jay\Downloads\finditagain\findit2\train\X51008142068.txt,False,False
X51008145450,C:\Users\jay\Downloads\finditagain\findit2\train\X51008145450.png,REAL,FindItAgain-SROIE,train,group_0897,616,1304,1ccb6e299b2c19ddaf8548a8b239b0b0d486ba651000c80fa0482716d8082fd8,435bb13c3b7aa6c38f85ef5f2cc04962,527060,C:\Users\jay\Downloads\finditagain\findit2\train\X51008145450.txt,False,False
X51008145504,C:\Users\jay\Downloads\finditagain\findit2\test\X51008145504.png,REAL,FindItAgain-SROIE,test,group_0898,616,1020,1c11edae358d1e5b8e9015b54253207297e92fd2e2a24f721a01efffe334b307,424d5a3bb45fc079e6cd122a414fb9a2,420642,C:\Users\jay\Downloads\finditagain\findit2\test\X51008145504.txt,False,False
X51008145505,C:\Users\jay\Downloads\finditagain\findit2\test\X51008145505.png,REAL,FindItAgain-SROIE,test,group_0899,646,1267,eb61c1ca58b9b7e5f2727e62c72e3a01a88a39561281ff8dff1a2b2a8722d8ef,4a47d773dd138c01249fb7e4e217ec88,578320,C:\Users\jay\Downloads\finditagain\findit2\test\X51008145505.txt,False,False
X51008164420,C:\Users\jay\Downloads\finditagain\findit2\train\X51008164420.png,REAL,FindItAgain-SROIE,train,group_0900,936,2248,5923a97b908d1005e97873c12a3bdac5ea67cf9debd4acf883cacecb63d8ffd3,b46679e47f8a01d43994a890ee344853,412040,C:\Users\jay\Downloads\finditagain\findit2\train\X51008164420.txt,False,False
X51008164510,C:\Users\jay\Downloads\finditagain\findit2\val\X51008164510.png,REAL,FindItAgain-SROIE,val,group_0901,660,1243,928dfa258f6050d8e41ed56ac23f804d7b9b89565a7aaf43f202d721e1069465,708a69d5fc7ed7bd1fd4d419e01f4f77,183725,C:\Users\jay\Downloads\finditagain\findit2\val\X51008164510.txt,False,False
X51008164524,C:\Users\jay\Downloads\finditagain\findit2\train\X51008164524.png,REAL,FindItAgain-SROIE,train,group_0902,924,1771,2dc242173e0d5d9314f67bb81319400eba17d4973dca6e5f0bd6184cadc08de6,54442c447337ca3fd66c36109c359cb8,465400,C:\Users\jay\Downloads\finditagain\findit2\train\X51008164524.txt,False,False
X51008164525,C:\Users\jay\Downloads\finditagain\findit2\train\X51008164525.png,REAL,FindItAgain-SROIE,train,group_0903,928,1662,4fdf926f9c4d15ca1144d5afca4291955baf7232c925db0ed6aa82e5a9200f0e,26de7bb46b8a67440f8184390ce144ed,355208,C:\Users\jay\Downloads\finditagain\findit2\train\X51008164525.txt,False,False
X51008164969,C:\Users\jay\Downloads\finditagain\findit2\train\X51008164969.png,REAL,FindItAgain-SROIE,train,group_0904,795,1799,4ed1acd2d255de026ce6bd3f44c33d98bb267f8ffeeeba58cc6094aca56874cb,4e7eeb74e1fd9d30ef886b41b6359953,412585,C:\Users\jay\Downloads\finditagain\findit2\train\X51008164969.txt,False,False
X51008164991,C:\Users\jay\Downloads\finditagain\findit2\test\X51008164991.png,REAL,FindItAgain-SROIE,test,group_0905,790,1634,7010bfeb3fbbc01b8d3e1389aaf1701aff7c9e77d8c5eeb8c68a1a34c37a100a,bae53f012f453df2e99a5b0da8f7f402,362469,C:\Users\jay\Downloads\finditagain\findit2\test\X51008164991.txt,False,False
X51008164992,C:\Users\jay\Downloads\finditagain\findit2\train\X51008164992.png,REAL,FindItAgain-SROIE,train,group_0906,791,1848,59828b75a4c94a6e421b2ea8e9938d96f2aac6947113c85644d3c5dcc8f86afc,f622585ab58d3ebdd3466ae0b9215acb,498183,C:\Users\jay\Downloads\finditagain\findit2\train\X51008164992.txt,False,False
X51008164996,C:\Users\jay\Downloads\finditagain\findit2\train\X51008164996.png,REAL,FindItAgain-SROIE,train,group_0907,795,1784,dd6a22179041998195fbe5c3277b037b16bc2019517e44cbb7820bd228b3b2b6,1f9d4139667d8483fc5f317bc97589b5,341189,C:\Users\jay\Downloads\finditagain\findit2\train\X51008164996.txt,False,False
X51008164997,C:\Users\jay\Downloads\finditagain\findit2\val\X51008164997.png,REAL,FindItAgain-SROIE,val,group_0908,795,1705,2f142d3230f71ccc2512c77192e58444677037ea50bf80623fa6eb7c57f7fe55,d48b5171e9f7fef87cdad14fc062b026,364674,C:\Users\jay\Downloads\finditagain\findit2\val\X51008164997.txt,False,False
X51008164998,C:\Users\jay\Downloads\finditagain\findit2\train\X51008164998.png,EDITED,FindItAgain-SROIE,train,group_0909,793,1636,ca9f9bc2939edeb0a0e616e8d224cfaa7823348daaeaded228b1751cab465724,fdcd28a3420d2e713d039b869315b355,1311325,C:\Users\jay\Downloads\finditagain\findit2\train\X51008164998.txt,True,True
X51008164999,C:\Users\jay\Downloads\finditagain\findit2\val\X51008164999.png,REAL,FindItAgain-SROIE,val,group_0910,791,1932,2d140e7d485b6fb6eee6ba3e399e54d0cd26fd41cb17f7b80fa03f06e8bb8613,2b3f83c09c4b3cfd20a19217e5f19abe,339287,C:\Users\jay\Downloads\finditagain\findit2\val\X51008164999.txt,False,False
X51009008091,C:\Users\jay\Downloads\finditagain\findit2\test\X51009008091.png,REAL,FindItAgain-SROIE,test,group_0022,746,1824,a7e9aa784a8132f76c49b2a0c3342d2f3f7fdc8c343b05e518af1c663555d553,27115e561faa5897debb84a54451a9b5,1379909,C:\Users\jay\Downloads\finditagain\findit2\test\X51009008091.txt,False,False
X51009008095,C:\Users\jay\Downloads\finditagain\findit2\val\X51009008095.png,EDITED,FindItAgain-SROIE,val,group_0023,744,1286,5fad6d7f76be1e195ab1a3d96e7d7ff594221b7de3bfc782c2d45cfaee3fd7aa,107405c8db26decfcefa84cb2441fc1c,1062400,C:\Users\jay\Downloads\finditagain\findit2\val\X51009008095.txt,True,True
X51009447842,C:\Users\jay\Downloads\finditagain\findit2\train\X51009447842.png,EDITED,FindItAgain-SROIE,train,group_0013,928,1769,4453eff8e377a338f2517e13ba69a3c6b6bb463f83d0a5f23d275e7ce059ef82,fa2a1dd0437dc849986916f09edef3e0,670024,C:\Users\jay\Downloads\finditagain\findit2\train\X51009447842.txt,True,True
X51009453729,C:\Users\jay\Downloads\finditagain\findit2\train\X51009453729.png,REAL,FindItAgain-SROIE,train,group_0014,615,931,5bc71d05b8b3791fbb7672eec1cbd71ffc27fefaeba4b92a80b7662edda01f12,e9279cddff3cea49cb30fb6e2d3c74ea,310973,C:\Users\jay\Downloads\finditagain\findit2\train\X51009453729.txt,False,False
X51009453801,C:\Users\jay\Downloads\finditagain\findit2\train\X51009453801.png,REAL,FindItAgain-SROIE,train,group_0015,583,1303,c4e808f5bab3fe6ce6f4421e2f27f00a818a7bd7460bbc7de45bfb5df19b4606,421bebe9713b33057d3239f62d11d448,305080,C:\Users\jay\Downloads\finditagain\findit2\train\X51009453801.txt,False,False
X51009453804,C:\Users\jay\Downloads\finditagain\findit2\train\X51009453804.png,REAL,FindItAgain-SROIE,train,group_0016,619,875,911b2e13ddd2a84be6c7a11b7ffa3894da1513e98d38c2381543b1b6fa9412ed,51567c14e5a2b866aa58b22061463718,294131,C:\Users\jay\Downloads\finditagain\findit2\train\X51009453804.txt,False,False
X51009568881,C:\Users\jay\Downloads\finditagain\findit2\train\X51009568881.png,REAL,FindItAgain-SROIE,train,group_0017,884,1678,c36192d70c4ce6c5e6b82d0fc3f1c18333c63a4239344af58fdb9c502b82949a,8e9fd7b470069b14aa4c2e8eb2d5168e,416811,C:\Users\jay\Downloads\finditagain\findit2\train\X51009568881.txt,False,False
