sample_id,image_path,split,label,group_id,ocr_available,word_count,line_count,char_count,text_density,max_baseline_drift,mean_baseline_drift,anomalous_lines_count,kerning_irregularities_count,font_height_variance,font_anomaly_detected,numeric_token_count,numeric_token_ratio,repeated_token_count,repeated_token_ratio,price_pattern_count,duplicate_amounts_count,line_spacing_variance,left_margin_alignment_std,error_warning
X00016469612,C:\Users\jay\Downloads\finditagain\findit2\val\X00016469612.png,train,EDITED,group_0033,1,50,24,276,0.5885,3.771,0.966,0,0,2.542,0,5,0.1,4,0.08,2,2,1172.336,107.815,NONE
X00016469619,C:\Users\jay\Downloads\finditagain\findit2\test\X00016469619.png,val,REAL,group_0034,1,61,33,379,0.8599,3.771,1.089,0,0,3.75,0,10,0.1639,2,0.0328,3,0,547.277,108.195,NONE
X00016469620,C:\Users\jay\Downloads\finditagain\findit2\test\X00016469620.png,train,REAL,group_0035,1,108,48,678,1.5565,3.771,0.904,0,0,3.471,0,23,0.213,12,0.1111,13,8,358.401,131.929,NONE
X00016469622,C:\Users\jay\Downloads\finditagain\findit2\train\X00016469622.png,test,EDITED,group_0036,1,61,35,336,0.7812,3.771,0.717,0,0,4.569,0,13,0.2131,3,0.0492,2,0,384.44,107.97,NONE
X00016469623,C:\Users\jay\Downloads\finditagain\findit2\train\X00016469623.png,val,REAL,group_0037,1,21,15,98,0.2063,3.771,1.554,0,0,12.028,0,7,0.3333,2,0.0952,5,2,6261.209,120.555,NONE
X00016469669,C:\Users\jay\Downloads\finditagain\findit2\test\X00016469669.png,test,REAL,group_0038,1,51,28,303,1.0817,4.317,1.371,0,0,8.287,0,8,0.1569,2,0.0392,3,0,288.209,105.167,NONE
X00016469670,C:\Users\jay\Downloads\finditagain\findit2\train\X00016469670.png,train,REAL,group_0039,1,101,41,595,1.4375,5.735,0.953,0,0,4.717,0,12,0.1188,10,0.099,6,6,458.624,99.095,NONE
X00016469671,C:\Users\jay\Downloads\finditagain\findit2\train\X00016469671.png,train,REAL,group_0040,1,85,40,532,1.4807,3.771,0.682,0,0,2.154,0,10,0.1176,6,0.0706,4,4,283.634,87.007,NONE
X00016469672,C:\Users\jay\Downloads\finditagain\findit2\train\X00016469672.png,train,REAL,group_0041,1,138,79,844,1.5785,3.771,0.631,0,0,1.411,0,40,0.2899,28,0.2029,18,14,195.312,126.308,NONE
X00016469676,C:\Users\jay\Downloads\finditagain\findit2\test\X00016469676.png,test,REAL,group_0042,1,72,26,412,1.1165,3.771,0.784,0,0,9.068,0,12,0.1667,9,0.125,5,5,378.054,147.905,NONE
X51005200931,C:\Users\jay\Downloads\finditagain\findit2\val\X51005200931.png,val,REAL,group_0043,1,100,51,591,0.4246,1.414,0.317,0,0,1.372,0,22,0.22,2,0.02,5,0,149.202,102.372,NONE
X51005200938,C:\Users\jay\Downloads\finditagain\findit2\train\X51005200938.png,test,REAL,group_0044,1,99,46,580,0.4167,1.633,0.576,0,0,0.435,0,13,0.1313,4,0.0404,4,0,157.222,102.401,NONE
X51005230605,C:\Users\jay\Downloads\finditagain\findit2\val\X51005230605.png,train,REAL,group_0045,1,85,35,462,0.5614,2.062,0.681,0,0,1.846,0,18,0.2118,6,0.0706,7,2,827.616,177.822,NONE
X51005230616,C:\Users\jay\Downloads\finditagain\findit2\test\X51005230616.png,train,EDITED,group_0046,1,132,45,791,0.8249,3.202,1.088,0,0,2.15,0,15,0.1136,14,0.1061,4,0,461.539,155.796,NONE
X51005230617,C:\Users\jay\Downloads\finditagain\findit2\train\X51005230617.png,train,EDITED,group_0047,1,120,43,747,0.7207,2.098,0.962,0,0,2.022,0,14,0.1167,10,0.0833,4,2,507.252,170.854,NONE
X51005230621,C:\Users\jay\Downloads\finditagain\findit2\train\X51005230621.png,train,REAL,group_0048,1,81,35,454,0.4328,7.542,1.638,2,0,10.053,1,10,0.1235,2,0.0247,6,0,996.913,145.421,NONE
X51005230648,C:\Users\jay\Downloads\finditagain\findit2\train\X51005230648.png,val,REAL,group_0049,1,93,27,525,0.9622,3.559,1.367,0,0,17.029,0,10,0.1075,8,0.086,4,2,216.308,122.564,NONE
X51005230657,C:\Users\jay\Downloads\finditagain\findit2\test\X51005230657.png,train,REAL,group_0050,1,127,47,636,1.0408,3.0,1.229,0,0,12.918,0,27,0.2126,10,0.0787,7,2,154.549,152.021,NONE
X51005230659,C:\Users\jay\Downloads\finditagain\findit2\train\X51005230659.png,train,REAL,group_0051,1,68,31,374,0.6254,3.0,1.375,0,0,8.055,0,15,0.2206,5,0.0735,6,3,448.222,162.81,NONE
X51005255805,C:\Users\jay\Downloads\finditagain\findit2\train\X51005255805.png,val,REAL,group_0052,1,107,42,540,0.3735,6.0,2.493,0,0,5.409,0,20,0.1869,8,0.0748,11,8,622.217,200.4,NONE
X51005268200,C:\Users\jay\Downloads\finditagain\findit2\train\X51005268200.png,train,REAL,group_0053,1,102,47,588,0.3532,6.067,2.45,1,0,19.828,1,14,0.1373,8,0.0784,5,2,874.401,180.16,NONE
X51005268262,C:\Users\jay\Downloads\finditagain\findit2\train\X51005268262.png,train,REAL,group_0009,1,95,40,550,0.5214,4.5,1.777,0,0,11.416,0,11,0.1158,13,0.1368,8,5,762.767,153.07,NONE
X51005268275,C:\Users\jay\Downloads\finditagain\findit2\test\X51005268275.png,train,REAL,group_0010,1,185,71,974,0.5,5.063,1.779,0,0,6.141,0,33,0.1784,16,0.0865,4,0,632.244,235.71,NONE
X51005268400,C:\Users\jay\Downloads\finditagain\findit2\train\X51005268400.png,train,REAL,group_0054,1,76,41,393,0.3504,6.164,1.31,0,0,24.447,0,6,0.0789,9,0.1184,5,5,890.344,181.568,NONE
X51005268408,C:\Users\jay\Downloads\finditagain\findit2\test\X51005268408.png,val,REAL,group_0055,1,31,18,174,0.1472,7.529,1.723,1,0,3.383,1,5,0.1613,0,0.0,1,0,2587.772,178.221,NONE
X51005268472,C:\Users\jay\Downloads\finditagain\findit2\train\X51005268472.png,test,REAL,group_0056,1,149,98,879,0.5513,13.912,3.62,4,0,24.58,1,46,0.3087,36,0.2416,34,23,312.357,208.23,NONE
X51005288570,C:\Users\jay\Downloads\finditagain\findit2\test\X51005288570.png,train,REAL,group_0057,1,58,31,299,0.5935,1.5,0.369,0,0,7.623,0,9,0.1552,0,0.0,3,0,539.499,82.031,NONE
X51005301659,C:\Users\jay\Downloads\finditagain\findit2\train\X51005301659.png,train,REAL,group_0009,1,95,40,550,0.5214,4.5,1.777,0,0,11.416,0,11,0.1158,13,0.1368,8,5,762.767,153.07,NONE
X51005301661,C:\Users\jay\Downloads\finditagain\findit2\train\X51005301661.png,train,REAL,group_0011,1,168,59,850,0.5401,6.898,2.002,1,0,8.28,1,30,0.1786,13,0.0774,2,0,552.616,223.048,NONE
X51005301666,C:\Users\jay\Downloads\finditagain\findit2\train\X51005301666.png,train,REAL,group_0010,1,185,71,974,0.5,5.063,1.779,0,0,6.141,0,33,0.1784,16,0.0865,4,0,632.244,235.71,NONE
X51005301667,C:\Users\jay\Downloads\finditagain\findit2\train\X51005301667.png,train,REAL,group_0058,1,160,57,842,0.4322,13.323,2.272,4,0,11.293,1,30,0.1875,16,0.1,1,0,780.426,208.561,NONE
X51005303661,C:\Users\jay\Downloads\finditagain\findit2\train\X51005303661.png,train,REAL,group_0011,1,168,59,850,0.5401,6.898,2.002,1,0,8.28,1,30,0.1786,13,0.0774,2,0,552.616,223.048,NONE
X51005306399,C:\Users\jay\Downloads\finditagain\findit2\train\X51005306399.png,train,REAL,group_0059,1,89,35,413,1.0098,4.0,0.993,0,0,2.395,0,27,0.3034,2,0.0225,0,0,471.83,96.917,NONE
X51005337867,C:\Users\jay\Downloads\finditagain\findit2\train\X51005337867.png,train,REAL,group_0060,1,107,51,548,0.407,4.0,1.064,0,0,5.443,0,21,0.1963,7,0.0654,12,5,1082.6,163.879,NONE
X51005337872,C:\Users\jay\Downloads\finditagain\findit2\test\X51005337872.png,train,REAL,group_0061,1,104,52,540,0.6907,3.0,0.759,0,0,0.975,0,36,0.3462,12,0.1154,0,0,308.15,181.799,NONE
X51005337877,C:\Users\jay\Downloads\finditagain\findit2\test\X51005337877.png,train,REAL,group_0062,1,96,45,500,0.7446,5.185,1.299,1,0,12.823,0,25,0.2604,11,0.1146,12,8,354.055,162.409,NONE
X51005361883,C:\Users\jay\Downloads\finditagain\findit2\test\X51005361883.png,train,REAL,group_0063,1,111,53,583,0.2366,5.356,1.495,0,0,11.869,0,21,0.1892,15,0.1351,11,6,2144.472,286.106,NONE
X51005361895,C:\Users\jay\Downloads\finditagain\findit2\train\X51005361895.png,train,REAL,group_0064,1,86,37,425,0.2738,4.0,1.504,0,0,20.391,0,19,0.2209,0,0.0,4,0,874.638,252.954,NONE
X51005361897,C:\Users\jay\Downloads\finditagain\findit2\train\X51005361897.png,train,REAL,group_0065,1,101,47,595,0.0684,4.028,1.273,0,0,5.461,0,18,0.1782,16,0.1584,11,8,2036.955,288.195,NONE
X51005361898,C:\Users\jay\Downloads\finditagain\findit2\test\X51005361898.png,test,REAL,group_0066,1,115,51,645,0.0741,6.0,1.721,1,0,13.408,0,25,0.2174,13,0.113,12,7,2085.134,284.824,NONE
X51005361900,C:\Users\jay\Downloads\finditagain\findit2\train\X51005361900.png,train,REAL,group_0067,1,112,51,642,0.0738,4.243,1.527,0,0,15.443,0,21,0.1875,17,0.1518,14,8,2183.574,287.771,NONE
X51005361906,C:\Users\jay\Downloads\finditagain\findit2\train\X51005361906.png,train,EDITED,group_0068,1,136,69,761,0.1967,4.0,1.2,0,0,9.473,0,34,0.25,24,0.1765,18,13,724.952,186.626,NONE
X51005361907,C:\Users\jay\Downloads\finditagain\findit2\train\X51005361907.png,train,REAL,group_0069,1,160,77,953,0.2463,3.5,1.174,0,0,11.954,0,46,0.2875,27,0.1688,27,19,714.042,188.07,NONE
X51005361908,C:\Users\jay\Downloads\finditagain\findit2\train\X51005361908.png,train,REAL,group_0070,1,91,50,509,0.1316,4.714,1.54,0,0,6.138,0,22,0.2418,17,0.1868,14,12,906.521,183.739,NONE
X51005361912,C:\Users\jay\Downloads\finditagain\findit2\train\X51005361912.png,train,REAL,group_0071,1,101,47,556,0.2437,11.813,2.626,0,0,39.678,0,18,0.1782,17,0.1683,12,10,2121.677,291.536,NONE
X51005361923,C:\Users\jay\Downloads\finditagain\findit2\train\X51005361923.png,train,REAL,group_0072,1,49,20,245,0.0282,3.897,2.264,0,0,21.92,0,8,0.1633,0,0.0,0,0,1198.986,221.73,NONE
X51005361946,C:\Users\jay\Downloads\finditagain\findit2\train\X51005361946.png,train,EDITED,group_0073,1,97,45,534,0.138,2.16,0.848,0,0,3.204,0,27,0.2784,2,0.0206,7,0,863.113,181.222,NONE
X51005361950,C:\Users\jay\Downloads\finditagain\findit2\train\X51005361950.png,train,REAL,group_0074,1,63,27,347,0.2711,4.05,1.324,0,0,19.339,0,10,0.1587,2,0.0317,2,0,1686.828,219.285,NONE
X51005365179,C:\Users\jay\Downloads\finditagain\findit2\train\X51005365179.png,test,EDITED,group_0075,1,111,48,590,0.5895,3.0,1.227,0,0,13.067,0,15,0.1351,28,0.2523,11,10,877.418,190.5,NONE
X51005365187,C:\Users\jay\Downloads\finditagain\findit2\train\X51005365187.png,train,REAL,group_0076,1,162,84,781,0.6087,2.5,0.426,0,0,0.73,0,56,0.3457,7,0.0432,4,0,400.322,212.746,NONE
X51005433492,C:\Users\jay\Downloads\finditagain\findit2\train\X51005433492.png,test,REAL,group_0002,1,84,35,515,0.3123,2.16,1.003,0,0,1.208,0,6,0.0714,6,0.0714,7,4,97.925,107.271,NONE
X51005433494,C:\Users\jay\Downloads\finditagain\findit2\train\X51005433494.png,val,REAL,group_0077,1,51,25,267,0.1619,1.02,0.542,0,0,0.569,0,10,0.1961,2,0.0392,2,2,293.207,90.576,NONE
X51005433514,C:\Users\jay\Downloads\finditagain\findit2\test\X51005433514.png,test,REAL,group_0003,1,75,32,491,0.2977,2.0,0.997,0,0,1.015,0,4,0.0533,6,0.08,7,6,106.737,105.53,NONE
X51005433518,C:\Users\jay\Downloads\finditagain\findit2\train\X51005433518.png,train,REAL,group_0078,1,78,33,518,0.3141,1.5,0.66,0,0,1.166,0,4,0.0513,6,0.0769,7,6,135.422,103.841,NONE
X51005433522,C:\Users\jay\Downloads\finditagain\findit2\train\X51005433522.png,val,EDITED,group_0079,1,84,33,546,0.3311,1.789,1.143,0,0,2.849,0,6,0.0714,6,0.0714,6,4,149.547,101.729,NONE
X51005433533,C:\Users\jay\Downloads\finditagain\findit2\test\X51005433533.png,val,REAL,group_0080,1,186,85,1071,0.6494,3.5,0.675,0,0,2.839,0,38,0.2043,29,0.1559,13,2,178.912,130.375,NONE
X51005433538,C:\Users\jay\Downloads\finditagain\findit2\val\X51005433538.png,test,REAL,group_0002,1,76,31,495,0.3017,2.0,0.858,0,0,1.652,0,2,0.0263,8,0.1053,9,6,94.289,107.555,NONE
X51005433541,C:\Users\jay\Downloads\finditagain\findit2\train\X51005433541.png,test,REAL,group_0002,1,77,32,491,0.2977,1.7,0.688,0,0,0.986,0,5,0.0649,0,0.0,5,0,103.992,101.888,NONE
X51005433543,C:\Users\jay\Downloads\finditagain\findit2\test\X51005433543.png,train,REAL,group_0081,1,78,32,516,0.3129,2.04,0.934,0,0,1.17,0,4,0.0513,6,0.0769,3,2,83.382,93.723,NONE
X51005433548,C:\Users\jay\Downloads\finditagain\findit2\train\X51005433548.png,train,REAL,group_0082,1,82,46,518,0.3141,0.943,0.438,0,0,0.744,0,12,0.1463,8,0.0976,9,0,285.785,98.992,NONE
X51005433552,C:\Users\jay\Downloads\finditagain\findit2\test\X51005433552.png,train,REAL,group_0083,1,78,38,385,0.2335,1.5,0.396,0,0,0.316,0,17,0.2179,0,0.0,1,0,318.241,115.862,NONE
X51005433553,C:\Users\jay\Downloads\finditagain\findit2\train\X51005433553.png,test,EDITED,group_0084,1,88,49,508,0.308,1.785,0.548,0,0,0.981,0,12,0.1364,15,0.1705,9,7,198.998,100.995,NONE
X51005433556,C:\Users\jay\Downloads\finditagain\findit2\test\X51005433556.png,train,EDITED,group_0085,1,100,59,593,0.3596,2.586,0.831,0,0,4.99,0,19,0.19,10,0.1,9,2,160.188,99.639,NONE
X51005441398,C:\Users\jay\Downloads\finditagain\findit2\train\X51005441398.png,train,REAL,group_0086,1,82,34,412,0.4074,2.5,0.88,0,0,3.031,0,4,0.0488,2,0.0244,1,0,978.325,99.193,NONE
X51005441401,C:\Users\jay\Downloads\finditagain\findit2\val\X51005441401.png,train,EDITED,group_0087,1,57,33,329,0.4699,3.5,0.433,0,0,4.583,0,12,0.2105,4,0.0702,5,0,470.621,155.03,NONE
X51005441402,C:\Users\jay\Downloads\finditagain\findit2\train\X51005441402.png,train,REAL,group_0088,1,68,33,378,0.5076,3.3,0.639,0,0,10.914,0,9,0.1324,8,0.1176,4,0,509.882,152.85,NONE
X51005441407,C:\Users\jay\Downloads\finditagain\findit2\val\X51005441407.png,train,REAL,group_0089,1,126,52,561,0.7245,1.96,0.442,0,0,1.24,0,29,0.2302,2,0.0159,0,0,441.406,159.945,NONE
X51005441408,C:\Users\jay\Downloads\finditagain\findit2\train\X51005441408.png,train,REAL,group_0090,1,88,37,457,0.4748,4.5,0.982,0,0,11.244,0,11,0.125,6,0.0682,3,0,1316.299,172.944,NONE
X51005442322,C:\Users\jay\Downloads\finditagain\findit2\train\X51005442322.png,train,REAL,group_0091,1,148,59,806,0.4887,2.16,0.288,0,0,0.585,0,20,0.1351,20,0.1351,10,5,300.088,97.354,NONE
X51005442327,C:\Users\jay\Downloads\finditagain\findit2\train\X51005442327.png,train,EDITED,group_0092,1,84,38,542,0.3287,2.0,0.737,0,0,1.151,0,4,0.0476,8,0.0952,9,6,87.668,109.488,NONE
X51005442333,C:\Users\jay\Downloads\finditagain\findit2\train\X51005442333.png,train,REAL,group_0093,1,80,32,512,0.3103,1.5,0.756,0,0,1.182,0,4,0.05,4,0.05,7,2,101.971,105.555,NONE
X51005442334,C:\Users\jay\Downloads\finditagain\findit2\train\X51005442334.png,test,REAL,group_0002,1,84,36,536,0.3282,1.633,0.75,0,0,1.079,0,7,0.0833,8,0.0952,7,6,110.371,110.899,NONE
X51005442338,C:\Users\jay\Downloads\finditagain\findit2\train\X51005442338.png,val,REAL,group_0012,1,42,31,262,0.1589,1.0,0.597,0,0,11.25,0,9,0.2143,3,0.0714,4,0,396.827,101.227,NONE
X51005442341,C:\Users\jay\Downloads\finditagain\findit2\train\X51005442341.png,train,REAL,group_0094,1,21,15,142,0.0861,0.5,0.194,0,0,0.1,0,4,0.1905,2,0.0952,2,0,132.066,50.949,NONE
X51005442343,C:\Users\jay\Downloads\finditagain\findit2\train\X51005442343.png,train,REAL,group_0095,1,92,51,546,0.3311,2.062,0.656,0,0,0.578,0,17,0.1848,6,0.0652,6,2,165.912,107.112,NONE
X51005442344,C:\Users\jay\Downloads\finditagain\findit2\val\X51005442344.png,train,REAL,group_0096,1,92,53,582,0.3529,1.6,0.465,0,0,0.944,0,22,0.2391,10,0.1087,11,4,197.001,104.791,NONE
X51005442346,C:\Users\jay\Downloads\finditagain\findit2\train\X51005442346.png,train,REAL,group_0097,1,76,41,453,0.2747,1.886,0.441,0,0,0.906,0,11,0.1447,16,0.2105,6,4,249.724,114.852,NONE
X51005442361,C:\Users\jay\Downloads\finditagain\findit2\test\X51005442361.png,val,EDITED,group_0098,1,95,48,560,0.3393,2.625,0.684,0,0,5.25,0,18,0.1895,8,0.0842,10,4,269.297,124.216,NONE
X51005442366,C:\Users\jay\Downloads\finditagain\findit2\test\X51005442366.png,train,REAL,group_0099,1,73,34,413,0.2503,2.569,0.872,0,0,1.241,0,17,0.2329,4,0.0548,6,0,110.889,99.591,NONE
X51005442375,C:\Users\jay\Downloads\finditagain\findit2\train\X51005442375.png,test,REAL,group_0003,1,77,34,518,0.3139,1.7,0.943,0,0,1.265,0,3,0.039,8,0.1039,8,6,97.598,107.266,NONE
X51005442376,C:\Users\jay\Downloads\finditagain\findit2\val\X51005442376.png,test,REAL,group_0006,1,82,34,527,0.3193,1.72,0.867,0,0,1.416,0,6,0.0732,4,0.0488,4,4,94.955,104.354,NONE
X51005442378,C:\Users\jay\Downloads\finditagain\findit2\train\X51005442378.png,val,REAL,group_0100,1,75,27,467,0.283,2.625,0.605,0,0,1.28,0,14,0.1867,11,0.1467,5,4,226.652,93.941,NONE
X51005442379,C:\Users\jay\Downloads\finditagain\findit2\train\X51005442379.png,test,EDITED,group_0002,1,76,34,512,0.3103,1.639,0.881,0,0,1.557,0,4,0.0526,6,0.0789,6,4,112.204,104.052,NONE
X51005442382,C:\Users\jay\Downloads\finditagain\findit2\test\X51005442382.png,test,REAL,group_0101,1,70,30,469,0.2842,1.886,0.865,0,0,1.246,0,6,0.0857,6,0.0857,6,4,115.474,100.921,NONE
X51005442383,C:\Users\jay\Downloads\finditagain\findit2\train\X51005442383.png,train,REAL,group_0102,1,77,45,468,0.2836,3.091,0.853,0,0,3.799,0,18,0.2338,16,0.2078,11,9,122.764,113.425,NONE
X51005442384,C:\Users\jay\Downloads\finditagain\findit2\train\X51005442384.png,test,REAL,group_0002,1,82,34,519,0.3145,1.785,0.86,0,0,1.141,0,4,0.0488,9,0.1098,8,7,102.628,108.46,NONE
X51005442386,C:\Users\jay\Downloads\finditagain\findit2\val\X51005442386.png,test,REAL,group_0002,1,81,32,526,0.3187,1.939,0.922,0,0,1.121,0,6,0.0741,8,0.0988,8,6,129.184,108.211,NONE
X51005442388,C:\Users\jay\Downloads\finditagain\findit2\train\X51005442388.png,val,REAL,group_0103,1,42,18,219,0.1327,0.943,0.413,0,0,0.263,0,11,0.2619,2,0.0476,6,2,237.502,72.384,NONE
X51005442392,C:\Users\jay\Downloads\finditagain\findit2\val\X51005442392.png,train,REAL,group_0104,1,69,30,432,0.262,1.5,0.738,0,0,1.267,0,3,0.0435,6,0.087,5,4,133.743,105.222,NONE
X51005442394,C:\Users\jay\Downloads\finditagain\findit2\train\X51005442394.png,test,REAL,group_0002,1,76,33,514,0.3117,1.785,0.923,0,0,0.966,0,5,0.0658,6,0.0789,5,4,85.249,107.623,NONE
X51005442397,C:\Users\jay\Downloads\finditagain\findit2\test\X51005442397.png,train,REAL,group_0105,1,54,25,319,0.1934,2.0,0.894,0,0,1.107,0,11,0.2037,4,0.0741,3,0,126.521,95.136,NONE
X51005444033,C:\Users\jay\Downloads\finditagain\findit2\train\X51005444033.png,val,REAL,group_0106,1,100,45,618,0.442,3.202,1.438,0,0,5.121,0,18,0.18,11,0.11,10,5,596.068,215.262,NONE
X51005444037,C:\Users\jay\Downloads\finditagain\findit2\val\X51005444037.png,train,REAL,group_0107,1,139,61,773,0.3552,2.857,1.219,0,0,6.181,0,30,0.2158,18,0.1295,9,6,854.55,163.172,NONE
X51005444040,C:\Users\jay\Downloads\finditagain\findit2\val\X51005444040.png,train,REAL,group_0108,1,113,48,685,0.4941,2.867,1.101,0,0,6.867,0,20,0.177,12,0.1062,8,4,560.77,217.354,NONE
X51005444041,C:\Users\jay\Downloads\finditagain\findit2\val\X51005444041.png,train,REAL,group_0109,1,142,57,862,0.5323,2.773,1.02,0,0,4.287,0,27,0.1901,16,0.1127,9,3,1633.566,225.911,NONE
X51005444044,C:\Users\jay\Downloads\finditagain\findit2\train\X51005444044.png,train,REAL,group_0110,1,52,21,321,0.3345,3.0,0.981,0,0,4.938,0,4,0.0769,0,0.0,0,0,1107.287,173.554,NONE
X51005444045,C:\Users\jay\Downloads\finditagain\findit2\train\X51005444045.png,train,REAL,group_0111,1,56,24,357,0.3633,5.706,2.138,0,0,8.527,0,7,0.125,2,0.0357,3,2,1231.52,180.605,NONE
X51005444046,C:\Users\jay\Downloads\finditagain\findit2\val\X51005444046.png,train,REAL,group_0112,1,121,56,725,0.5644,2.625,1.146,0,0,2.631,0,29,0.2397,8,0.0661,6,3,615.371,232.646,NONE
X51005447832,C:\Users\jay\Downloads\finditagain\findit2\train\X51005447832.png,val,REAL,group_0113,1,81,33,412,0.3729,4.5,1.354,0,0,3.537,0,25,0.3086,6,0.0741,0,0,1097.938,160.17,NONE
X51005447833,C:\Users\jay\Downloads\finditagain\findit2\train\X51005447833.png,val,EDITED,group_0114,1,89,32,450,0.4216,3.771,1.175,0,0,3.21,0,21,0.236,4,0.0449,0,0,1085.602,150.606,NONE
X51005447839,C:\Users\jay\Downloads\finditagain\findit2\test\X51005447839.png,train,REAL,group_0115,1,114,48,513,0.3103,2.356,0.65,0,0,2.14,0,29,0.2544,4,0.0351,0,0,931.768,251.091,NONE
X51005447840,C:\Users\jay\Downloads\finditagain\findit2\train\X51005447840.png,train,EDITED,group_0116,1,129,52,644,0.3199,3.832,0.924,0,0,2.051,0,37,0.2868,22,0.1705,3,2,927.256,236.653,NONE
X51005447841,C:\Users\jay\Downloads\finditagain\findit2\val\X51005447841.png,train,REAL,group_0117,1,127,53,649,0.3224,4.33,1.192,0,0,2.375,0,34,0.2677,10,0.0787,2,0,913.809,238.756,NONE
X51005447842,C:\Users\jay\Downloads\finditagain\findit2\test\X51005447842.png,train,REAL,group_0013,1,87,37,478,0.2912,4.0,1.389,0,0,3.174,0,11,0.1264,8,0.092,1,0,821.256,243.794,NONE
X51005447844,C:\Users\jay\Downloads\finditagain\findit2\val\X51005447844.png,val,REAL,group_0118,1,125,58,557,0.2953,3.0,0.604,0,0,1.968,0,29,0.232,10,0.08,0,0,829.641,237.497,NONE
X51005447848,C:\Users\jay\Downloads\finditagain\findit2\test\X51005447848.png,train,REAL,group_0119,1,106,56,509,0.2749,3.5,0.688,0,0,4.632,0,32,0.3019,0,0.0,1,0,788.504,183.92,NONE
X51005447850,C:\Users\jay\Downloads\finditagain\findit2\train\X51005447850.png,test,EDITED,group_0120,1,94,38,509,0.3084,3.961,1.019,0,0,2.884,0,16,0.1702,10,0.1064,1,0,909.236,246.589,NONE
X51005447851,C:\Users\jay\Downloads\finditagain\findit2\test\X51005447851.png,train,EDITED,group_0121,1,96,38,494,0.3006,4.0,1.002,0,0,2.408,0,21,0.2188,8,0.0833,0,0,878.725,234.864,NONE
X51005447852,C:\Users\jay\Downloads\finditagain\findit2\val\X51005447852.png,val,REAL,group_0122,1,62,24,379,0.2717,4.5,1.343,0,0,10.352,0,5,0.0806,0,0.0,1,0,1766.858,216.902,NONE
X51005447853,C:\Users\jay\Downloads\finditagain\findit2\test\X51005447853.png,train,EDITED,group_0123,1,40,19,238,0.156,5.0,2.625,0,0,10.548,0,2,0.05,0,0.0,1,0,1489.667,204.656,NONE
X51005447859,C:\Users\jay\Downloads\finditagain\findit2\train\X51005447859.png,train,REAL,group_0124,1,97,38,516,0.3123,4.0,1.22,0,0,2.932,0,18,0.1856,12,0.1237,3,2,830.155,246.385,NONE
X51005447860,C:\Users\jay\Downloads\finditagain\findit2\test\X51005447860.png,train,REAL,group_0125,1,93,42,586,0.2965,5.418,1.335,0,0,9.2,0,20,0.2151,9,0.0968,6,5,1008.086,229.514,NONE
X51005447861,C:\Users\jay\Downloads\finditagain\findit2\train\X51005447861.png,train,EDITED,group_0126,1,148,58,816,0.3263,2.867,0.65,0,0,6.832,0,19,0.1284,18,0.1216,5,0,1263.16,269.711,NONE
X51005453729,C:\Users\jay\Downloads\finditagain\findit2\test\X51005453729.png,train,REAL,group_0014,1,104,38,515,0.8995,2.53,0.547,0,0,1.989,0,28,0.2692,9,0.0865,1,0,494.951,132.041,NONE
X51005453801,C:\Users\jay\Downloads\finditagain\findit2\train\X51005453801.png,val,REAL,group_0015,1,31,18,176,0.2317,2.5,1.025,0,0,10.037,0,4,0.129,3,0.0968,2,0,3420.969,113.393,NONE
X51005453802,C:\Users\jay\Downloads\finditagain\findit2\train\X51005453802.png,test,REAL,group_0127,1,98,38,511,0.8925,6.5,0.809,1,0,4.793,1,23,0.2347,11,0.1122,2,0,429.383,127.369,NONE
X51005453804,C:\Users\jay\Downloads\finditagain\findit2\train\X51005453804.png,train,REAL,group_0016,1,91,37,480,0.8862,2.055,0.602,0,0,1.238,0,24,0.2637,5,0.0549,3,2,539.799,128.601,NONE
X51005568827,C:\Users\jay\Downloads\finditagain\findit2\train\X51005568827.png,train,REAL,group_0128,1,120,50,681,0.2958,6.6,1.272,0,0,14.783,0,16,0.1333,9,0.075,5,0,2110.599,232.155,NONE
X51005568829,C:\Users\jay\Downloads\finditagain\findit2\test\X51005568829.png,train,REAL,group_0129,1,105,67,546,0.3169,2.625,0.575,0,0,3.183,0,44,0.419,6,0.0571,9,4,810.451,250.304,NONE
X51005568855,C:\Users\jay\Downloads\finditagain\findit2\train\X51005568855.png,train,EDITED,group_0130,1,226,84,1203,0.365,6.5,0.733,0,0,3.539,0,28,0.1239,41,0.1814,11,2,1263.354,292.229,NONE
X51005568866,C:\Users\jay\Downloads\finditagain\findit2\test\X51005568866.png,val,EDITED,group_0131,1,141,52,782,0.3035,10.511,1.235,0,0,15.202,0,20,0.1418,11,0.078,4,0,1502.718,259.967,NONE
X51005568880,C:\Users\jay\Downloads\finditagain\findit2\train\X51005568880.png,train,REAL,group_0132,1,129,68,737,0.3562,7.257,1.869,2,0,38.334,1,25,0.1938,14,0.1085,13,6,730.719,277.265,NONE
X51005568881,C:\Users\jay\Downloads\finditagain\findit2\train\X51005568881.png,train,EDITED,group_0017,1,103,45,560,0.3775,4.176,1.107,0,0,10.258,0,22,0.2136,10,0.0971,10,7,969.646,257.836,NONE
X51005568884,C:\Users\jay\Downloads\finditagain\findit2\test\X51005568884.png,test,REAL,group_0133,1,84,39,483,0.3079,2.5,1.205,0,0,12.336,0,14,0.1667,5,0.0595,7,3,1007.903,265.48,NONE
X51005568885,C:\Users\jay\Downloads\finditagain\findit2\train\X51005568885.png,train,EDITED,group_0134,1,43,30,251,0.1491,3.0,0.726,0,0,2.083,0,8,0.186,6,0.1395,7,2,1437.56,223.421,NONE
X51005568887,C:\Users\jay\Downloads\finditagain\findit2\train\X51005568887.png,train,REAL,group_0135,1,97,38,513,0.3566,8.105,1.421,2,0,14.043,1,18,0.1856,3,0.0309,2,0,731.757,269.24,NONE
X51005568889,C:\Users\jay\Downloads\finditagain\findit2\train\X51005568889.png,val,EDITED,group_0136,1,99,44,539,0.3744,3.767,1.056,0,0,9.178,0,20,0.202,15,0.1515,12,10,779.785,254.848,NONE
X51005568890,C:\Users\jay\Downloads\finditagain\findit2\val\X51005568890.png,train,EDITED,group_0137,1,79,32,421,0.2936,9.568,1.652,2,0,21.498,1,11,0.1392,2,0.0253,1,0,608.354,208.389,NONE
X51005568891,C:\Users\jay\Downloads\finditagain\findit2\val\X51005568891.png,train,REAL,group_0138,1,160,74,851,0.428,4.176,0.688,0,0,4.649,0,50,0.3125,25,0.1562,30,16,799.856,261.324,NONE
X51005568892,C:\Users\jay\Downloads\finditagain\findit2\train\X51005568892.png,val,REAL,group_0139,1,48,34,276,0.1636,3.5,0.796,0,0,2.687,0,8,0.1667,4,0.0833,7,2,1075.275,244.992,NONE
X51005568894,C:\Users\jay\Downloads\finditagain\findit2\train\X51005568894.png,train,REAL,group_0140,1,176,72,951,0.3486,8.0,2.052,1,0,14.073,1,33,0.1875,26,0.1477,16,10,3360.413,290.611,NONE
X51005568895,C:\Users\jay\Downloads\finditagain\findit2\train\X51005568895.png,train,REAL,group_0141,1,146,57,846,0.3368,7.071,2.653,1,0,18.686,1,19,0.1301,16,0.1096,11,2,3906.821,279.169,NONE
X51005568898,C:\Users\jay\Downloads\finditagain\findit2\train\X51005568898.png,train,REAL,group_0142,1,167,64,885,0.3395,5.245,2.325,0,0,14.072,0,31,0.1856,18,0.1078,15,6,3611.927,288.55,NONE
X51005568899,C:\Users\jay\Downloads\finditagain\findit2\val\X51005568899.png,train,REAL,group_0143,1,82,33,492,0.3211,5.238,1.361,0,0,24.285,0,12,0.1463,6,0.0732,6,4,1056.155,261.866,NONE
X51005568900,C:\Users\jay\Downloads\finditagain\findit2\train\X51005568900.png,train,REAL,group_0144,1,84,37,518,0.3292,6.0,1.072,1,0,17.12,0,13,0.1548,5,0.0595,7,3,1055.027,260.427,NONE
X51005568911,C:\Users\jay\Downloads\finditagain\findit2\test\X51005568911.png,val,REAL,group_0145,1,112,54,685,0.3556,6.683,1.132,0,0,21.859,0,22,0.1964,14,0.125,13,8,862.807,286.118,NONE
X51005568913,C:\Users\jay\Downloads\finditagain\findit2\train\X51005568913.png,train,REAL,group_0146,1,73,35,436,0.2158,2.871,0.765,0,0,17.08,0,15,0.2055,5,0.0685,7,3,2392.046,220.468,NONE
X51005568914,C:\Users\jay\Downloads\finditagain\findit2\test\X51005568914.png,train,REAL,group_0147,1,79,36,462,0.2207,3.0,0.859,0,0,4.697,0,17,0.2152,5,0.0633,9,3,2298.199,229.642,NONE
X51005577191,C:\Users\jay\Downloads\finditagain\findit2\test\X51005577191.png,train,REAL,group_0018,1,36,26,217,0.1506,0.816,0.188,0,0,10.46,0,6,0.1667,2,0.0556,1,0,2965.686,197.291,NONE
X51005577192,C:\Users\jay\Downloads\finditagain\findit2\test\X51005577192.png,train,REAL,group_0018,1,40,30,261,0.182,3.031,0.504,0,0,1.532,0,3,0.075,4,0.1,1,0,1542.946,205.901,NONE
X51005582745,C:\Users\jay\Downloads\finditagain\findit2\val\X51005582745.png,test,REAL,group_0148,1,67,40,403,0.1849,3.091,0.765,0,0,9.55,0,13,0.194,14,0.209,6,5,4233.049,229.102,NONE
X51005587254,C:\Users\jay\Downloads\finditagain\findit2\train\X51005587254.png,test,EDITED,group_0149,1,140,56,829,0.3809,8.5,1.58,2,0,18.952,1,16,0.1143,12,0.0857,7,2,1035.215,229.774,NONE
X51005587261,C:\Users\jay\Downloads\finditagain\findit2\train\X51005587261.png,train,REAL,group_0150,1,121,37,643,0.4902,5.5,1.265,1,0,8.975,0,18,0.1488,8,0.0661,6,4,1181.842,175.823,NONE
X51005587267,C:\Users\jay\Downloads\finditagain\findit2\test\X51005587267.png,test,REAL,group_0151,1,172,71,952,0.4399,5.5,1.703,1,0,11.828,0,27,0.157,18,0.1047,14,5,907.841,231.774,NONE
X51005605284,C:\Users\jay\Downloads\finditagain\findit2\train\X51005605284.png,train,REAL,group_0152,1,113,54,640,0.5878,4.15,1.434,0,0,3.258,0,26,0.2301,17,0.1504,16,9,346.425,189.152,NONE
X51005605285,C:\Users\jay\Downloads\finditagain\findit2\train\X51005605285.png,train,EDITED,group_0153,1,100,42,587,0.5687,5.657,1.658,0,0,7.724,0,23,0.23,17,0.17,9,7,439.989,185.416,NONE
X51005605286,C:\Users\jay\Downloads\finditagain\findit2\test\X51005605286.png,train,REAL,group_0154,1,91,38,556,0.4972,4.272,0.963,0,0,9.504,0,21,0.2308,14,0.1538,9,7,1554.592,189.267,NONE
X51005605287,C:\Users\jay\Downloads\finditagain\findit2\train\X51005605287.png,train,REAL,group_0155,1,79,38,469,0.5257,2.0,0.649,0,0,1.274,0,21,0.2658,12,0.1519,7,6,493.046,191.145,NONE
X51005605295,C:\Users\jay\Downloads\finditagain\findit2\test\X51005605295.png,train,EDITED,group_0156,1,88,32,497,0.6563,4.555,0.636,0,0,4.796,0,16,0.1818,6,0.0682,5,2,611.215,127.906,NONE
X51005605332,C:\Users\jay\Downloads\finditagain\findit2\train\X51005605332.png,test,REAL,group_0157,1,102,38,571,0.5453,3.491,1.711,0,0,2.982,0,11,0.1078,10,0.098,2,0,606.514,211.959,NONE
X51005605333,C:\Users\jay\Downloads\finditagain\findit2\val\X51005605333.png,train,EDITED,group_0158,1,92,41,584,0.4937,5.494,2.08,0,0,6.417,0,11,0.1196,9,0.0978,4,0,856.228,174.148,NONE
X51005605334,C:\Users\jay\Downloads\finditagain\findit2\train\X51005605334.png,val,REAL,group_0159,1,113,43,592,0.4541,2.494,0.591,0,0,2.935,0,12,0.1062,10,0.0885,3,0,818.098,209.561,NONE
X51005605335,C:\Users\jay\Downloads\finditagain\findit2\val\X51005605335.png,train,EDITED,group_0160,1,117,49,604,0.4703,2.5,0.619,0,0,2.591,0,17,0.1453,6,0.0513,3,0,750.454,209.972,NONE
X51005621482,C:\Users\jay\Downloads\finditagain\findit2\test\X51005621482.png,val,REAL,group_0161,1,181,48,1131,1.2083,1.92,0.93,0,0,2.907,0,11,0.0608,14,0.0773,7,0,509.571,144.464,NONE
X51005663272,C:\Users\jay\Downloads\finditagain\findit2\val\X51005663272.png,val,REAL,group_0162,1,105,53,640,0.4828,3.559,1.161,0,0,11.961,0,21,0.2,16,0.1524,8,4,1525.942,161.007,NONE
X51005663273,C:\Users\jay\Downloads\finditagain\findit2\train\X51005663273.png,train,REAL,group_0163,1,92,48,531,0.4417,7.5,1.387,2,0,9.933,1,20,0.2174,17,0.1848,11,9,668.761,187.473,NONE
X51005663274,C:\Users\jay\Downloads\finditagain\findit2\train\X51005663274.png,train,EDITED,group_0164,1,92,38,471,0.2959,3.5,1.03,0,0,3.739,0,19,0.2065,6,0.0652,0,0,1013.914,201.071,NONE
X51005663276,C:\Users\jay\Downloads\finditagain\findit2\train\X51005663276.png,val,REAL,group_0165,1,83,48,484,0.3565,5.874,1.502,1,0,12.161,0,18,0.2169,20,0.241,11,11,467.231,195.046,NONE
X51005663277,C:\Users\jay\Downloads\finditagain\findit2\test\X51005663277.png,train,REAL,group_0166,1,89,51,534,0.393,5.5,1.205,0,0,9.058,0,16,0.1798,19,0.2135,10,10,498.7,194.805,NONE
X51005663278,C:\Users\jay\Downloads\finditagain\findit2\val\X51005663278.png,train,EDITED,group_0167,1,85,44,477,0.2751,2.16,0.679,0,0,9.357,0,18,0.2118,7,0.0824,10,3,2167.64,179.687,NONE
X51005663279,C:\Users\jay\Downloads\finditagain\findit2\train\X51005663279.png,val,REAL,group_0168,1,107,55,584,0.331,7.084,1.47,1,0,12.79,1,27,0.2523,15,0.1402,6,4,1442.722,231.046,NONE
X51005663280,C:\Users\jay\Downloads\finditagain\findit2\train\X51005663280.png,test,REAL,group_0169,1,129,49,689,0.3981,4.815,1.772,0,0,11.662,0,22,0.1705,10,0.0775,3,0,863.079,160.358,NONE
X51005663293,C:\Users\jay\Downloads\finditagain\findit2\train\X51005663293.png,train,EDITED,group_0170,1,103,53,581,0.3944,6.0,1.585,1,0,14.38,0,22,0.2136,18,0.1748,15,12,742.477,186.233,NONE
X51005663297,C:\Users\jay\Downloads\finditagain\findit2\train\X51005663297.png,train,REAL,group_0171,1,204,112,1038,0.3115,10.0,1.564,2,0,7.872,1,75,0.3676,12,0.0588,8,4,906.629,271.378,NONE
X51005663298,C:\Users\jay\Downloads\finditagain\findit2\train\X51005663298.png,train,REAL,group_0172,1,118,56,654,0.2563,8.0,1.557,2,0,26.584,1,21,0.178,10,0.0847,11,4,3776.96,239.252,NONE
X51005663300,C:\Users\jay\Downloads\finditagain\findit2\train\X51005663300.png,train,REAL,group_0173,1,80,31,398,0.2515,4.0,1.146,0,0,3.184,0,13,0.1625,6,0.075,0,0,848.529,181.536,NONE
X51005663301,C:\Users\jay\Downloads\finditagain\findit2\train\X51005663301.png,test,REAL,group_0174,1,84,35,445,0.2811,3.543,1.208,0,0,3.68,0,11,0.131,8,0.0952,0,0,1707.557,167.106,NONE
X51005663307,C:\Users\jay\Downloads\finditagain\findit2\train\X51005663307.png,train,REAL,group_0175,1,144,67,775,0.362,4.5,1.259,0,0,13.534,0,43,0.2986,36,0.25,27,21,988.242,253.742,NONE
X51005663309,C:\Users\jay\Downloads\finditagain\findit2\train\X51005663309.png,train,REAL,group_0176,1,62,37,359,0.1622,2.867,1.21,0,0,4.198,0,11,0.1774,8,0.129,2,0,2251.823,235.256,NONE
X51005663310,C:\Users\jay\Downloads\finditagain\findit2\train\X51005663310.png,train,REAL,group_0177,1,89,33,456,0.2882,8.17,1.529,2,0,10.862,1,13,0.1461,4,0.0449,0,0,939.812,170.382,NONE
X51005663311,C:\Users\jay\Downloads\finditagain\findit2\train\X51005663311.png,test,REAL,group_0178,1,90,33,458,0.2882,5.732,1.448,0,0,6.45,0,16,0.1778,4,0.0444,0,0,1036.991,188.622,NONE
X51005663317,C:\Users\jay\Downloads\finditagain\findit2\train\X51005663317.png,train,EDITED,group_0179,1,58,25,301,0.1899,3.771,1.299,0,0,5.236,0,10,0.1724,2,0.0345,0,0,1767.16,158.167,NONE
X51005663323,C:\Users\jay\Downloads\finditagain\findit2\train\X51005663323.png,val,REAL,group_0180,1,81,47,477,0.2248,4.5,1.116,0,0,9.445,0,17,0.2099,15,0.1852,8,5,1690.236,240.59,NONE
X51005663324,C:\Users\jay\Downloads\finditagain\findit2\train\X51005663324.png,train,REAL,group_0181,1,173,97,860,0.3301,5.117,0.574,0,0,7.177,0,66,0.3815,15,0.0867,6,2,956.888,252.33,NONE
X51005675095,C:\Users\jay\Downloads\finditagain\findit2\test\X51005675095.png,train,REAL,group_0182,1,60,29,354,0.3916,2.245,1.124,0,0,1.825,0,4,0.0667,6,0.1,1,0,477.29,146.896,NONE
X51005675099,C:\Users\jay\Downloads\finditagain\findit2\test\X51005675099.png,train,REAL,group_0183,1,96,43,531,0.3098,4.062,1.243,0,0,3.238,0,24,0.25,4,0.0417,17,2,916.42,303.594,NONE
X51005675103,C:\Users\jay\Downloads\finditagain\findit2\train\X51005675103.png,test,REAL,group_0184,1,124,66,636,0.3284,7.228,0.894,1,0,4.489,1,39,0.3145,10,0.0806,5,2,865.819,245.176,NONE
X51005675104,C:\Users\jay\Downloads\finditagain\findit2\train\X51005675104.png,train,REAL,group_0185,1,95,50,543,0.3119,8.731,1.118,1,0,8.109,1,21,0.2211,12,0.1263,5,2,1018.842,225.985,NONE
X51005675914,C:\Users\jay\Downloads\finditagain\findit2\train\X51005675914.png,test,EDITED,group_0186,1,133,78,732,0.425,4.637,1.279,0,0,4.968,0,42,0.3158,6,0.0451,11,0,484.191,217.26,NONE
X51005676534,C:\Users\jay\Downloads\finditagain\findit2\test\X51005676534.png,train,REAL,group_0187,1,117,65,631,0.3245,8.5,1.486,2,0,10.315,1,32,0.2735,11,0.094,3,0,895.787,237.644,NONE
X51005676535,C:\Users\jay\Downloads\finditagain\findit2\train\X51005676535.png,train,EDITED,group_0188,1,104,58,571,0.31,8.5,1.766,2,0,17.059,1,25,0.2404,11,0.1058,4,0,1349.58,239.821,NONE
X51005676536,C:\Users\jay\Downloads\finditagain\findit2\train\X51005676536.png,test,REAL,group_0189,1,118,65,628,0.3238,8.485,1.161,1,0,11.663,1,34,0.2881,11,0.0932,5,2,963.327,247.31,NONE
X51005676537,C:\Users\jay\Downloads\finditagain\findit2\test\X51005676537.png,test,REAL,group_0190,1,99,55,554,0.3025,3.5,0.702,0,0,2.021,0,24,0.2424,9,0.0909,6,4,885.148,241.079,NONE
X51005676538,C:\Users\jay\Downloads\finditagain\findit2\val\X51005676538.png,train,REAL,group_0191,1,124,71,656,0.3241,8.957,1.691,3,0,17.428,1,38,0.3065,13,0.1048,7,4,1247.017,246.433,NONE
X51005676539,C:\Users\jay\Downloads\finditagain\findit2\val\X51005676539.png,train,REAL,group_0192,1,104,55,555,0.3196,9.0,1.54,2,0,13.993,1,25,0.2404,13,0.125,5,2,1484.052,236.616,NONE
X51005676540,C:\Users\jay\Downloads\finditagain\findit2\train\X51005676540.png,train,EDITED,group_0193,1,122,67,648,0.3319,5.913,0.934,0,0,2.916,0,37,0.3033,15,0.123,5,2,1236.676,240.813,NONE
X51005676541,C:\Users\jay\Downloads\finditagain\findit2\test\X51005676541.png,train,EDITED,group_0194,1,121,69,646,0.3196,3.382,0.724,0,0,1.714,0,40,0.3306,15,0.124,7,5,1291.401,234.883,NONE
X51005676542,C:\Users\jay\Downloads\finditagain\findit2\train\X51005676542.png,val,REAL,group_0195,1,90,49,519,0.2983,12.5,1.384,1,0,9.535,1,17,0.1889,12,0.1333,5,2,1487.204,223.865,NONE
X51005676543,C:\Users\jay\Downloads\finditagain\findit2\val\X51005676543.png,val,REAL,group_0196,1,101,54,584,0.3171,7.084,1.305,1,0,13.735,1,24,0.2376,12,0.1188,5,2,1425.055,240.637,NONE
X51005676544,C:\Users\jay\Downloads\finditagain\findit2\test\X51005676544.png,test,REAL,group_0197,1,92,49,528,0.3034,7.361,1.302,1,0,9.35,1,19,0.2065,13,0.1413,6,4,1515.145,235.962,NONE
X51005676545,C:\Users\jay\Downloads\finditagain\findit2\test\X51005676545.png,val,REAL,group_0198,1,103,57,543,0.3126,3.2,0.818,0,0,7.938,0,25,0.2427,13,0.1262,3,2,1038.004,238.262,NONE
X51005676546,C:\Users\jay\Downloads\finditagain\findit2\test\X51005676546.png,val,EDITED,group_0199,1,97,52,556,0.319,8.957,1.361,1,0,15.093,1,19,0.1959,14,0.1443,6,4,1522.755,238.161,NONE
X51005676547,C:\Users\jay\Downloads\finditagain\findit2\train\X51005676547.png,train,REAL,group_0200,1,94,52,535,0.308,8.485,1.181,1,0,12.662,1,22,0.234,16,0.1702,4,2,898.101,239.383,NONE
X51005676548,C:\Users\jay\Downloads\finditagain\findit2\val\X51005676548.png,train,REAL,group_0201,1,106,59,568,0.3076,3.345,0.522,0,0,10.406,0,30,0.283,12,0.1132,5,2,887.231,236.813,NONE
X51005676549,C:\Users\jay\Downloads\finditagain\findit2\train\X51005676549.png,train,REAL,group_0202,1,101,57,566,0.3078,3.5,0.785,0,0,1.771,0,28,0.2772,10,0.099,5,2,1039.831,236.127,NONE
X51005677327,C:\Users\jay\Downloads\finditagain\findit2\val\X51005677327.png,train,REAL,group_0203,1,96,52,544,0.313,3.059,0.663,0,0,8.203,0,24,0.25,12,0.125,6,4,908.091,236.226,NONE
X51005677328,C:\Users\jay\Downloads\finditagain\findit2\train\X51005677328.png,val,REAL,group_0204,1,91,50,520,0.2982,4.918,0.804,0,0,7.876,0,21,0.2308,14,0.1538,6,4,921.918,228.863,NONE
X51005677329,C:\Users\jay\Downloads\finditagain\findit2\train\X51005677329.png,val,REAL,group_0205,1,96,50,560,0.3203,3.571,0.76,0,0,2.075,0,21,0.2188,10,0.1042,5,2,1082.653,224.987,NONE
X51005677331,C:\Users\jay\Downloads\finditagain\findit2\test\X51005677331.png,train,REAL,group_0206,1,121,65,627,0.3226,3.611,0.719,0,0,4.911,0,36,0.2975,10,0.0826,5,0,882.452,246.612,NONE
X51005677332,C:\Users\jay\Downloads\finditagain\findit2\val\X51005677332.png,train,REAL,group_0207,1,82,46,476,0.2739,8.26,1.407,1,0,9.83,1,15,0.1829,13,0.1585,6,4,1615.951,232.905,NONE
X51005677333,C:\Users\jay\Downloads\finditagain\findit2\train\X51005677333.png,train,EDITED,group_0208,1,119,64,671,0.3458,4.19,1.066,0,0,4.394,0,34,0.2857,12,0.1008,4,2,935.252,245.073,NONE
X51005677334,C:\Users\jay\Downloads\finditagain\findit2\val\X51005677334.png,train,REAL,group_0209,1,105,58,576,0.3129,8.5,1.056,1,0,11.609,1,29,0.2762,15,0.1429,5,2,978.416,243.985,NONE
X51005677335,C:\Users\jay\Downloads\finditagain\findit2\val\X51005677335.png,train,REAL,group_0019,1,100,57,553,0.299,4.062,0.745,0,0,7.531,0,27,0.27,12,0.12,5,2,892.388,240.826,NONE
X51005677336,C:\Users\jay\Downloads\finditagain\findit2\train\X51005677336.png,train,REAL,group_0210,1,90,50,505,0.2893,8.26,0.992,1,0,11.727,1,23,0.2556,8,0.0889,7,4,939.837,238.016,NONE
X51005677337,C:\Users\jay\Downloads\finditagain\findit2\test\X51005677337.png,train,REAL,group_0019,1,94,52,525,0.2839,8.731,1.07,1,0,8.03,1,25,0.266,10,0.1064,6,2,1524.273,229.57,NONE
X51005677339,C:\Users\jay\Downloads\finditagain\findit2\train\X51005677339.png,train,EDITED,group_0211,1,75,45,425,0.2361,7.0,1.045,1,0,14.352,1,12,0.16,8,0.1067,2,0,1023.295,239.276,NONE
X510056849111,C:\Users\jay\Downloads\finditagain\findit2\test\X510056849111.png,train,REAL,group_0020,1,68,35,330,0.8288,1.639,0.288,0,0,0.286,0,9,0.1324,2,0.0294,0,0,466.89,113.898,NONE
X51005684949,C:\Users\jay\Downloads\finditagain\findit2\train\X51005684949.png,train,REAL,group_0020,1,68,35,330,0.8288,1.639,0.288,0,0,0.286,0,9,0.1324,2,0.0294,0,0,466.89,113.898,NONE
X51005685355,C:\Users\jay\Downloads\finditagain\findit2\test\X51005685355.png,train,REAL,group_0212,1,101,51,555,0.6432,1.7,0.605,0,0,3.515,0,24,0.2376,26,0.2574,16,13,979.74,168.356,NONE
X51005685357,C:\Users\jay\Downloads\finditagain\findit2\train\X51005685357.png,val,REAL,group_0213,1,114,42,636,0.6651,4.33,0.964,0,0,10.226,0,20,0.1754,6,0.0526,9,4,2431.029,166.01,NONE
X51005705722,C:\Users\jay\Downloads\finditagain\findit2\train\X51005705722.png,val,REAL,group_0214,1,102,50,620,0.3564,6.377,1.388,1,0,12.416,1,16,0.1569,11,0.1078,9,4,651.565,215.913,NONE
X51005705727,C:\Users\jay\Downloads\finditagain\findit2\test\X51005705727.png,train,REAL,group_0215,1,113,54,649,0.291,4.0,1.363,0,0,15.43,0,23,0.2035,19,0.1681,14,9,1897.457,234.216,NONE
X51005705729,C:\Users\jay\Downloads\finditagain\findit2\test\X51005705729.png,val,EDITED,group_0216,1,115,61,681,0.3699,6.128,1.305,1,0,12.162,1,23,0.2,13,0.113,15,5,652.01,221.72,NONE
X51005705759,C:\Users\jay\Downloads\finditagain\findit2\train\X51005705759.png,train,REAL,group_0217,1,165,69,941,0.3012,25.927,2.961,1,0,21.318,1,33,0.2,11,0.0667,16,5,1065.303,241.544,NONE
X51005705760,C:\Users\jay\Downloads\finditagain\findit2\train\X51005705760.png,train,REAL,group_0218,1,211,85,1202,0.4651,10.166,3.811,3,0,25.64,1,47,0.2227,24,0.1137,22,16,892.148,253.091,NONE
X51005705784,C:\Users\jay\Downloads\finditagain\findit2\train\X51005705784.png,train,REAL,group_0219,1,140,75,788,0.4543,10.5,1.57,1,0,8.657,1,44,0.3143,38,0.2714,27,20,2309.336,203.505,NONE
X51005705804,C:\Users\jay\Downloads\finditagain\findit2\val\X51005705804.png,train,REAL,group_0220,1,113,60,672,0.2483,6.377,1.504,1,0,9.756,1,24,0.2124,11,0.0973,15,7,634.354,216.207,NONE
X51005710963,C:\Users\jay\Downloads\finditagain\findit2\train\X51005710963.png,train,EDITED,group_0221,1,55,42,346,0.1557,3.559,0.589,0,0,2.908,0,10,0.1818,9,0.1636,4,3,2184.151,231.742,NONE
X51005711401,C:\Users\jay\Downloads\finditagain\findit2\train\X51005711401.png,val,REAL,group_0222,1,87,36,458,0.2577,4.5,1.416,0,0,11.318,0,13,0.1494,12,0.1379,6,2,1595.14,254.402,NONE
X51005711402,C:\Users\jay\Downloads\finditagain\findit2\test\X51005711402.png,train,EDITED,group_0223,1,83,43,479,0.2754,2.055,1.007,0,0,6.277,0,18,0.2169,13,0.1566,12,5,1035.855,243.499,NONE
X51005711403,C:\Users\jay\Downloads\finditagain\findit2\train\X51005711403.png,train,REAL,group_0224,1,87,44,492,0.2831,2.5,1.201,0,0,6.761,0,19,0.2184,19,0.2184,13,11,990.332,244.376,NONE
X51005711404,C:\Users\jay\Downloads\finditagain\findit2\val\X51005711404.png,test,EDITED,group_0225,1,83,41,469,0.2827,2.5,1.122,0,0,11.027,0,17,0.2048,18,0.2169,11,10,1067.747,243.796,NONE
X51005711441,C:\Users\jay\Downloads\finditagain\findit2\train\X51005711441.png,train,REAL,group_0226,1,78,40,461,0.2773,2.5,1.042,0,0,6.03,0,17,0.2179,17,0.2179,12,9,1070.998,246.434,NONE
X51005711442,C:\Users\jay\Downloads\finditagain\findit2\train\X51005711442.png,test,REAL,group_0227,1,86,43,487,0.2796,2.357,1.206,0,0,12.492,0,19,0.2209,17,0.1977,13,11,1042.712,241.644,NONE
X51005711443,C:\Users\jay\Downloads\finditagain\findit2\train\X51005711443.png,val,EDITED,group_0228,1,86,43,496,0.2852,2.5,1.178,0,0,7.794,0,17,0.1977,15,0.1744,12,9,1003.27,238.296,NONE
X51005711444,C:\Users\jay\Downloads\finditagain\findit2\train\X51005711444.png,train,REAL,group_0229,1,75,36,448,0.2836,2.315,0.957,0,0,4.512,0,16,0.2133,15,0.2,11,7,1105.817,242.85,NONE
X51005711445,C:\Users\jay\Downloads\finditagain\findit2\train\X51005711445.png,train,REAL,group_0230,1,80,40,462,0.278,2.357,0.933,0,0,7.42,0,16,0.2,12,0.15,9,6,1076.558,247.514,NONE
X51005711446,C:\Users\jay\Downloads\finditagain\findit2\val\X51005711446.png,train,REAL,group_0231,1,80,40,461,0.2777,2.494,1.081,0,0,7.128,0,16,0.2,15,0.1875,11,9,1075.87,241.569,NONE
X51005711447,C:\Users\jay\Downloads\finditagain\findit2\train\X51005711447.png,val,REAL,group_0232,1,79,37,454,0.2879,2.5,1.039,0,0,10.487,0,15,0.1899,15,0.1899,10,9,1117.784,240.487,NONE
X51005711449,C:\Users\jay\Downloads\finditagain\findit2\train\X51005711449.png,train,REAL,group_0233,1,79,35,454,0.2859,2.5,0.875,0,0,9.942,0,16,0.2025,12,0.1519,9,4,1129.222,245.725,NONE
X51005711451,C:\Users\jay\Downloads\finditagain\findit2\train\X51005711451.png,train,REAL,group_0234,1,70,32,407,0.2576,2.5,1.249,0,0,7.219,0,12,0.1714,14,0.2,8,6,1332.864,250.932,NONE
X51005711452,C:\Users\jay\Downloads\finditagain\findit2\train\X51005711452.png,train,REAL,group_0235,1,105,39,623,0.351,2.16,0.683,0,0,9.667,0,16,0.1524,10,0.0952,6,0,972.036,241.217,NONE
X51005711453,C:\Users\jay\Downloads\finditagain\findit2\test\X51005711453.png,train,REAL,group_0236,1,82,33,515,0.3186,2.861,1.37,0,0,3.181,0,10,0.122,10,0.122,7,2,994.172,239.687,NONE
X51005711454,C:\Users\jay\Downloads\finditagain\findit2\val\X51005711454.png,train,EDITED,group_0237,1,125,60,615,0.2878,2.5,0.696,0,0,1.891,0,35,0.28,6,0.048,15,6,1075.745,256.249,NONE
X51005711456,C:\Users\jay\Downloads\finditagain\findit2\train\X51005711456.png,val,REAL,group_0238,1,129,62,753,0.2895,4.8,1.29,0,0,12.811,0,26,0.2016,15,0.1163,19,10,1812.694,239.244,NONE
X51005712017,C:\Users\jay\Downloads\finditagain\findit2\test\X51005712017.png,train,REAL,group_0239,1,90,35,545,0.7384,1.512,0.558,0,0,1.932,0,12,0.1333,6,0.0667,6,0,546.574,178.509,NONE
X51005712021,C:\Users\jay\Downloads\finditagain\findit2\val\X51005712021.png,train,REAL,group_0240,1,97,44,588,0.9392,4.967,1.001,0,0,7.903,0,20,0.2062,2,0.0206,5,0,385.841,155.14,NONE
X51005712038,C:\Users\jay\Downloads\finditagain\findit2\val\X51005712038.png,train,REAL,group_0241,1,120,57,710,0.9669,1.549,0.375,0,0,1.072,0,29,0.2417,10,0.0833,12,2,398.749,196.879,NONE
X51005712039,C:\Users\jay\Downloads\finditagain\findit2\train\X51005712039.png,val,EDITED,group_0242,1,74,43,433,0.5947,1.732,0.583,0,0,0.704,0,17,0.2297,6,0.0811,6,2,448.821,181.729,NONE
X51005715006,C:\Users\jay\Downloads\finditagain\findit2\val\X51005715006.png,train,REAL,group_0243,1,80,42,573,0.9943,9.0,1.508,1,0,11.011,1,10,0.125,0,0.0,5,0,454.645,169.778,NONE
X51005715007,C:\Users\jay\Downloads\finditagain\findit2\train\X51005715007.png,train,REAL,group_0244,1,99,43,601,0.5396,3.464,0.831,0,0,6.295,0,14,0.1414,7,0.0707,2,0,1133.883,125.267,NONE
X51005715010,C:\Users\jay\Downloads\finditagain\findit2\train\X51005715010.png,train,REAL,group_0245,1,76,39,483,0.4548,2.0,0.742,0,0,1.647,0,13,0.1711,8,0.1053,0,0,1320.3,135.613,NONE
X51005715451,C:\Users\jay\Downloads\finditagain\findit2\train\X51005715451.png,train,REAL,group_0246,1,85,36,395,0.4308,2.0,0.581,0,0,4.115,0,9,0.1059,2,0.0235,0,0,1723.254,159.615,NONE
X51005715455,C:\Users\jay\Downloads\finditagain\findit2\train\X51005715455.png,train,REAL,group_0247,1,28,14,197,0.2968,2.227,0.953,0,0,2.427,0,5,0.1786,0,0.0,0,0,2692.533,111.639,NONE
X51005715456,C:\Users\jay\Downloads\finditagain\findit2\train\X51005715456.png,val,REAL,group_0248,1,90,51,558,0.7099,10.5,1.563,1,0,11.986,1,16,0.1778,19,0.2111,9,4,550.056,149.804,NONE
X51005717526,C:\Users\jay\Downloads\finditagain\findit2\train\X51005717526.png,train,REAL,group_0249,1,91,36,544,0.6911,1.7,0.664,0,0,1.836,0,10,0.1099,6,0.0659,7,2,576.364,172.379,NONE
X51005719814,C:\Users\jay\Downloads\finditagain\findit2\train\X51005719814.png,test,REAL,group_0250,1,119,49,561,0.3707,3.091,0.67,0,0,1.946,0,23,0.1933,4,0.0336,1,0,838.416,251.441,NONE
X51005719823,C:\Users\jay\Downloads\finditagain\findit2\train\X51005719823.png,train,EDITED,group_0251,1,99,60,580,0.2917,3.771,0.765,0,0,12.495,0,30,0.303,10,0.101,9,4,1271.694,257.686,NONE
X51005719855,C:\Users\jay\Downloads\finditagain\findit2\train\X51005719855.png,val,REAL,group_0252,1,94,51,550,0.2776,2.5,0.944,0,0,7.635,0,23,0.2447,11,0.117,13,7,1526.266,276.824,NONE
X51005719856,C:\Users\jay\Downloads\finditagain\findit2\train\X51005719856.png,test,REAL,group_0021,1,100,47,600,0.2897,4.189,2.141,0,0,8.004,0,13,0.13,8,0.08,8,2,1535.966,258.531,NONE
X51005719857,C:\Users\jay\Downloads\finditagain\findit2\train\X51005719857.png,train,REAL,group_0253,1,97,45,605,0.2923,2.5,1.209,0,0,7.6,0,14,0.1443,11,0.1134,9,4,2094.737,231.35,NONE
X51005719862,C:\Users\jay\Downloads\finditagain\findit2\train\X51005719862.png,train,REAL,group_0254,1,42,21,274,0.2177,5.5,2.141,0,0,9.077,0,7,0.1667,0,0.0,3,0,1249.628,192.88,NONE
X51005719863,C:\Users\jay\Downloads\finditagain\findit2\train\X51005719863.png,train,REAL,group_0255,1,62,33,311,0.1813,4.243,0.93,0,0,9.783,0,11,0.1774,0,0.0,1,0,1472.468,243.708,NONE
X51005719864,C:\Users\jay\Downloads\finditagain\findit2\test\X51005719864.png,test,REAL,group_0256,1,83,42,437,0.2839,4.0,1.191,0,0,15.473,0,13,0.1566,6,0.0723,6,6,893.378,242.912,NONE
X51005719873,C:\Users\jay\Downloads\finditagain\findit2\val\X51005719873.png,train,REAL,group_0257,1,120,50,672,0.2528,5.138,1.348,0,0,8.202,0,22,0.1833,10,0.0833,2,0,2690.653,226.129,NONE
X51005719874,C:\Users\jay\Downloads\finditagain\findit2\val\X51005719874.png,train,REAL,group_0258,1,60,24,392,0.3075,6.362,1.211,0,0,46.562,0,4,0.0667,2,0.0333,0,0,1807.115,254.358,NONE
X51005719882,C:\Users\jay\Downloads\finditagain\findit2\train\X51005719882.png,val,REAL,group_0259,1,71,26,432,0.3035,5.0,1.171,0,0,6.628,0,8,0.1127,4,0.0563,3,2,1600.506,213.349,NONE
X51005719883,C:\Users\jay\Downloads\finditagain\findit2\train\X51005719883.png,train,REAL,group_0260,1,52,21,317,0.2245,3.544,1.478,0,0,6.611,0,4,0.0769,0,0.0,1,0,1617.927,208.301,NONE
X51005719886,C:\Users\jay\Downloads\finditagain\findit2\train\X51005719886.png,train,REAL,group_0261,1,54,30,295,0.1853,3.0,0.596,0,0,3.443,0,9,0.1667,0,0.0,3,0,1553.215,297.504,NONE
X51005719888,C:\Users\jay\Downloads\finditagain\findit2\train\X51005719888.png,test,EDITED,group_0262,1,96,40,547,0.3089,2.5,0.867,0,0,3.424,0,17,0.1771,8,0.0833,10,2,1200.151,300.445,NONE
X51005719889,C:\Users\jay\Downloads\finditagain\findit2\train\X51005719889.png,train,REAL,group_0263,1,115,54,650,0.3222,7.118,1.319,0,0,15.163,0,22,0.1913,9,0.0783,16,9,743.42,298.494,NONE
X51005719893,C:\Users\jay\Downloads\finditagain\findit2\train\X51005719893.png,test,REAL,group_0264,1,77,40,440,0.2331,21.229,2.601,2,0,39.272,1,18,0.2338,8,0.1039,8,4,1531.729,318.398,NONE
X51005719895,C:\Users\jay\Downloads\finditagain\findit2\val\X51005719895.png,train,REAL,group_0265,1,108,45,596,0.2521,4.028,1.32,0,0,9.66,0,21,0.1944,7,0.0648,9,0,1857.7,182.619,NONE
X51005719896,C:\Users\jay\Downloads\finditagain\findit2\val\X51005719896.png,test,REAL,group_0266,1,55,32,299,0.1286,7.026,1.386,0,0,17.101,0,19,0.3455,8,0.1455,12,6,3454.044,241.372,NONE
X51005719898,C:\Users\jay\Downloads\finditagain\findit2\val\X51005719898.png,train,EDITED,group_0267,1,80,36,478,0.3063,6.021,1.417,1,0,15.959,1,11,0.1375,2,0.025,4,0,1007.368,239.931,NONE
X51005719899,C:\Users\jay\Downloads\finditagain\findit2\train\X51005719899.png,train,REAL,group_0268,1,83,36,451,0.2993,2.482,0.554,0,0,0.443,0,13,0.1566,7,0.0843,0,0,1511.948,253.521,NONE
X51005719902,C:\Users\jay\Downloads\finditagain\findit2\train\X51005719902.png,train,REAL,group_0269,1,104,56,521,0.3002,9.899,1.286,1,0,18.173,1,29,0.2788,6,0.0577,5,4,1224.911,245.0,NONE
X51005719903,C:\Users\jay\Downloads\finditagain\findit2\train\X51005719903.png,train,REAL,group_0270,1,80,30,512,0.33,2.5,1.217,0,0,4.027,0,6,0.075,8,0.1,3,2,1138.946,262.514,NONE
X51005719904,C:\Users\jay\Downloads\finditagain\findit2\val\X51005719904.png,val,EDITED,group_0271,1,77,34,420,0.2347,2.925,1.235,0,0,9.073,0,5,0.0649,11,0.1429,0,0,1170.331,247.559,NONE
X51005719905,C:\Users\jay\Downloads\finditagain\findit2\test\X51005719905.png,train,REAL,group_0272,1,103,62,611,0.314,7.517,1.882,1,0,11.148,1,20,0.1942,24,0.233,9,5,1014.012,249.259,NONE
X51005719906,C:\Users\jay\Downloads\finditagain\findit2\train\X51005719906.png,train,REAL,group_0273,1,117,50,684,0.3257,3.559,1.419,0,0,6.316,0,13,0.1111,6,0.0513,1,0,1313.288,242.215,NONE
X51005719912,C:\Users\jay\Downloads\finditagain\findit2\test\X51005719912.png,train,REAL,group_0274,1,74,34,449,0.2469,1.6,0.519,0,0,1.818,0,9,0.1216,4,0.0541,4,0,1223.396,199.275,NONE
X51005719914,C:\Users\jay\Downloads\finditagain\findit2\train\X51005719914.png,val,REAL,group_0275,1,163,92,916,0.3757,8.0,1.695,2,0,27.083,1,38,0.2331,20,0.1227,20,14,695.506,272.359,NONE
X51005719917,C:\Users\jay\Downloads\finditagain\findit2\train\X51005719917.png,val,REAL,group_0276,1,175,65,938,0.3757,7.5,1.881,2,0,14.766,1,24,0.1371,12,0.0686,3,0,1033.172,218.872,NONE
X51005722668,C:\Users\jay\Downloads\finditagain\findit2\val\X51005722668.png,val,REAL,group_0277,1,96,47,535,0.3076,3.345,0.682,0,0,3.603,0,19,0.1979,5,0.0521,0,0,1019.922,245.906,NONE
X51005722699,C:\Users\jay\Downloads\finditagain\findit2\train\X51005722699.png,train,EDITED,group_0278,1,102,36,537,0.2691,2.16,1.065,0,0,4.632,0,8,0.0784,6,0.0588,1,0,1257.164,258.983,NONE
X51005724552,C:\Users\jay\Downloads\finditagain\findit2\train\X51005724552.png,train,REAL,group_0004,1,115,60,642,0.3288,4.031,1.005,0,0,3.16,0,27,0.2348,22,0.1913,6,4,753.231,255.787,NONE
X51005724554,C:\Users\jay\Downloads\finditagain\findit2\test\X51005724554.png,train,REAL,group_0279,1,117,63,647,0.3256,5.888,1.247,0,0,6.017,0,31,0.265,22,0.188,8,2,758.338,258.793,NONE
X51005724609,C:\Users\jay\Downloads\finditagain\findit2\train\X51005724609.png,train,EDITED,group_0280,1,109,36,578,0.2905,3.082,1.212,0,0,9.43,0,19,0.1743,9,0.0826,4,3,2410.057,217.386,NONE
X51005724611,C:\Users\jay\Downloads\finditagain\findit2\train\X51005724611.png,val,REAL,group_0281,1,109,54,613,0.3135,7.395,1.327,1,0,6.919,1,22,0.2018,18,0.1651,5,2,753.436,244.375,NONE
X51005724621,C:\Users\jay\Downloads\finditagain\findit2\train\X51005724621.png,train,REAL,group_0282,1,103,52,610,0.3106,4.265,1.052,0,0,6.545,0,21,0.2039,18,0.1748,5,0,967.131,249.786,NONE
X51005724622,C:\Users\jay\Downloads\finditagain\findit2\train\X51005724622.png,val,REAL,group_0283,1,125,68,679,0.3288,4.265,1.128,0,0,7.517,0,33,0.264,24,0.192,6,3,718.634,260.221,NONE
X51005724623,C:\Users\jay\Downloads\finditagain\findit2\train\X51005724623.png,test,REAL,group_0284,1,109,61,566,0.276,9.0,1.305,1,0,7.981,1,33,0.3028,13,0.1193,6,0,890.022,246.564,NONE
X51005724624,C:\Users\jay\Downloads\finditagain\findit2\val\X51005724624.png,train,REAL,group_0285,1,122,67,676,0.3279,7.395,1.399,1,0,9.598,1,31,0.2541,25,0.2049,5,0,740.886,264.455,NONE
X51005724625,C:\Users\jay\Downloads\finditagain\findit2\train\X51005724625.png,train,REAL,group_0286,1,135,74,723,0.3363,6.414,1.088,0,0,9.194,0,43,0.3185,21,0.1556,5,0,734.9,263.387,NONE
X51005724626,C:\Users\jay\Downloads\finditagain\findit2\val\X51005724626.png,train,REAL,group_0287,1,135,75,746,0.3466,13.5,1.455,0,0,9.137,0,39,0.2889,26,0.1926,11,5,799.285,261.947,NONE
X51005724627,C:\Users\jay\Downloads\finditagain\findit2\test\X51005724627.png,train,REAL,group_0288,1,111,62,643,0.3236,3.5,0.768,0,0,7.51,0,22,0.1982,23,0.2072,9,5,803.561,256.853,NONE
X51005724628,C:\Users\jay\Downloads\finditagain\findit2\train\X51005724628.png,val,REAL,group_0289,1,110,58,622,0.3021,6.6,1.53,0,0,11.528,0,24,0.2182,24,0.2182,8,4,805.125,262.005,NONE
X51005724629,C:\Users\jay\Downloads\finditagain\findit2\train\X51005724629.png,train,REAL,group_0290,1,108,56,619,0.3154,7.263,1.677,1,0,7.642,1,18,0.1667,20,0.1852,4,0,1193.152,252.138,NONE
X51005741929,C:\Users\jay\Downloads\finditagain\findit2\val\X51005741929.png,train,REAL,group_0291,1,82,35,437,0.292,6.363,1.84,0,0,14.846,0,14,0.1707,4,0.0488,2,0,1965.367,187.501,NONE
X51005741944,C:\Users\jay\Downloads\finditagain\findit2\val\X51005741944.png,train,REAL,group_0292,1,101,50,621,0.4473,6.0,1.012,0,0,4.305,0,17,0.1683,10,0.099,3,0,814.463,188.759,NONE
X51005742068,C:\Users\jay\Downloads\finditagain\findit2\train\X51005742068.png,train,REAL,group_0293,1,62,24,380,0.3436,5.845,1.979,0,0,1.306,0,6,0.0968,2,0.0323,2,2,1329.21,190.328,NONE
X51005742110,C:\Users\jay\Downloads\finditagain\findit2\train\X51005742110.png,train,REAL,group_0294,1,69,29,405,0.4479,2.4,0.931,0,0,1.275,0,16,0.2319,4,0.058,1,0,382.361,95.678,NONE
X51005745183,C:\Users\jay\Downloads\finditagain\findit2\train\X51005745183.png,train,EDITED,group_0295,1,81,30,499,0.5749,12.0,2.836,2,0,20.523,1,7,0.0864,0,0.0,2,0,648.856,186.977,NONE
X51005745187,C:\Users\jay\Downloads\finditagain\findit2\val\X51005745187.png,val,REAL,group_0296,1,98,51,502,0.5054,2.625,0.583,0,0,4.011,0,21,0.2143,8,0.0816,4,0,747.348,182.656,NONE
X51005745188,C:\Users\jay\Downloads\finditagain\findit2\train\X51005745188.png,train,REAL,group_0297,1,82,46,473,0.4038,3.961,1.036,0,0,4.857,0,15,0.1829,13,0.1585,8,6,756.373,198.332,NONE
X51005745190,C:\Users\jay\Downloads\finditagain\findit2\test\X51005745190.png,train,REAL,group_0298,1,119,50,659,0.4496,1.5,0.468,0,0,5.936,0,13,0.1092,6,0.0504,9,0,732.694,173.515,NONE
X51005745213,C:\Users\jay\Downloads\finditagain\findit2\test\X51005745213.png,train,REAL,group_0299,1,53,24,312,0.2702,3.5,1.686,0,0,7.486,0,5,0.0943,0,0.0,2,0,2032.389,148.793,NONE
X51005745214,C:\Users\jay\Downloads\finditagain\findit2\val\X51005745214.png,train,REAL,group_0300,1,77,32,453,0.4402,3.929,1.575,0,0,6.768,0,9,0.1169,4,0.0519,2,0,936.755,178.693,NONE
X51005745244,C:\Users\jay\Downloads\finditagain\findit2\train\X51005745244.png,train,REAL,group_0301,1,93,33,532,0.4504,2.474,1.053,0,0,3.896,0,6,0.0645,2,0.0215,0,0,898.246,226.338,NONE
X51005745249,C:\Users\jay\Downloads\finditagain\findit2\train\X51005745249.png,train,REAL,group_0302,1,109,42,656,0.4758,2.0,1.097,0,0,2.797,0,6,0.055,12,0.1101,0,0,791.95,222.57,NONE
X51005745296,C:\Users\jay\Downloads\finditagain\findit2\train\X51005745296.png,train,REAL,group_0303,1,128,63,703,0.4095,4.118,1.089,0,0,10.695,0,29,0.2266,17,0.1328,14,6,1096.237,205.055,NONE
X51005745298,C:\Users\jay\Downloads\finditagain\findit2\test\X51005745298.png,test,REAL,group_0304,1,74,31,448,0.4174,3.5,1.27,0,0,7.603,0,9,0.1216,0,0.0,5,0,1101.973,197.182,NONE
X51005746140,C:\Users\jay\Downloads\finditagain\findit2\train\X51005746140.png,train,REAL,group_0305,1,78,33,466,0.5035,3.406,1.188,0,0,6.754,0,20,0.2564,6,0.0769,6,2,335.405,94.51,NONE
X51005746203,C:\Users\jay\Downloads\finditagain\findit2\train\X51005746203.png,train,REAL,group_0306,1,166,68,1031,0.6383,3.682,1.073,0,0,6.271,0,29,0.1747,22,0.1325,14,2,602.482,195.821,NONE
X51005746204,C:\Users\jay\Downloads\finditagain\findit2\train\X51005746204.png,train,REAL,group_0307,1,74,36,417,0.4016,14.5,2.415,1,0,18.036,1,16,0.2162,9,0.1216,7,7,629.799,176.737,NONE
X51005746206,C:\Users\jay\Downloads\finditagain\findit2\test\X51005746206.png,val,REAL,group_0308,1,105,42,528,0.4246,3.603,1.144,0,0,4.528,0,8,0.0762,3,0.0286,0,0,1473.064,178.861,NONE
X51005746207,C:\Users\jay\Downloads\finditagain\findit2\train\X51005746207.png,test,REAL,group_0309,1,147,57,900,0.6037,5.0,1.017,0,0,6.75,0,20,0.1361,24,0.1633,10,4,573.484,195.169,NONE
X51005746210,C:\Users\jay\Downloads\finditagain\findit2\train\X51005746210.png,train,REAL,group_0310,1,196,82,950,0.5892,6.0,1.135,0,0,4.366,0,53,0.2704,52,0.2653,29,24,621.802,216.73,NONE
X51005749895,C:\Users\jay\Downloads\finditagain\findit2\test\X51005749895.png,train,REAL,group_0311,1,111,62,614,0.3083,10.507,1.685,4,0,33.943,1,23,0.2072,8,0.0721,11,6,867.063,276.147,NONE
X51005749904,C:\Users\jay\Downloads\finditagain\findit2\train\X51005749904.png,train,REAL,group_0312,1,9,7,51,0.034,0.943,0.943,0,0,18.0,0,3,0.3333,0,0.0,0,0,8953.25,222.803,NONE
X51005749905,C:\Users\jay\Downloads\finditagain\findit2\train\X51005749905.png,train,REAL,group_0313,1,134,44,710,0.3731,3.559,1.671,0,0,10.293,0,28,0.209,21,0.1567,1,0,778.057,227.371,NONE
X51005749912,C:\Users\jay\Downloads\finditagain\findit2\val\X51005749912.png,val,REAL,group_0314,1,99,45,582,0.3398,8.5,1.311,2,0,30.767,1,17,0.1717,4,0.0404,9,2,956.99,271.858,NONE
X51005757199,C:\Users\jay\Downloads\finditagain\findit2\train\X51005757199.png,train,EDITED,group_0315,1,105,42,513,0.4341,2.494,0.773,0,0,3.11,0,14,0.1333,4,0.0381,2,0,859.988,203.503,NONE
X51005757201,C:\Users\jay\Downloads\finditagain\findit2\train\X51005757201.png,train,REAL,group_0316,1,139,76,869,0.4771,4.387,0.944,0,0,6.886,0,31,0.223,18,0.1295,8,4,382.145,186.086,NONE
X51005757220,C:\Users\jay\Downloads\finditagain\findit2\test\X51005757220.png,test,REAL,group_0317,1,102,44,628,0.4947,4.499,1.318,0,0,8.678,0,20,0.1961,8,0.0784,6,0,459.214,166.169,NONE
X51005757233,C:\Users\jay\Downloads\finditagain\findit2\test\X51005757233.png,train,REAL,group_0318,1,61,25,371,0.3896,1.789,1.027,0,0,1.417,0,10,0.1639,6,0.0984,7,2,2624.722,170.108,NONE
X51005757235,C:\Users\jay\Downloads\finditagain\findit2\train\X51005757235.png,val,REAL,group_0319,1,84,41,476,0.4111,4.445,1.247,0,0,11.608,0,18,0.2143,7,0.0833,8,3,661.64,184.78,NONE
X51005757243,C:\Users\jay\Downloads\finditagain\findit2\test\X51005757243.png,test,EDITED,group_0320,1,103,39,538,0.46,2.332,0.817,0,0,2.731,0,14,0.1359,8,0.0777,1,0,784.673,207.451,NONE
X51005757248,C:\Users\jay\Downloads\finditagain\findit2\test\X51005757248.png,test,REAL,group_0321,1,59,39,352,0.2708,5.5,1.148,1,0,18.622,0,16,0.2712,2,0.0339,9,2,1045.723,172.645,NONE
X51005757273,C:\Users\jay\Downloads\finditagain\findit2\train\X51005757273.png,test,REAL,group_0322,1,92,35,537,0.5752,5.025,1.443,1,0,22.354,0,16,0.1739,3,0.0326,6,3,2170.257,216.267,NONE
X51005757282,C:\Users\jay\Downloads\finditagain\findit2\val\X51005757282.png,train,REAL,group_0323,1,84,47,497,0.4715,3.682,1.377,0,0,10.568,0,15,0.1786,4,0.0476,8,4,684.19,178.067,NONE
X51005757286,C:\Users\jay\Downloads\finditagain\findit2\train\X51005757286.png,train,REAL,group_0324,1,62,33,396,0.4617,4.19,1.058,0,0,10.11,0,6,0.0968,2,0.0323,3,2,498.116,162.241,NONE
X51005757290,C:\Users\jay\Downloads\finditagain\findit2\train\X51005757290.png,train,REAL,group_0325,1,100,47,580,0.5552,6.5,1.006,1,0,20.376,1,19,0.19,6,0.06,9,4,1525.932,216.02,NONE
X51005757292,C:\Users\jay\Downloads\finditagain\findit2\val\X51005757292.png,train,REAL,group_0326,1,81,31,488,0.5582,4.967,0.779,0,0,11.425,0,12,0.1481,2,0.0247,5,0,544.21,216.14,NONE
X51005757294,C:\Users\jay\Downloads\finditagain\findit2\train\X51005757294.png,train,REAL,group_0327,1,77,30,476,0.5464,2.0,0.671,0,0,8.064,0,10,0.1299,2,0.026,3,0,537.493,200.675,NONE
X51005757304,C:\Users\jay\Downloads\finditagain\findit2\val\X51005757304.png,test,EDITED,group_0328,1,70,33,421,0.3357,2.5,0.829,0,0,4.808,0,17,0.2429,6,0.0857,8,4,1599.309,147.301,NONE
X51005757308,C:\Users\jay\Downloads\finditagain\findit2\train\X51005757308.png,test,REAL,group_0329,1,140,67,769,0.6282,5.558,1.173,0,0,20.737,0,28,0.2,17,0.1214,10,4,1257.404,236.787,NONE
X51005757323,C:\Users\jay\Downloads\finditagain\findit2\val\X51005757323.png,train,REAL,group_0330,1,104,44,608,0.5902,7.0,1.806,1,0,15.219,1,18,0.1731,8,0.0769,10,6,393.44,221.312,NONE
X51005757324,C:\Users\jay\Downloads\finditagain\findit2\test\X51005757324.png,train,REAL,group_0331,1,95,36,563,0.5979,5.0,1.007,0,0,8.795,0,17,0.1789,6,0.0632,8,4,504.054,212.801,NONE
X51005757342,C:\Users\jay\Downloads\finditagain\findit2\train\X51005757342.png,test,REAL,group_0332,1,101,47,593,0.5983,1.658,0.466,0,0,0.553,0,15,0.1485,4,0.0396,8,2,1663.811,229.416,NONE
X51005757346,C:\Users\jay\Downloads\finditagain\findit2\val\X51005757346.png,train,REAL,group_0333,1,93,36,547,0.5934,4.243,0.948,0,0,9.942,0,14,0.1505,4,0.043,7,2,518.656,228.943,NONE
X51005757349,C:\Users\jay\Downloads\finditagain\findit2\test\X51005757349.png,train,EDITED,group_0334,1,76,41,513,0.5315,5.0,0.987,0,0,8.863,0,20,0.2632,15,0.1974,11,9,808.959,172.212,NONE
X51005757351,C:\Users\jay\Downloads\finditagain\findit2\train\X51005757351.png,test,REAL,group_0335,1,96,43,575,0.6159,4.714,0.875,0,0,9.285,0,14,0.1458,2,0.0208,7,0,1782.69,223.826,NONE
X51005757353,C:\Users\jay\Downloads\finditagain\findit2\train\X51005757353.png,val,EDITED,group_0336,1,105,45,604,0.5976,5.793,0.999,0,0,13.736,0,16,0.1524,10,0.0952,8,4,486.277,220.582,NONE
X51005763940,C:\Users\jay\Downloads\finditagain\findit2\train\X51005763940.png,train,REAL,group_0337,1,128,49,764,0.5305,3.0,1.377,0,0,3.018,0,15,0.1172,8,0.0625,7,4,636.715,171.014,NONE
X51005763958,C:\Users\jay\Downloads\finditagain\findit2\train\X51005763958.png,train,REAL,group_0338,1,112,41,659,0.5465,1.871,0.581,0,0,6.745,0,8,0.0714,14,0.125,4,2,831.149,189.844,NONE
X51005763964,C:\Users\jay\Downloads\finditagain\findit2\val\X51005763964.png,val,REAL,group_0339,1,68,31,411,0.4533,4.5,1.062,0,0,0.909,0,15,0.2206,8,0.1176,4,4,434.379,96.561,NONE
X51005763999,C:\Users\jay\Downloads\finditagain\findit2\train\X51005763999.png,train,REAL,group_0340,1,155,58,814,0.5436,5.0,1.28,0,0,8.03,0,39,0.2516,10,0.0645,25,6,674.316,210.305,NONE
X51005764031,C:\Users\jay\Downloads\finditagain\findit2\train\X51005764031.png,train,REAL,group_0341,1,128,55,731,0.5244,4.924,0.78,0,0,8.869,0,16,0.125,8,0.0625,7,0,839.71,181.978,NONE
X51005764154,C:\Users\jay\Downloads\finditagain\findit2\val\X51005764154.png,train,REAL,group_0342,1,115,46,564,0.4345,6.0,1.058,0,0,25.427,0,18,0.1565,3,0.0261,0,0,1298.96,218.76,NONE
X51005764161,C:\Users\jay\Downloads\finditagain\findit2\test\X51005764161.png,train,REAL,group_0343,1,41,20,237,0.2448,4.085,1.214,0,0,5.383,0,4,0.0976,0,0.0,1,0,814.947,144.157,NONE
X51005806678,C:\Users\jay\Downloads\finditagain\findit2\val\X51005806678.png,train,REAL,group_0344,1,116,50,710,0.2814,4.967,1.783,0,0,16.489,0,17,0.1466,18,0.1552,4,0,1567.078,158.877,NONE
X51005806679,C:\Users\jay\Downloads\finditagain\findit2\train\X51005806679.png,train,REAL,group_0345,1,154,95,852,0.3377,3.072,1.122,0,0,2.446,0,44,0.2857,23,0.1494,28,12,502.178,209.586,NONE
X51005806685,C:\Users\jay\Downloads\finditagain\findit2\test\X51005806685.png,val,REAL,group_0346,1,95,41,529,0.6001,6.499,2.027,1,0,10.669,1,19,0.2,14,0.1474,9,7,374.759,186.148,NONE
X51005806692,C:\Users\jay\Downloads\finditagain\findit2\train\X51005806692.png,val,EDITED,group_0347,1,169,85,920,0.4825,5.314,1.588,0,0,6.235,0,44,0.2604,37,0.2189,38,31,594.889,214.658,NONE
X51005806695,C:\Users\jay\Downloads\finditagain\findit2\train\X51005806695.png,test,REAL,group_0348,1,114,37,650,0.6031,4.5,1.7,0,0,7.089,0,14,0.1228,10,0.0877,4,2,364.025,173.609,NONE
X51005806696,C:\Users\jay\Downloads\finditagain\findit2\val\X51005806696.png,train,REAL,group_0349,1,80,37,440,0.4869,3.5,1.544,0,0,9.499,0,23,0.2875,4,0.05,9,0,412.91,199.681,NONE
X51005806698,C:\Users\jay\Downloads\finditagain\findit2\train\X51005806698.png,train,REAL,group_0350,1,102,46,571,0.6671,9.642,2.313,1,0,6.395,1,19,0.1863,14,0.1373,9,6,311.151,193.426,NONE
X51005806702,C:\Users\jay\Downloads\finditagain\findit2\val\X51005806702.png,train,EDITED,group_0351,1,72,31,456,0.3808,6.164,1.824,1,0,12.453,1,11,0.1528,9,0.125,7,4,637.027,183.456,NONE
X51005806703,C:\Users\jay\Downloads\finditagain\findit2\train\X51005806703.png,test,REAL,group_0352,1,111,55,650,0.4653,4.49,1.735,0,0,13.411,0,26,0.2342,19,0.1712,18,12,720.476,249.341,NONE
X51005806716,C:\Users\jay\Downloads\finditagain\findit2\train\X51005806716.png,train,REAL,group_0353,1,102,47,568,0.5718,7.089,1.527,1,0,12.553,1,20,0.1961,8,0.0784,8,3,373.0,203.93,NONE
X51005806718,C:\Users\jay\Downloads\finditagain\findit2\train\X51005806718.png,train,REAL,group_0354,1,104,44,560,0.4512,12.996,3.907,6,0,17.664,1,24,0.2308,4,0.0385,9,0,509.5,207.377,NONE
X51005806719,C:\Users\jay\Downloads\finditagain\findit2\train\X51005806719.png,train,REAL,group_0355,1,100,56,587,0.4948,6.0,1.861,1,0,10.245,0,21,0.21,16,0.16,6,2,501.053,201.325,NONE
X51005806720,C:\Users\jay\Downloads\finditagain\findit2\train\X51005806720.png,train,REAL,group_0356,1,92,50,553,0.534,5.673,1.075,1,0,13.291,0,13,0.1413,12,0.1304,3,0,566.195,190.993,NONE
X51005889296,C:\Users\jay\Downloads\finditagain\findit2\train\X51005889296.png,train,REAL,group_0357,1,75,34,433,0.5256,1.5,0.454,0,0,1.645,0,14,0.1867,5,0.0667,6,3,1033.471,142.932,NONE
X51006008057,C:\Users\jay\Downloads\finditagain\findit2\train\X51006008057.png,train,REAL,group_0358,1,142,78,832,0.5726,6.377,1.845,0,0,6.434,0,31,0.2183,21,0.1479,20,16,463.184,185.663,NONE
X51006008073,C:\Users\jay\Downloads\finditagain\findit2\test\X51006008073.png,test,REAL,group_0359,1,102,57,587,0.54,3.295,1.25,0,0,2.549,0,31,0.3039,10,0.098,7,2,461.284,219.202,NONE
X51006008074,C:\Users\jay\Downloads\finditagain\findit2\train\X51006008074.png,train,REAL,group_0360,1,87,46,479,0.4395,5.932,1.569,1,0,7.754,0,16,0.1839,2,0.023,5,0,710.382,193.994,NONE
X51006008081,C:\Users\jay\Downloads\finditagain\findit2\train\X51006008081.png,train,REAL,group_0361,1,109,55,617,0.7129,6.128,1.34,1,0,13.201,1,26,0.2385,14,0.1284,7,2,501.883,214.15,NONE
X51006008082,C:\Users\jay\Downloads\finditagain\findit2\test\X51006008082.png,train,REAL,group_0362,1,153,86,874,0.7079,3.841,1.203,0,0,2.452,0,42,0.2745,23,0.1503,18,14,432.344,212.79,NONE
X51006008083,C:\Users\jay\Downloads\finditagain\findit2\train\X51006008083.png,train,REAL,group_0363,1,110,57,650,0.6633,3.536,1.428,0,0,8.558,0,23,0.2091,12,0.1091,8,6,384.581,188.074,NONE
X51006008086,C:\Users\jay\Downloads\finditagain\findit2\val\X51006008086.png,train,EDITED,group_0364,1,126,47,641,0.4563,2.055,0.622,0,0,2.147,0,13,0.1032,6,0.0476,2,0,923.384,220.729,NONE
X51006008089,C:\Users\jay\Downloads\finditagain\findit2\test\X51006008089.png,val,REAL,group_0365,1,145,61,759,0.4686,2.165,0.414,0,0,1.731,0,24,0.1655,15,0.1034,6,0,749.596,213.4,NONE
X51006008090,C:\Users\jay\Downloads\finditagain\findit2\train\X51006008090.png,train,REAL,group_0366,1,178,68,924,0.5358,4.763,0.593,0,0,3.232,0,24,0.1348,20,0.1124,6,0,823.407,225.745,NONE
X51006008091,C:\Users\jay\Downloads\finditagain\findit2\train\X51006008091.png,test,REAL,group_0022,1,120,46,644,0.4733,2.16,0.595,0,0,2.648,0,12,0.1,12,0.1,2,0,866.484,205.046,NONE
X51006008092,C:\Users\jay\Downloads\finditagain\findit2\train\X51006008092.png,train,REAL,group_0367,1,145,54,789,0.5058,2.16,0.597,0,0,2.027,0,19,0.131,11,0.0759,6,0,831.872,217.079,NONE
X51006008093,C:\Users\jay\Downloads\finditagain\findit2\train\X51006008093.png,train,REAL,group_0368,1,119,43,627,0.4858,2.16,0.718,0,0,2.202,0,14,0.1176,16,0.1345,3,0,755.486,194.198,NONE
X51006008095,C:\Users\jay\Downloads\finditagain\findit2\val\X51006008095.png,train,REAL,group_0023,1,83,36,449,0.4693,6.442,2.146,1,0,19.057,1,13,0.1566,9,0.1084,8,5,670.805,170.02,NONE
X51006008105,C:\Users\jay\Downloads\finditagain\findit2\test\X51006008105.png,val,REAL,group_0369,1,109,43,629,0.5026,4.118,0.896,0,0,10.306,0,21,0.1927,12,0.1101,7,4,498.066,187.113,NONE
X51006008166,C:\Users\jay\Downloads\finditagain\findit2\val\X51006008166.png,train,REAL,group_0370,1,91,44,509,0.4291,3.5,1.191,0,0,5.591,0,14,0.1538,14,0.1538,9,8,1304.313,209.307,NONE
X51006008197,C:\Users\jay\Downloads\finditagain\findit2\train\X51006008197.png,train,REAL,group_0371,1,48,22,288,0.5027,1.761,0.515,0,0,10.375,0,12,0.25,5,0.1042,7,3,697.048,209.713,NONE
X51006008206,C:\Users\jay\Downloads\finditagain\findit2\test\X51006008206.png,train,EDITED,group_0372,1,80,32,509,0.559,2.115,1.085,0,0,10.658,0,7,0.0875,4,0.05,0,0,1080.57,187.965,NONE
X51006248253,C:\Users\jay\Downloads\finditagain\findit2\val\X51006248253.png,train,EDITED,group_0373,1,93,39,534,0.3753,5.025,1.633,0,0,8.217,0,13,0.1398,12,0.129,10,10,836.593,209.286,NONE
X51006311714,C:\Users\jay\Downloads\finditagain\findit2\train\X51006311714.png,val,REAL,group_0374,1,85,34,545,0.3632,5.514,0.874,0,0,7.306,0,8,0.0941,12,0.1412,6,2,1247.522,170.732,NONE
X51006311758,C:\Users\jay\Downloads\finditagain\findit2\train\X51006311758.png,train,REAL,group_0375,1,115,60,675,0.3304,2.494,0.783,0,0,2.731,0,21,0.1826,14,0.1217,7,4,1007.303,184.767,NONE
X51006311764,C:\Users\jay\Downloads\finditagain\findit2\val\X51006311764.png,train,EDITED,group_0376,1,93,42,552,0.3649,2.059,0.847,0,0,4.746,0,11,0.1183,6,0.0645,3,0,979.824,163.287,NONE
X51006311767,C:\Users\jay\Downloads\finditagain\findit2\train\X51006311767.png,train,REAL,group_0377,1,102,50,595,0.3114,2.625,1.034,0,0,5.75,0,21,0.2059,6,0.0588,9,4,1000.256,179.103,NONE
X51006311778,C:\Users\jay\Downloads\finditagain\findit2\train\X51006311778.png,train,REAL,group_0378,1,39,19,239,0.1428,3.682,2.147,0,0,9.636,0,4,0.1026,0,0.0,1,0,4709.386,170.368,NONE
X51006311779,C:\Users\jay\Downloads\finditagain\findit2\val\X51006311779.png,train,REAL,group_0379,1,28,15,140,0.0853,4.03,2.157,0,0,10.043,0,3,0.1071,0,0.0,1,0,8609.388,147.986,NONE
X51006311780,C:\Users\jay\Downloads\finditagain\findit2\val\X51006311780.png,train,REAL,group_0380,1,101,55,502,0.2919,1.245,0.379,0,0,7.027,0,31,0.3069,10,0.099,15,8,763.035,197.325,NONE
X51006327953,C:\Users\jay\Downloads\finditagain\findit2\val\X51006327953.png,train,REAL,group_0381,1,69,34,366,0.3511,2.687,1.052,0,0,0.84,0,15,0.2174,4,0.058,6,4,1005.642,214.056,NONE
X51006327960,C:\Users\jay\Downloads\finditagain\findit2\test\X51006327960.png,train,REAL,group_0382,1,71,26,394,0.4061,5.083,2.48,0,0,10.048,0,7,0.0986,2,0.0282,1,0,797.418,164.214,NONE
X51006327976,C:\Users\jay\Downloads\finditagain\findit2\train\X51006327976.png,train,REAL,group_0383,1,204,56,1181,0.8424,10.361,1.542,2,0,12.346,1,19,0.0931,13,0.0637,3,0,680.686,189.553,NONE
X51006327978,C:\Users\jay\Downloads\finditagain\findit2\train\X51006327978.png,train,REAL,group_0384,1,109,53,624,0.433,10.686,1.459,1,0,5.834,1,29,0.2661,16,0.1468,18,12,1308.341,194.309,NONE
X51006328345,C:\Users\jay\Downloads\finditagain\findit2\train\X51006328345.png,train,REAL,group_0385,1,79,32,491,0.4908,3.464,1.4,0,0,9.606,0,11,0.1392,0,0.0,4,0,1030.254,187.169,NONE
X51006328913,C:\Users\jay\Downloads\finditagain\findit2\val\X51006328913.png,train,REAL,group_0024,1,73,37,440,0.4372,4.0,1.474,0,0,4.681,0,13,0.1781,4,0.0548,6,2,537.546,198.928,NONE
X51006328919,C:\Users\jay\Downloads\finditagain\findit2\test\X51006328919.png,test,REAL,group_0025,1,63,33,402,0.3706,6.0,1.232,1,0,10.661,0,10,0.1587,0,0.0,3,0,604.422,226.48,NONE
X51006328920,C:\Users\jay\Downloads\finditagain\findit2\train\X51006328920.png,train,REAL,group_0386,1,60,31,394,0.3665,2.059,0.851,0,0,7.53,0,11,0.1833,4,0.0667,4,2,657.677,206.666,NONE
X51006328937,C:\Users\jay\Downloads\finditagain\findit2\train\X51006328937.png,test,REAL,group_0026,1,81,39,402,0.3144,3.841,0.707,0,0,3.764,0,16,0.1975,2,0.0247,0,0,1376.565,170.374,NONE
X51006328967,C:\Users\jay\Downloads\finditagain\findit2\train\X51006328967.png,train,REAL,group_0027,1,108,46,620,0.4957,6.976,1.415,1,0,10.091,1,16,0.1481,7,0.0648,3,0,659.05,180.297,NONE
X51006329183,C:\Users\jay\Downloads\finditagain\findit2\test\X51006329183.png,train,EDITED,group_0387,1,120,53,599,0.3736,7.297,1.169,1,0,5.572,1,12,0.1,5,0.0417,0,0,1755.321,192.68,NONE
X51006329388,C:\Users\jay\Downloads\finditagain\findit2\test\X51006329388.png,train,REAL,group_0024,1,73,37,440,0.4372,4.0,1.474,0,0,4.681,0,13,0.1781,4,0.0548,6,2,537.546,198.928,NONE
X51006329395,C:\Users\jay\Downloads\finditagain\findit2\val\X51006329395.png,test,REAL,group_0025,1,64,33,404,0.3724,6.0,1.23,1,0,15.725,0,10,0.1562,0,0.0,3,0,604.422,226.261,NONE
X51006329399,C:\Users\jay\Downloads\finditagain\findit2\train\X51006329399.png,test,REAL,group_0026,1,81,39,402,0.3144,3.841,0.707,0,0,3.764,0,16,0.1975,2,0.0247,0,0,1376.565,170.374,NONE
X51006329402,C:\Users\jay\Downloads\finditagain\findit2\train\X51006329402.png,train,REAL,group_0388,1,57,24,335,0.333,3.544,1.302,0,0,5.368,0,4,0.0702,2,0.0351,0,0,3117.679,186.851,NONE
X51006332575,C:\Users\jay\Downloads\finditagain\findit2\train\X51006332575.png,train,REAL,group_0027,1,108,46,620,0.4957,6.976,1.415,1,0,10.091,1,16,0.1481,7,0.0648,3,0,659.05,180.297,NONE
X51006332641,C:\Users\jay\Downloads\finditagain\findit2\train\X51006332641.png,train,REAL,group_0389,1,39,24,234,0.2818,2.494,0.536,0,0,2.954,0,7,0.1795,4,0.1026,6,4,1083.543,106.44,NONE
X51006332649,C:\Users\jay\Downloads\finditagain\findit2\train\X51006332649.png,val,REAL,group_0390,1,61,34,335,0.2752,3.688,1.472,0,0,13.084,0,10,0.1639,0,0.0,3,0,805.219,171.173,NONE
X51006334139,C:\Users\jay\Downloads\finditagain\findit2\train\X51006334139.png,train,REAL,group_0391,1,74,30,395,0.4849,3.091,1.22,0,0,7.99,0,11,0.1486,2,0.027,6,0,740.937,174.428,NONE
X51006334699,C:\Users\jay\Downloads\finditagain\findit2\train\X51006334699.png,train,REAL,group_0392,1,108,40,656,0.4259,4.463,1.495,0,0,9.275,0,10,0.0926,28,0.2593,3,2,4976.301,169.291,NONE
X51006334741,C:\Users\jay\Downloads\finditagain\findit2\test\X51006334741.png,train,REAL,group_0393,1,117,44,679,0.593,4.673,1.327,0,0,8.397,0,21,0.1795,20,0.1709,4,2,1062.295,171.388,NONE
X51006334742,C:\Users\jay\Downloads\finditagain\findit2\train\X51006334742.png,train,REAL,group_0394,1,92,52,474,0.3389,2.357,0.973,0,0,6.743,0,13,0.1413,2,0.0217,5,2,968.503,191.395,NONE
X51006334766,C:\Users\jay\Downloads\finditagain\findit2\train\X51006334766.png,train,REAL,group_0395,1,90,43,479,0.4009,2.0,0.826,0,0,1.217,0,16,0.1778,4,0.0444,6,2,821.188,229.49,NONE
X51006334770,C:\Users\jay\Downloads\finditagain\findit2\val\X51006334770.png,train,REAL,group_0396,1,107,43,651,0.5326,3.3,1.005,0,0,11.803,0,19,0.1776,14,0.1308,4,3,881.918,205.715,NONE
X51006334819,C:\Users\jay\Downloads\finditagain\findit2\val\X51006334819.png,train,REAL,group_0397,1,68,30,381,0.3714,8.957,2.033,1,0,18.267,1,9,0.1324,0,0.0,4,0,468.39,171.824,NONE
X51006334926,C:\Users\jay\Downloads\finditagain\findit2\train\X51006334926.png,test,REAL,group_0398,1,105,41,615,0.4358,2.5,0.809,0,0,4.561,0,13,0.1238,6,0.0571,7,0,1770.66,221.87,NONE
X51006334927,C:\Users\jay\Downloads\finditagain\findit2\train\X51006334927.png,train,REAL,group_0399,1,66,27,376,0.3569,4.967,1.044,0,0,2.265,0,12,0.1818,4,0.0606,6,0,782.321,187.848,NONE
X51006335314,C:\Users\jay\Downloads\finditagain\findit2\train\X51006335314.png,train,REAL,group_0400,1,97,45,488,0.4145,3.0,1.036,0,0,16.015,0,21,0.2165,4,0.0412,7,4,716.835,242.132,NONE
X51006335547,C:\Users\jay\Downloads\finditagain\findit2\val\X51006335547.png,train,REAL,group_0401,1,82,29,477,0.4854,4.317,2.071,0,0,10.022,0,12,0.1463,5,0.061,5,3,796.408,198.015,NONE
X51006335552,C:\Users\jay\Downloads\finditagain\findit2\test\X51006335552.png,train,REAL,group_0402,1,62,40,313,0.1813,4.0,0.97,0,0,3.014,0,14,0.2258,2,0.0323,5,0,2354.451,185.804,NONE
X51006335818,C:\Users\jay\Downloads\finditagain\findit2\test\X51006335818.png,train,REAL,group_0403,1,119,44,664,0.557,3.5,1.257,0,0,5.211,0,27,0.2269,8,0.0672,13,2,834.144,194.97,NONE
X51006349081,C:\Users\jay\Downloads\finditagain\findit2\train\X51006349081.png,test,REAL,group_0404,1,113,47,613,0.6062,6.61,1.902,2,0,10.529,1,15,0.1327,30,0.2655,11,11,605.809,188.487,NONE
X51006349083,C:\Users\jay\Downloads\finditagain\findit2\train\X51006349083.png,train,REAL,group_0405,1,53,33,317,0.2413,1.5,0.739,0,0,5.193,0,7,0.1321,4,0.0755,4,0,1599.476,232.285,NONE
X51006349085,C:\Users\jay\Downloads\finditagain\findit2\train\X51006349085.png,train,EDITED,group_0406,1,111,53,666,0.5692,5.222,2.011,0,0,5.289,0,20,0.1802,22,0.1982,10,6,413.59,208.743,NONE
X51006349086,C:\Users\jay\Downloads\finditagain\findit2\test\X51006349086.png,train,REAL,group_0407,1,65,28,375,0.753,4.317,1.183,0,0,4.001,0,6,0.0923,4,0.0615,1,0,546.247,137.85,NONE
X51006350737,C:\Users\jay\Downloads\finditagain\findit2\test\X51006350737.png,train,REAL,group_0408,1,112,46,595,0.6036,6.418,1.476,1,0,12.498,1,14,0.125,23,0.2054,10,5,649.983,187.625,NONE
X51006350750,C:\Users\jay\Downloads\finditagain\findit2\train\X51006350750.png,train,REAL,group_0409,1,9,6,56,0.0508,7.0,3.971,1,0,45.236,1,0,0.0,0,0.0,0,0,3674.56,136.057,NONE
X51006350763,C:\Users\jay\Downloads\finditagain\findit2\train\X51006350763.png,train,REAL,group_0410,1,65,32,343,0.3111,10.0,2.761,4,0,27.672,1,9,0.1385,7,0.1077,8,3,1280.025,151.618,NONE
X51006387660,C:\Users\jay\Downloads\finditagain\findit2\train\X51006387660.png,train,REAL,group_0411,1,49,25,297,0.2448,4.11,1.649,0,0,4.478,0,9,0.1837,5,0.102,0,0,1174.165,128.95,NONE
X51006387737,C:\Users\jay\Downloads\finditagain\findit2\test\X51006387737.png,train,REAL,group_0412,1,67,33,401,0.4154,7.12,1.926,1,0,17.347,1,13,0.194,7,0.1045,8,5,584.496,175.586,NONE
X51006387740,C:\Users\jay\Downloads\finditagain\findit2\train\X51006387740.png,test,REAL,group_0413,1,109,54,605,0.5513,3.5,1.067,0,0,9.779,0,27,0.2477,10,0.0917,7,2,545.355,201.953,NONE
X51006387812,C:\Users\jay\Downloads\finditagain\findit2\val\X51006387812.png,train,REAL,group_0414,1,34,21,195,0.1474,0.866,0.396,0,0,2.877,0,8,0.2353,0,0.0,2,0,4664.54,139.903,NONE
X51006387813,C:\Users\jay\Downloads\finditagain\findit2\train\X51006387813.png,train,REAL,group_0415,1,131,62,765,0.4194,5.0,1.142,0,0,7.607,0,20,0.1527,28,0.2137,15,12,1580.412,179.215,NONE
X51006387847,C:\Users\jay\Downloads\finditagain\findit2\train\X51006387847.png,train,REAL,group_0416,1,82,43,474,0.3972,19.0,2.787,2,0,50.383,1,22,0.2683,6,0.0732,8,4,864.476,190.066,NONE
X51006387850,C:\Users\jay\Downloads\finditagain\findit2\train\X51006387850.png,train,REAL,group_0417,1,70,36,410,0.4507,6.5,1.719,1,0,12.407,1,19,0.2714,9,0.1286,13,9,439.171,117.445,NONE
X51006387931,C:\Users\jay\Downloads\finditagain\findit2\train\X51006387931.png,train,REAL,group_0418,1,41,22,242,0.4273,2.16,0.824,0,0,2.926,0,4,0.0976,0,0.0,0,0,1119.841,160.001,NONE
X51006387932,C:\Users\jay\Downloads\finditagain\findit2\test\X51006387932.png,val,REAL,group_0419,1,46,22,240,0.2704,6.5,1.556,1,0,8.822,1,6,0.1304,0,0.0,0,0,1424.508,173.103,NONE
X51006387950,C:\Users\jay\Downloads\finditagain\findit2\val\X51006387950.png,val,REAL,group_0420,1,51,26,341,0.5988,1.658,0.792,0,0,2.273,0,3,0.0588,4,0.0784,0,0,620.586,158.311,NONE
X51006387951,C:\Users\jay\Downloads\finditagain\findit2\train\X51006387951.png,train,REAL,group_0421,1,43,20,231,0.4063,2.0,0.819,0,0,2.533,0,3,0.0698,0,0.0,0,0,1173.036,155.176,NONE
X51006387953,C:\Users\jay\Downloads\finditagain\findit2\train\X51006387953.png,train,REAL,group_0422,1,37,24,234,0.4143,2.867,1.294,0,0,2.709,0,3,0.0811,0,0.0,0,0,1116.673,160.366,NONE
X51006387971,C:\Users\jay\Downloads\finditagain\findit2\train\X51006387971.png,val,REAL,group_0423,1,83,35,481,0.4516,3.5,1.271,0,0,6.698,0,15,0.1807,2,0.0241,3,0,678.298,193.611,NONE
X51006387973,C:\Users\jay\Downloads\finditagain\findit2\val\X51006387973.png,test,REAL,group_0424,1,140,60,820,0.4061,5.5,1.139,1,0,6.387,0,13,0.0929,10,0.0714,6,0,2204.026,180.846,NONE
X51006388044,C:\Users\jay\Downloads\finditagain\findit2\test\X51006388044.png,train,EDITED,group_0425,1,33,21,199,0.1915,5.437,2.105,0,0,16.447,0,4,0.1212,2,0.0606,3,0,1598.46,189.51,NONE
X51006388064,C:\Users\jay\Downloads\finditagain\findit2\train\X51006388064.png,train,REAL,group_0426,1,93,46,535,0.4448,4.0,1.47,0,0,5.024,0,23,0.2473,9,0.0968,12,7,779.82,187.169,NONE
X51006388065,C:\Users\jay\Downloads\finditagain\findit2\test\X51006388065.png,train,REAL,group_0427,1,9,5,36,0.04,3.559,1.186,0,0,31.352,0,1,0.1111,0,0.0,0,0,8463.5,174.58,NONE
X51006388066,C:\Users\jay\Downloads\finditagain\findit2\val\X51006388066.png,train,REAL,group_0428,1,19,12,112,0.1226,2.055,1.161,0,0,4.979,0,2,0.1053,0,0.0,1,0,5552.017,114.547,NONE
X51006388068,C:\Users\jay\Downloads\finditagain\findit2\train\X51006388068.png,train,REAL,group_0429,1,5,3,28,0.0203,2.944,2.944,0,0,8.667,0,0,0.0,0,0.0,0,0,10712.25,74.463,NONE
X51006388069,C:\Users\jay\Downloads\finditagain\findit2\test\X51006388069.png,test,REAL,group_0430,1,83,42,409,0.2935,5.155,1.28,0,0,10.977,0,15,0.1807,0,0.0,2,0,612.985,153.144,NONE
X51006388081,C:\Users\jay\Downloads\finditagain\findit2\train\X51006388081.png,train,REAL,group_0431,1,20,16,103,0.0937,3.0,1.375,0,0,37.438,0,2,0.1,0,0.0,0,0,4827.867,167.035,NONE
X51006388082,C:\Users\jay\Downloads\finditagain\findit2\train\X51006388082.png,train,REAL,group_0432,1,68,32,412,0.4201,5.0,1.265,0,0,7.377,0,10,0.1471,4,0.0588,6,4,738.974,161.538,NONE
X51006388089,C:\Users\jay\Downloads\finditagain\findit2\train\X51006388089.png,train,REAL,group_0433,1,51,26,289,0.3358,3.091,1.214,0,0,7.041,0,5,0.098,6,0.1176,1,0,893.034,118.584,NONE
X51006389865,C:\Users\jay\Downloads\finditagain\findit2\train\X51006389865.png,test,REAL,group_0434,1,84,41,452,0.2457,5.0,1.206,0,0,9.667,0,16,0.1905,6,0.0714,6,2,1503.894,253.033,NONE
X51006389884,C:\Users\jay\Downloads\finditagain\findit2\train\X51006389884.png,train,REAL,group_0435,1,119,47,677,0.336,4.03,1.217,0,0,9.248,0,14,0.1176,2,0.0168,8,2,1302.21,239.36,NONE
X51006389888,C:\Users\jay\Downloads\finditagain\findit2\train\X51006389888.png,train,REAL,group_0436,1,121,47,648,0.3206,4.0,1.515,0,0,10.254,0,14,0.1157,0,0.0,6,0,1666.796,244.673,NONE
X51006389893,C:\Users\jay\Downloads\finditagain\findit2\train\X51006389893.png,train,REAL,group_0437,1,62,28,380,0.1886,4.81,1.626,0,0,6.951,0,10,0.1613,4,0.0645,1,0,1521.63,177.275,NONE
X51006389894,C:\Users\jay\Downloads\finditagain\findit2\train\X51006389894.png,train,REAL,group_0438,1,53,26,324,0.2044,5.154,2.019,0,0,9.26,0,6,0.1132,0,0.0,0,0,1510.24,206.978,NONE
X51006389898,C:\Users\jay\Downloads\finditagain\findit2\train\X51006389898.png,train,REAL,group_0439,1,88,37,416,0.2323,9.093,1.457,1,0,30.353,1,14,0.1591,7,0.0795,3,2,1734.5,265.98,NONE
X51006389963,C:\Users\jay\Downloads\finditagain\findit2\test\X51006389963.png,test,REAL,group_0440,1,193,87,1048,0.3401,6.344,1.201,0,0,16.106,0,27,0.1399,30,0.1554,17,16,2035.562,281.6,NONE
X51006392122,C:\Users\jay\Downloads\finditagain\findit2\test\X51006392122.png,train,REAL,group_0441,1,29,18,180,0.1738,3.091,1.887,0,0,6.761,0,6,0.2069,2,0.069,0,0,5343.031,137.849,NONE
X51006392167,C:\Users\jay\Downloads\finditagain\findit2\train\X51006392167.png,test,REAL,group_0442,1,89,39,484,0.561,3.631,1.2,0,0,3.545,0,17,0.191,4,0.0449,5,2,494.549,198.406,NONE
X51006392273,C:\Users\jay\Downloads\finditagain\findit2\train\X51006392273.png,train,REAL,group_0443,1,11,7,73,0.0762,1.5,0.657,0,0,4.963,0,0,0.0,0,0.0,0,0,9075.139,138.843,NONE
X51006392299,C:\Users\jay\Downloads\finditagain\findit2\train\X51006392299.png,train,EDITED,group_0444,1,57,29,328,0.3188,6.519,1.855,1,0,10.181,1,10,0.1754,8,0.1404,7,6,594.575,178.435,NONE
X51006392313,C:\Users\jay\Downloads\finditagain\findit2\train\X51006392313.png,train,REAL,group_0445,1,86,45,488,0.367,4.0,0.667,0,0,8.419,0,12,0.1395,2,0.0233,6,0,793.31,196.802,NONE
X51006393376,C:\Users\jay\Downloads\finditagain\findit2\train\X51006393376.png,val,REAL,group_0446,1,2,2,16,0.0244,0.0,0.0,0,0,0.0,0,1,0.5,0,0.0,0,0,0.0,26.0,NONE
X51006393377,C:\Users\jay\Downloads\finditagain\findit2\val\X51006393377.png,train,EDITED,group_0447,1,56,28,259,0.2799,4.5,0.649,0,0,4.892,0,14,0.25,0,0.0,0,0,2349.21,167.617,NONE
X51006401723,C:\Users\jay\Downloads\finditagain\findit2\test\X51006401723.png,train,REAL,group_0028,1,104,44,634,0.5107,4.75,1.537,0,0,8.807,0,16,0.1538,12,0.1154,4,0,835.653,201.254,NONE
X51006401836,C:\Users\jay\Downloads\finditagain\findit2\train\X51006401836.png,train,REAL,group_0448,1,28,20,156,0.1794,2.0,0.938,0,0,7.062,0,4,0.1429,0,0.0,1,0,1067.922,117.92,NONE
X51006401845,C:\Users\jay\Downloads\finditagain\findit2\train\X51006401845.png,train,REAL,group_0449,1,29,15,119,0.1466,10.323,2.018,1,0,24.62,1,5,0.1724,0,0.0,1,0,1218.209,180.675,NONE
X51006401853,C:\Users\jay\Downloads\finditagain\findit2\train\X51006401853.png,val,REAL,group_0029,1,66,30,427,0.432,3.5,1.02,0,0,6.673,0,8,0.1212,4,0.0606,3,0,979.681,177.968,NONE
X51006401869,C:\Users\jay\Downloads\finditagain\findit2\train\X51006401869.png,train,REAL,group_0450,1,43,26,250,0.2533,2.5,0.808,0,0,7.502,0,8,0.186,0,0.0,0,0,1373.642,188.637,NONE
X51006401940,C:\Users\jay\Downloads\finditagain\findit2\train\X51006401940.png,train,REAL,group_0451,1,99,52,559,0.5135,3.5,0.776,0,0,5.615,0,25,0.2525,8,0.0808,3,0,563.745,204.262,NONE
X51006401977,C:\Users\jay\Downloads\finditagain\findit2\test\X51006401977.png,test,EDITED,group_0452,1,44,23,246,0.2315,1.886,0.886,0,0,26.575,0,8,0.1818,0,0.0,2,0,1984.992,210.78,NONE
X51006401978,C:\Users\jay\Downloads\finditagain\findit2\train\X51006401978.png,train,REAL,group_0453,1,77,34,430,0.398,5.0,1.114,0,0,8.253,0,12,0.1558,4,0.0519,2,0,628.41,217.079,NONE
X51006414392,C:\Users\jay\Downloads\finditagain\findit2\val\X51006414392.png,train,REAL,group_0454,1,97,41,560,0.0162,20.0,3.839,0,0,47.266,0,9,0.0928,10,0.1031,1,0,21286.597,462.507,NONE
X51006414394,C:\Users\jay\Downloads\finditagain\findit2\train\X51006414394.png,train,EDITED,group_0455,1,124,64,710,0.0204,10.5,3.047,0,0,31.15,0,22,0.1774,16,0.129,10,5,4392.227,484.736,NONE
X51006414425,C:\Users\jay\Downloads\finditagain\findit2\train\X51006414425.png,train,REAL,group_0456,1,97,45,620,0.0178,9.104,4.135,0,0,35.123,0,10,0.1031,12,0.1237,11,8,1968.021,490.021,NONE
X51006414427,C:\Users\jay\Downloads\finditagain\findit2\train\X51006414427.png,test,REAL,group_0006,1,85,36,542,0.0156,8.498,4.592,0,0,32.828,0,9,0.1059,6,0.0706,7,4,2171.662,477.396,NONE
X51006414429,C:\Users\jay\Downloads\finditagain\findit2\val\X51006414429.png,test,REAL,group_0006,1,85,35,520,0.0149,7.5,4.207,0,0,33.394,0,9,0.1059,5,0.0588,6,3,2291.253,465.37,NONE
X51006414431,C:\Users\jay\Downloads\finditagain\findit2\train\X51006414431.png,val,REAL,group_0457,1,79,33,500,0.0144,8.042,4.355,0,0,37.11,0,8,0.1013,2,0.0253,3,0,3439.085,469.096,NONE
X51006414433,C:\Users\jay\Downloads\finditagain\findit2\train\X51006414433.png,train,EDITED,group_0458,1,86,36,540,0.0155,7.587,4.054,0,0,35.645,0,7,0.0814,7,0.0814,9,5,2321.404,477.056,NONE
X51006414470,C:\Users\jay\Downloads\finditagain\findit2\train\X51006414470.png,test,REAL,group_0002,1,86,39,545,0.0157,7.5,4.136,0,0,33.823,0,8,0.093,9,0.1047,10,7,2446.258,490.872,NONE
X51006414483,C:\Users\jay\Downloads\finditagain\findit2\val\X51006414483.png,test,REAL,group_0002,1,83,35,517,0.0149,8.0,4.298,0,0,33.384,0,8,0.0964,6,0.0723,7,4,1940.793,466.374,NONE
X51006414485,C:\Users\jay\Downloads\finditagain\findit2\train\X51006414485.png,train,REAL,group_0030,1,83,33,521,0.015,9.0,4.616,0,0,35.248,0,8,0.0964,4,0.0482,4,2,2034.554,450.715,NONE
X51006414512,C:\Users\jay\Downloads\finditagain\findit2\test\X51006414512.png,test,REAL,group_0459,1,63,22,351,0.0101,8.022,2.94,0,0,20.947,0,7,0.1111,2,0.0317,2,2,7812.726,400.063,NONE
X51006414519,C:\Users\jay\Downloads\finditagain\findit2\test\X51006414519.png,train,REAL,group_0460,1,96,46,527,0.0151,8.014,2.237,0,0,19.386,0,19,0.1979,6,0.0625,2,0,3649.802,314.701,NONE
X51006414532,C:\Users\jay\Downloads\finditagain\findit2\test\X51006414532.png,train,REAL,group_0461,1,149,61,711,0.0204,5.314,1.602,0,0,24.82,0,25,0.1678,8,0.0537,3,2,3818.496,517.719,NONE
X51006414533,C:\Users\jay\Downloads\finditagain\findit2\test\X51006414533.png,train,REAL,group_0462,1,61,22,372,0.0107,5.238,2.36,0,0,8.304,0,8,0.1311,2,0.0328,0,0,6239.664,347.392,NONE
X51006414592,C:\Users\jay\Downloads\finditagain\findit2\train\X51006414592.png,test,REAL,group_0002,1,89,38,550,0.0158,9.534,4.973,0,0,34.087,0,12,0.1348,7,0.0787,7,5,2601.901,493.834,NONE
X51006414593,C:\Users\jay\Downloads\finditagain\findit2\train\X51006414593.png,test,REAL,group_0003,1,95,41,582,0.0167,7.5,3.751,0,0,32.747,0,12,0.1263,8,0.0842,7,4,2435.047,483.877,NONE
X51006414599,C:\Users\jay\Downloads\finditagain\findit2\test\X51006414599.png,test,REAL,group_0463,1,148,52,870,0.025,6.495,2.756,0,0,87.129,0,14,0.0946,4,0.027,2,0,3049.513,403.361,NONE
X51006414600,C:\Users\jay\Downloads\finditagain\findit2\val\X51006414600.png,test,REAL,group_0464,1,88,39,427,0.0123,5.5,1.929,0,0,40.78,0,19,0.2159,8,0.0909,1,0,6493.325,451.606,NONE
X51006414631,C:\Users\jay\Downloads\finditagain\findit2\train\X51006414631.png,train,REAL,group_0465,1,95,47,609,0.018,7.018,4.068,0,0,35.0,0,10,0.1053,15,0.1579,14,11,2433.108,493.982,NONE
X51006414632,C:\Users\jay\Downloads\finditagain\findit2\train\X51006414632.png,train,REAL,group_0030,1,90,41,587,0.0169,8.874,5.072,0,0,32.275,0,8,0.0889,7,0.0778,9,5,2211.044,489.384,NONE
X51006414633,C:\Users\jay\Downloads\finditagain\findit2\train\X51006414633.png,test,REAL,group_0002,1,87,35,532,0.0153,7.018,3.454,0,0,30.861,0,10,0.1149,4,0.046,4,2,2214.384,466.575,NONE
X51006414636,C:\Users\jay\Downloads\finditagain\findit2\val\X51006414636.png,train,EDITED,group_0466,1,0,0,0,0.0,0.0,0.0,0,0,0.0,0,0,0.0,0,0.0,0,0,0.0,0.0,NONE
X51006414638,C:\Users\jay\Downloads\finditagain\findit2\test\X51006414638.png,val,REAL,group_0012,1,101,59,593,0.017,7.0,3.367,0,0,20.087,0,21,0.2079,13,0.1287,9,0,5300.149,477.109,NONE
X51006414671,C:\Users\jay\Downloads\finditagain\findit2\test\X51006414671.png,train,REAL,group_0467,1,99,46,626,0.018,10.209,3.22,0,0,44.802,0,11,0.1111,11,0.1111,10,7,2495.004,461.611,NONE
X51006414674,C:\Users\jay\Downloads\finditagain\findit2\train\X51006414674.png,train,REAL,group_0468,1,165,66,924,0.0265,15.5,3.767,1,0,51.668,1,22,0.1333,16,0.097,9,4,4254.748,464.995,NONE
X51006414675,C:\Users\jay\Downloads\finditagain\findit2\val\X51006414675.png,test,REAL,group_0469,1,170,71,937,0.0269,7.542,3.824,0,0,37.672,0,22,0.1294,14,0.0824,6,2,3730.164,449.477,NONE
X51006414677,C:\Users\jay\Downloads\finditagain\findit2\train\X51006414677.png,val,REAL,group_0470,1,102,34,514,0.0148,7.603,1.658,0,0,18.359,0,10,0.098,4,0.0392,1,0,20090.663,361.6,NONE
X51006414679,C:\Users\jay\Downloads\finditagain\findit2\train\X51006414679.png,train,REAL,group_0471,1,72,29,399,0.0115,10.0,2.983,0,0,14.405,0,11,0.1528,11,0.1528,3,2,7842.408,521.235,NONE
X51006414680,C:\Users\jay\Downloads\finditagain\findit2\test\X51006414680.png,train,REAL,group_0472,1,77,36,426,0.0122,5.5,2.224,0,0,15.65,0,11,0.1429,6,0.0779,0,0,2948.74,382.878,NONE
X51006414700,C:\Users\jay\Downloads\finditagain\findit2\train\X51006414700.png,train,REAL,group_0031,1,95,38,588,0.0169,12.703,3.569,0,0,34.46,0,16,0.1684,10,0.1053,1,0,2456.922,417.099,NONE
X51006414702,C:\Users\jay\Downloads\finditagain\findit2\train\X51006414702.png,train,EDITED,group_0473,1,97,52,550,0.0158,9.933,4.737,0,0,39.13,0,19,0.1959,24,0.2474,15,13,2539.057,442.254,NONE
X51006414703,C:\Users\jay\Downloads\finditagain\findit2\train\X51006414703.png,train,REAL,group_0474,1,135,57,772,0.0223,11.686,2.643,0,0,27.038,0,26,0.1926,24,0.1778,3,2,2400.688,463.933,NONE
X51006414708,C:\Users\jay\Downloads\finditagain\findit2\train\X51006414708.png,test,REAL,group_0475,1,108,56,612,0.0176,7.5,2.603,0,0,13.975,0,24,0.2222,15,0.1389,8,2,3560.824,539.961,NONE
X51006414711,C:\Users\jay\Downloads\finditagain\findit2\train\X51006414711.png,train,REAL,group_0476,1,170,65,921,0.0265,7.5,3.412,0,0,42.13,0,26,0.1529,16,0.0941,7,4,4515.449,458.956,NONE
X51006414712,C:\Users\jay\Downloads\finditagain\findit2\test\X51006414712.png,train,REAL,group_0477,1,179,80,967,0.0278,11.716,3.918,1,0,37.647,1,26,0.1453,14,0.0782,4,0,4450.87,456.0,NONE
X51006414713,C:\Users\jay\Downloads\finditagain\findit2\train\X51006414713.png,train,REAL,group_0478,1,138,80,795,0.0228,12.617,3.658,0,0,17.38,0,23,0.1667,27,0.1957,6,2,3740.208,452.078,NONE
X51006414714,C:\Users\jay\Downloads\finditagain\findit2\train\X51006414714.png,train,REAL,group_0479,1,96,46,509,0.0146,12.5,2.796,1,0,19.302,1,21,0.2188,4,0.0417,7,2,5062.2,478.162,NONE
X51006414715,C:\Users\jay\Downloads\finditagain\findit2\test\X51006414715.png,train,EDITED,group_0480,1,87,36,488,0.014,6.312,2.238,0,0,60.32,0,8,0.092,4,0.046,2,0,9226.531,484.855,NONE
X51006414717,C:\Users\jay\Downloads\finditagain\findit2\train\X51006414717.png,train,REAL,group_0481,1,132,49,698,0.0201,13.103,3.136,0,0,30.495,0,24,0.1818,15,0.1136,0,0,3508.743,421.807,NONE
X51006414718,C:\Users\jay\Downloads\finditagain\findit2\train\X51006414718.png,train,REAL,group_0482,1,93,38,545,0.0157,17.828,3.145,1,0,51.482,1,15,0.1613,9,0.0968,2,0,2906.225,392.639,NONE
X51006414719,C:\Users\jay\Downloads\finditagain\findit2\val\X51006414719.png,train,REAL,group_0031,1,90,41,504,0.0145,11.792,2.658,0,0,31.319,0,19,0.2111,11,0.1222,2,2,2834.31,422.489,NONE
X51006414720,C:\Users\jay\Downloads\finditagain\findit2\test\X51006414720.png,val,REAL,group_0483,1,86,42,558,0.0171,18.5,2.749,1,0,48.679,1,13,0.1512,5,0.0581,9,5,3476.2,393.678,NONE
X51006414721,C:\Users\jay\Downloads\finditagain\findit2\train\X51006414721.png,train,REAL,group_0484,1,166,60,895,0.0257,8.26,3.7,0,0,39.64,0,22,0.1325,15,0.0904,7,3,3739.033,440.95,NONE
X51006414728,C:\Users\jay\Downloads\finditagain\findit2\val\X51006414728.png,train,EDITED,group_0485,1,65,30,398,0.0115,4.028,2.041,0,0,42.256,0,5,0.0769,4,0.0615,1,0,8653.629,534.042,NONE
X51006414733,C:\Users\jay\Downloads\finditagain\findit2\train\X51006414733.png,train,REAL,group_0486,1,164,79,1022,0.0296,10.581,1.712,0,0,15.698,0,39,0.2378,11,0.0671,1,0,2424.026,424.777,NONE
X51006438346,C:\Users\jay\Downloads\finditagain\findit2\test\X51006438346.png,train,REAL,group_0487,1,101,34,519,0.1342,2.0,0.691,0,0,6.928,0,18,0.1782,8,0.0792,7,2,709.019,162.276,NONE
X51006441473,C:\Users\jay\Downloads\finditagain\findit2\train\X51006441473.png,train,REAL,group_0488,1,78,37,468,0.5227,5.185,0.695,0,0,12.242,0,10,0.1282,4,0.0513,5,0,755.806,152.63,NONE
X51006441474,C:\Users\jay\Downloads\finditagain\findit2\val\X51006441474.png,test,REAL,group_0489,1,118,48,709,1.171,2.357,0.793,0,0,4.001,0,20,0.1695,16,0.1356,9,6,255.446,171.454,NONE
X51006466055,C:\Users\jay\Downloads\finditagain\findit2\val\X51006466055.png,train,REAL,group_0490,1,1,1,7,0.0062,0.0,0.0,0,0,0.0,0,1,1.0,0,0.0,0,0,0.0,0.0,NONE
X51006466056,C:\Users\jay\Downloads\finditagain\findit2\val\X51006466056.png,train,REAL,group_0491,1,90,49,534,0.6184,3.0,0.944,0,0,2.509,0,12,0.1333,10,0.1111,5,2,735.972,140.955,NONE
X51006466060,C:\Users\jay\Downloads\finditagain\findit2\train\X51006466060.png,train,REAL,group_0492,1,60,32,285,0.7062,1.5,0.667,0,0,0.596,0,9,0.15,2,0.0333,0,0,446.239,109.128,NONE
X51006466062,C:\Users\jay\Downloads\finditagain\findit2\test\X51006466062.png,train,REAL,group_0493,1,54,28,248,0.6398,3.323,0.647,0,0,2.186,0,11,0.2037,4,0.0741,0,0,564.0,108.808,NONE
X51006466065,C:\Users\jay\Downloads\finditagain\findit2\train\X51006466065.png,test,REAL,group_0494,1,92,41,473,0.629,1.5,0.507,0,0,5.495,0,16,0.1739,4,0.0435,4,0,594.96,163.939,NONE
X51006466066,C:\Users\jay\Downloads\finditagain\findit2\train\X51006466066.png,train,REAL,group_0495,1,115,63,595,0.5331,2.0,0.891,0,0,5.704,0,24,0.2087,14,0.1217,12,5,1202.261,174.634,NONE
X51006466070,C:\Users\jay\Downloads\finditagain\findit2\val\X51006466070.png,test,REAL,group_0496,1,72,36,360,0.8474,2.5,0.573,0,0,3.955,0,11,0.1528,4,0.0556,0,0,410.256,101.92,NONE
X51006466778,C:\Users\jay\Downloads\finditagain\findit2\val\X51006466778.png,test,REAL,group_0497,1,41,21,211,0.3669,4.028,0.775,0,0,3.827,0,10,0.2439,0,0.0,0,0,2932.948,161.995,NONE
X51006502529,C:\Users\jay\Downloads\finditagain\findit2\train\X51006502529.png,train,REAL,group_0498,1,81,33,486,1.3009,2.598,0.432,0,0,0.798,0,12,0.1481,4,0.0494,6,2,323.797,109.042,NONE
X51006502531,C:\Users\jay\Downloads\finditagain\findit2\test\X51006502531.png,test,REAL,group_0499,1,99,38,543,0.9293,4.5,0.963,0,0,7.85,0,9,0.0909,0,0.0,2,0,515.61,108.288,NONE
X51006502533,C:\Users\jay\Downloads\finditagain\findit2\val\X51006502533.png,train,REAL,group_0500,1,79,41,454,0.5315,1.7,0.65,0,0,4.879,0,10,0.1266,11,0.1392,7,5,1043.64,155.667,NONE
X51006502534,C:\Users\jay\Downloads\finditagain\findit2\train\X51006502534.png,train,REAL,group_0501,1,84,32,478,0.8618,2.165,0.879,0,0,3.54,0,10,0.119,0,0.0,4,0,662.114,104.444,NONE
X51006502535,C:\Users\jay\Downloads\finditagain\findit2\train\X51006502535.png,train,REAL,group_0502,1,83,34,488,0.8664,2.062,0.704,0,0,1.824,0,9,0.1084,2,0.0241,5,2,544.674,118.906,NONE
X51006502540,C:\Users\jay\Downloads\finditagain\findit2\test\X51006502540.png,train,REAL,group_0503,1,91,36,505,0.5947,2.227,0.855,0,0,4.887,0,11,0.1209,4,0.044,4,0,559.107,167.975,NONE
X51006554833,C:\Users\jay\Downloads\finditagain\findit2\val\X51006554833.png,test,REAL,group_0504,1,52,31,265,0.3078,2.598,0.529,0,0,2.62,0,9,0.1731,4,0.0769,4,2,1129.379,166.526,NONE
X51006554841,C:\Users\jay\Downloads\finditagain\findit2\train\X51006554841.png,train,EDITED,group_0505,1,43,27,238,0.286,1.5,0.341,0,0,14.694,0,9,0.2093,3,0.0698,4,0,2231.905,151.892,NONE
X51006555072,C:\Users\jay\Downloads\finditagain\findit2\val\X51006555072.png,val,REAL,group_0506,1,38,21,253,0.4352,3.5,0.809,0,0,2.577,0,6,0.1579,4,0.1053,0,0,749.44,143.653,NONE
X51006555125,C:\Users\jay\Downloads\finditagain\findit2\val\X51006555125.png,train,EDITED,group_0507,1,33,18,195,0.2657,2.5,0.704,0,0,3.287,0,5,0.1515,0,0.0,3,0,1558.242,181.782,NONE
X51006555570,C:\Users\jay\Downloads\finditagain\findit2\test\X51006555570.png,train,REAL,group_0508,1,42,35,211,0.2077,0.5,0.245,0,0,9.565,0,16,0.381,9,0.2143,11,7,1078.121,160.283,NONE
X51006555780,C:\Users\jay\Downloads\finditagain\findit2\val\X51006555780.png,val,REAL,group_0509,1,75,33,389,0.5298,4.0,1.355,0,0,6.656,0,13,0.1733,6,0.08,3,0,716.304,148.809,NONE
X51006555784,C:\Users\jay\Downloads\finditagain\findit2\test\X51006555784.png,train,REAL,group_0510,1,140,47,804,1.1194,4.261,1.535,0,0,4.509,0,22,0.1571,13,0.0929,10,4,284.864,174.944,NONE
X51006555806,C:\Users\jay\Downloads\finditagain\findit2\train\X51006555806.png,test,EDITED,group_0511,1,162,54,919,1.2311,4.0,1.276,0,0,4.33,0,27,0.1667,15,0.0926,7,0,318.355,165.915,NONE
X51006555814,C:\Users\jay\Downloads\finditagain\findit2\train\X51006555814.png,test,REAL,group_0512,1,142,53,709,0.9282,4.0,1.104,0,0,3.735,0,27,0.1901,9,0.0634,12,0,397.707,171.855,NONE
X51006555817,C:\Users\jay\Downloads\finditagain\findit2\train\X51006555817.png,train,REAL,group_0513,1,132,46,707,0.9503,7.5,1.41,1,0,10.323,1,25,0.1894,9,0.0682,9,2,376.188,159.513,NONE
X51006555818,C:\Users\jay\Downloads\finditagain\findit2\test\X51006555818.png,train,REAL,group_0514,1,112,48,563,0.6996,4.714,1.293,0,0,6.728,0,21,0.1875,10,0.0893,8,2,391.985,162.707,NONE
X51006555819,C:\Users\jay\Downloads\finditagain\findit2\train\X51006555819.png,train,REAL,group_0515,1,113,38,589,0.7968,3.919,1.145,0,0,6.83,0,11,0.0973,6,0.0531,2,0,469.883,159.408,NONE
X51006555833,C:\Users\jay\Downloads\finditagain\findit2\train\X51006555833.png,train,REAL,group_0516,1,139,44,824,1.1466,3.5,1.473,0,0,4.181,0,15,0.1079,13,0.0935,6,0,463.157,162.379,NONE
X51006555835,C:\Users\jay\Downloads\finditagain\findit2\val\X51006555835.png,train,REAL,group_0517,1,130,38,782,1.0372,3.5,1.465,0,0,4.804,0,16,0.1231,9,0.0692,6,0,429.277,139.098,NONE
X51006556591,C:\Users\jay\Downloads\finditagain\findit2\test\X51006556591.png,train,REAL,group_0518,1,152,48,879,1.1351,4.5,1.499,0,0,5.271,0,24,0.1579,10,0.0658,10,2,368.747,169.733,NONE
X51006556596,C:\Users\jay\Downloads\finditagain\findit2\val\X51006556596.png,train,REAL,group_0519,1,107,40,611,0.7784,5.0,1.545,0,0,5.607,0,16,0.1495,8,0.0748,6,2,342.852,160.631,NONE
X51006556603,C:\Users\jay\Downloads\finditagain\findit2\test\X51006556603.png,train,EDITED,group_0520,1,116,35,664,1.1064,4.0,1.097,0,0,4.091,0,12,0.1034,4,0.0345,3,0,291.557,143.374,NONE
X51006556604,C:\Users\jay\Downloads\finditagain\findit2\test\X51006556604.png,train,REAL,group_0521,1,154,55,882,1.1972,4.0,1.504,0,0,4.31,0,27,0.1753,13,0.0844,13,0,285.414,183.884,NONE
X51006556610,C:\Users\jay\Downloads\finditagain\findit2\test\X51006556610.png,test,REAL,group_0522,1,120,63,731,0.8581,4.84,1.142,0,0,1.617,0,23,0.1917,19,0.1583,12,7,327.539,166.208,NONE
X51006556646,C:\Users\jay\Downloads\finditagain\findit2\train\X51006556646.png,train,REAL,group_0523,1,149,57,891,1.1025,4.224,1.223,0,0,3.232,0,22,0.1477,13,0.0872,14,4,520.122,176.488,NONE
X51006556648,C:\Users\jay\Downloads\finditagain\findit2\test\X51006556648.png,train,REAL,group_0524,1,165,53,919,1.219,4.0,1.385,0,0,4.915,0,30,0.1818,12,0.0727,13,2,303.034,173.358,NONE
X51006556650,C:\Users\jay\Downloads\finditagain\findit2\test\X51006556650.png,train,REAL,group_0525,1,155,52,923,1.2406,4.099,1.364,0,0,4.025,0,24,0.1548,11,0.071,12,0,301.509,174.349,NONE
X51006556654,C:\Users\jay\Downloads\finditagain\findit2\train\X51006556654.png,test,REAL,group_0526,1,148,48,835,1.1077,3.97,1.4,0,0,5.283,0,25,0.1689,11,0.0743,7,2,283.019,156.19,NONE
X51006556656,C:\Users\jay\Downloads\finditagain\findit2\train\X51006556656.png,train,REAL,group_0527,1,137,54,792,1.0436,5.5,1.406,0,0,5.36,0,21,0.1533,7,0.0511,8,0,354.688,175.683,NONE
X51006556657,C:\Users\jay\Downloads\finditagain\findit2\train\X51006556657.png,val,EDITED,group_0528,1,151,43,877,1.2106,4.099,1.624,0,0,5.628,0,24,0.1589,11,0.0728,11,0,333.93,162.266,NONE
X51006556658,C:\Users\jay\Downloads\finditagain\findit2\val\X51006556658.png,train,REAL,group_0529,1,149,48,842,1.1141,4.967,1.607,0,0,5.256,0,23,0.1544,10,0.0671,12,2,353.254,164.344,NONE
X51006556723,C:\Users\jay\Downloads\finditagain\findit2\train\X51006556723.png,train,REAL,group_0530,1,133,36,798,1.2769,4.261,1.475,0,0,4.083,0,7,0.0526,9,0.0677,1,0,246.371,163.513,NONE
X51006556726,C:\Users\jay\Downloads\finditagain\findit2\test\X51006556726.png,train,EDITED,group_0531,1,154,47,897,1.2344,4.099,1.609,0,0,4.093,0,27,0.1753,15,0.0974,12,4,327.089,174.62,NONE
X51006556728,C:\Users\jay\Downloads\finditagain\findit2\train\X51006556728.png,train,EDITED,group_0532,1,147,60,842,1.1113,4.967,1.46,0,0,6.031,0,26,0.1769,9,0.0612,13,0,307.447,182.14,NONE
X51006556730,C:\Users\jay\Downloads\finditagain\findit2\train\X51006556730.png,test,REAL,group_0533,1,90,38,495,0.8869,2.16,0.866,0,0,10.148,0,13,0.1444,4,0.0444,2,0,300.992,199.28,NONE
X51006556732,C:\Users\jay\Downloads\finditagain\findit2\val\X51006556732.png,train,REAL,group_0534,1,150,45,835,1.1468,4.673,1.697,0,0,5.563,0,22,0.1467,11,0.0733,11,4,325.335,166.852,NONE
X51006556734,C:\Users\jay\Downloads\finditagain\findit2\train\X51006556734.png,val,REAL,group_0535,1,163,51,925,1.235,4.261,1.551,0,0,4.521,0,30,0.184,11,0.0675,13,2,287.116,174.838,NONE
X51006556738,C:\Users\jay\Downloads\finditagain\findit2\train\X51006556738.png,train,REAL,group_0536,1,165,63,939,1.2235,8.219,1.595,0,0,10.634,0,36,0.2182,11,0.0667,16,2,358.016,183.084,NONE
X51006556740,C:\Users\jay\Downloads\finditagain\findit2\train\X51006556740.png,test,REAL,group_0537,1,144,54,783,1.0087,4.0,1.271,0,0,5.555,0,27,0.1875,9,0.0625,8,2,312.66,159.728,NONE
X51006556806,C:\Users\jay\Downloads\finditagain\findit2\test\X51006556806.png,test,REAL,group_0538,1,141,42,780,1.0138,3.559,1.327,0,0,4.601,0,19,0.1348,12,0.0851,10,3,362.791,165.0,NONE
X51006556808,C:\Users\jay\Downloads\finditagain\findit2\test\X51006556808.png,train,REAL,group_0539,1,144,54,770,0.9267,4.0,1.255,0,0,5.008,0,29,0.2014,7,0.0486,9,0,341.482,160.77,NONE
X51006556809,C:\Users\jay\Downloads\finditagain\findit2\train\X51006556809.png,train,REAL,group_0540,1,150,51,841,1.1302,3.771,1.172,0,0,3.704,0,24,0.16,9,0.06,12,2,353.864,178.219,NONE
X51006556810,C:\Users\jay\Downloads\finditagain\findit2\test\X51006556810.png,train,REAL,group_0541,1,140,44,792,1.0511,4.454,1.49,0,0,3.841,0,17,0.1214,8,0.0571,6,0,331.088,165.51,NONE
X51006556812,C:\Users\jay\Downloads\finditagain\findit2\test\X51006556812.png,val,REAL,group_0542,1,155,50,868,1.1628,4.099,1.174,0,0,4.037,0,28,0.1806,15,0.0968,11,4,369.347,172.562,NONE
X51006556815,C:\Users\jay\Downloads\finditagain\findit2\val\X51006556815.png,val,REAL,group_0543,1,144,46,838,1.0625,3.771,1.286,0,0,5.579,0,23,0.1597,8,0.0556,8,0,354.274,157.981,NONE
X51006556818,C:\Users\jay\Downloads\finditagain\findit2\train\X51006556818.png,val,EDITED,group_0544,1,117,40,631,0.8536,3.5,1.667,0,0,5.29,0,14,0.1197,9,0.0769,4,0,429.753,156.036,NONE
X51006556821,C:\Users\jay\Downloads\finditagain\findit2\val\X51006556821.png,val,REAL,group_0545,1,153,51,849,1.1522,3.611,1.245,0,0,5.871,0,28,0.183,15,0.098,10,4,313.93,170.399,NONE
X51006556823,C:\Users\jay\Downloads\finditagain\findit2\train\X51006556823.png,train,REAL,group_0546,1,142,45,814,1.1237,4.0,1.365,0,0,6.427,0,23,0.162,5,0.0352,7,0,294.944,174.244,NONE
X51006556824,C:\Users\jay\Downloads\finditagain\findit2\train\X51006556824.png,train,REAL,group_0547,1,158,64,905,1.1772,3.5,1.187,0,0,5.141,0,31,0.1962,12,0.0759,12,4,306.268,185.559,NONE
X51006556825,C:\Users\jay\Downloads\finditagain\findit2\train\X51006556825.png,train,REAL,group_0548,1,157,50,901,1.2354,4.0,1.362,0,0,4.542,0,31,0.1975,10,0.0637,13,4,298.628,169.287,NONE
X51006556826,C:\Users\jay\Downloads\finditagain\findit2\train\X51006556826.png,train,REAL,group_0549,1,144,46,851,1.159,4.0,1.523,0,0,4.897,0,23,0.1597,14,0.0972,10,4,365.642,175.083,NONE
X51006556827,C:\Users\jay\Downloads\finditagain\findit2\test\X51006556827.png,train,REAL,group_0550,1,159,52,919,1.2189,3.771,1.231,0,0,4.243,0,30,0.1887,8,0.0503,13,4,315.745,172.906,NONE
X51006556828,C:\Users\jay\Downloads\finditagain\findit2\test\X51006556828.png,train,REAL,group_0551,1,140,49,816,1.0266,4.0,1.526,0,0,5.239,0,23,0.1643,6,0.0429,13,0,321.151,181.342,NONE
X51006556829,C:\Users\jay\Downloads\finditagain\findit2\test\X51006556829.png,train,REAL,group_0552,1,144,49,842,1.1467,4.578,1.345,0,0,4.228,0,19,0.1319,11,0.0764,7,2,317.864,163.568,NONE
X51006556830,C:\Users\jay\Downloads\finditagain\findit2\test\X51006556830.png,train,REAL,group_0553,1,109,58,682,0.8872,2.5,0.684,0,0,1.738,0,16,0.1468,27,0.2477,9,8,376.614,160.285,NONE
X51006556831,C:\Users\jay\Downloads\finditagain\findit2\train\X51006556831.png,train,REAL,group_0554,1,110,57,683,0.8771,3.0,0.916,0,0,3.548,0,22,0.2,27,0.2455,14,12,386.861,165.165,NONE
X51006556838,C:\Users\jay\Downloads\finditagain\findit2\test\X51006556838.png,train,REAL,group_0555,1,146,50,783,1.0951,4.714,1.381,0,0,7.755,0,24,0.1644,7,0.0479,5,0,336.694,162.462,NONE
X51006556839,C:\Users\jay\Downloads\finditagain\findit2\train\X51006556839.png,test,REAL,group_0556,1,131,46,725,0.9808,4.0,1.133,0,0,3.833,0,21,0.1603,5,0.0382,9,0,387.598,176.996,NONE
X51006556840,C:\Users\jay\Downloads\finditagain\findit2\test\X51006556840.png,val,REAL,group_0557,1,133,47,734,0.912,3.611,1.396,0,0,4.629,0,22,0.1654,11,0.0827,9,2,633.259,163.118,NONE
X51006556841,C:\Users\jay\Downloads\finditagain\findit2\test\X51006556841.png,val,REAL,group_0558,1,147,48,841,1.1473,4.0,1.211,0,0,5.497,0,16,0.1088,8,0.0544,6,0,293.957,167.707,NONE
X51006556851,C:\Users\jay\Downloads\finditagain\findit2\val\X51006556851.png,train,EDITED,group_0559,1,125,47,731,0.9388,4.0,1.693,0,0,5.882,0,21,0.168,7,0.056,11,0,320.076,158.572,NONE
X51006556852,C:\Users\jay\Downloads\finditagain\findit2\train\X51006556852.png,test,REAL,group_0560,1,118,52,700,0.8368,4.121,1.527,0,0,4.946,0,21,0.178,4,0.0339,9,0,484.43,169.222,NONE
X51006556861,C:\Users\jay\Downloads\finditagain\findit2\train\X51006556861.png,train,REAL,group_0561,1,109,35,615,0.821,4.0,1.378,0,0,5.703,0,13,0.1193,8,0.0734,2,0,476.851,141.65,NONE
X51006556865,C:\Users\jay\Downloads\finditagain\findit2\test\X51006556865.png,train,EDITED,group_0562,1,117,37,633,0.7908,4.123,1.739,0,0,5.352,0,13,0.1111,8,0.0684,5,0,397.188,146.838,NONE
X51006557115,C:\Users\jay\Downloads\finditagain\findit2\train\X51006557115.png,train,REAL,group_0563,1,157,54,952,1.2565,4.714,1.215,0,0,4.435,0,28,0.1783,11,0.0701,14,2,302.891,178.695,NONE
X51006557117,C:\Users\jay\Downloads\finditagain\findit2\test\X51006557117.png,test,EDITED,group_0564,1,155,57,879,1.1387,3.611,1.162,0,0,4.664,0,30,0.1935,10,0.0645,13,2,301.377,167.159,NONE
X51006557119,C:\Users\jay\Downloads\finditagain\findit2\val\X51006557119.png,val,REAL,group_0565,1,144,44,834,1.1773,4.0,1.576,0,0,4.462,0,21,0.1458,14,0.0972,11,3,362.513,171.972,NONE
X51006557161,C:\Users\jay\Downloads\finditagain\findit2\train\X51006557161.png,train,REAL,group_0566,1,160,48,899,1.2347,4.0,1.358,0,0,4.627,0,29,0.1812,13,0.0813,13,4,306.062,172.024,NONE
X51006557164,C:\Users\jay\Downloads\finditagain\findit2\train\X51006557164.png,train,REAL,group_0567,1,145,48,834,1.1281,4.224,1.48,0,0,4.497,0,25,0.1724,13,0.0897,14,2,283.03,175.838,NONE
X51006557168,C:\Users\jay\Downloads\finditagain\findit2\train\X51006557168.png,test,REAL,group_0568,1,137,45,780,1.0414,3.848,1.39,0,0,4.595,0,20,0.146,9,0.0657,8,2,313.072,166.527,NONE
X51006557169,C:\Users\jay\Downloads\finditagain\findit2\val\X51006557169.png,train,EDITED,group_0569,1,136,42,784,1.0749,4.0,1.533,0,0,3.372,0,18,0.1324,5,0.0368,5,0,811.562,160.398,NONE
X51006557170,C:\Users\jay\Downloads\finditagain\findit2\train\X51006557170.png,val,REAL,group_0570,1,156,53,894,1.2593,3.771,1.252,0,0,4.479,0,29,0.1859,15,0.0962,13,2,319.093,164.974,NONE
X51006557173,C:\Users\jay\Downloads\finditagain\findit2\val\X51006557173.png,train,REAL,group_0571,1,151,47,867,1.1771,3.559,1.378,0,0,4.494,0,22,0.1457,13,0.0861,9,0,300.983,165.735,NONE
X51006557178,C:\Users\jay\Downloads\finditagain\findit2\train\X51006557178.png,train,REAL,group_0572,1,137,43,743,1.019,3.5,1.319,0,0,5.53,0,22,0.1606,11,0.0803,7,0,407.658,163.623,NONE
X51006557179,C:\Users\jay\Downloads\finditagain\findit2\train\X51006557179.png,train,REAL,group_0573,1,143,48,840,1.1521,3.868,1.618,0,0,6.495,0,22,0.1538,13,0.0909,9,4,310.009,166.937,NONE
X51006557184,C:\Users\jay\Downloads\finditagain\findit2\test\X51006557184.png,train,REAL,group_0574,1,148,47,876,1.16,4.0,1.262,0,0,4.928,0,26,0.1757,11,0.0743,11,2,363.638,172.393,NONE
X51006557185,C:\Users\jay\Downloads\finditagain\findit2\train\X51006557185.png,train,REAL,group_0575,1,142,45,765,1.0146,4.028,1.338,0,0,5.718,0,24,0.169,7,0.0493,5,0,344.694,153.741,NONE
X51006557187,C:\Users\jay\Downloads\finditagain\findit2\train\X51006557187.png,train,EDITED,group_0576,1,146,52,831,1.095,4.243,1.669,0,0,4.625,0,24,0.1644,13,0.089,12,2,360.289,187.529,NONE
X51006557188,C:\Users\jay\Downloads\finditagain\findit2\test\X51006557188.png,train,REAL,group_0577,1,153,48,869,1.1756,4.0,1.777,0,0,6.015,0,25,0.1634,9,0.0588,8,2,295.443,161.959,NONE
X51006557193,C:\Users\jay\Downloads\finditagain\findit2\train\X51006557193.png,val,EDITED,group_0578,1,139,46,810,1.0621,3.919,1.379,0,0,4.436,0,28,0.2014,13,0.0935,11,4,313.529,170.119,NONE
X51006557194,C:\Users\jay\Downloads\finditagain\findit2\val\X51006557194.png,val,REAL,group_0579,1,159,57,882,1.1698,4.0,1.313,0,0,3.985,0,30,0.1887,13,0.0818,16,2,308.984,165.972,NONE
X51006557195,C:\Users\jay\Downloads\finditagain\findit2\test\X51006557195.png,train,EDITED,group_0580,1,173,63,976,1.2337,3.771,1.299,0,0,4.019,0,36,0.2081,12,0.0694,15,2,313.282,172.636,NONE
X51006557196,C:\Users\jay\Downloads\finditagain\findit2\train\X51006557196.png,train,REAL,group_0581,1,156,49,885,1.1975,3.774,1.342,0,0,5.221,0,29,0.1859,11,0.0705,12,2,371.35,170.146,NONE
X51006557198,C:\Users\jay\Downloads\finditagain\findit2\train\X51006557198.png,val,REAL,group_0582,1,156,58,927,1.1829,3.767,1.252,0,0,4.212,0,25,0.1603,14,0.0897,12,0,309.714,171.513,NONE
X51006557199,C:\Users\jay\Downloads\finditagain\findit2\train\X51006557199.png,train,REAL,group_0583,1,164,56,940,1.2326,3.559,1.246,0,0,3.174,0,39,0.2378,16,0.0976,16,6,316.046,181.011,NONE
X51006557202,C:\Users\jay\Downloads\finditagain\findit2\train\X51006557202.png,val,REAL,group_0584,1,139,48,752,1.0623,3.611,1.123,0,0,4.128,0,20,0.1439,5,0.036,4,0,315.616,148.383,NONE
X51006557208,C:\Users\jay\Downloads\finditagain\findit2\train\X51006557208.png,train,REAL,group_0585,1,141,45,827,1.1519,4.0,1.302,0,0,3.987,0,19,0.1348,15,0.1064,9,4,299.291,167.134,NONE
X51006557209,C:\Users\jay\Downloads\finditagain\findit2\train\X51006557209.png,test,REAL,group_0586,1,129,40,742,1.2547,4.0,1.105,0,0,3.315,0,17,0.1318,6,0.0465,5,2,279.153,158.027,NONE
X51006557210,C:\Users\jay\Downloads\finditagain\findit2\val\X51006557210.png,train,REAL,group_0587,1,159,54,881,1.1839,4.0,1.345,0,0,4.878,0,31,0.195,15,0.0943,15,2,320.538,169.712,NONE
X51006557213,C:\Users\jay\Downloads\finditagain\findit2\train\X51006557213.png,val,REAL,group_0588,1,143,52,843,1.1484,4.0,1.616,0,0,4.964,0,20,0.1399,9,0.0629,10,2,305.611,164.848,NONE
X51006557507,C:\Users\jay\Downloads\finditagain\findit2\test\X51006557507.png,val,REAL,group_0589,1,136,44,760,1.0491,10.107,1.377,1,0,7.309,1,19,0.1397,7,0.0515,8,2,277.049,159.503,NONE
X51006557508,C:\Users\jay\Downloads\finditagain\findit2\test\X51006557508.png,test,REAL,group_0590,1,163,51,933,1.2374,4.0,1.38,0,0,5.996,0,33,0.2025,11,0.0675,15,2,299.16,170.878,NONE
X51006619328,C:\Users\jay\Downloads\finditagain\findit2\train\X51006619328.png,train,REAL,group_0591,1,63,32,376,0.2302,10.424,1.347,1,0,11.134,1,11,0.1746,2,0.0317,4,0,1688.772,205.732,NONE
X51006619338,C:\Users\jay\Downloads\finditagain\findit2\train\X51006619338.png,test,REAL,group_0592,1,49,19,292,0.1942,6.185,3.152,0,0,12.078,0,7,0.1429,3,0.0612,4,3,1174.583,206.081,NONE
X51006619341,C:\Users\jay\Downloads\finditagain\findit2\train\X51006619341.png,train,REAL,group_0593,1,89,31,535,0.3046,6.0,2.509,1,0,24.142,0,16,0.1798,6,0.0674,8,4,977.21,215.352,NONE
X51006619342,C:\Users\jay\Downloads\finditagain\findit2\test\X51006619342.png,train,REAL,group_0594,1,58,26,345,0.2311,9.5,2.55,1,0,32.744,1,10,0.1724,4,0.069,5,4,1376.33,255.921,NONE
X51006619343,C:\Users\jay\Downloads\finditagain\findit2\train\X51006619343.png,train,EDITED,group_0595,1,63,36,351,0.1809,6.5,2.528,2,0,37.421,1,16,0.254,4,0.0635,6,2,1307.677,235.521,NONE
X51006619345,C:\Users\jay\Downloads\finditagain\findit2\test\X51006619345.png,train,REAL,group_0596,1,42,27,223,0.1172,6.344,1.275,0,0,25.071,0,16,0.381,9,0.2143,12,9,3214.609,241.367,NONE
X51006619346,C:\Users\jay\Downloads\finditagain\findit2\val\X51006619346.png,val,REAL,group_0597,1,12,6,40,0.0193,0.98,0.493,0,0,13.58,0,5,0.4167,0,0.0,1,0,32463.04,106.229,NONE
X51006619496,C:\Users\jay\Downloads\finditagain\findit2\train\X51006619496.png,train,REAL,group_0598,1,104,39,587,0.306,4.5,1.178,0,0,9.642,0,10,0.0962,2,0.0192,5,0,1232.26,233.065,NONE
X51006619503,C:\Users\jay\Downloads\finditagain\findit2\train\X51006619503.png,train,REAL,group_0599,1,52,33,308,0.2105,4.38,1.24,0,0,4.67,0,11,0.2115,4,0.0769,7,2,1045.5,178.093,NONE
X51006619506,C:\Users\jay\Downloads\finditagain\findit2\train\X51006619506.png,train,REAL,group_0600,1,13,9,64,0.0396,1.0,0.915,0,0,0.625,0,3,0.2308,2,0.1538,0,0,20404.75,103.11,NONE
X51006619507,C:\Users\jay\Downloads\finditagain\findit2\test\X51006619507.png,train,REAL,group_0601,1,33,14,174,0.1196,2.135,0.505,0,0,4.199,0,3,0.0909,0,0.0,1,0,3727.136,259.139,NONE
X51006619509,C:\Users\jay\Downloads\finditagain\findit2\train\X51006619509.png,val,REAL,group_0602,1,37,19,205,0.1455,1.5,0.443,0,0,0.708,0,5,0.1351,0,0.0,0,0,3188.793,227.754,NONE
X51006619545,C:\Users\jay\Downloads\finditagain\findit2\val\X51006619545.png,train,REAL,group_0603,1,99,53,554,0.2016,5.117,1.074,0,0,7.786,0,8,0.0808,6,0.0606,4,2,986.88,247.028,NONE
X51006619550,C:\Users\jay\Downloads\finditagain\findit2\train\X51006619550.png,test,EDITED,group_0604,1,117,47,688,0.2986,5.196,1.191,0,0,15.462,0,17,0.1453,9,0.0769,3,0,1728.375,244.286,NONE
X51006619561,C:\Users\jay\Downloads\finditagain\findit2\test\X51006619561.png,train,REAL,group_0605,1,137,53,748,0.2901,4.243,1.081,0,0,12.025,0,39,0.2847,15,0.1095,26,10,1929.751,208.421,NONE
X51006619563,C:\Users\jay\Downloads\finditagain\findit2\val\X51006619563.png,val,REAL,group_0606,1,67,22,399,0.2668,4.5,1.348,0,0,7.155,0,8,0.1194,0,0.0,4,0,1560.599,213.384,NONE
X51006619564,C:\Users\jay\Downloads\finditagain\findit2\train\X51006619564.png,train,REAL,group_0607,1,9,7,46,0.0235,0.5,0.5,0,0,0.5,0,1,0.1111,0,0.0,0,0,11227.889,217.326,NONE
X51006619566,C:\Users\jay\Downloads\finditagain\findit2\train\X51006619566.png,train,REAL,group_0608,1,60,23,362,0.2439,4.0,1.473,0,0,6.807,0,5,0.0833,0,0.0,1,0,1603.289,224.724,NONE
X51006619567,C:\Users\jay\Downloads\finditagain\findit2\val\X51006619567.png,train,REAL,group_0609,1,48,32,274,0.2001,4.497,1.648,0,0,6.156,0,9,0.1875,4,0.0833,6,0,2156.974,202.082,NONE
X51006619569,C:\Users\jay\Downloads\finditagain\findit2\train\X51006619569.png,train,REAL,group_0610,1,83,34,522,0.2963,5.907,1.867,0,0,14.0,0,15,0.1807,2,0.0241,8,0,1058.575,232.121,NONE
X51006619570,C:\Users\jay\Downloads\finditagain\findit2\train\X51006619570.png,train,REAL,group_0611,1,105,35,630,0.3269,5.907,2.023,0,0,23.445,0,20,0.1905,14,0.1333,9,4,990.43,218.334,NONE
X51006619694,C:\Users\jay\Downloads\finditagain\findit2\train\X51006619694.png,train,REAL,group_0612,1,86,36,545,0.3032,6.615,0.6,0,0,9.088,0,7,0.0814,8,0.093,6,0,1342.376,208.31,NONE
X51006619696,C:\Users\jay\Downloads\finditagain\findit2\train\X51006619696.png,train,REAL,group_0613,1,1,1,9,0.0061,0.0,0.0,0,0,0.0,0,0,0.0,0,0.0,0,0,0.0,0.0,NONE
X51006619697,C:\Users\jay\Downloads\finditagain\findit2\train\X51006619697.png,train,EDITED,group_0614,1,51,26,236,0.1138,0.816,0.241,0,0,0.348,0,7,0.1373,2,0.0392,1,0,10020.106,209.92,NONE
X51006619698,C:\Users\jay\Downloads\finditagain\findit2\train\X51006619698.png,train,REAL,group_0615,1,73,33,450,0.2613,6.0,1.889,1,0,20.257,0,12,0.1644,4,0.0548,5,2,1170.819,248.896,NONE
X51006619700,C:\Users\jay\Downloads\finditagain\findit2\train\X51006619700.png,val,REAL,group_0616,1,0,0,0,0.0,0.0,0.0,0,0,0.0,0,0,0.0,0,0.0,0,0,0.0,0.0,NONE
X51006619703,C:\Users\jay\Downloads\finditagain\findit2\train\X51006619703.png,train,REAL,group_0617,1,0,0,0,0.0,0.0,0.0,0,0,0.0,0,0,0.0,0,0.0,0,0,0.0,0.0,NONE
X51006619704,C:\Users\jay\Downloads\finditagain\findit2\train\X51006619704.png,train,REAL,group_0618,1,14,6,63,0.0311,5.715,2.852,0,0,44.602,0,2,0.1429,0,0.0,0,0,14086.4,136.099,NONE
X51006619709,C:\Users\jay\Downloads\finditagain\findit2\train\X51006619709.png,train,EDITED,group_0619,1,139,71,813,0.3259,5.657,1.828,0,0,27.871,0,41,0.295,4,0.0288,16,2,948.429,266.061,NONE
X51006619757,C:\Users\jay\Downloads\finditagain\findit2\train\X51006619757.png,test,REAL,group_0620,1,70,31,356,0.2009,5.0,1.596,0,0,10.028,0,9,0.1286,2,0.0286,3,2,1726.712,233.229,NONE
X51006619758,C:\Users\jay\Downloads\finditagain\findit2\train\X51006619758.png,train,REAL,group_0621,1,41,23,248,0.1662,5.5,2.041,0,0,9.24,0,5,0.122,2,0.0488,1,0,2273.176,188.395,NONE
X51006619760,C:\Users\jay\Downloads\finditagain\findit2\train\X51006619760.png,val,REAL,group_0622,1,47,34,285,0.2109,4.0,1.895,0,0,7.249,0,12,0.2553,2,0.0426,9,2,1212.905,199.657,NONE
X51006619764,C:\Users\jay\Downloads\finditagain\findit2\test\X51006619764.png,train,REAL,group_0623,1,80,42,466,0.2302,6.0,1.663,2,0,28.411,0,18,0.225,4,0.05,7,2,1164.294,238.802,NONE
X51006619765,C:\Users\jay\Downloads\finditagain\findit2\train\X51006619765.png,train,REAL,group_0624,1,149,67,879,0.3415,7.0,2.219,2,0,35.524,1,34,0.2282,17,0.1141,15,7,1171.629,263.164,NONE
X51006619766,C:\Users\jay\Downloads\finditagain\findit2\train\X51006619766.png,train,EDITED,group_0625,1,146,66,848,0.3324,6.128,2.377,0,0,35.124,0,32,0.2192,18,0.1233,18,8,886.279,266.407,NONE
X51006619772,C:\Users\jay\Downloads\finditagain\findit2\train\X51006619772.png,test,REAL,group_0626,1,88,37,534,0.3114,3.0,0.928,0,0,2.14,0,14,0.1591,8,0.0909,5,2,961.932,275.941,NONE
X51006619777,C:\Users\jay\Downloads\finditagain\findit2\train\X51006619777.png,train,EDITED,group_0627,1,55,24,330,0.2031,4.5,1.122,0,0,14.189,0,7,0.1273,2,0.0364,3,0,1993.429,199.503,NONE
X51006619779,C:\Users\jay\Downloads\finditagain\findit2\train\X51006619779.png,test,REAL,group_0628,1,56,27,348,0.238,1.96,0.614,0,0,1.841,0,5,0.0893,8,0.1429,0,0,2084.504,244.138,NONE
X51006619780,C:\Users\jay\Downloads\finditagain\findit2\test\X51006619780.png,train,REAL,group_0629,1,50,27,320,0.207,2.625,0.814,0,0,42.502,0,5,0.1,2,0.04,0,0,2467.771,264.088,NONE
X51006619782,C:\Users\jay\Downloads\finditagain\findit2\train\X51006619782.png,train,EDITED,group_0630,1,4,2,18,0.0096,0.0,0.0,0,0,10.889,0,0,0.0,0,0.0,0,0,0.0,43.5,NONE
X51006619783,C:\Users\jay\Downloads\finditagain\findit2\val\X51006619783.png,train,REAL,group_0631,1,19,9,89,0.0464,2.861,1.198,0,0,105.25,0,6,0.3158,2,0.1053,1,0,45871.5,240.328,NONE
X51006619784,C:\Users\jay\Downloads\finditagain\findit2\test\X51006619784.png,val,REAL,group_0632,1,1,1,3,0.0018,0.0,0.0,0,0,0.0,0,0,0.0,0,0.0,0,0,0.0,0.0,NONE
X51006619785,C:\Users\jay\Downloads\finditagain\findit2\val\X51006619785.png,train,REAL,group_0633,1,99,49,567,0.2222,8.5,1.569,1,0,12.129,1,6,0.0606,4,0.0404,2,0,1157.957,238.545,NONE
X51006619790,C:\Users\jay\Downloads\finditagain\findit2\train\X51006619790.png,train,REAL,group_0634,1,64,32,397,0.2404,4.265,1.222,0,0,4.943,0,14,0.2188,2,0.0312,4,0,2013.596,209.143,NONE
X51006619842,C:\Users\jay\Downloads\finditagain\findit2\train\X51006619842.png,test,REAL,group_0635,1,30,18,176,0.1127,4.5,1.6,0,0,7.38,0,5,0.1667,0,0.0,1,0,4055.751,192.004,NONE
X51006619854,C:\Users\jay\Downloads\finditagain\findit2\train\X51006619854.png,train,EDITED,group_0636,1,39,16,233,0.1565,4.5,1.833,0,0,8.031,0,5,0.1282,0,0.0,1,0,2558.062,214.803,NONE
X51006619862,C:\Users\jay\Downloads\finditagain\findit2\train\X51006619862.png,train,REAL,group_0637,1,2,2,8,0.0049,0.0,0.0,0,0,0.0,0,0,0.0,0,0.0,0,0,0.0,38.0,NONE
X51006619863,C:\Users\jay\Downloads\finditagain\findit2\test\X51006619863.png,val,REAL,group_0638,1,51,24,305,0.2287,4.5,1.736,0,0,7.857,0,8,0.1569,2,0.0392,4,0,1291.845,213.67,NONE
X51006619869,C:\Users\jay\Downloads\finditagain\findit2\test\X51006619869.png,train,REAL,group_0639,1,50,25,308,0.1716,8.731,2.215,1,0,22.872,1,9,0.18,2,0.04,3,2,2837.082,202.339,NONE
X51006620161,C:\Users\jay\Downloads\finditagain\findit2\val\X51006620161.png,val,REAL,group_0640,1,89,49,561,0.2671,4.763,1.189,0,0,15.215,0,20,0.2247,15,0.1685,10,9,1577.082,260.122,NONE
X51006620175,C:\Users\jay\Downloads\finditagain\findit2\train\X51006620175.png,train,REAL,group_0641,1,76,37,425,0.2208,6.5,2.176,1,0,30.614,1,17,0.2237,4,0.0526,7,2,1317.127,253.625,NONE
X51006620176,C:\Users\jay\Downloads\finditagain\findit2\val\X51006620176.png,train,REAL,group_0642,1,73,27,458,0.2845,5.657,1.786,0,0,13.625,0,12,0.1644,5,0.0685,5,3,1320.0,247.383,NONE
X51006620181,C:\Users\jay\Downloads\finditagain\findit2\train\X51006620181.png,train,EDITED,group_0643,1,61,27,389,0.3146,2.062,0.734,0,0,14.7,0,5,0.082,7,0.1148,0,0,1880.515,260.527,NONE
X51006620182,C:\Users\jay\Downloads\finditagain\findit2\test\X51006620182.png,train,EDITED,group_0644,1,99,46,509,0.2053,4.555,1.124,0,0,4.89,0,15,0.1515,11,0.1111,8,2,1866.828,241.781,NONE
X51006620186,C:\Users\jay\Downloads\finditagain\findit2\train\X51006620186.png,train,REAL,group_0645,1,126,57,742,0.321,6.5,1.915,1,0,29.79,1,32,0.254,4,0.0317,14,2,987.403,251.37,NONE
X51006620187,C:\Users\jay\Downloads\finditagain\findit2\train\X51006620187.png,train,REAL,group_0646,1,10,5,47,0.0352,2.5,1.175,0,0,13.417,0,1,0.1,0,0.0,0,0,62168.5,275.629,NONE
X51006620189,C:\Users\jay\Downloads\finditagain\findit2\test\X51006620189.png,train,REAL,group_0647,1,148,59,776,0.335,5.0,1.022,0,0,8.253,0,29,0.1959,4,0.027,9,0,1126.661,255.344,NONE
X51006620190,C:\Users\jay\Downloads\finditagain\findit2\test\X51006620190.png,train,REAL,group_0648,1,92,35,538,0.2973,6.128,1.786,0,0,20.677,0,17,0.1848,4,0.0435,8,2,1164.381,245.017,NONE
X51006620191,C:\Users\jay\Downloads\finditagain\findit2\test\X51006620191.png,train,REAL,group_0649,1,80,29,474,0.2709,4.028,2.011,0,0,7.214,0,10,0.125,2,0.025,3,0,1197.964,191.599,NONE
X51006620192,C:\Users\jay\Downloads\finditagain\findit2\train\X51006620192.png,train,REAL,group_0650,1,87,31,542,0.3184,8.5,2.505,1,0,21.005,1,13,0.1494,2,0.023,6,2,1705.846,271.702,NONE
X51006620414,C:\Users\jay\Downloads\finditagain\findit2\train\X51006620414.png,train,REAL,group_0651,1,122,54,718,0.3769,5.185,1.407,0,0,7.008,0,14,0.1148,23,0.1885,8,6,843.375,241.814,NONE
X51006620437,C:\Users\jay\Downloads\finditagain\findit2\train\X51006620437.png,train,REAL,group_0652,1,58,22,355,0.2432,4.03,1.785,0,0,13.819,0,6,0.1034,0,0.0,2,0,1750.943,223.041,NONE
X51006647932,C:\Users\jay\Downloads\finditagain\findit2\train\X51006647932.png,train,EDITED,group_0653,1,69,37,407,0.6055,4.028,1.076,0,0,5.901,0,15,0.2174,5,0.0725,3,0,1051.275,152.468,NONE
X51006647933,C:\Users\jay\Downloads\finditagain\findit2\test\X51006647933.png,train,REAL,group_0654,1,72,40,407,1.0695,1.356,0.46,0,0,3.396,0,8,0.1111,4,0.0556,2,0,196.368,133.111,NONE
X51006647984,C:\Users\jay\Downloads\finditagain\findit2\train\X51006647984.png,val,REAL,group_0655,1,144,67,757,0.5968,1.92,0.719,0,0,2.762,0,29,0.2014,14,0.0972,10,2,711.12,192.676,NONE
X51006679216,C:\Users\jay\Downloads\finditagain\findit2\train\X51006679216.png,test,REAL,group_0656,1,131,57,807,0.8061,4.5,1.053,0,0,2.495,0,19,0.145,22,0.1679,11,4,765.249,163.057,NONE
X51006679222,C:\Users\jay\Downloads\finditagain\findit2\train\X51006679222.png,train,REAL,group_0657,1,99,39,578,0.6977,2.0,0.912,0,0,3.139,0,14,0.1414,12,0.1212,8,4,527.66,177.956,NONE
X51006713996,C:\Users\jay\Downloads\finditagain\findit2\test\X51006713996.png,test,REAL,group_0658,1,121,44,693,0.716,2.059,0.871,0,0,5.413,0,22,0.1818,15,0.124,8,2,604.109,189.437,NONE
X51006714065,C:\Users\jay\Downloads\finditagain\findit2\test\X51006714065.png,train,REAL,group_0659,1,79,38,445,0.4614,8.014,1.671,1,0,8.19,1,15,0.1899,10,0.1266,8,4,643.116,224.266,NONE
X51006714066,C:\Users\jay\Downloads\finditagain\findit2\val\X51006714066.png,test,REAL,group_0660,1,89,39,492,0.4548,5.907,1.342,1,0,5.582,0,14,0.1573,7,0.0787,5,0,637.454,208.442,NONE
X51006733494,C:\Users\jay\Downloads\finditagain\findit2\train\X51006733494.png,val,EDITED,group_0661,1,2,1,4,0.0024,0.0,0.0,0,0,182.25,0,1,0.5,0,0.0,0,0,0.0,0.0,NONE
X51006733495,C:\Users\jay\Downloads\finditagain\findit2\train\X51006733495.png,train,REAL,group_0662,1,64,24,383,0.2639,4.5,1.966,0,0,11.524,0,8,0.125,0,0.0,3,0,1759.905,225.059,NONE
X51006828199,C:\Users\jay\Downloads\finditagain\findit2\val\X51006828199.png,train,REAL,group_0663,1,57,26,244,0.1348,2.357,0.711,0,0,7.118,0,2,0.0351,0,0.0,0,0,1702.598,165.237,NONE
X51006828200,C:\Users\jay\Downloads\finditagain\findit2\test\X51006828200.png,train,REAL,group_0664,1,48,30,235,0.1235,4.265,1.386,0,0,29.049,0,4,0.0833,2,0.0417,1,0,1866.654,216.742,NONE
X51006828201,C:\Users\jay\Downloads\finditagain\findit2\val\X51006828201.png,train,EDITED,group_0665,1,99,46,548,0.2041,3.848,1.058,0,0,18.676,0,16,0.1616,6,0.0606,6,0,4995.551,187.354,NONE
X51006828217,C:\Users\jay\Downloads\finditagain\findit2\val\X51006828217.png,train,REAL,group_0666,1,4,4,30,0.0184,0.0,0.0,0,0,0.0,0,0,0.0,0,0.0,0,0,34854.0,168.449,NONE
X51006856981,C:\Users\jay\Downloads\finditagain\findit2\train\X51006856981.png,test,REAL,group_0667,1,39,19,228,0.1296,1.166,0.443,0,0,0.278,0,4,0.1026,0,0.0,1,0,5536.571,175.988,NONE
X51006856982,C:\Users\jay\Downloads\finditagain\findit2\train\X51006856982.png,train,REAL,group_0668,1,88,39,534,0.3699,6.796,0.614,1,0,8.461,1,9,0.1023,2,0.0227,4,0,974.341,180.515,NONE
X51006857071,C:\Users\jay\Downloads\finditagain\findit2\train\X51006857071.png,test,EDITED,group_0669,1,84,34,483,0.2698,12.5,2.125,1,0,15.381,1,8,0.0952,5,0.0595,7,3,1535.208,212.025,NONE
X51006857126,C:\Users\jay\Downloads\finditagain\findit2\test\X51006857126.png,train,REAL,group_0670,1,93,49,531,0.3603,11.5,2.461,1,0,21.552,1,16,0.172,4,0.043,11,2,520.416,218.816,NONE
X51006857132,C:\Users\jay\Downloads\finditagain\findit2\val\X51006857132.png,test,REAL,group_0671,1,76,36,414,0.2122,6.6,1.256,0,0,25.971,0,12,0.1579,2,0.0263,5,2,1268.857,220.167,NONE
X51006857137,C:\Users\jay\Downloads\finditagain\findit2\train\X51006857137.png,train,REAL,group_0672,1,14,8,73,0.0804,0.471,0.118,0,0,4.118,0,2,0.1429,0,0.0,0,0,11345.102,213.887,NONE
X51006857265,C:\Users\jay\Downloads\finditagain\findit2\train\X51006857265.png,train,REAL,group_0673,1,106,38,645,0.3468,5.196,1.537,0,0,9.007,0,18,0.1698,4,0.0377,8,2,1014.573,252.605,NONE
X51006857540,C:\Users\jay\Downloads\finditagain\findit2\train\X51006857540.png,train,REAL,group_0674,1,149,72,855,0.4233,3.5,0.898,0,0,4.228,0,32,0.2148,15,0.1007,17,6,583.408,278.471,NONE
X51006857660,C:\Users\jay\Downloads\finditagain\findit2\val\X51006857660.png,train,EDITED,group_0675,1,147,69,833,0.4171,3.0,0.811,0,0,4.819,0,32,0.2177,14,0.0952,15,6,603.073,279.384,NONE
X51006867435,C:\Users\jay\Downloads\finditagain\findit2\train\X51006867435.png,test,REAL,group_0676,1,81,30,491,0.6908,5.5,0.724,1,0,9.344,0,6,0.0741,4,0.0494,4,0,414.007,144.893,NONE
X51006867436,C:\Users\jay\Downloads\finditagain\findit2\train\X51006867436.png,train,REAL,group_0677,1,78,34,469,0.5869,5.5,0.62,1,0,5.91,0,8,0.1026,6,0.0769,6,4,482.542,146.846,NONE
X51006882603,C:\Users\jay\Downloads\finditagain\findit2\train\X51006882603.png,train,REAL,group_0678,1,123,59,751,1.1576,5.0,1.329,0,0,7.143,0,24,0.1951,11,0.0894,11,5,344.534,123.565,NONE
X51006912959,C:\Users\jay\Downloads\finditagain\findit2\train\X51006912959.png,train,REAL,group_0679,1,93,47,516,0.0148,6.364,1.638,0,0,12.502,0,9,0.0968,5,0.0538,2,0,4644.021,471.565,NONE
X51006912960,C:\Users\jay\Downloads\finditagain\findit2\val\X51006912960.png,val,REAL,group_0680,1,78,32,436,0.0134,8.5,2.885,0,0,12.504,0,16,0.2051,7,0.0897,5,2,5321.792,490.175,NONE
X51006912972,C:\Users\jay\Downloads\finditagain\findit2\train\X51006912972.png,val,REAL,group_0007,1,87,38,546,0.0157,7.04,3.53,0,0,28.482,0,9,0.1034,7,0.0805,8,5,2337.487,495.443,NONE
X51006912974,C:\Users\jay\Downloads\finditagain\findit2\train\X51006912974.png,test,REAL,group_0681,1,91,39,573,0.0165,7.5,4.112,0,0,36.94,0,9,0.0989,9,0.0989,10,7,2834.0,499.404,NONE
X51006912976,C:\Users\jay\Downloads\finditagain\findit2\val\X51006912976.png,train,REAL,group_0682,1,125,69,607,0.0174,9.0,2.103,0,0,6.748,0,49,0.392,25,0.2,25,18,7117.307,384.805,NONE
X51006912998,C:\Users\jay\Downloads\finditagain\findit2\train\X51006912998.png,train,REAL,group_0683,1,68,24,398,0.0114,7.755,3.067,0,0,7.615,0,11,0.1618,2,0.0294,1,0,6676.151,410.794,NONE
X51006913007,C:\Users\jay\Downloads\finditagain\findit2\train\X51006913007.png,train,REAL,group_0684,1,128,59,742,0.0213,5.5,1.484,0,0,27.731,0,33,0.2578,13,0.1016,0,0,2875.275,446.02,NONE
X51006913018,C:\Users\jay\Downloads\finditagain\findit2\train\X51006913018.png,train,EDITED,group_0685,1,140,55,872,0.0251,7.0,2.316,0,0,53.265,0,21,0.15,16,0.1143,1,0,5763.961,385.456,NONE
X51006913019,C:\Users\jay\Downloads\finditagain\findit2\test\X51006913019.png,train,REAL,group_0686,1,172,66,1004,0.0288,8.5,2.578,0,0,72.289,0,27,0.157,25,0.1453,1,0,4709.987,403.109,NONE
X51006913023,C:\Users\jay\Downloads\finditagain\findit2\test\X51006913023.png,test,EDITED,group_0003,1,83,37,524,0.0151,7.257,3.914,0,0,40.691,0,7,0.0843,7,0.0843,10,5,2212.599,494.602,NONE
X51006913024,C:\Users\jay\Downloads\finditagain\findit2\train\X51006913024.png,test,EDITED,group_0003,1,85,35,539,0.0155,8.732,5.803,0,0,37.317,0,8,0.0941,5,0.0588,8,3,1682.067,464.16,NONE
X51006913028,C:\Users\jay\Downloads\finditagain\findit2\train\X51006913028.png,test,EDITED,group_0003,1,91,39,567,0.0163,7.0,3.929,0,0,35.172,0,10,0.1099,9,0.0989,11,7,2342.665,490.773,NONE
X51006913030,C:\Users\jay\Downloads\finditagain\findit2\val\X51006913030.png,train,REAL,group_0687,1,83,37,516,0.0148,7.259,4.035,0,0,35.073,0,7,0.0843,9,0.1084,11,7,2302.286,491.953,NONE
X51006913031,C:\Users\jay\Downloads\finditagain\findit2\test\X51006913031.png,val,REAL,group_0688,1,80,35,520,0.0149,10.873,5.766,0,0,36.721,0,7,0.0875,6,0.075,8,4,1758.972,483.241,NONE
X51006913032,C:\Users\jay\Downloads\finditagain\findit2\train\X51006913032.png,train,REAL,group_0689,1,103,47,671,0.0193,7.517,4.276,0,0,34.839,0,5,0.0485,13,0.1262,15,11,2320.28,512.168,NONE
X51006913051,C:\Users\jay\Downloads\finditagain\findit2\val\X51006913051.png,train,REAL,group_0690,1,87,47,470,0.0135,10.5,1.993,1,0,37.241,1,24,0.2759,6,0.069,12,4,5588.292,476.655,NONE
X51006913054,C:\Users\jay\Downloads\finditagain\findit2\train\X51006913054.png,train,REAL,group_0691,1,104,43,635,0.0196,6.5,2.518,0,0,13.219,0,14,0.1346,4,0.0385,3,0,2471.379,473.166,NONE
X51006913055,C:\Users\jay\Downloads\finditagain\findit2\train\X51006913055.png,train,REAL,group_0692,1,102,46,565,0.0162,5.315,2.31,0,0,57.254,0,18,0.1765,6,0.0588,4,2,4992.41,393.294,NONE
X51006913059,C:\Users\jay\Downloads\finditagain\findit2\train\X51006913059.png,train,REAL,group_0693,1,100,44,602,0.0173,7.822,4.012,0,0,35.013,0,13,0.13,6,0.06,8,2,2464.838,501.685,NONE
X51006913060,C:\Users\jay\Downloads\finditagain\findit2\train\X51006913060.png,test,REAL,group_0003,1,81,33,533,0.0153,8.5,3.977,0,0,29.671,0,4,0.0494,7,0.0864,7,5,1647.496,511.041,NONE
X51006913061,C:\Users\jay\Downloads\finditagain\findit2\test\X51006913061.png,test,REAL,group_0002,1,89,38,567,0.0163,7.462,4.062,0,0,35.735,0,8,0.0899,7,0.0787,9,5,2439.027,490.408,NONE
X51006913067,C:\Users\jay\Downloads\finditagain\findit2\train\X51006913067.png,test,REAL,group_0002,1,85,38,532,0.0153,7.5,4.32,0,0,36.081,0,8,0.0941,8,0.0941,10,6,2480.321,479.38,NONE
X51006913068,C:\Users\jay\Downloads\finditagain\findit2\val\X51006913068.png,train,REAL,group_0694,1,35,16,212,0.0061,9.038,4.738,0,0,22.271,0,0,0.0,0,0.0,0,0,16792.089,258.417,NONE
X51006913070,C:\Users\jay\Downloads\finditagain\findit2\train\X51006913070.png,val,REAL,group_0695,1,95,43,593,0.017,8.994,4.53,0,0,32.293,0,8,0.0842,6,0.0632,9,4,1727.585,471.303,NONE
X51006913073,C:\Users\jay\Downloads\finditagain\findit2\val\X51006913073.png,train,REAL,group_0696,1,98,44,623,0.0179,7.5,3.534,0,0,30.67,0,9,0.0918,9,0.0918,12,7,2598.165,488.469,NONE
X51006913074,C:\Users\jay\Downloads\finditagain\findit2\test\X51006913074.png,val,REAL,group_0697,1,148,55,787,0.0226,8.873,3.978,0,0,35.573,0,16,0.1081,8,0.0541,2,0,3924.765,461.519,NONE
X51007103578,C:\Users\jay\Downloads\finditagain\findit2\train\X51007103578.png,train,REAL,group_0698,1,103,52,585,0.4656,6.5,0.813,1,0,9.989,1,22,0.2136,12,0.1165,11,6,667.196,212.339,NONE
X51007103597,C:\Users\jay\Downloads\finditagain\findit2\test\X51007103597.png,val,REAL,group_0699,1,78,37,472,0.466,2.55,0.805,0,0,17.317,0,13,0.1667,13,0.1667,8,7,1147.154,173.737,NONE
X51007103599,C:\Users\jay\Downloads\finditagain\findit2\train\X51007103599.png,val,REAL,group_0700,1,92,46,522,0.5066,5.0,0.85,0,0,15.13,0,18,0.1957,6,0.0652,8,4,1274.368,211.182,NONE
X51007103610,C:\Users\jay\Downloads\finditagain\findit2\train\X51007103610.png,train,REAL,group_0701,1,67,29,400,0.4282,1.863,0.604,0,0,0.723,0,9,0.1343,2,0.0299,4,2,1048.463,207.106,NONE
X51007103639,C:\Users\jay\Downloads\finditagain\findit2\test\X51007103639.png,train,EDITED,group_0702,1,101,45,605,0.556,6.5,1.053,1,0,11.921,1,20,0.198,8,0.0792,9,6,823.345,226.176,NONE
X51007103641,C:\Users\jay\Downloads\finditagain\findit2\val\X51007103641.png,val,REAL,group_0703,1,121,62,715,0.6097,6.0,1.003,1,0,13.975,0,24,0.1983,14,0.1157,13,10,464.384,217.668,NONE
X51007103643,C:\Users\jay\Downloads\finditagain\findit2\train\X51007103643.png,train,REAL,group_0704,1,121,63,710,0.5489,6.0,1.201,1,0,15.163,0,24,0.1983,12,0.0992,12,8,465.048,229.928,NONE
X51007103649,C:\Users\jay\Downloads\finditagain\findit2\train\X51007103649.png,val,REAL,group_0705,1,95,44,567,0.5387,5.0,0.653,0,0,7.621,0,16,0.1684,6,0.0632,9,4,519.532,217.439,NONE
X51007103668,C:\Users\jay\Downloads\finditagain\findit2\train\X51007103668.png,train,EDITED,group_0706,1,98,44,555,0.5179,6.0,1.0,1,0,10.491,0,16,0.1633,8,0.0816,7,4,509.042,203.603,NONE
X51007103675,C:\Users\jay\Downloads\finditagain\findit2\train\X51007103675.png,train,REAL,group_0707,1,97,45,598,0.5651,2.121,0.693,0,0,5.502,0,20,0.2062,6,0.0619,10,4,483.977,220.393,NONE
X51007103681,C:\Users\jay\Downloads\finditagain\findit2\train\X51007103681.png,train,REAL,group_0708,1,74,30,451,0.4303,2.867,1.434,0,0,1.074,0,12,0.1622,6,0.0811,5,4,440.24,211.892,NONE
X51007103687,C:\Users\jay\Downloads\finditagain\findit2\val\X51007103687.png,train,REAL,group_0709,1,81,34,493,0.4574,5.558,0.82,0,0,12.498,0,12,0.1481,5,0.0617,6,3,574.966,210.297,NONE
X51007103688,C:\Users\jay\Downloads\finditagain\findit2\test\X51007103688.png,train,EDITED,group_0710,1,79,31,490,0.4546,4.546,2.487,0,0,1.471,0,13,0.1646,4,0.0506,6,2,333.662,218.022,NONE
X51007103691,C:\Users\jay\Downloads\finditagain\findit2\train\X51007103691.png,train,REAL,group_0711,1,101,42,584,0.4146,4.517,1.158,0,0,8.877,0,17,0.1683,11,0.1089,4,2,595.36,185.586,NONE
X51007103692,C:\Users\jay\Downloads\finditagain\findit2\train\X51007103692.png,test,EDITED,group_0712,1,97,41,566,0.4869,4.243,0.667,0,0,9.32,0,19,0.1959,4,0.0412,7,2,512.6,214.088,NONE
X51007103702,C:\Users\jay\Downloads\finditagain\findit2\test\X51007103702.png,test,REAL,group_0713,1,92,37,565,0.5052,6.0,1.446,1,0,8.003,0,15,0.163,6,0.0652,7,0,466.786,204.261,NONE
X51007135037,C:\Users\jay\Downloads\finditagain\findit2\train\X51007135037.png,train,REAL,group_0028,1,104,44,634,0.5107,4.75,1.537,0,0,8.807,0,16,0.1538,12,0.1154,4,0,835.653,201.254,NONE
X51007135247,C:\Users\jay\Downloads\finditagain\findit2\val\X51007135247.png,val,EDITED,group_0029,1,66,30,429,0.434,3.5,1.02,0,0,6.673,0,8,0.1212,4,0.0606,3,0,979.681,177.687,NONE
X51007225398,C:\Users\jay\Downloads\finditagain\findit2\train\X51007225398.png,train,REAL,group_0714,1,125,43,652,0.8208,2.5,0.892,0,0,2.19,0,28,0.224,15,0.12,0,0,346.252,152.134,NONE
X51007225399,C:\Users\jay\Downloads\finditagain\findit2\val\X51007225399.png,train,REAL,group_0715,1,163,53,820,0.8653,3.202,1.006,0,0,4.619,0,37,0.227,15,0.092,2,0,347.306,158.978,NONE
X51007225406,C:\Users\jay\Downloads\finditagain\findit2\train\X51007225406.png,val,REAL,group_0716,1,92,44,483,0.7182,2.625,0.944,0,0,2.116,0,31,0.337,3,0.0326,1,0,281.568,157.564,NONE
X51007225417,C:\Users\jay\Downloads\finditagain\findit2\val\X51007225417.png,train,EDITED,group_0717,1,130,50,690,0.7768,5.05,0.93,1,0,3.118,0,28,0.2154,11,0.0846,1,0,352.571,157.463,NONE
X51007225442,C:\Users\jay\Downloads\finditagain\findit2\val\X51007225442.png,train,REAL,group_0718,1,99,48,602,0.7573,3.771,0.685,0,0,7.987,0,17,0.1717,6,0.0606,11,4,413.413,177.419,NONE
X51007228448,C:\Users\jay\Downloads\finditagain\findit2\train\X51007228448.png,train,REAL,group_0719,1,76,35,404,0.6355,3.0,1.031,0,0,2.449,0,17,0.2237,6,0.0789,6,4,416.222,143.791,NONE
X51007231274,C:\Users\jay\Downloads\finditagain\findit2\train\X51007231274.png,test,REAL,group_0002,1,83,36,532,0.0153,7.0,3.801,0,0,33.238,0,5,0.0602,7,0.0843,8,5,2216.054,478.501,NONE
X51007231275,C:\Users\jay\Downloads\finditagain\findit2\val\X51007231275.png,test,EDITED,group_0720,1,81,34,525,0.0151,9.286,5.282,0,0,36.498,0,7,0.0864,7,0.0864,7,3,1986.25,482.443,NONE
X51007231276,C:\Users\jay\Downloads\finditagain\findit2\train\X51007231276.png,val,EDITED,group_0721,1,85,38,512,0.0157,6.759,3.405,0,0,28.816,0,6,0.0706,7,0.0824,8,5,2262.568,467.86,NONE
X51007231331,C:\Users\jay\Downloads\finditagain\findit2\train\X51007231331.png,train,EDITED,group_0722,1,102,47,637,0.0183,8.0,3.647,0,0,30.939,0,11,0.1078,10,0.098,12,8,2274.464,479.137,NONE
X51007231336,C:\Users\jay\Downloads\finditagain\findit2\train\X51007231336.png,test,REAL,group_0002,1,88,37,555,0.0159,8.042,4.678,0,0,38.334,0,9,0.1023,6,0.0682,8,4,2183.164,464.623,NONE
X51007231338,C:\Users\jay\Downloads\finditagain\findit2\train\X51007231338.png,train,EDITED,group_0032,1,116,56,636,0.0183,10.5,2.669,0,0,25.499,0,18,0.1552,18,0.1552,11,8,3866.752,466.056,NONE
X51007231341,C:\Users\jay\Downloads\finditagain\findit2\train\X51007231341.png,test,REAL,group_0003,1,82,32,506,0.0145,8.994,4.491,0,0,37.634,0,10,0.122,2,0.0244,4,0,1807.829,454.797,NONE
X51007231343,C:\Users\jay\Downloads\finditagain\findit2\train\X51007231343.png,train,REAL,group_0723,1,81,35,528,0.0152,7.071,3.665,0,0,31.978,0,7,0.0864,6,0.0741,7,4,3086.145,495.487,NONE
X51007231344,C:\Users\jay\Downloads\finditagain\findit2\train\X51007231344.png,train,REAL,group_0724,1,93,42,555,0.0159,7.259,3.857,0,0,34.27,0,11,0.1183,8,0.086,9,6,2456.791,457.548,NONE
X51007231346,C:\Users\jay\Downloads\finditagain\findit2\train\X51007231346.png,train,REAL,group_0725,1,110,30,484,0.0139,11.799,3.846,0,0,34.648,0,19,0.1727,2,0.0182,2,2,5040.036,433.874,NONE
X51007231361,C:\Users\jay\Downloads\finditagain\findit2\test\X51007231361.png,train,EDITED,group_0726,1,138,63,739,0.0214,7.5,1.573,0,0,14.378,0,39,0.2826,25,0.1812,14,10,5587.991,481.869,NONE
X51007231364,C:\Users\jay\Downloads\finditagain\findit2\test\X51007231364.png,train,REAL,group_0727,1,63,25,385,0.0111,10.807,4.371,0,0,61.447,0,6,0.0952,0,0.0,0,0,161958.243,835.624,NONE
X51007231365,C:\Users\jay\Downloads\finditagain\findit2\train\X51007231365.png,train,EDITED,group_0728,1,110,47,574,0.0165,7.089,2.842,0,0,39.715,0,21,0.1909,4,0.0364,8,2,6383.883,445.866,NONE
X51007231370,C:\Users\jay\Downloads\finditagain\findit2\test\X51007231370.png,train,REAL,group_0729,1,78,32,403,0.0116,4.5,1.474,0,0,24.205,0,11,0.141,11,0.141,4,2,2639.399,393.777,NONE
X51007231372,C:\Users\jay\Downloads\finditagain\findit2\train\X51007231372.png,val,REAL,group_0730,1,114,41,644,0.0185,6.342,3.101,0,0,21.278,0,12,0.1053,6,0.0526,2,0,5394.16,514.287,NONE
X51007231374,C:\Users\jay\Downloads\finditagain\findit2\train\X51007231374.png,val,REAL,group_0731,1,91,37,435,0.0125,8.0,2.218,0,0,36.818,0,19,0.2088,3,0.033,2,0,8262.694,516.36,NONE
X51007262315,C:\Users\jay\Downloads\finditagain\findit2\train\X51007262315.png,val,EDITED,group_0732,1,116,46,692,0.696,1.785,0.83,0,0,1.0,0,16,0.1379,16,0.1379,7,4,503.029,178.486,NONE
X51007262328,C:\Users\jay\Downloads\finditagain\findit2\train\X51007262328.png,train,REAL,group_0733,1,98,48,563,0.7492,2.773,0.751,0,0,1.179,0,20,0.2041,17,0.1735,8,7,377.488,150.894,NONE
X51007262330,C:\Users\jay\Downloads\finditagain\findit2\train\X51007262330.png,val,REAL,group_0734,1,93,43,549,0.8682,1.356,0.322,0,0,1.07,0,21,0.2258,6,0.0645,7,2,464.359,186.193,NONE
X51007339094,C:\Users\jay\Downloads\finditagain\findit2\train\X51007339094.png,test,REAL,group_0735,1,121,46,738,0.8053,5.5,0.919,1,0,5.447,0,14,0.1157,13,0.1074,9,7,608.822,170.019,NONE
X51007339095,C:\Users\jay\Downloads\finditagain\findit2\val\X51007339095.png,train,REAL,group_0736,1,135,49,808,0.8561,2.872,0.895,0,0,2.706,0,18,0.1333,16,0.1185,11,5,669.781,171.91,NONE
X51007339097,C:\Users\jay\Downloads\finditagain\findit2\val\X51007339097.png,train,REAL,group_0737,1,104,38,648,0.7097,2.872,0.939,0,0,2.023,0,10,0.0962,6,0.0577,4,2,791.648,163.085,NONE
X51007339098,C:\Users\jay\Downloads\finditagain\findit2\test\X51007339098.png,train,REAL,group_0001,1,120,46,714,0.782,3.031,0.962,0,0,2.106,0,13,0.1083,14,0.1167,8,6,708.97,170.523,NONE
X51007339100,C:\Users\jay\Downloads\finditagain\findit2\train\X51007339100.png,val,REAL,group_0738,1,115,45,700,0.7625,2.134,0.71,0,0,1.717,0,16,0.1391,10,0.087,10,6,708.204,177.832,NONE
X51007339105,C:\Users\jay\Downloads\finditagain\findit2\train\X51007339105.png,val,REAL,group_0739,1,124,44,741,0.8116,3.14,1.086,0,0,3.94,0,15,0.121,14,0.1129,10,6,692.83,171.014,NONE
X51007339106,C:\Users\jay\Downloads\finditagain\findit2\train\X51007339106.png,train,REAL,group_0740,1,136,49,825,0.8419,5.437,1.184,1,0,7.009,0,16,0.1176,9,0.0662,8,2,652.871,167.827,NONE
X51007339107,C:\Users\jay\Downloads\finditagain\findit2\test\X51007339107.png,val,EDITED,group_0741,1,126,46,761,0.7906,2.625,0.906,0,0,2.3,0,13,0.1032,9,0.0714,7,0,610.694,157.948,NONE
X51007339109,C:\Users\jay\Downloads\finditagain\findit2\train\X51007339109.png,train,REAL,group_0742,1,114,43,687,0.7573,2.0,0.764,0,0,1.849,0,14,0.1228,11,0.0965,7,4,723.057,166.442,NONE
X51007339110,C:\Users\jay\Downloads\finditagain\findit2\val\X51007339110.png,train,REAL,group_0743,1,119,45,718,0.8298,4.0,1.003,0,0,3.419,0,16,0.1345,14,0.1176,10,8,657.696,179.48,NONE
X51007339111,C:\Users\jay\Downloads\finditagain\findit2\train\X51007339111.png,train,REAL,group_0001,1,117,44,715,0.8157,2.5,0.829,0,0,2.791,0,16,0.1368,16,0.1368,10,8,653.372,180.333,NONE
X51007339112,C:\Users\jay\Downloads\finditagain\findit2\train\X51007339112.png,test,EDITED,group_0744,1,118,43,710,0.7769,2.867,1.263,0,0,3.2,0,16,0.1356,16,0.1356,11,7,687.141,171.829,NONE
X51007339113,C:\Users\jay\Downloads\finditagain\findit2\train\X51007339113.png,train,REAL,group_0001,1,123,45,744,0.8096,2.872,0.9,0,0,1.997,0,16,0.1301,15,0.122,10,6,717.159,173.811,NONE
X51007339114,C:\Users\jay\Downloads\finditagain\findit2\val\X51007339114.png,train,REAL,group_0001,1,141,50,854,0.9024,4.967,1.281,0,0,7.596,0,19,0.1348,16,0.1135,10,6,398.033,167.914,NONE
X51007339115,C:\Users\jay\Downloads\finditagain\findit2\train\X51007339115.png,val,EDITED,group_0745,1,124,45,762,0.8315,4.989,1.155,0,0,5.859,0,16,0.129,15,0.121,10,6,699.157,168.233,NONE
X51007339116,C:\Users\jay\Downloads\finditagain\findit2\test\X51007339116.png,train,REAL,group_0746,1,119,40,732,0.7987,2.718,0.896,0,0,4.764,0,12,0.1008,11,0.0924,5,4,762.505,144.506,NONE
X51007339117,C:\Users\jay\Downloads\finditagain\findit2\val\X51007339117.png,train,EDITED,group_0001,1,143,53,852,0.8596,2.5,0.835,0,0,2.376,0,20,0.1399,16,0.1119,11,7,666.737,177.078,NONE
X51007339118,C:\Users\jay\Downloads\finditagain\findit2\test\X51007339118.png,train,REAL,group_0001,1,121,45,728,0.8353,2.872,0.863,0,0,2.454,0,16,0.1322,17,0.1405,10,8,647.981,180.72,NONE
X51007339119,C:\Users\jay\Downloads\finditagain\findit2\train\X51007339119.png,train,REAL,group_0001,1,126,45,745,0.8129,3.0,1.011,0,0,2.803,0,17,0.1349,17,0.1349,10,8,713.34,173.82,NONE
X51007339120,C:\Users\jay\Downloads\finditagain\findit2\val\X51007339120.png,train,REAL,group_0001,1,138,49,820,0.8464,3.0,0.955,0,0,2.306,0,18,0.1304,11,0.0797,8,2,605.646,168.758,NONE
X51007339121,C:\Users\jay\Downloads\finditagain\findit2\val\X51007339121.png,train,REAL,group_0001,1,117,46,724,0.7857,2.928,0.935,0,0,2.228,0,17,0.1453,15,0.1282,10,6,700.907,172.045,NONE
X51007339122,C:\Users\jay\Downloads\finditagain\findit2\train\X51007339122.png,train,REAL,group_0747,1,120,45,725,0.789,2.773,0.885,0,0,2.804,0,16,0.1333,15,0.125,10,6,710.157,172.427,NONE
X51007339125,C:\Users\jay\Downloads\finditagain\findit2\test\X51007339125.png,val,REAL,group_0748,1,104,43,628,0.6853,2.5,0.773,0,0,2.483,0,11,0.1058,11,0.1058,7,3,742.678,174.187,NONE
X51007339126,C:\Users\jay\Downloads\finditagain\findit2\train\X51007339126.png,val,EDITED,group_0749,1,105,41,623,0.6583,2.625,0.966,0,0,7.155,0,11,0.1048,12,0.1143,6,4,701.059,156.748,NONE
X51007339127,C:\Users\jay\Downloads\finditagain\findit2\test\X51007339127.png,train,REAL,group_0001,1,126,45,745,0.8107,3.239,1.108,0,0,3.643,0,16,0.127,13,0.1032,10,6,686.43,173.65,NONE
X51007339130,C:\Users\jay\Downloads\finditagain\findit2\train\X51007339130.png,train,REAL,group_0001,1,124,45,743,0.8138,2.687,0.965,0,0,2.574,0,16,0.129,11,0.0887,10,6,700.886,173.536,NONE
X51007339131,C:\Users\jay\Downloads\finditagain\findit2\val\X51007339131.png,test,REAL,group_0750,1,118,45,702,0.7322,8.602,1.97,2,0,5.215,1,14,0.1186,8,0.0678,6,0,573.492,169.719,NONE
X51007339132,C:\Users\jay\Downloads\finditagain\findit2\test\X51007339132.png,train,REAL,group_0751,1,108,40,640,0.7618,3.0,1.029,0,0,2.77,0,15,0.1389,13,0.1204,9,6,762.181,173.38,NONE
X51007339133,C:\Users\jay\Downloads\finditagain\findit2\val\X51007339133.png,train,EDITED,group_0001,1,120,44,718,0.7813,2.646,0.845,0,0,3.001,0,16,0.1333,15,0.125,10,6,793.167,175.327,NONE
X51007339134,C:\Users\jay\Downloads\finditagain\findit2\train\X51007339134.png,train,REAL,group_0001,1,100,39,631,0.6911,3.0,0.903,0,0,2.066,0,11,0.11,13,0.13,6,5,736.997,155.321,NONE
X51007339135,C:\Users\jay\Downloads\finditagain\findit2\val\X51007339135.png,train,REAL,group_0752,1,122,45,725,0.7911,2.8,0.795,0,0,2.027,0,16,0.1311,15,0.123,10,6,734.886,178.798,NONE
X51007339136,C:\Users\jay\Downloads\finditagain\findit2\val\X51007339136.png,train,REAL,group_0753,1,162,59,972,0.9076,5.185,0.957,0,0,5.275,0,25,0.1543,14,0.0864,11,4,408.231,163.596,NONE
X51007339139,C:\Users\jay\Downloads\finditagain\findit2\val\X51007339139.png,val,REAL,group_0754,1,107,45,650,0.7463,3.323,1.042,0,0,2.858,0,13,0.1215,11,0.1028,8,5,677.56,181.118,NONE
X51007339146,C:\Users\jay\Downloads\finditagain\findit2\train\X51007339146.png,train,REAL,group_0755,1,133,49,809,0.8448,3.666,1.314,0,0,3.604,0,18,0.1353,14,0.1053,10,5,596.541,167.413,NONE
X51007339150,C:\Users\jay\Downloads\finditagain\findit2\train\X51007339150.png,train,EDITED,group_0001,1,125,46,784,0.8532,4.967,1.036,0,0,7.197,0,17,0.136,14,0.112,9,6,643.084,169.861,NONE
X51007339151,C:\Users\jay\Downloads\finditagain\findit2\train\X51007339151.png,train,EDITED,group_0001,1,121,45,749,0.8235,3.0,1.128,0,0,2.735,0,14,0.1157,14,0.1157,8,6,708.651,172.457,NONE
X51007339152,C:\Users\jay\Downloads\finditagain\findit2\train\X51007339152.png,train,REAL,group_0756,1,120,42,738,0.8009,2.5,0.757,0,0,2.22,0,13,0.1083,15,0.125,7,4,716.89,163.713,NONE
X51007339156,C:\Users\jay\Downloads\finditagain\findit2\train\X51007339156.png,test,REAL,group_0757,1,123,45,741,0.8116,2.872,0.85,0,0,2.172,0,16,0.1301,15,0.122,10,6,709.841,173.666,NONE
X51007339157,C:\Users\jay\Downloads\finditagain\findit2\val\X51007339157.png,train,REAL,group_0758,1,123,45,740,0.8158,4.989,0.98,0,0,5.055,0,15,0.122,16,0.1301,9,7,720.473,174.068,NONE
X51007339158,C:\Users\jay\Downloads\finditagain\findit2\train\X51007339158.png,train,EDITED,group_0759,1,120,45,743,0.8116,5.437,1.191,1,0,5.486,0,16,0.1333,13,0.1083,10,6,684.873,170.777,NONE
X51007339159,C:\Users\jay\Downloads\finditagain\findit2\train\X51007339159.png,train,REAL,group_0001,1,130,47,792,0.849,5.0,1.036,0,0,4.264,0,18,0.1385,16,0.1231,9,6,438.314,168.687,NONE
X51007339160,C:\Users\jay\Downloads\finditagain\findit2\train\X51007339160.png,train,REAL,group_0760,1,140,49,828,0.8866,3.352,1.405,0,0,4.715,0,20,0.1429,16,0.1143,10,6,405.434,171.7,NONE
X51007339161,C:\Users\jay\Downloads\finditagain\findit2\test\X51007339161.png,val,REAL,group_0761,1,135,49,823,0.8766,5.0,1.17,0,0,3.863,0,19,0.1407,16,0.1185,10,6,436.809,171.608,NONE
X51007339162,C:\Users\jay\Downloads\finditagain\findit2\train\X51007339162.png,train,REAL,group_0001,1,132,47,796,0.8456,3.399,1.027,0,0,3.181,0,19,0.1439,16,0.1212,10,6,449.688,173.094,NONE
X51007339163,C:\Users\jay\Downloads\finditagain\findit2\train\X51007339163.png,train,REAL,group_0762,1,145,56,866,0.8638,2.826,0.936,0,0,4.552,0,22,0.1517,15,0.1034,12,2,574.723,178.844,NONE
X51007339164,C:\Users\jay\Downloads\finditagain\findit2\train\X51007339164.png,val,REAL,group_0763,1,137,50,808,0.8266,2.85,0.84,0,0,2.451,0,19,0.1387,14,0.1022,12,5,597.005,172.328,NONE
X51007339165,C:\Users\jay\Downloads\finditagain\findit2\test\X51007339165.png,train,REAL,group_0764,1,151,53,895,0.8997,3.868,1.154,0,0,4.04,0,23,0.1523,17,0.1126,11,5,443.879,169.575,NONE
X51007339166,C:\Users\jay\Downloads\finditagain\findit2\train\X51007339166.png,train,EDITED,group_0765,1,142,48,812,0.8626,3.031,1.078,0,0,2.775,0,24,0.169,12,0.0845,2,2,425.992,172.635,NONE
X51007339167,C:\Users\jay\Downloads\finditagain\findit2\train\X51007339167.png,train,REAL,group_0001,1,132,51,785,0.8393,3.0,1.175,0,0,5.607,0,18,0.1364,16,0.1212,10,8,452.054,168.791,NONE
X51007339638,C:\Users\jay\Downloads\finditagain\findit2\test\X51007339638.png,train,REAL,group_0766,1,4,3,14,0.0131,0.5,0.5,0,0,0.25,0,1,0.25,0,0.0,0,0,97969.0,35.814,NONE
X51007339639,C:\Users\jay\Downloads\finditagain\findit2\test\X51007339639.png,train,REAL,group_0767,1,2,2,14,0.0133,0.0,0.0,0,0,0.0,0,0,0.0,0,0.0,0,0,0.0,146.0,NONE
X51007339642,C:\Users\jay\Downloads\finditagain\findit2\test\X51007339642.png,train,REAL,group_0768,1,2,2,9,0.0085,0.0,0.0,0,0,0.0,0,1,0.5,0,0.0,0,0,0.0,18.5,NONE
X51007339643,C:\Users\jay\Downloads\finditagain\findit2\train\X51007339643.png,train,EDITED,group_0769,1,57,31,298,0.3039,5.0,1.277,0,0,15.374,0,10,0.1754,3,0.0526,0,0,1027.716,142.067,NONE
X51007339647,C:\Users\jay\Downloads\finditagain\findit2\train\X51007339647.png,train,REAL,group_0770,1,47,31,270,0.2562,2.357,0.391,0,0,3.586,0,9,0.1915,0,0.0,1,0,1068.379,146.333,NONE
X51007339648,C:\Users\jay\Downloads\finditagain\findit2\test\X51007339648.png,train,REAL,group_0771,1,75,36,427,0.4007,3.771,1.194,0,0,6.413,0,12,0.16,2,0.0267,2,0,641.513,136.661,NONE
X51007339650,C:\Users\jay\Downloads\finditagain\findit2\val\X51007339650.png,val,REAL,group_0772,1,87,44,516,0.4964,3.5,1.264,0,0,4.601,0,14,0.1609,6,0.069,4,0,837.186,152.208,NONE
X51007339651,C:\Users\jay\Downloads\finditagain\findit2\val\X51007339651.png,train,REAL,group_0773,1,24,15,120,0.1147,3.0,0.996,0,0,2.313,0,1,0.0417,0,0.0,0,0,6935.98,112.12,NONE
X51007339653,C:\Users\jay\Downloads\finditagain\findit2\test\X51007339653.png,train,REAL,group_0774,1,54,33,316,0.3833,4.028,1.3,0,0,15.355,0,9,0.1667,2,0.037,0,0,1126.835,127.734,NONE
X51007339656,C:\Users\jay\Downloads\finditagain\findit2\train\X51007339656.png,train,REAL,group_0775,1,55,34,277,0.2647,2.828,0.616,0,0,3.853,0,10,0.1818,4,0.0727,3,2,1056.244,135.858,NONE
X51007339657,C:\Users\jay\Downloads\finditagain\findit2\val\X51007339657.png,test,REAL,group_0776,1,34,20,192,0.1802,2.625,0.856,0,0,0.798,0,2,0.0588,0,0.0,0,0,7599.607,106.313,NONE
X51007339658,C:\Users\jay\Downloads\finditagain\findit2\train\X51007339658.png,train,REAL,group_0777,1,11,7,61,0.0587,6.944,2.315,0,0,4.907,0,1,0.0909,0,0.0,0,0,29394.139,139.876,NONE
X51007391372,C:\Users\jay\Downloads\finditagain\findit2\train\X51007391372.png,test,REAL,group_0778,1,18,13,78,0.0747,0.471,0.157,0,0,13.63,0,6,0.3333,0,0.0,1,0,5823.306,149.26,NONE
X51007391390,C:\Users\jay\Downloads\finditagain\findit2\train\X51007391390.png,train,REAL,group_0779,1,79,39,472,0.722,4.5,1.082,0,0,6.401,0,9,0.1139,2,0.0253,3,0,679.593,147.065,NONE
X51007419197,C:\Users\jay\Downloads\finditagain\findit2\val\X51007419197.png,train,EDITED,group_0780,1,78,30,468,0.7771,2.474,0.894,0,0,6.595,0,14,0.1795,11,0.141,5,4,468.49,168.562,NONE
X51007433809,C:\Users\jay\Downloads\finditagain\findit2\train\X51007433809.png,train,EDITED,group_0781,1,107,56,571,0.2661,9.672,2.013,1,0,11.369,1,22,0.2056,10,0.0935,3,2,1479.068,270.427,NONE
X51007579714,C:\Users\jay\Downloads\finditagain\findit2\test\X51007579714.png,train,EDITED,group_0782,1,79,50,396,0.3711,1.5,0.438,0,0,2.431,0,15,0.1899,9,0.1139,9,2,884.156,170.732,NONE
X51007579719,C:\Users\jay\Downloads\finditagain\findit2\train\X51007579719.png,train,REAL,group_0783,1,111,59,589,0.5414,8.0,1.055,1,0,17.218,1,26,0.2342,22,0.1982,18,16,849.271,156.699,NONE
X51007579725,C:\Users\jay\Downloads\finditagain\findit2\val\X51007579725.png,train,EDITED,group_0784,1,74,38,419,0.5573,4.867,0.92,0,0,13.387,0,13,0.1757,6,0.0811,6,0,758.299,163.139,NONE
X51007579726,C:\Users\jay\Downloads\finditagain\findit2\val\X51007579726.png,train,REAL,group_0785,1,113,44,612,0.6918,4.714,0.946,0,0,3.609,0,24,0.2124,6,0.0531,1,0,354.651,182.904,NONE
X51007843145,C:\Users\jay\Downloads\finditagain\findit2\test\X51007843145.png,train,REAL,group_0786,1,92,38,557,0.016,5.0,1.503,0,0,5.402,0,15,0.163,12,0.1304,1,0,6388.495,471.787,NONE
X51007846266,C:\Users\jay\Downloads\finditagain\findit2\train\X51007846266.png,train,REAL,group_0787,1,85,41,533,0.0153,11.225,6.006,0,0,30.138,0,7,0.0824,8,0.0941,1,0,1689.81,488.641,NONE
X51007846268,C:\Users\jay\Downloads\finditagain\findit2\train\X51007846268.png,train,REAL,group_0788,1,96,46,632,0.0182,8.26,3.975,0,0,28.502,0,10,0.1042,12,0.125,1,0,2059.725,484.597,NONE
X51007846269,C:\Users\jay\Downloads\finditagain\findit2\train\X51007846269.png,train,REAL,group_0789,1,82,40,542,0.0156,8.498,4.19,0,0,26.93,0,7,0.0854,6,0.0732,2,0,2054.1,499.126,NONE
X51007846270,C:\Users\jay\Downloads\finditagain\findit2\test\X51007846270.png,train,REAL,group_0790,1,122,58,699,0.0201,8.28,2.994,0,0,58.448,0,17,0.1393,17,0.1393,1,0,4563.439,535.045,NONE
X51007846282,C:\Users\jay\Downloads\finditagain\findit2\test\X51007846282.png,train,REAL,group_0791,1,100,43,581,0.0167,5.933,2.119,0,0,90.673,0,15,0.15,15,0.15,0,0,7355.581,520.343,NONE
X51007846283,C:\Users\jay\Downloads\finditagain\findit2\val\X51007846283.png,train,REAL,group_0792,1,162,75,949,0.0273,19.449,1.798,0,0,45.8,0,38,0.2346,11,0.0679,1,0,3851.025,397.113,NONE
X51007846286,C:\Users\jay\Downloads\finditagain\findit2\train\X51007846286.png,val,REAL,group_0793,1,93,45,607,0.0174,8.654,3.839,0,0,33.615,0,8,0.086,10,0.1075,2,0,24383.935,607.537,NONE
X51007846288,C:\Users\jay\Downloads\finditagain\findit2\train\X51007846288.png,train,REAL,group_0794,1,86,40,563,0.0162,20.027,3.987,1,0,39.009,1,7,0.0814,11,0.1279,0,0,3181.615,504.035,NONE
X51007846289,C:\Users\jay\Downloads\finditagain\findit2\train\X51007846289.png,val,REAL,group_0795,1,114,50,701,0.0201,7.25,2.795,0,0,88.357,0,8,0.0702,19,0.1667,1,0,5011.388,521.733,NONE
X51007846290,C:\Users\jay\Downloads\finditagain\findit2\train\X51007846290.png,val,REAL,group_0796,1,88,41,566,0.0163,18.5,4.045,0,0,117.857,0,6,0.0682,10,0.1136,0,0,3182.899,510.754,NONE
X51007846301,C:\Users\jay\Downloads\finditagain\findit2\train\X51007846301.png,val,REAL,group_0797,1,93,45,613,0.0176,9.274,4.106,0,0,27.117,0,8,0.086,4,0.043,0,0,1812.186,495.006,NONE
X51007846302,C:\Users\jay\Downloads\finditagain\findit2\train\X51007846302.png,train,REAL,group_0798,1,108,51,666,0.0191,4.967,2.168,0,0,26.214,0,7,0.0648,16,0.1481,0,0,5184.82,564.641,NONE
X51007846303,C:\Users\jay\Downloads\finditagain\findit2\train\X51007846303.png,train,EDITED,group_0799,1,80,38,516,0.0148,6.549,3.207,0,0,25.958,0,7,0.0875,9,0.1125,1,0,2522.808,493.758,NONE
X51007846304,C:\Users\jay\Downloads\finditagain\findit2\train\X51007846304.png,val,REAL,group_0800,1,93,48,617,0.0177,7.5,3.079,0,0,26.813,0,10,0.1075,10,0.1075,2,0,2403.076,495.536,NONE
X51007846305,C:\Users\jay\Downloads\finditagain\findit2\train\X51007846305.png,test,REAL,group_0801,1,174,82,1095,0.0315,5.913,1.916,0,0,26.663,0,35,0.2011,24,0.1379,5,3,2827.319,450.66,NONE
X51007846307,C:\Users\jay\Downloads\finditagain\findit2\train\X51007846307.png,train,REAL,group_0802,1,82,42,542,0.0156,6.65,2.977,0,0,23.073,0,6,0.0732,8,0.0976,2,0,2546.637,497.559,NONE
X51007846309,C:\Users\jay\Downloads\finditagain\findit2\val\X51007846309.png,train,REAL,group_0803,1,82,39,545,0.0157,7.5,3.465,0,0,29.368,0,7,0.0854,7,0.0854,2,0,2548.231,493.322,NONE
X51007846310,C:\Users\jay\Downloads\finditagain\findit2\val\X51007846310.png,train,REAL,group_0804,1,108,52,683,0.0196,4.866,1.89,0,0,12.531,0,7,0.0648,14,0.1296,0,0,5070.877,544.68,NONE
X51007846321,C:\Users\jay\Downloads\finditagain\findit2\train\X51007846321.png,test,EDITED,group_0805,1,72,38,427,0.0123,9.5,3.055,0,0,42.297,0,11,0.1528,2,0.0278,2,0,3530.032,475.869,NONE
X51007846325,C:\Users\jay\Downloads\finditagain\findit2\train\X51007846325.png,train,REAL,group_0806,1,115,47,720,0.0207,6.0,2.529,0,0,20.919,0,19,0.1652,4,0.0348,2,0,2430.592,528.215,NONE
X51007846326,C:\Users\jay\Downloads\finditagain\findit2\test\X51007846326.png,val,REAL,group_0807,1,100,44,529,0.0152,8.0,3.659,0,0,17.655,0,17,0.17,6,0.06,5,2,3580.909,512.336,NONE
X51007846350,C:\Users\jay\Downloads\finditagain\findit2\train\X51007846350.png,train,REAL,group_0808,1,115,59,678,0.0195,11.524,4.106,0,0,19.531,0,22,0.1913,20,0.1739,13,10,2693.823,477.15,NONE
X51007846353,C:\Users\jay\Downloads\finditagain\findit2\train\X51007846353.png,train,EDITED,group_0809,1,107,53,585,0.0168,9.5,2.338,0,0,12.31,0,28,0.2617,23,0.215,19,14,5513.679,444.408,NONE
X51007846355,C:\Users\jay\Downloads\finditagain\findit2\train\X51007846355.png,train,REAL,group_0810,1,111,43,651,0.0187,7.5,2.305,0,0,39.127,0,19,0.1712,9,0.0811,1,0,3154.871,435.533,NONE
X51007846357,C:\Users\jay\Downloads\finditagain\findit2\test\X51007846357.png,train,EDITED,group_0811,1,29,18,159,0.0046,4.5,2.253,0,0,5.034,0,7,0.2414,2,0.069,1,0,64195.287,309.551,NONE
X51007846358,C:\Users\jay\Downloads\finditagain\findit2\train\X51007846358.png,train,REAL,group_0812,1,126,56,659,0.0189,8.862,2.995,0,0,57.583,0,24,0.1905,13,0.1032,11,6,7385.222,462.719,NONE
X51007846360,C:\Users\jay\Downloads\finditagain\findit2\train\X51007846360.png,test,REAL,group_0813,1,100,51,596,0.0171,15.173,1.695,0,0,50.088,0,22,0.22,12,0.12,2,0,8041.544,408.404,NONE
X51007846361,C:\Users\jay\Downloads\finditagain\findit2\train\X51007846361.png,train,REAL,group_0814,1,75,44,449,0.0129,11.47,4.133,0,0,57.365,0,19,0.2533,12,0.16,14,10,3675.852,455.306,NONE
X51007846366,C:\Users\jay\Downloads\finditagain\findit2\test\X51007846366.png,train,REAL,group_0815,1,122,53,740,0.0213,14.0,2.406,1,0,62.749,1,17,0.1393,15,0.123,1,0,3415.553,429.337,NONE
X51007846368,C:\Users\jay\Downloads\finditagain\findit2\train\X51007846368.png,val,EDITED,group_0816,1,156,112,833,0.0239,10.186,4.98,0,0,27.837,0,56,0.359,47,0.3013,34,29,2183.188,403.881,NONE
X51007846370,C:\Users\jay\Downloads\finditagain\findit2\val\X51007846370.png,train,REAL,group_0005,1,83,40,548,0.0157,7.0,3.172,0,0,28.355,0,8,0.0964,8,0.0964,2,0,2581.524,488.617,NONE
X51007846371,C:\Users\jay\Downloads\finditagain\findit2\test\X51007846371.png,train,REAL,group_0817,1,95,47,636,0.0183,7.5,2.967,0,0,23.445,0,9,0.0947,5,0.0526,2,0,2484.112,492.922,NONE
X51007846372,C:\Users\jay\Downloads\finditagain\findit2\val\X51007846372.png,train,REAL,group_0005,1,91,43,604,0.0174,8.0,3.842,0,0,27.319,0,8,0.0879,8,0.0879,2,0,2150.187,476.229,NONE
X51007846379,C:\Users\jay\Downloads\finditagain\findit2\train\X51007846379.png,train,REAL,group_0818,1,124,57,749,0.0215,12.05,2.575,0,0,36.473,0,24,0.1935,13,0.1048,1,0,3997.153,366.624,NONE
X51007846387,C:\Users\jay\Downloads\finditagain\findit2\train\X51007846387.png,test,REAL,group_0819,1,93,41,549,0.0158,10.647,4.435,0,0,45.024,0,12,0.129,7,0.0753,7,5,8626.574,471.535,NONE
X51007846388,C:\Users\jay\Downloads\finditagain\findit2\train\X51007846388.png,train,REAL,group_0005,1,86,39,560,0.0161,7.5,3.618,0,0,23.566,0,8,0.093,8,0.093,1,0,2376.1,488.931,NONE
X51007846391,C:\Users\jay\Downloads\finditagain\findit2\val\X51007846391.png,train,REAL,group_0005,1,85,37,548,0.0157,7.5,3.124,0,0,27.621,0,8,0.0941,6,0.0706,1,0,2342.768,496.328,NONE
X51007846392,C:\Users\jay\Downloads\finditagain\findit2\train\X51007846392.png,val,REAL,group_0007,1,91,45,605,0.0174,8.0,3.658,0,0,27.878,0,8,0.0879,10,0.1099,2,0,2452.808,504.527,NONE
X51007846393,C:\Users\jay\Downloads\finditagain\findit2\test\X51007846393.png,train,REAL,group_0820,1,104,42,647,0.0186,7.684,2.835,0,0,78.717,0,9,0.0865,15,0.1442,0,0,4844.646,486.113,NONE
X51007846395,C:\Users\jay\Downloads\finditagain\findit2\train\X51007846395.png,train,REAL,group_0821,1,54,23,304,0.0087,5.172,2.128,0,0,14.424,0,4,0.0741,4,0.0741,1,0,15491.721,465.881,NONE
X51007846396,C:\Users\jay\Downloads\finditagain\findit2\train\X51007846396.png,train,EDITED,group_0822,1,78,30,484,0.0139,5.185,1.916,0,0,40.747,0,5,0.0641,6,0.0769,4,2,5117.268,551.553,NONE
X51007846397,C:\Users\jay\Downloads\finditagain\findit2\train\X51007846397.png,train,REAL,group_0823,1,85,41,541,0.0155,11.0,4.882,0,0,32.447,0,9,0.1059,8,0.0941,0,0,1952.897,493.009,NONE
X51007846398,C:\Users\jay\Downloads\finditagain\findit2\test\X51007846398.png,val,REAL,group_0007,1,93,46,617,0.0177,8.414,3.251,0,0,35.815,0,7,0.0753,10,0.1075,0,0,2876.555,509.193,NONE
X51007846400,C:\Users\jay\Downloads\finditagain\findit2\train\X51007846400.png,train,REAL,group_0824,1,87,47,511,0.0147,7.0,2.833,0,0,24.138,0,16,0.1839,8,0.092,5,2,3460.992,537.381,NONE
X51007846403,C:\Users\jay\Downloads\finditagain\findit2\test\X51007846403.png,train,REAL,group_0825,1,75,38,428,0.0123,6.0,2.506,0,0,26.136,0,4,0.0533,4,0.0533,0,0,4838.511,442.77,NONE
X51007846410,C:\Users\jay\Downloads\finditagain\findit2\test\X51007846410.png,train,REAL,group_0032,1,104,56,587,0.0169,8.0,2.906,0,0,20.37,0,22,0.2115,18,0.1731,13,12,4995.552,455.915,NONE
X51007846412,C:\Users\jay\Downloads\finditagain\findit2\train\X51007846412.png,train,REAL,group_0826,1,121,41,454,0.013,5.657,2.322,0,0,59.274,0,18,0.1488,0,0.0,0,0,8759.674,404.777,NONE
X51007846451,C:\Users\jay\Downloads\finditagain\findit2\train\X51007846451.png,test,REAL,group_0827,1,95,49,536,0.0154,8.0,2.756,0,0,53.238,0,18,0.1895,10,0.1053,10,7,2075.401,427.692,NONE
X51008030560,C:\Users\jay\Downloads\finditagain\findit2\train\X51008030560.png,train,REAL,group_0828,1,98,48,484,0.4502,2.5,0.714,0,0,4.337,0,24,0.2449,11,0.1122,2,0,688.701,216.829,NONE
X51008030561,C:\Users\jay\Downloads\finditagain\findit2\train\X51008030561.png,val,REAL,group_0829,1,70,36,388,0.3072,1.951,0.988,0,0,3.996,0,16,0.2286,13,0.1857,11,8,993.105,210.554,NONE
X51008030563,C:\Users\jay\Downloads\finditagain\findit2\val\X51008030563.png,val,REAL,group_0830,1,70,30,359,0.2788,4.0,0.966,0,0,5.225,0,14,0.2,2,0.0286,3,0,1441.822,210.517,NONE
X51008030565,C:\Users\jay\Downloads\finditagain\findit2\train\X51008030565.png,train,EDITED,group_0831,1,73,36,420,0.3272,2.16,1.172,0,0,9.905,0,18,0.2466,8,0.1096,12,5,905.269,208.806,NONE
X51008030566,C:\Users\jay\Downloads\finditagain\findit2\train\X51008030566.png,train,REAL,group_0832,1,75,40,436,0.3439,6.0,1.303,1,0,7.372,0,13,0.1733,9,0.12,10,5,933.562,205.597,NONE
X51008042777,C:\Users\jay\Downloads\finditagain\findit2\val\X51008042777.png,train,REAL,group_0833,1,78,33,431,0.3788,2.16,1.096,0,0,12.054,0,15,0.1923,11,0.141,8,6,860.858,214.124,NONE
X51008042778,C:\Users\jay\Downloads\finditagain\findit2\train\X51008042778.png,val,REAL,group_0834,1,70,39,355,0.2968,3.905,1.11,0,0,13.5,0,13,0.1857,11,0.1571,10,7,841.823,205.074,NONE
X51008042779,C:\Users\jay\Downloads\finditagain\findit2\val\X51008042779.png,train,REAL,group_0835,1,95,41,479,0.3532,3.5,1.055,0,0,11.235,0,17,0.1789,12,0.1263,5,4,1089.588,228.237,NONE
X51008042780,C:\Users\jay\Downloads\finditagain\findit2\train\X51008042780.png,val,EDITED,group_0836,1,86,38,440,0.3214,4.0,1.128,0,0,12.613,0,19,0.2209,9,0.1047,7,5,1281.055,225.482,NONE
X51008042781,C:\Users\jay\Downloads\finditagain\findit2\train\X51008042781.png,train,REAL,group_0837,1,76,36,436,0.3738,2.5,0.85,0,0,3.106,0,14,0.1842,10,0.1316,9,6,802.054,205.14,NONE
X51008042782,C:\Users\jay\Downloads\finditagain\findit2\train\X51008042782.png,train,REAL,group_0838,1,69,32,390,0.3242,2.939,0.771,0,0,11.624,0,14,0.2029,8,0.1159,11,6,952.35,188.293,NONE
X51008042783,C:\Users\jay\Downloads\finditagain\findit2\val\X51008042783.png,val,REAL,group_0839,1,61,25,385,0.3106,1.732,0.531,0,0,7.157,0,6,0.0984,2,0.0328,2,0,1597.167,184.377,NONE
X51008042786,C:\Users\jay\Downloads\finditagain\findit2\train\X51008042786.png,train,REAL,group_0840,1,63,25,387,0.3259,2.777,0.627,0,0,5.911,0,6,0.0952,2,0.0317,4,2,1028.276,202.333,NONE
X51008042787,C:\Users\jay\Downloads\finditagain\findit2\train\X51008042787.png,train,REAL,group_0841,1,180,86,949,0.4473,3.943,1.173,0,0,3.575,0,46,0.2556,12,0.0667,10,2,1288.129,213.423,NONE
X51008042791,C:\Users\jay\Downloads\finditagain\findit2\test\X51008042791.png,train,REAL,group_0842,1,79,35,420,0.3665,1.833,0.772,0,0,3.488,0,17,0.2152,11,0.1392,9,8,816.412,197.922,NONE
X51008042792,C:\Users\jay\Downloads\finditagain\findit2\val\X51008042792.png,train,REAL,group_0843,1,73,31,410,0.3567,14.0,1.441,1,0,13.892,1,13,0.1781,12,0.1644,8,8,1110.596,201.308,NONE
X51008042793,C:\Users\jay\Downloads\finditagain\findit2\train\X51008042793.png,train,REAL,group_0844,1,71,36,399,0.3781,2.5,0.602,0,0,1.906,0,16,0.2254,5,0.0704,5,2,827.93,197.192,NONE
X51008063849,C:\Users\jay\Downloads\finditagain\findit2\train\X51008063849.png,train,REAL,group_0845,1,83,36,508,0.5574,4.493,0.947,0,0,5.569,0,12,0.1446,5,0.0602,7,3,633.507,199.828,NONE
X51008064061,C:\Users\jay\Downloads\finditagain\findit2\val\X51008064061.png,train,REAL,group_0846,1,111,48,659,0.3741,6.5,1.146,1,0,15.936,1,18,0.1622,21,0.1892,10,8,582.879,198.033,NONE
X51008099041,C:\Users\jay\Downloads\finditagain\findit2\val\X51008099041.png,train,REAL,group_0847,1,73,33,421,0.2731,3.0,1.015,0,0,9.187,0,13,0.1781,14,0.1918,7,6,1206.0,243.218,NONE
X51008099043,C:\Users\jay\Downloads\finditagain\findit2\test\X51008099043.png,test,REAL,group_0848,1,78,39,449,0.2784,2.385,0.917,0,0,4.578,0,15,0.1923,13,0.1667,10,7,1045.039,233.507,NONE
X51008099044,C:\Users\jay\Downloads\finditagain\findit2\train\X51008099044.png,train,REAL,group_0849,1,79,39,460,0.2712,2.357,0.839,0,0,7.603,0,15,0.1899,15,0.1899,12,9,1049.08,240.677,NONE
X51008099046,C:\Users\jay\Downloads\finditagain\findit2\test\X51008099046.png,test,REAL,group_0021,1,77,35,424,0.2612,2.5,1.024,0,0,9.369,0,16,0.2078,15,0.1948,10,7,1093.83,239.325,NONE
X51008099047,C:\Users\jay\Downloads\finditagain\findit2\train\X51008099047.png,train,REAL,group_0850,1,75,35,435,0.2681,7.5,1.173,1,0,15.942,1,14,0.1867,8,0.1067,7,4,1167.948,237.631,NONE
X51008099048,C:\Users\jay\Downloads\finditagain\findit2\val\X51008099048.png,train,REAL,group_0851,1,87,37,457,0.2484,4.0,1.461,0,0,22.091,0,15,0.1724,18,0.2069,8,8,1492.354,262.131,NONE
X51008099049,C:\Users\jay\Downloads\finditagain\findit2\val\X51008099049.png,train,REAL,group_0852,1,96,49,479,0.2398,3.091,0.782,0,0,1.75,0,22,0.2292,2,0.0208,10,2,1094.859,252.283,NONE
X51008099054,C:\Users\jay\Downloads\finditagain\findit2\val\X51008099054.png,train,REAL,group_0853,1,90,38,533,0.2707,12.5,1.801,2,0,44.676,1,12,0.1333,14,0.1556,6,4,2190.267,220.876,NONE
X51008099071,C:\Users\jay\Downloads\finditagain\findit2\train\X51008099071.png,train,EDITED,group_0854,1,95,33,504,0.3148,3.0,1.148,0,0,10.965,0,20,0.2105,9,0.0947,6,5,1545.277,224.706,NONE
X51008099073,C:\Users\jay\Downloads\finditagain\findit2\test\X51008099073.png,test,REAL,group_0855,1,104,32,539,0.3222,2.718,0.741,0,0,6.729,0,19,0.1827,8,0.0769,6,4,1213.727,230.993,NONE
X51008099081,C:\Users\jay\Downloads\finditagain\findit2\test\X51008099081.png,test,EDITED,group_0856,1,65,31,347,0.2244,7.071,1.524,0,0,12.122,0,15,0.2308,7,0.1077,8,5,1299.596,238.361,NONE
X51008099083,C:\Users\jay\Downloads\finditagain\findit2\val\X51008099083.png,train,REAL,group_0857,1,69,36,371,0.2167,7.0,1.476,1,0,23.617,1,15,0.2174,7,0.1014,11,7,1164.968,246.36,NONE
X51008099084,C:\Users\jay\Downloads\finditagain\findit2\train\X51008099084.png,test,REAL,group_0858,1,79,38,455,0.2804,2.625,1.238,0,0,11.458,0,16,0.2025,16,0.2025,11,8,1040.52,237.995,NONE
X51008099085,C:\Users\jay\Downloads\finditagain\findit2\val\X51008099085.png,train,REAL,group_0859,1,80,38,466,0.2874,2.5,0.989,0,0,10.558,0,16,0.2,17,0.2125,12,9,1098.462,238.887,NONE
X51008099086,C:\Users\jay\Downloads\finditagain\findit2\train\X51008099086.png,train,REAL,group_0860,1,89,43,485,0.2856,10.5,1.628,0,0,12.509,0,20,0.2247,15,0.1685,13,10,1008.343,240.97,NONE
X51008099087,C:\Users\jay\Downloads\finditagain\findit2\train\X51008099087.png,train,REAL,group_0861,1,85,37,452,0.2469,4.243,1.381,0,0,14.439,0,15,0.1765,11,0.1294,8,6,1464.564,259.64,NONE
X51008099088,C:\Users\jay\Downloads\finditagain\findit2\test\X51008099088.png,train,REAL,group_0862,1,70,32,415,0.2671,2.5,0.949,0,0,2.972,0,16,0.2286,16,0.2286,9,8,1140.566,234.616,NONE
X51008099089,C:\Users\jay\Downloads\finditagain\findit2\val\X51008099089.png,test,REAL,group_0863,1,80,38,461,0.2709,8.014,1.306,0,0,10.985,0,16,0.2,11,0.1375,10,5,1032.748,229.167,NONE
X51008099090,C:\Users\jay\Downloads\finditagain\findit2\train\X51008099090.png,val,REAL,group_0864,1,67,32,370,0.2393,7.0,1.378,1,0,22.041,1,16,0.2388,6,0.0896,9,4,1279.473,238.542,NONE
X51008099100,C:\Users\jay\Downloads\finditagain\findit2\val\X51008099100.png,train,REAL,group_0865,1,106,50,536,0.2625,3.091,0.823,0,0,7.194,0,29,0.2736,3,0.0283,14,3,1064.008,254.414,NONE
X51008099102,C:\Users\jay\Downloads\finditagain\findit2\train\X51008099102.png,train,REAL,group_0866,1,126,61,734,0.2893,5.115,1.337,0,0,15.012,0,23,0.1825,18,0.1429,15,3,1797.01,233.692,NONE
X51008114216,C:\Users\jay\Downloads\finditagain\findit2\test\X51008114216.png,val,REAL,group_0867,1,86,38,507,0.3257,6.0,1.467,1,0,30.905,0,12,0.1395,5,0.0581,7,3,994.522,259.765,NONE
X51008114217,C:\Users\jay\Downloads\finditagain\findit2\test\X51008114217.png,train,REAL,group_0868,1,122,60,704,0.3753,6.0,1.644,4,0,32.015,0,21,0.1721,12,0.0984,13,8,800.354,283.674,NONE
X51008114260,C:\Users\jay\Downloads\finditagain\findit2\train\X51008114260.png,train,EDITED,group_0869,1,65,25,386,0.3882,4.224,1.364,0,0,8.854,0,9,0.1385,2,0.0308,4,2,1121.271,186.943,NONE
X51008114262,C:\Users\jay\Downloads\finditagain\findit2\train\X51008114262.png,train,REAL,group_0870,1,37,18,223,0.2134,4.5,1.345,0,0,6.352,0,4,0.1081,0,0.0,1,0,1543.758,166.659,NONE
X51008114266,C:\Users\jay\Downloads\finditagain\findit2\test\X51008114266.png,train,REAL,group_0871,1,76,31,473,0.4287,5.314,2.356,0,0,10.001,0,10,0.1316,2,0.0263,6,0,1008.44,187.136,NONE
X51008114281,C:\Users\jay\Downloads\finditagain\findit2\val\X51008114281.png,train,REAL,group_0872,1,71,24,418,0.289,4.517,1.408,0,0,9.229,0,8,0.1127,2,0.0282,3,2,1484.476,206.438,NONE
X51008114282,C:\Users\jay\Downloads\finditagain\findit2\train\X51008114282.png,val,REAL,group_0873,1,72,25,419,0.271,4.354,1.028,0,0,7.274,0,7,0.0972,2,0.0278,3,2,1567.75,213.164,NONE
X51008114283,C:\Users\jay\Downloads\finditagain\findit2\val\X51008114283.png,train,EDITED,group_0874,1,101,40,594,0.3645,5.185,1.265,0,0,28.951,0,16,0.1584,5,0.0495,8,3,938.909,274.943,NONE
X51008114284,C:\Users\jay\Downloads\finditagain\findit2\val\X51008114284.png,train,REAL,group_0875,1,88,36,523,0.3356,6.3,1.351,1,0,24.172,1,13,0.1477,6,0.0682,7,4,1013.482,266.88,NONE
X51008114321,C:\Users\jay\Downloads\finditagain\findit2\train\X51008114321.png,test,EDITED,group_0876,1,90,27,465,0.284,2.828,0.882,0,0,10.225,0,12,0.1333,2,0.0222,1,0,1112.398,162.412,NONE
X51008122920,C:\Users\jay\Downloads\finditagain\findit2\train\X51008122920.png,train,REAL,group_0877,1,121,51,651,0.6027,5.657,1.591,1,0,10.96,0,18,0.1488,31,0.2562,12,10,627.37,189.768,NONE
X51008123446,C:\Users\jay\Downloads\finditagain\findit2\val\X51008123446.png,train,REAL,group_0008,1,73,23,431,0.6374,3.521,0.566,0,0,7.16,0,15,0.2055,10,0.137,4,3,1201.217,116.823,NONE
X51008123447,C:\Users\jay\Downloads\finditagain\findit2\test\X51008123447.png,train,EDITED,group_0008,1,75,27,440,0.6338,4.346,0.801,0,0,9.952,0,16,0.2133,9,0.12,4,3,1098.136,123.279,NONE
X51008123450,C:\Users\jay\Downloads\finditagain\findit2\test\X51008123450.png,train,REAL,group_0878,1,74,25,465,0.6944,3.521,0.653,0,0,4.081,0,12,0.1622,8,0.1081,5,2,752.957,119.157,NONE
X51008123451,C:\Users\jay\Downloads\finditagain\findit2\test\X51008123451.png,train,EDITED,group_0879,1,102,42,539,0.5669,3.5,1.503,0,0,11.09,0,14,0.1373,23,0.2255,9,9,706.595,188.369,NONE
X51008123476,C:\Users\jay\Downloads\finditagain\findit2\val\X51008123476.png,train,REAL,group_0008,1,74,25,421,0.6111,5.356,0.57,0,0,5.99,0,17,0.2297,11,0.1486,6,5,1310.623,119.809,NONE
X51008123580,C:\Users\jay\Downloads\finditagain\findit2\train\X51008123580.png,train,REAL,group_0880,1,65,35,297,0.3593,3.559,0.728,0,0,15.33,0,15,0.2308,0,0.0,8,0,432.761,173.523,NONE
X51008123586,C:\Users\jay\Downloads\finditagain\findit2\train\X51008123586.png,train,REAL,group_0881,1,109,47,592,0.832,1.863,0.61,0,0,2.13,0,27,0.2477,10,0.0917,2,0,480.214,177.293,NONE
X51008123599,C:\Users\jay\Downloads\finditagain\findit2\train\X51008123599.png,train,REAL,group_0882,1,97,45,620,0.7609,2.474,0.939,0,0,4.693,0,14,0.1443,2,0.0206,3,2,387.424,146.905,NONE
X51008123604,C:\Users\jay\Downloads\finditagain\findit2\train\X51008123604.png,train,REAL,group_0883,1,112,56,705,0.7965,9.0,1.192,1,0,6.096,1,24,0.2143,9,0.0804,12,9,362.134,158.015,NONE
X51008128052,C:\Users\jay\Downloads\finditagain\findit2\train\X51008128052.png,train,REAL,group_0884,1,78,36,412,0.2475,4.555,0.984,0,0,12.055,0,19,0.2436,11,0.141,8,4,1777.948,251.811,NONE
X51008128062,C:\Users\jay\Downloads\finditagain\findit2\train\X51008128062.png,train,REAL,group_0885,1,95,36,427,0.2951,2.357,0.652,0,0,2.505,0,19,0.2,4,0.0421,0,0,1199.056,240.419,NONE
X51008128065,C:\Users\jay\Downloads\finditagain\findit2\train\X51008128065.png,train,REAL,group_0886,1,67,26,421,0.2953,4.5,1.413,0,0,9.714,0,9,0.1343,4,0.0597,4,2,1526.554,231.296,NONE
X51008142005,C:\Users\jay\Downloads\finditagain\findit2\test\X51008142005.png,train,REAL,group_0887,1,102,50,584,0.4115,2.0,0.83,0,0,7.09,0,21,0.2059,13,0.1275,10,4,662.587,210.088,NONE
X51008142030,C:\Users\jay\Downloads\finditagain\findit2\train\X51008142030.png,train,REAL,group_0888,1,105,45,593,0.318,3.0,0.921,0,0,14.909,0,21,0.2,16,0.1524,9,4,934.89,238.425,NONE
X51008142031,C:\Users\jay\Downloads\finditagain\findit2\train\X51008142031.png,train,EDITED,group_0889,1,101,48,571,0.2829,2.5,0.965,0,0,6.446,0,17,0.1683,12,0.1188,10,2,932.82,246.543,NONE
X51008142032,C:\Users\jay\Downloads\finditagain\findit2\val\X51008142032.png,train,EDITED,group_0890,1,91,49,529,0.2619,3.0,0.928,0,0,5.995,0,17,0.1868,15,0.1648,12,8,876.347,239.469,NONE
X51008142033,C:\Users\jay\Downloads\finditagain\findit2\train\X51008142033.png,train,REAL,group_0891,1,99,43,578,0.3168,3.0,1.122,0,0,10.094,0,19,0.1919,19,0.1919,9,6,947.964,240.214,NONE
X51008142034,C:\Users\jay\Downloads\finditagain\findit2\train\X51008142034.png,train,REAL,group_0892,1,21,15,117,0.0714,0.5,0.1,0,0,25.561,0,3,0.1429,0,0.0,1,0,2474.776,180.218,NONE
X51008142038,C:\Users\jay\Downloads\finditagain\findit2\test\X51008142038.png,train,EDITED,group_0893,1,65,25,405,0.2693,4.5,1.308,0,0,7.971,0,9,0.1385,0,0.0,4,0,1634.04,204.949,NONE
X51008142058,C:\Users\jay\Downloads\finditagain\findit2\test\X51008142058.png,train,REAL,group_0894,1,108,57,605,0.309,7.693,1.245,1,0,7.587,1,27,0.25,22,0.2037,5,2,822.571,263.75,NONE
X51008142059,C:\Users\jay\Downloads\finditagain\findit2\test\X51008142059.png,train,REAL,group_0004,1,113,64,659,0.3198,7.574,1.641,1,0,9.79,1,28,0.2478,22,0.1947,5,2,756.716,257.038,NONE
X51008142060,C:\Users\jay\Downloads\finditagain\findit2\val\X51008142060.png,train,REAL,group_0004,1,111,59,643,0.3233,7.965,1.552,1,0,7.317,1,22,0.1982,22,0.1982,6,4,723.67,260.151,NONE
X51008142061,C:\Users\jay\Downloads\finditagain\findit2\val\X51008142061.png,train,REAL,group_0004,1,122,64,674,0.3266,4.0,1.117,0,0,6.158,0,35,0.2869,27,0.2213,5,2,863.887,256.084,NONE
X51008142062,C:\Users\jay\Downloads\finditagain\findit2\val\X51008142062.png,train,REAL,group_0004,1,117,65,673,0.3277,4.528,1.169,0,0,2.889,0,33,0.2821,23,0.1966,6,4,789.327,262.433,NONE
X51008142063,C:\Users\jay\Downloads\finditagain\findit2\train\X51008142063.png,train,EDITED,group_0895,1,127,68,684,0.3136,4.031,1.212,0,0,7.16,0,36,0.2835,27,0.2126,5,4,785.671,252.337,NONE
X51008142065,C:\Users\jay\Downloads\finditagain\findit2\val\X51008142065.png,train,REAL,group_0896,1,126,71,712,0.3245,6.336,1.465,0,0,10.778,0,31,0.246,23,0.1825,8,4,711.592,270.46,NONE
X51008142068,C:\Users\jay\Downloads\finditagain\findit2\train\X51008142068.png,train,REAL,group_0004,1,102,53,616,0.3155,4.243,1.354,0,0,3.069,0,21,0.2059,26,0.2549,6,4,842.544,259.751,NONE
X51008145450,C:\Users\jay\Downloads\finditagain\findit2\train\X51008145450.png,val,REAL,group_0897,1,109,47,545,0.6785,2.828,0.62,0,0,6.952,0,19,0.1743,10,0.0917,8,2,453.172,164.312,NONE
X51008145504,C:\Users\jay\Downloads\finditagain\findit2\test\X51008145504.png,test,REAL,group_0898,1,96,49,537,0.8547,2.16,0.594,0,0,1.528,0,22,0.2292,4,0.0417,1,0,324.593,137.059,NONE
X51008145505,C:\Users\jay\Downloads\finditagain\findit2\test\X51008145505.png,train,REAL,group_0899,1,87,47,505,0.617,4.969,1.46,0,0,5.21,0,16,0.1839,10,0.1149,12,6,624.505,193.762,NONE
X51008164420,C:\Users\jay\Downloads\finditagain\findit2\train\X51008164420.png,train,REAL,group_0900,1,110,44,585,0.278,2.16,0.671,0,0,3.614,0,13,0.1182,6,0.0545,1,0,1267.361,263.717,NONE
X51008164510,C:\Users\jay\Downloads\finditagain\findit2\val\X51008164510.png,train,REAL,group_0901,1,37,22,219,0.2669,0.816,0.308,0,0,0.159,0,5,0.1351,2,0.0541,1,0,1483.175,157.535,NONE
X51008164524,C:\Users\jay\Downloads\finditagain\findit2\train\X51008164524.png,train,REAL,group_0902,1,101,40,586,0.3581,3.878,1.838,0,0,13.953,0,17,0.1683,5,0.0495,9,3,744.185,272.812,NONE
X51008164525,C:\Users\jay\Downloads\finditagain\findit2\train\X51008164525.png,val,REAL,group_0903,1,86,37,498,0.3229,14.142,2.31,1,0,23.448,1,8,0.093,14,0.1628,2,2,627.21,212.581,NONE
X51008164969,C:\Users\jay\Downloads\finditagain\findit2\train\X51008164969.png,train,REAL,group_0904,1,89,44,495,0.3461,2.165,0.821,0,0,7.052,0,19,0.2135,11,0.1236,9,4,501.279,208.188,NONE
X51008164991,C:\Users\jay\Downloads\finditagain\findit2\test\X51008164991.png,train,REAL,group_0905,1,93,41,541,0.4191,2.0,0.811,0,0,7.567,0,18,0.1935,21,0.2258,8,6,723.569,201.468,NONE
X51008164992,C:\Users\jay\Downloads\finditagain\findit2\train\X51008164992.png,train,REAL,group_0906,1,90,46,508,0.3475,2.5,0.94,0,0,3.952,0,17,0.1889,10,0.1111,7,4,855.302,194.775,NONE
X51008164996,C:\Users\jay\Downloads\finditagain\findit2\train\X51008164996.png,train,REAL,group_0907,1,102,47,571,0.4026,2.0,0.734,0,0,6.163,0,19,0.1863,18,0.1765,10,7,652.709,202.499,NONE
X51008164997,C:\Users\jay\Downloads\finditagain\findit2\val\X51008164997.png,train,REAL,group_0908,1,84,40,480,0.3541,5.845,0.916,0,0,8.492,0,15,0.1786,12,0.1429,4,2,643.425,206.656,NONE
X51008164998,C:\Users\jay\Downloads\finditagain\findit2\train\X51008164998.png,train,EDITED,group_0909,1,88,38,512,0.3947,1.886,0.761,0,0,6.424,0,12,0.1364,15,0.1705,5,2,669.56,204.092,NONE
X51008164999,C:\Users\jay\Downloads\finditagain\findit2\val\X51008164999.png,train,REAL,group_0910,1,108,49,599,0.392,6.0,0.779,1,0,8.645,0,22,0.2037,19,0.1759,10,7,596.917,197.903,NONE
X51009008091,C:\Users\jay\Downloads\finditagain\findit2\test\X51009008091.png,test,REAL,group_0022,1,120,46,644,0.4733,2.16,0.595,0,0,2.648,0,12,0.1,12,0.1,2,0,866.484,205.046,NONE
X51009008095,C:\Users\jay\Downloads\finditagain\findit2\val\X51009008095.png,train,EDITED,group_0023,1,78,35,420,0.439,6.442,2.219,1,0,19.672,1,13,0.1667,9,0.1154,8,5,734.136,171.3,NONE
X51009447842,C:\Users\jay\Downloads\finditagain\findit2\train\X51009447842.png,train,EDITED,group_0013,1,87,37,480,0.2924,4.0,1.389,0,0,3.174,0,10,0.1149,8,0.092,1,0,821.256,241.389,NONE
X51009453729,C:\Users\jay\Downloads\finditagain\findit2\train\X51009453729.png,train,REAL,group_0014,1,104,38,515,0.8995,2.53,0.547,0,0,1.989,0,28,0.2692,9,0.0865,1,0,494.951,132.041,NONE
X51009453801,C:\Users\jay\Downloads\finditagain\findit2\train\X51009453801.png,val,REAL,group_0015,1,31,18,176,0.2317,2.5,1.025,0,0,10.037,0,4,0.129,3,0.0968,2,0,3420.969,113.393,NONE
X51009453804,C:\Users\jay\Downloads\finditagain\findit2\train\X51009453804.png,train,REAL,group_0016,1,91,37,480,0.8862,2.055,0.602,0,0,1.238,0,24,0.2637,5,0.0549,3,2,539.799,128.601,NONE
X51009568881,C:\Users\jay\Downloads\finditagain\findit2\train\X51009568881.png,train,REAL,group_0017,1,103,45,560,0.3775,4.176,1.069,0,0,10.258,0,22,0.2136,10,0.0971,10,7,973.919,257.873,NONE
