sample_id_A,sample_id_B,pHash_distance,dHash_distance,manipulation_A,manipulation_B
stfd_0bd3c927f4e8d025f4372dabb6a37c50,stfd_3973f0b54a10f0cefdba363c3cca393d,4,2,COPY_MOVE,COPY_MOVE
stfd_1d7789707297e2e28fbac34c2db0cb99,stfd_682c2934fd65d65c611ffcfc1b9b3336,4,8,COPY_MOVE,REMOVAL
stfd_1e0d6a0fcfedb0a244b2ac064c135029,stfd_5857f1ddaaaa8cb8205273dbf5c1608e,4,4,COPY_MOVE,COPY_MOVE
stfd_3064987a207ee1548754539c70bcb99a,stfd_d996e009699a2c1bde5f2aedce48a520,4,4,COPY_MOVE,COPY_MOVE
stfd_44b58d9eaa70c7a5034f631588bffa36,stfd_4721d22a12f35fc914a36f2ee9523672,4,6,COPY_MOVE,COPY_MOVE
stfd_44f21890a407323bc8aee0b0523552a3,stfd_494e8569fd2f01d0578c611897546786,4,2,COPY_MOVE,COPY_MOVE
stfd_44f21890a407323bc8aee0b0523552a3,stfd_f86998868f53a306544b569ad014c828,4,3,COPY_MOVE,INSERTION
stfd_494e8569fd2f01d0578c611897546786,stfd_f86998868f53a306544b569ad014c828,4,1,COPY_MOVE,INSERTION
stfd_5da962250f823c968d0e263955d6ab1c,stfd_9b1038338d3421b9483b0a0898e6639f,2,5,COPY_MOVE,COPY_MOVE
stfd_5da962250f823c968d0e263955d6ab1c,stfd_80409f89b06bd4c8a925319b716c71c1,4,8,COPY_MOVE,REMOVAL
stfd_5da962250f823c968d0e263955d6ab1c,stfd_0abb7543b45ffc55fc5853dc5a6769b2,2,8,COPY_MOVE,INSERTION
stfd_5da962250f823c968d0e263955d6ab1c,stfd_9fa1fb9e86e4fc5acfa0160eb4954436,2,6,COPY_MOVE,INSERTION
stfd_5da962250f823c968d0e263955d6ab1c,stfd_c0fec6306277453336853318e83c2bd5,4,7,COPY_MOVE,REPLACEMENT
stfd_63560d15bf1c2780d0bbab3b77a0c1a3,stfd_8592006d2dd33f0ab3ec21aab3e41d79,4,1,COPY_MOVE,INSERTION
stfd_63560d15bf1c2780d0bbab3b77a0c1a3,stfd_df88962fc5d7f6382da9c93b515ca47e,2,2,COPY_MOVE,REPLACEMENT
stfd_67317d7e9d6fc0356801510ca646898d,stfd_32c56312de2a7f9cd5bcfb327059cd07,3,6,COPY_MOVE,REMOVAL
stfd_67317d7e9d6fc0356801510ca646898d,stfd_6bd591f40e5ca45b39e561df9aa09d03,2,4,COPY_MOVE,REMOVAL
stfd_67317d7e9d6fc0356801510ca646898d,stfd_ace9750bb38cb2f8cebd3bb602d5c15b,4,6,COPY_MOVE,REMOVAL
stfd_67317d7e9d6fc0356801510ca646898d,stfd_396b6b0350e878e9315169add6cbd8dc,2,4,COPY_MOVE,INSERTION
stfd_67317d7e9d6fc0356801510ca646898d,stfd_f86998868f53a306544b569ad014c828,2,3,COPY_MOVE,INSERTION
stfd_67317d7e9d6fc0356801510ca646898d,stfd_fca0b5a96d944b473a1ffa08f4bec3f0,4,5,COPY_MOVE,INSERTION
stfd_67317d7e9d6fc0356801510ca646898d,stfd_6ee4d73a4b33eac11d465e7ac93f97f0,4,6,COPY_MOVE,REPLACEMENT
stfd_67317d7e9d6fc0356801510ca646898d,stfd_7547adc22962c0369e086d94273149e2,3,3,COPY_MOVE,REPLACEMENT
stfd_67317d7e9d6fc0356801510ca646898d,stfd_866c377945ac629fdc66d3352b09c831,0,3,COPY_MOVE,REPLACEMENT
stfd_684e37f2a3365089cfe7118700c3494b,stfd_b7a5b642d3f8075dde4c59690fc8d222,4,9,COPY_MOVE,COPY_MOVE
stfd_6a8fe44fc16ae20a1855dfb8f5c7e6ba,stfd_c73ce12d2079ce6adcbcf9e8777eae54,2,5,COPY_MOVE,COPY_MOVE
stfd_75dd77ff5a16d9325189936fb5a3a8f0,stfd_a16ee7fe258e341674241faa1bfdc2dc,4,5,COPY_MOVE,INSERTION
stfd_7aecf284a6645bea8ce24464d5e634a1,stfd_cb5b341e47c585a02d320c4b00b2555e,2,2,COPY_MOVE,COPY_MOVE
stfd_7d7505dfd67f99e7b4d6740edc695872,stfd_b2dd3df52a8688c06d4083a46a998173,4,19,COPY_MOVE,COPY_MOVE
stfd_814e280ca6dcb93bd8dfa8fffa2cd0b9,stfd_d5bf13d1598e120e7678d209fa478651,2,1,COPY_MOVE,COPY_MOVE
stfd_8218abcd89bc56294434886738fa0038,stfd_8616f3f4e2274f62a1c496849c39e218,2,2,COPY_MOVE,COPY_MOVE
stfd_9b1038338d3421b9483b0a0898e6639f,stfd_4421e417c5518f4ad5ec9d03ec971f40,4,10,COPY_MOVE,SPLICING
stfd_9b1038338d3421b9483b0a0898e6639f,stfd_80409f89b06bd4c8a925319b716c71c1,4,11,COPY_MOVE,REMOVAL
stfd_9b1038338d3421b9483b0a0898e6639f,stfd_0abb7543b45ffc55fc5853dc5a6769b2,2,11,COPY_MOVE,INSERTION
stfd_9b1038338d3421b9483b0a0898e6639f,stfd_9fa1fb9e86e4fc5acfa0160eb4954436,2,9,COPY_MOVE,INSERTION
stfd_9b1038338d3421b9483b0a0898e6639f,stfd_c0fec6306277453336853318e83c2bd5,4,10,COPY_MOVE,REPLACEMENT
stfd_afe78d5ba8093c3ce0715bd1cdab6b39,stfd_2285cf28a2ee96e7bc1a5f39f1f78e13,2,0,COPY_MOVE,REMOVAL
stfd_afe78d5ba8093c3ce0715bd1cdab6b39,stfd_89061a9f31392f6e31935399edce4aa8,2,0,COPY_MOVE,REPLACEMENT
stfd_b03012febcf10d79e07e2d4741de163a,stfd_881075ad062bf28e4638faa46614713f,4,11,COPY_MOVE,REMOVAL
stfd_b03012febcf10d79e07e2d4741de163a,stfd_cad964136e95cc149c6595af48eba278,4,11,COPY_MOVE,REPLACEMENT
stfd_b176e76e0a8cf9234d0374ff64535c67,stfd_2ceae21aa971b8c26829ce672a8f7a44,4,14,COPY_MOVE,SPLICING
stfd_b176e76e0a8cf9234d0374ff64535c67,stfd_e52fe1511204a2cd49e38b866402f931,4,8,COPY_MOVE,REPLACEMENT
stfd_b8f99757f8088b1fe06afb0b4a9d7762,stfd_a16ee7fe258e341674241faa1bfdc2dc,2,10,COPY_MOVE,INSERTION
stfd_b9caadb0b9b7b515f513c3a3231b3008,stfd_26f0d9fccbd61fa2d80556f3fd520711,3,5,COPY_MOVE,REPLACEMENT
stfd_0049b03c573ed561d785090ee63420ee,stfd_d688de3e3cf159770a858df6e656fa0a,2,9,SPLICING,INSERTION
stfd_00c8c02afa1319445e3cde0a6ea701de,stfd_fc4cb83384bb0bae05f480797f13ce09,2,5,SPLICING,REMOVAL
stfd_00c8c02afa1319445e3cde0a6ea701de,stfd_3058e42dd669aefd6581afb68f34de01,4,4,SPLICING,INSERTION
stfd_00c8c02afa1319445e3cde0a6ea701de,stfd_6a4c1f553f4bbe8677b56d40c12e2c5c,2,4,SPLICING,REPLACEMENT
stfd_0282474d93b008c23cab6696ff83e96a,stfd_b22e8d7d8742fea4c69e39696a82f67e,2,3,SPLICING,REMOVAL
stfd_0282474d93b008c23cab6696ff83e96a,stfd_a0bc071f046694c27d992a5ca74576bb,2,4,SPLICING,INSERTION
stfd_0282474d93b008c23cab6696ff83e96a,stfd_a660f13063e75581afb9919b6709eefe,2,2,SPLICING,REPLACEMENT
stfd_02e9d308c5b7eb99a01a69d2ae76906d,stfd_af965347b98035e40244d1cf215aa45b,4,7,SPLICING,SPLICING
stfd_033a5ef84f0983399db2f0230ff7b737,stfd_32d1ea24572bd1a17881ef0ef960fa41,4,1,SPLICING,REMOVAL
stfd_033a5ef84f0983399db2f0230ff7b737,stfd_84ad51f3ca53ad764870c4fa5a3635af,2,3,SPLICING,INSERTION
stfd_033a5ef84f0983399db2f0230ff7b737,stfd_c7cb05972cd4fa3922d99a7f514e8f37,4,1,SPLICING,REPLACEMENT
stfd_05fbb372c49efcbb300980457f6bfa8f,stfd_43da7be1c44803bae5c9856c4a2a7428,4,2,SPLICING,REMOVAL
stfd_05fbb372c49efcbb300980457f6bfa8f,stfd_d5ff30fbf7dce52ca6da106adaf430b6,2,20,SPLICING,REMOVAL
stfd_05fbb372c49efcbb300980457f6bfa8f,stfd_1f895e6c6d4dcb1fc158cbf6e7357bf8,4,20,SPLICING,INSERTION
stfd_05fbb372c49efcbb300980457f6bfa8f,stfd_003a5ba4f1f817af97a102776ced6ce9,4,20,SPLICING,REPLACEMENT
stfd_05fbb372c49efcbb300980457f6bfa8f,stfd_b486ea6faa14d49d2db2126f068b0beb,4,2,SPLICING,REPLACEMENT
stfd_066b238a82cfc76c29df1ad62b562bb7,stfd_deb161dcb46dca58c6c73fc53ecb862f,2,5,SPLICING,INSERTION
stfd_06b1a00555316bed73f3b0480d8fa52e,stfd_1a56acf505ba80e66cef0834875e454d,3,7,SPLICING,REMOVAL
stfd_06b1a00555316bed73f3b0480d8fa52e,stfd_68e5a0a6de96e47e6af689931f778bc8,3,6,SPLICING,INSERTION
stfd_06b1a00555316bed73f3b0480d8fa52e,stfd_b652d59da55c772a493036b4183291a0,1,4,SPLICING,REPLACEMENT
stfd_0752dd5c028496df1420a8de1c82d5ae,stfd_8b36adf41ed650ef791c3e119c7d6e3d,2,3,SPLICING,REMOVAL
stfd_0752dd5c028496df1420a8de1c82d5ae,stfd_af6896a7bd01d7f1873dd31df9d3c48b,0,2,SPLICING,INSERTION
stfd_0752dd5c028496df1420a8de1c82d5ae,stfd_34c30d391c78eaa9b3ddd9ff46b1ca7f,0,3,SPLICING,REPLACEMENT
stfd_076f040274fb7b77facfc0482a0a578c,stfd_492247e24f9e7f29da0fb5fcb09d1f96,4,3,SPLICING,SPLICING
stfd_076f040274fb7b77facfc0482a0a578c,stfd_86466fdaf22792ebfa3138345f7095f5,4,5,SPLICING,REMOVAL
stfd_076f040274fb7b77facfc0482a0a578c,stfd_65440f494727d951721fa574a9dcb409,0,9,SPLICING,INSERTION
stfd_076f040274fb7b77facfc0482a0a578c,stfd_5beda94fcb862ed78f8d8ee353a0f8e7,2,3,SPLICING,REPLACEMENT
stfd_07f3a5d7256defcb90753c225220352c,stfd_4214f1b37d2208e546914fb13d329ecb,2,3,SPLICING,REMOVAL
stfd_07f3a5d7256defcb90753c225220352c,stfd_36b1892d27dc63603096a577f87a6cf1,1,6,SPLICING,INSERTION
stfd_07f3a5d7256defcb90753c225220352c,stfd_5e22cb87cff4a53db58c0e2ce138799d,0,3,SPLICING,REPLACEMENT
stfd_08d9b3851ea2795f75989aabd3afddea,stfd_73e22eb382336281d83cb5c1def3c0a0,0,2,SPLICING,REMOVAL
stfd_08d9b3851ea2795f75989aabd3afddea,stfd_725ae4101efd747f9819155e12b9a927,0,4,SPLICING,INSERTION
stfd_08d9b3851ea2795f75989aabd3afddea,stfd_106595213ff0b8f3db04476d120478e9,0,2,SPLICING,REPLACEMENT
stfd_099134d934e0fa3c844010a83c4df9b4,stfd_22310d9658354d8a0010fe7c02622a07,2,1,SPLICING,REMOVAL
stfd_099134d934e0fa3c844010a83c4df9b4,stfd_6037ab4d1d9f7cc109573b87627df9f0,3,1,SPLICING,REPLACEMENT
stfd_0a8fd2129a9c176128d4a728c5a11f79,stfd_dc4dc1180cfb20921a845542c62cf02a,4,2,SPLICING,REMOVAL
stfd_0a8fd2129a9c176128d4a728c5a11f79,stfd_9a5a396365a2beb9c8bb28a616210413,4,3,SPLICING,INSERTION
stfd_0a8fd2129a9c176128d4a728c5a11f79,stfd_6220c04e2aa0a5a01beb7f99bf4d30ab,4,2,SPLICING,REPLACEMENT
stfd_0b5746c46964a7cb5a2816c593738ad5,stfd_d22018dd67066a7951a16289e2e3b5c3,2,1,SPLICING,SPLICING
stfd_0b5746c46964a7cb5a2816c593738ad5,stfd_6672bcb0d68fcb857fd544ca117a97f1,2,1,SPLICING,INSERTION
stfd_0b5746c46964a7cb5a2816c593738ad5,stfd_eee094814470069a0998d5b9d56a6888,2,2,SPLICING,REPLACEMENT
stfd_0bd3706c82c685061a57b0bb17e65d95,stfd_da39d1b444ebeb3c5a59343e46cdce40,2,3,SPLICING,REMOVAL
stfd_0bd3706c82c685061a57b0bb17e65d95,stfd_cedd3690e19c3c3530967e0085e425ae,4,1,SPLICING,INSERTION
stfd_0bd3706c82c685061a57b0bb17e65d95,stfd_4e9532c25fdb3dfced0b506b9be7e12e,2,1,SPLICING,REPLACEMENT
stfd_0db3bba07b32afb5c2263df8d77ce77b,stfd_ee630fd7416fdd38262272a164020b4f,4,4,SPLICING,REMOVAL
stfd_0db3bba07b32afb5c2263df8d77ce77b,stfd_48efaffe794b7a48d7eaf6f93bdc5430,4,2,SPLICING,REPLACEMENT
stfd_0db3bba07b32afb5c2263df8d77ce77b,stfd_df67b936439d4c42d10b47809980cd1e,4,4,SPLICING,REPLACEMENT
stfd_0ef67b1e170bff4b19e925ca997a3e17,stfd_fc0646935cea56a0cd3a791a7aca4d6a,4,7,SPLICING,REMOVAL
stfd_0ef67b1e170bff4b19e925ca997a3e17,stfd_f1fd1935c712a2a3917f4513d409bd33,4,6,SPLICING,INSERTION
stfd_0ef67b1e170bff4b19e925ca997a3e17,stfd_c67b4a7803508b35c080b283dc3883f4,4,5,SPLICING,REPLACEMENT
stfd_117bb50d1c891f0078c44ce0fc5e69b1,stfd_10717e9f26a13147bd089a8e7a20ebd4,3,0,SPLICING,INSERTION
stfd_1220a547730c899ed1300b1435b0b30f,stfd_dcb5c0670b1c285c1b2f7c53a21bf2aa,4,4,SPLICING,REMOVAL
stfd_1220a547730c899ed1300b1435b0b30f,stfd_b1a0d5fe9cb1b988bdd2f2e128f2a018,4,4,SPLICING,INSERTION
stfd_1220a547730c899ed1300b1435b0b30f,stfd_4af44a7575f273b0d72f91471e49f8e3,4,3,SPLICING,REPLACEMENT
stfd_12539abffcb933bb9e3e45d372191301,stfd_53363ed624a582b2eb98a6db80d4251d,3,4,SPLICING,REPLACEMENT
stfd_12968be4d03032b72e8c87550ded8f4e,stfd_f5a928c500b9e5c38f4c4f4d3ab11f0c,2,11,SPLICING,SPLICING
stfd_12cd163527168dffe7fe99e82f4618d8,stfd_1b6613ab45bcdc854bcf34fdf4b99bbe,0,3,SPLICING,REMOVAL
stfd_12cd163527168dffe7fe99e82f4618d8,stfd_91163e5d94fdacd370ac5d313d653172,0,1,SPLICING,REPLACEMENT
stfd_14484db6010f0e1e11093ef65d1fd6b8,stfd_a8c87284a29c71e2558d2e050965b216,4,7,SPLICING,INSERTION
stfd_14e021bc2ebe19b76947389fa3c712fa,stfd_2b0f8516b524891a34c05f342959381c,2,1,SPLICING,REPLACEMENT
stfd_1589f92a24325a415926de11d491f3b5,stfd_86b20c937e00ae3eb8a448e15b669a3c,0,2,SPLICING,INSERTION
stfd_17e7285d95837f602c43dd7eb1fb45a9,stfd_74ea626da18896f7800d4b36b265c06a,4,0,SPLICING,INSERTION
stfd_187c8470bc8e9d4477fd6e016b690b44,stfd_8b992546799c93429606e162b2eb8b13,0,0,SPLICING,SPLICING
stfd_187c8470bc8e9d4477fd6e016b690b44,stfd_e1ea9264e988086785c03ba32658ed1e,0,2,SPLICING,REMOVAL
stfd_187c8470bc8e9d4477fd6e016b690b44,stfd_c931bef0a78f2cdb2e7fffa3ec993f83,2,1,SPLICING,INSERTION
stfd_187c8470bc8e9d4477fd6e016b690b44,stfd_bb454e6da22871f6acfa395ee1957d28,0,0,SPLICING,REPLACEMENT
stfd_196442f74f580afa369ec9654d14bc88,stfd_72a4ba8ec0001c8b26ea93d50f2d466c,2,1,SPLICING,SPLICING
stfd_196442f74f580afa369ec9654d14bc88,stfd_a05a3f3d41cccb0c56223b8a3366baf5,2,2,SPLICING,REMOVAL
stfd_196442f74f580afa369ec9654d14bc88,stfd_51da752871aa14f7ff2fcf840411b52b,2,1,SPLICING,REPLACEMENT
stfd_1b45b7e33f3ff2b4a65bb3d1634d0612,stfd_e08a655b4c57cb39c9bdd5845f15ae82,2,4,SPLICING,REMOVAL
stfd_1b45b7e33f3ff2b4a65bb3d1634d0612,stfd_8ca1790be9028ab568fd8fec2178382f,4,3,SPLICING,REPLACEMENT
stfd_1eba4f8079e059d5ac51866e1e1d7c6e,stfd_462aeacccbbac964aadeb0bb3147c921,2,3,SPLICING,REMOVAL
stfd_1eba4f8079e059d5ac51866e1e1d7c6e,stfd_fb589520d111fbdc4f2333574eb56666,2,2,SPLICING,INSERTION
stfd_1eba4f8079e059d5ac51866e1e1d7c6e,stfd_5e9f070a666df4236bd8c1001704db72,4,2,SPLICING,REPLACEMENT
stfd_1fe527c20071cb904644c57dc12ed10a,stfd_a7af3db73d4a2eb0ffb6f9751268a707,2,4,SPLICING,SPLICING
stfd_200938d56c256a20e7208a1b971318eb,stfd_d35e5bf2bc6aa8defaaa86bc1fff8096,3,5,SPLICING,REMOVAL
stfd_200938d56c256a20e7208a1b971318eb,stfd_1301e868c4695eb8ff2e2504c29eadab,0,5,SPLICING,INSERTION
stfd_200938d56c256a20e7208a1b971318eb,stfd_d61b4f6620615db59fedab650e8c4906,0,5,SPLICING,REPLACEMENT
stfd_20bc94ca66f9537bc397a58f1e21795d,stfd_4763462a386edd03ca7b0c5a62823f08,4,6,SPLICING,INSERTION
stfd_20f9bf63a630ef4ac61c1e8ed0a78fa3,stfd_8c12faeb5778293de315f1f30fea0eef,4,7,SPLICING,SPLICING
stfd_20f9bf63a630ef4ac61c1e8ed0a78fa3,stfd_8409983a18d643160b92fd8163fa1e56,3,8,SPLICING,REMOVAL
stfd_20f9bf63a630ef4ac61c1e8ed0a78fa3,stfd_faacf9de1c2c1f5765f8e82e25353eeb,2,7,SPLICING,INSERTION
stfd_20f9bf63a630ef4ac61c1e8ed0a78fa3,stfd_0e4d3a9d7972fcbd4b1985f571275940,3,6,SPLICING,REPLACEMENT
stfd_21f0822456e04e9faca2336c05d7595d,stfd_c64fd2a674c71abc608f2744166e72c8,0,7,SPLICING,REMOVAL
stfd_21f0822456e04e9faca2336c05d7595d,stfd_2481a3456e206db6451c6859323ad166,0,5,SPLICING,INSERTION
stfd_21f0822456e04e9faca2336c05d7595d,stfd_d71d26e95078c1dd87cfb82628f69997,0,6,SPLICING,REPLACEMENT
stfd_22e38502791ba196107979b590681982,stfd_606c5c76a6bd588773f949c02348dc65,4,5,SPLICING,REMOVAL
stfd_26cda2118cf37184a29551df9eb7044f,stfd_38815ed2ec6a2d2d706c19469cd23b1c,4,4,SPLICING,REMOVAL
stfd_26cda2118cf37184a29551df9eb7044f,stfd_86f24ca5f37f8e8b81a1000383cda16a,2,2,SPLICING,REPLACEMENT
stfd_2864310abdadc75ac842ae6005ed96dd,stfd_84ad5c51c05c00ca8859282c1c3d333a,2,2,SPLICING,REMOVAL
stfd_2864310abdadc75ac842ae6005ed96dd,stfd_7641be87dd5316b429e71407a6926992,2,3,SPLICING,REPLACEMENT
stfd_2876f2c702377e7d46eb4744d38f5158,stfd_23e5d37982d2b2f15e9c97cd60f58047,2,3,SPLICING,INSERTION
stfd_2876f2c702377e7d46eb4744d38f5158,stfd_468c7dbf9b88f18638b90d3588847b21,3,2,SPLICING,REPLACEMENT
stfd_28793aef59eb6f97fc6c53b3026d283a,stfd_7c3d92f6576579fa2efc2cfe90ef6335,4,7,SPLICING,SPLICING
stfd_28793aef59eb6f97fc6c53b3026d283a,stfd_fd6f0ef8ab0160ae3f329cafcabe1e5d,4,5,SPLICING,REMOVAL
stfd_28793aef59eb6f97fc6c53b3026d283a,stfd_83a89da67ff78f143d7e40741834d31a,4,8,SPLICING,REPLACEMENT
stfd_297b32b0503cc4c0fa04ab85b42ed414,stfd_e37ba9a60835e2af28d6a1a33b895bdd,0,4,SPLICING,REMOVAL
stfd_297b32b0503cc4c0fa04ab85b42ed414,stfd_c632d8f888e61c46fd98fae8661e1d5c,0,3,SPLICING,REPLACEMENT
stfd_29adc63df1d2d0f152d30083c08200f9,stfd_90466240589d089b681c68165c8132ee,3,6,SPLICING,REMOVAL
stfd_29adc63df1d2d0f152d30083c08200f9,stfd_fdd2b67a57e90b9c76c3bf4beb25c4a1,4,5,SPLICING,INSERTION
stfd_29adc63df1d2d0f152d30083c08200f9,stfd_448acbe7c5aa1a953a2ac039261d3794,4,4,SPLICING,REPLACEMENT
stfd_2a09919309c9ca55e478adb58b488884,stfd_5c2e5c4943bd63eafd20c1162619a7e8,4,6,SPLICING,INSERTION
stfd_2b04713f801a36e4aa154086b6ec1b03,stfd_c87d17192a8256e3ee197adea5622b57,4,1,SPLICING,INSERTION
stfd_2b173807fec9dd034205c44a050abb61,stfd_6b53c2096bd18cbe9e135bcfea5fda9e,4,3,SPLICING,REPLACEMENT
stfd_2c1d48e2b23ae41f15159c7073149b76,stfd_82731c3702fe9c8f2320d006a764fb72,1,3,SPLICING,REMOVAL
stfd_2c1d48e2b23ae41f15159c7073149b76,stfd_f6b4c2039f81220693a62fbd6b1bcb75,1,4,SPLICING,REPLACEMENT
stfd_2d51c176a698aea7347bbbf7252e51b2,stfd_4552d3d40773914561e521cdeb93ebf0,2,3,SPLICING,SPLICING
stfd_2d51c176a698aea7347bbbf7252e51b2,stfd_e03066a2e3e65668f6bb08512dddcffd,0,4,SPLICING,REMOVAL
stfd_2d51c176a698aea7347bbbf7252e51b2,stfd_7f67905c7daf8b26b66e2e87aea146d1,0,3,SPLICING,REPLACEMENT
stfd_2ddad6d086f2105601004f6214ca5842,stfd_f0cced2854a94d67d48b9a20f6b6b1ac,0,2,SPLICING,INSERTION
stfd_2e66bd532b9d1950694a5a6d239163d0,stfd_624332246188fd66c52a89b5a9832f21,4,4,SPLICING,REMOVAL
stfd_2e66bd532b9d1950694a5a6d239163d0,stfd_0c6ac0a8756defd4cc557a9f992becee,2,3,SPLICING,REPLACEMENT
stfd_3042a49aad87d412c6e5627d61d9dd0d,stfd_3f36897a72406956ab16c2bb7029b431,2,4,SPLICING,SPLICING
stfd_3042a49aad87d412c6e5627d61d9dd0d,stfd_6ff9e4d05be4cc8fd3a56c25de2cdc04,0,4,SPLICING,REMOVAL
stfd_3042a49aad87d412c6e5627d61d9dd0d,stfd_51dfb1cc771c37a47d438d278aea67f1,0,4,SPLICING,INSERTION
stfd_3042a49aad87d412c6e5627d61d9dd0d,stfd_f9fd575334f80b8131742358f81b8691,0,4,SPLICING,REPLACEMENT
stfd_305b100485755473ecff1b79c0ce39b8,stfd_ae5919324ed5e2813395d74e8a9775be,2,8,SPLICING,SPLICING
stfd_305b100485755473ecff1b79c0ce39b8,stfd_b152a3249949ba1ffe23d293000a406a,4,6,SPLICING,REMOVAL
stfd_305b100485755473ecff1b79c0ce39b8,stfd_553adb5d3551ec27791f0599ef5dbf04,4,5,SPLICING,REPLACEMENT
stfd_30d2d70faf6e3fdf3f12a33d466c3817,stfd_4d389223a9a0b5ac8d748c916e43fabf,3,10,SPLICING,REMOVAL
stfd_30d2d70faf6e3fdf3f12a33d466c3817,stfd_a997a5962b982440648f202e9b2cb064,4,8,SPLICING,REPLACEMENT
stfd_31c6b8c4c8f45ec728b142e9f68cbd53,stfd_37e153a0e8c0fd22d2c802c4df5ff673,3,4,SPLICING,REMOVAL
stfd_3227f21e63d79664a848c5ce9c91b2f8,stfd_74db310b0d096d9f86a03428cf4a5c97,4,4,SPLICING,REPLACEMENT
stfd_32f1c9bfc8f567b6fcce665c77e24c7c,stfd_e467daf0eb425980e9286bcfb33f63dc,4,7,SPLICING,REMOVAL
stfd_32f1c9bfc8f567b6fcce665c77e24c7c,stfd_0d46e3176f71f65a683949ced26e5cfa,2,7,SPLICING,REPLACEMENT
stfd_3333bb1ed1497b991877d140625ba460,stfd_a24c4547b6237ddcb3fae6adf9f03480,4,9,SPLICING,REMOVAL
stfd_3333bb1ed1497b991877d140625ba460,stfd_e9e6b69b76554304b22394252067b75b,2,4,SPLICING,INSERTION
stfd_3333bb1ed1497b991877d140625ba460,stfd_f93d538e746d7d44f024fd8419681930,2,5,SPLICING,REPLACEMENT
stfd_3375a68f20c73269b76e476c3a671291,stfd_8c05f6edc85028c283e89046e5790235,2,7,SPLICING,REMOVAL
stfd_3375a68f20c73269b76e476c3a671291,stfd_fef7659a07a083e5c08b06485a729921,2,6,SPLICING,INSERTION
stfd_3375a68f20c73269b76e476c3a671291,stfd_d3ef326bcaf2480a124223e23bd8c253,2,6,SPLICING,REPLACEMENT
stfd_33e2f5c0ed27a5a39908886d516f1e8c,stfd_928893da2b8951dd2b903d68cb326bd0,4,3,SPLICING,REMOVAL
stfd_33e2f5c0ed27a5a39908886d516f1e8c,stfd_ec8818bbabf2df8415e90a15c586ddb2,4,3,SPLICING,INSERTION
stfd_33e2f5c0ed27a5a39908886d516f1e8c,stfd_c0130908affa4e62a3273cca40438505,4,3,SPLICING,REPLACEMENT
stfd_35842536714de697616de164e2dcb4f9,stfd_ca649cc66280a56bf9a95b73a9f873c2,4,2,SPLICING,REPLACEMENT
stfd_35b357fa844a9cf73984a7fc1c27a144,stfd_5e6ea09bd35a484a0b198ec5b5528dc7,3,2,SPLICING,INSERTION
stfd_36ecaa0138a8da68ba6c13409da15d7e,stfd_3ef4ac73d9327c0fdff7dce28cc51b40,4,1,SPLICING,SPLICING
stfd_36ecaa0138a8da68ba6c13409da15d7e,stfd_e93a2b8cafecda0de85bd3a2af5071d9,4,2,SPLICING,SPLICING
stfd_36ecaa0138a8da68ba6c13409da15d7e,stfd_662d5b09f136ef6bc15b1878b34b2549,4,2,SPLICING,REMOVAL
stfd_36ecaa0138a8da68ba6c13409da15d7e,stfd_ca6cd6ab696e1d4578ed517fb9d90bd2,4,3,SPLICING,REMOVAL
stfd_36ecaa0138a8da68ba6c13409da15d7e,stfd_ed42d387bdb01c697bc1433f84085999,4,1,SPLICING,INSERTION
stfd_36ecaa0138a8da68ba6c13409da15d7e,stfd_f684feb2045d2d6596d981b721649861,0,0,SPLICING,INSERTION
stfd_36ecaa0138a8da68ba6c13409da15d7e,stfd_160cd2d92f28211a11ceb17c603d6126,2,2,SPLICING,REPLACEMENT
stfd_36ecaa0138a8da68ba6c13409da15d7e,stfd_4d4af9af572060eaccee07e1e59ed4b4,4,1,SPLICING,REPLACEMENT
stfd_37c3137b2223643bb5ca986af1922b2f,stfd_589af530a4cd75f5101a3180e9ac7a8a,2,5,SPLICING,SPLICING
stfd_37c3137b2223643bb5ca986af1922b2f,stfd_ba6ab6898e7da0fa64900e5a587ef4d8,2,6,SPLICING,REMOVAL
stfd_37c3137b2223643bb5ca986af1922b2f,stfd_364b6dcf68bb771213636bf35e80993f,0,5,SPLICING,INSERTION
stfd_37c3137b2223643bb5ca986af1922b2f,stfd_78d26909292daf8dabefe2388917e0ce,2,5,SPLICING,REPLACEMENT
stfd_38b836e2ecef0643ac0178265b2c85ac,stfd_988b9a0f68c71d8cd21a14b15e303b64,2,6,SPLICING,REMOVAL
stfd_38b836e2ecef0643ac0178265b2c85ac,stfd_19846719138a62ddd9109ecc2d62cb20,2,3,SPLICING,REPLACEMENT
stfd_38ca1ea3dfc82647d61ef084981b48d9,stfd_472eb22e6963cde607c6ae052e619c45,0,7,SPLICING,SPLICING
stfd_38ca1ea3dfc82647d61ef084981b48d9,stfd_be8d1448368f76aee2142bf489699ee0,4,7,SPLICING,REMOVAL
stfd_38ca1ea3dfc82647d61ef084981b48d9,stfd_1399ce86504d51a7eb6eb5e0878f9e5d,2,4,SPLICING,REPLACEMENT
stfd_392d3592e03127e2063b80dd90738383,stfd_27ef55c10a2881644b9b5a6f2ba1e116,4,11,SPLICING,INSERTION
stfd_3bdf0a7f1f5aa5572661e7c75a3ce232,stfd_0ae0dee4c3213807a603d2ad76c25050,2,1,SPLICING,REMOVAL
stfd_3bdf0a7f1f5aa5572661e7c75a3ce232,stfd_a8af33bdf8b18f55a346cf0868de36ac,2,2,SPLICING,INSERTION
stfd_3bdf0a7f1f5aa5572661e7c75a3ce232,stfd_a3a2ba479b765a99c6c96ac3095ac5c3,2,1,SPLICING,REPLACEMENT
stfd_3c286f1f8a1549b76581cb94bacef48c,stfd_6789b781e056fbdf4da1bd784f272ae0,2,3,SPLICING,INSERTION
stfd_3c8a39fa9dbfc49de7ed375e859835ee,stfd_e434bcc31acba3ececc67b840ba976ae,2,7,SPLICING,SPLICING
stfd_3c8a39fa9dbfc49de7ed375e859835ee,stfd_6785e04b3ada17612cbba4a98e717e87,2,5,SPLICING,REMOVAL
stfd_3c8a39fa9dbfc49de7ed375e859835ee,stfd_03ca0fd1b8453a9f7b3905e105a7b0e5,2,5,SPLICING,INSERTION
stfd_3c8a39fa9dbfc49de7ed375e859835ee,stfd_6f721408bdb6e8530fff2f6cc450157d,0,5,SPLICING,REPLACEMENT
stfd_3cf875336d623c6a903ec2e8fedaff86,stfd_c1a7cf4b716a80d5137fe37909990d6a,4,5,SPLICING,SPLICING
stfd_3cf875336d623c6a903ec2e8fedaff86,stfd_56cd5dd450d3a814877299607b44b153,2,7,SPLICING,REMOVAL
stfd_3cf875336d623c6a903ec2e8fedaff86,stfd_f835c7097728aaf0a78b57b3e101e8db,2,5,SPLICING,REPLACEMENT
stfd_3d8c57f9259ac46733cb1257810cc478,stfd_78feb33aa8e5d330a96093efa9ad24b0,4,7,SPLICING,SPLICING
stfd_3d8c57f9259ac46733cb1257810cc478,stfd_602b2ad92db6e0ce09535a9cfbc98829,4,6,SPLICING,REMOVAL
stfd_3d8c57f9259ac46733cb1257810cc478,stfd_569dc781f25968174bad049b2bb24d4b,4,5,SPLICING,INSERTION
stfd_3d8c57f9259ac46733cb1257810cc478,stfd_0c94cbea709dc37babd9f18749c9f9d8,4,5,SPLICING,REPLACEMENT
stfd_3ef4ac73d9327c0fdff7dce28cc51b40,stfd_e93a2b8cafecda0de85bd3a2af5071d9,2,1,SPLICING,SPLICING
stfd_3ef4ac73d9327c0fdff7dce28cc51b40,stfd_662d5b09f136ef6bc15b1878b34b2549,2,1,SPLICING,REMOVAL
stfd_3ef4ac73d9327c0fdff7dce28cc51b40,stfd_ca6cd6ab696e1d4578ed517fb9d90bd2,0,2,SPLICING,REMOVAL
stfd_3ef4ac73d9327c0fdff7dce28cc51b40,stfd_ed42d387bdb01c697bc1433f84085999,2,2,SPLICING,INSERTION
stfd_3ef4ac73d9327c0fdff7dce28cc51b40,stfd_f684feb2045d2d6596d981b721649861,4,1,SPLICING,INSERTION
stfd_3ef4ac73d9327c0fdff7dce28cc51b40,stfd_160cd2d92f28211a11ceb17c603d6126,2,1,SPLICING,REPLACEMENT
stfd_3ef4ac73d9327c0fdff7dce28cc51b40,stfd_4d4af9af572060eaccee07e1e59ed4b4,2,2,SPLICING,REPLACEMENT
stfd_3f36897a72406956ab16c2bb7029b431,stfd_6ff9e4d05be4cc8fd3a56c25de2cdc04,2,4,SPLICING,REMOVAL
stfd_3f36897a72406956ab16c2bb7029b431,stfd_51dfb1cc771c37a47d438d278aea67f1,2,4,SPLICING,INSERTION
stfd_3f36897a72406956ab16c2bb7029b431,stfd_f9fd575334f80b8131742358f81b8691,2,4,SPLICING,REPLACEMENT
stfd_3fc465a488126b6b70e92b7e16e22cb2,stfd_456d4e70c690656f2b91d2790bb3461c,2,6,SPLICING,INSERTION
stfd_401a0532abb6185973a6022b250faa9e,stfd_1a72fc0bd0a9288842f6fc80f95efd0c,3,4,SPLICING,INSERTION
stfd_41f3131b535f6a0fa41bf11f433a840d,stfd_5e4725e08569047a7aa513b739ce3c25,2,6,SPLICING,REMOVAL
stfd_41f3131b535f6a0fa41bf11f433a840d,stfd_6ec615ebf3726d13c414fee62f462590,2,5,SPLICING,INSERTION
stfd_41f3131b535f6a0fa41bf11f433a840d,stfd_3347e39afe7ec929d9f3d18fd2b70dd7,2,5,SPLICING,REPLACEMENT
stfd_44e813b77493ae7e7c510e2664ef93cb,stfd_975824599dcecb68335053bd0d18b80b,3,4,SPLICING,REMOVAL
stfd_44e813b77493ae7e7c510e2664ef93cb,stfd_c9e179aefe2ba4339f5a7146424c5641,4,1,SPLICING,INSERTION
stfd_44e813b77493ae7e7c510e2664ef93cb,stfd_3a2fa8b49be34b1a40bef66cfe37da4d,1,3,SPLICING,REPLACEMENT
stfd_4552d3d40773914561e521cdeb93ebf0,stfd_e03066a2e3e65668f6bb08512dddcffd,2,1,SPLICING,REMOVAL
stfd_4552d3d40773914561e521cdeb93ebf0,stfd_7f67905c7daf8b26b66e2e87aea146d1,2,0,SPLICING,REPLACEMENT
stfd_4552d6006e34eb29df1f063ccb6b7442,stfd_ae67fe254dd394a651be8a44faf9bbdf,2,4,SPLICING,REMOVAL
stfd_4552d6006e34eb29df1f063ccb6b7442,stfd_88f8ad4484295991a5d6cd5c88933cbb,4,2,SPLICING,INSERTION
stfd_4552d6006e34eb29df1f063ccb6b7442,stfd_557c38e1cabaa375eb873aade3a4d733,2,3,SPLICING,REPLACEMENT
stfd_4584e3fe083712cfc430b89c13d491a9,stfd_f1e6907fa3056aae39311f23e6a8d754,3,5,SPLICING,INSERTION
stfd_4584e3fe083712cfc430b89c13d491a9,stfd_7b0b9516c50894aface53a9451b28da5,3,1,SPLICING,REPLACEMENT
stfd_4584e3fe083712cfc430b89c13d491a9,stfd_cdee45660f1ebb75528610e241f65751,3,6,SPLICING,REPLACEMENT
stfd_469e61730a5401ed634e7b89bed03e7f,stfd_cdc31e83c9b7e14d0cda3cc7a46a1e85,3,3,SPLICING,REMOVAL
stfd_469e61730a5401ed634e7b89bed03e7f,stfd_9407d330dd476d82a7ae48473999332e,1,3,SPLICING,REPLACEMENT
stfd_46c387ce8d9e090ee9f948c3a4467713,stfd_06a8928df6252051810971a614bd2b49,4,14,SPLICING,REMOVAL
stfd_46c387ce8d9e090ee9f948c3a4467713,stfd_7c4fc959fa24ba3ccd57d4b89ce2244f,4,13,SPLICING,REMOVAL
stfd_46c387ce8d9e090ee9f948c3a4467713,stfd_691d44aeed72ba9ae16f70a7d81c3c00,2,14,SPLICING,REPLACEMENT
stfd_46c387ce8d9e090ee9f948c3a4467713,stfd_7376b4e5dc10a835fad32f74a2b6f3a7,4,14,SPLICING,REPLACEMENT
stfd_472eb22e6963cde607c6ae052e619c45,stfd_be8d1448368f76aee2142bf489699ee0,4,6,SPLICING,REMOVAL
stfd_472eb22e6963cde607c6ae052e619c45,stfd_1399ce86504d51a7eb6eb5e0878f9e5d,2,5,SPLICING,REPLACEMENT
stfd_4782cf0d10fc1c2909e52a8ad085c573,stfd_b0d9bccc45ef49f6da688348f894fa39,0,3,SPLICING,REPLACEMENT
stfd_48b9299aaa6a13fe5452e5fc9e781282,stfd_acc9a0754b050804e1f031b7d0f99467,0,9,SPLICING,REMOVAL
stfd_48b9299aaa6a13fe5452e5fc9e781282,stfd_072c64cf83794e15c2a836e91f03bd40,0,8,SPLICING,INSERTION
stfd_48b9299aaa6a13fe5452e5fc9e781282,stfd_499436cd72acb64adbf54200e44fd5f6,3,16,SPLICING,INSERTION
stfd_48b9299aaa6a13fe5452e5fc9e781282,stfd_83a54bceb4e027de48d968e1e90c63be,0,5,SPLICING,REPLACEMENT
stfd_48bdf4b0904d3c33ab2967504d584a26,stfd_c0df3c56394fb8e141ef2f495cc493c5,2,2,SPLICING,REMOVAL
stfd_48bdf4b0904d3c33ab2967504d584a26,stfd_579459648c5efa1ed7687f6d70a27936,4,4,SPLICING,INSERTION
stfd_48bdf4b0904d3c33ab2967504d584a26,stfd_2d10dd047ad64484234b4d3c3d1e0916,4,1,SPLICING,REPLACEMENT
stfd_48e8a5f44c97b09d1fa7aba3a9e1c21a,stfd_ba5b5cb27bf8501353fdda66966917d9,4,2,SPLICING,INSERTION
stfd_492247e24f9e7f29da0fb5fcb09d1f96,stfd_86466fdaf22792ebfa3138345f7095f5,2,4,SPLICING,REMOVAL
stfd_492247e24f9e7f29da0fb5fcb09d1f96,stfd_65440f494727d951721fa574a9dcb409,4,8,SPLICING,INSERTION
stfd_492247e24f9e7f29da0fb5fcb09d1f96,stfd_5beda94fcb862ed78f8d8ee353a0f8e7,2,2,SPLICING,REPLACEMENT
stfd_49f7335e1123b0af938725f178ae7a8a,stfd_7775d2a5746f66451350666c5961affd,2,4,SPLICING,REMOVAL
stfd_49f7335e1123b0af938725f178ae7a8a,stfd_072cad342437730a03a363ffb624b0cf,0,3,SPLICING,REPLACEMENT
stfd_4b2faf41dd95f06be3a139969e673d98,stfd_8681c385ff9a7a6faf487abd1da68a42,2,3,SPLICING,REMOVAL
stfd_4b2faf41dd95f06be3a139969e673d98,stfd_8975d5eea21b55ccd0edcf56cfa1ad78,3,6,SPLICING,INSERTION
stfd_4b2faf41dd95f06be3a139969e673d98,stfd_54c3068c1efc454c31927d43f799c788,0,4,SPLICING,REPLACEMENT
stfd_4c5a5a8443deff15f0daf7621bdc4255,stfd_7b45fbd113f34e5ae7b44eda6ba6af31,4,4,SPLICING,REMOVAL
stfd_4c5a5a8443deff15f0daf7621bdc4255,stfd_9a0a6db9a4e9ee4e09a92677250400c0,2,7,SPLICING,INSERTION
stfd_4c5a5a8443deff15f0daf7621bdc4255,stfd_6661dbbfea096ab0ac494b830a35404b,0,4,SPLICING,REPLACEMENT
stfd_4c8ca5a5911a5f60f5a8a1658217fb63,stfd_8cf8c3abcf019f60e555c4e99126b549,4,2,SPLICING,SPLICING
stfd_4cdc97c1803a349550aa772f21eceee8,stfd_7d411f83ded0dd1d06a69a7fd259176e,2,3,SPLICING,REMOVAL
stfd_4cdc97c1803a349550aa772f21eceee8,stfd_e99f451168a3e313d84ac9c233e82b3e,2,4,SPLICING,INSERTION
stfd_4cdc97c1803a349550aa772f21eceee8,stfd_244b82433dda1832ccdd467880894118,4,2,SPLICING,REPLACEMENT
stfd_4d142e5e0ab05eea9af9fcd51ecb235c,stfd_79b728275dcca5a9f4ae13ed31247743,2,3,SPLICING,REMOVAL
stfd_4d142e5e0ab05eea9af9fcd51ecb235c,stfd_0e82dcf6f9dcc9915aa520728f0b3627,2,2,SPLICING,INSERTION
stfd_4d142e5e0ab05eea9af9fcd51ecb235c,stfd_70fe43d3af71f6519f505fb4b201138d,2,1,SPLICING,REPLACEMENT
stfd_4d8ca564e1f8577a9e0dba9d1dced89e,stfd_ec1682e5f64f48a86294867f483d7db6,3,2,SPLICING,REMOVAL
stfd_4d8ca564e1f8577a9e0dba9d1dced89e,stfd_e158a0cf3915accd18d11cc8d8a8fc4a,2,3,SPLICING,REPLACEMENT
stfd_4e2c4bf9c046eb8e4a3e450839179fdb,stfd_5a8db505c00e3d57d5b217bded1755e2,3,4,SPLICING,REPLACEMENT
stfd_4e39db2656b33509ba7456085b03f6a4,stfd_c8fac922fa22e72951a243aa4e597852,3,3,SPLICING,REMOVAL
stfd_4e39db2656b33509ba7456085b03f6a4,stfd_b7020db431619bae81f60aaf61e6837f,3,7,SPLICING,INSERTION
stfd_4e39db2656b33509ba7456085b03f6a4,stfd_c11e86a0d9ffab5022ca865cd5bc7542,1,2,SPLICING,REPLACEMENT
stfd_4e6d99ff49d5dd5af2adee680059d284,stfd_9ce1b1687ec3a89aa4ac3ae8ecc0972a,2,2,SPLICING,SPLICING
stfd_4e6d99ff49d5dd5af2adee680059d284,stfd_d25684230743477547031081a6d59113,3,6,SPLICING,SPLICING
stfd_4e6d99ff49d5dd5af2adee680059d284,stfd_c91c46f4e188a0acffbff44f5f396dcb,2,5,SPLICING,REMOVAL
stfd_4e6d99ff49d5dd5af2adee680059d284,stfd_bf0b8a73636c54ed5132fbee548af1b2,2,2,SPLICING,INSERTION
stfd_4e6d99ff49d5dd5af2adee680059d284,stfd_012da1ee7cdf86562da37c8de858cab7,0,2,SPLICING,REPLACEMENT
stfd_4ebc8faf0a26650c099ef8d0cb5365be,stfd_dff6488b85a830da2689d034f9d5a906,4,3,SPLICING,SPLICING
stfd_4ebc8faf0a26650c099ef8d0cb5365be,stfd_ea0b1ed25cacf75143541948c238a593,4,5,SPLICING,REPLACEMENT
stfd_4f25228e0e1d4a830263e32cc6db60da,stfd_d25684230743477547031081a6d59113,2,5,SPLICING,SPLICING
stfd_4f25228e0e1d4a830263e32cc6db60da,stfd_bd9cf82069b04e647f2548bbf30c0086,4,0,SPLICING,REMOVAL
stfd_4f25228e0e1d4a830263e32cc6db60da,stfd_c33e66a32e165ed406ebc01d5123ccdf,4,4,SPLICING,REMOVAL
stfd_4f25228e0e1d4a830263e32cc6db60da,stfd_98c449d696f012e669f025cbc4d25d68,4,5,SPLICING,INSERTION
stfd_4f25228e0e1d4a830263e32cc6db60da,stfd_f1e6907fa3056aae39311f23e6a8d754,2,1,SPLICING,INSERTION
stfd_4f25228e0e1d4a830263e32cc6db60da,stfd_7b0b9516c50894aface53a9451b28da5,2,5,SPLICING,REPLACEMENT
stfd_4f25228e0e1d4a830263e32cc6db60da,stfd_cdee45660f1ebb75528610e241f65751,2,0,SPLICING,REPLACEMENT
stfd_4f55adf176c1e4facc83b886bbca28b6,stfd_a8fcc72f30bb5154e0bdade2fdb0e2ed,2,2,SPLICING,INSERTION
stfd_4fc95bfccf772d3441a30222ed959a95,stfd_91c0886a34609b90730f8809cebd301a,3,10,SPLICING,SPLICING
stfd_4fc95bfccf772d3441a30222ed959a95,stfd_8e83931661a80a9869443f967b1f1036,0,8,SPLICING,REMOVAL
stfd_4fc95bfccf772d3441a30222ed959a95,stfd_48e110959ad100b8847d236ba0c8e449,2,7,SPLICING,REPLACEMENT
stfd_4ff1649cba6bee37092e04386b592809,stfd_a67a985044fa411f87660862a012be0f,4,3,SPLICING,REMOVAL
stfd_4ff1649cba6bee37092e04386b592809,stfd_5cc6b74b9a769c546ba50746f5a1d253,3,7,SPLICING,INSERTION
stfd_5017b3614cf553381047dc0c0a08c02c,stfd_e5daff1da161ad6fdb79b6502471fe0e,3,3,SPLICING,REMOVAL
stfd_5017b3614cf553381047dc0c0a08c02c,stfd_ef0ee4b59748a987c202a5338c5bc762,4,4,SPLICING,INSERTION
stfd_5017b3614cf553381047dc0c0a08c02c,stfd_9a2e272a9b4069daf7cdcf848e3a16ec,4,5,SPLICING,REPLACEMENT
stfd_51357e53409f9b73814cec31c931e740,stfd_fcb0d2716a78be3bf4386459b874863d,2,3,SPLICING,SPLICING
stfd_51357e53409f9b73814cec31c931e740,stfd_43d032aa3678c053ea7a7cd19ea829ee,2,4,SPLICING,REMOVAL
stfd_51357e53409f9b73814cec31c931e740,stfd_330968d9749c2737e36cd5d89521dc43,2,3,SPLICING,REPLACEMENT
stfd_51688601456ac7d9de855fa4a708bae2,stfd_959a72ba25e1460592a07543485bdf38,0,5,SPLICING,REMOVAL
stfd_51688601456ac7d9de855fa4a708bae2,stfd_f33cbcc64cfeb5edce9320a6f4232439,0,3,SPLICING,REPLACEMENT
stfd_525370d505ca8add6239c9e115f8b768,stfd_70f6a33366e5574d1398e67247a78fb2,2,3,SPLICING,REMOVAL
stfd_525370d505ca8add6239c9e115f8b768,stfd_a28876adfc7cc3a6070eb175ccc81270,2,4,SPLICING,INSERTION
stfd_525370d505ca8add6239c9e115f8b768,stfd_98b0720c8311beb739720a7bee911e7a,2,2,SPLICING,REPLACEMENT
stfd_54ec6b497bb8258d4130144294b1444b,stfd_111a8679564aa499f0e4433c1f2dc703,4,3,SPLICING,INSERTION
stfd_551a26f6870a7b2454501940d325bcf7,stfd_3a62c41d10c36abf73e21ea7042c3cff,2,2,SPLICING,REMOVAL
stfd_551a26f6870a7b2454501940d325bcf7,stfd_506ee37ba3f40529761565a3d348cc97,0,1,SPLICING,REPLACEMENT
stfd_55ad93a82224046c6cf1f5d1f2c5e7d1,stfd_e43dad91a8e8ae174fffe3442e7ce271,2,2,SPLICING,REMOVAL
stfd_55ad93a82224046c6cf1f5d1f2c5e7d1,stfd_bb53b0bed5a8b83962d06fd14d93c3fc,2,4,SPLICING,INSERTION
stfd_55ad93a82224046c6cf1f5d1f2c5e7d1,stfd_7c9774ca28549afd6d7cc953ef9eee2f,2,3,SPLICING,REPLACEMENT
stfd_56722f6d307ad4e86e01fd1ad6bcfff2,stfd_3a7779b3c61a1afd72780ca1aa768a16,4,10,SPLICING,INSERTION
stfd_57ab512217d0480d5aacf8bbe69fe2fb,stfd_36281c09b8770dc759b69986da9c43d1,4,7,SPLICING,INSERTION
stfd_5888a0283a0fca32a4e684985ba9ce4f,stfd_144d340dfcb5fc71f0a2eb875542b6d2,2,3,SPLICING,INSERTION
stfd_589af530a4cd75f5101a3180e9ac7a8a,stfd_ba6ab6898e7da0fa64900e5a587ef4d8,0,5,SPLICING,REMOVAL
stfd_589af530a4cd75f5101a3180e9ac7a8a,stfd_364b6dcf68bb771213636bf35e80993f,2,2,SPLICING,INSERTION
stfd_589af530a4cd75f5101a3180e9ac7a8a,stfd_78d26909292daf8dabefe2388917e0ce,0,2,SPLICING,REPLACEMENT
stfd_5b2e538451ff746eb4d06e6901df68ae,stfd_36b5ffa865149d152e439c39031c28d5,0,4,SPLICING,REMOVAL
stfd_5b2e538451ff746eb4d06e6901df68ae,stfd_967c580d5cdd09562720f721022a77a1,2,4,SPLICING,INSERTION
stfd_5b2e538451ff746eb4d06e6901df68ae,stfd_db676a79534dc58f940d7bdf97ff38b0,2,2,SPLICING,REPLACEMENT
stfd_5cb37a62e77012cb57d6e59b8b043ecb,stfd_8010077f80eda1e94a252724b025e3b8,4,9,SPLICING,INSERTION
stfd_5cc8c55e482a2917d5bb02df038286c0,stfd_ff1a6192576fe9705824e49685e3d4c2,2,6,SPLICING,REMOVAL
stfd_5cc8c55e482a2917d5bb02df038286c0,stfd_4ab59db6bb5644c5240c9ef8a40557a1,4,7,SPLICING,INSERTION
stfd_5cc8c55e482a2917d5bb02df038286c0,stfd_83e365090d2e410816e9bb1e040f4400,2,5,SPLICING,REPLACEMENT
stfd_5d35723a4b1d62e021ddb043a8fbfc5d,stfd_25f9854b44d6018238c626c5b06e7cad,2,2,SPLICING,INSERTION
stfd_5d8ed97bce4b7cf3b91398c30fba5b76,stfd_d975fe7d827da47705ba46a3777d0511,2,3,SPLICING,SPLICING
stfd_5d8ed97bce4b7cf3b91398c30fba5b76,stfd_bdce55d2e5eb5d623a1478e6a5de9d2e,2,2,SPLICING,REMOVAL
stfd_5d8ed97bce4b7cf3b91398c30fba5b76,stfd_25d910c0145a52390aa36a81b6b75487,2,0,SPLICING,REPLACEMENT
stfd_5db5c654ebf4e56342e60b6128ed061c,stfd_62fd55484c29c772b0b7cb401b1765b2,4,6,SPLICING,INSERTION
stfd_5de7df59f21b5a8de08a5da97dac81d7,stfd_98971cf5c4d5d80afc218d45eda67ae0,2,5,SPLICING,REMOVAL
stfd_5de7df59f21b5a8de08a5da97dac81d7,stfd_0254dc2b72c89aa14a3e6ecc168f108b,2,3,SPLICING,REPLACEMENT
stfd_5f0dc12158329d43d3009f7f4200709c,stfd_3f75e7d805aceb7e18cbb21e15ea3da3,2,3,SPLICING,REMOVAL
stfd_5f0dc12158329d43d3009f7f4200709c,stfd_ae0367242c990af6bb10483d40e24743,4,2,SPLICING,INSERTION
stfd_5f0dc12158329d43d3009f7f4200709c,stfd_e396f89bc6a669b3c338649b5801ee57,4,1,SPLICING,REPLACEMENT
stfd_604a1af8978afc936797c5d18aa77678,stfd_74fa8eaa2b0c11c0d24c0f232c6a9bd7,2,7,SPLICING,INSERTION
stfd_607e22dd1c82e46d48e64c3e270fdd2f,stfd_f36da991b6a1e29738043ebc3504c32f,0,5,SPLICING,SPLICING
stfd_607e22dd1c82e46d48e64c3e270fdd2f,stfd_0adbbfbeacc33581c372a12cd1595c0d,0,4,SPLICING,REMOVAL
stfd_607e22dd1c82e46d48e64c3e270fdd2f,stfd_f0bf0c23d135a015746549c8e72822d4,2,3,SPLICING,REPLACEMENT
stfd_60e1696f24c0349a6f9fcf3aa9cfa5bc,stfd_555c13895240d087ef37fb7ca21ba86b,2,3,SPLICING,REMOVAL
stfd_60e1696f24c0349a6f9fcf3aa9cfa5bc,stfd_69f59a112b5746c731c69044ff188986,2,1,SPLICING,REPLACEMENT
stfd_61de2305ebef823ce63e8f5de9aad8f8,stfd_2e565d194fedac39a426fea793343ff3,2,2,SPLICING,REPLACEMENT
stfd_62ba45fb6573dd7ee3ad5c9266bc5f5d,stfd_b08d7b0eb5e3a321e199dcef0e417707,2,6,SPLICING,SPLICING
stfd_62ba45fb6573dd7ee3ad5c9266bc5f5d,stfd_ebb4206bb44826212f1e0e79bb93d44a,3,6,SPLICING,REMOVAL
stfd_62ba45fb6573dd7ee3ad5c9266bc5f5d,stfd_9d063674ea8a352bbedbfe9c54700aa5,3,5,SPLICING,REPLACEMENT
stfd_62dff910d616ed4c0bb39e7f07cb37b4,stfd_d9b1889b745a24d13d90017f1ebb527a,2,2,SPLICING,REMOVAL
stfd_62dff910d616ed4c0bb39e7f07cb37b4,stfd_d4c06efe71be1fcddce7c3d682d1811a,2,4,SPLICING,INSERTION
stfd_62dff910d616ed4c0bb39e7f07cb37b4,stfd_b7191ce5e1697824021f3e3ab3890f8c,2,1,SPLICING,REPLACEMENT
stfd_63016547211aa111d3f13a07ce32b455,stfd_518e238d234949ee21d2cfe4231e6ebe,0,3,SPLICING,REMOVAL
stfd_63016547211aa111d3f13a07ce32b455,stfd_d7647b824f8e9437fbad1c473c45502b,0,1,SPLICING,INSERTION
stfd_63016547211aa111d3f13a07ce32b455,stfd_c635212c278cd5239676de187c26945e,0,1,SPLICING,REPLACEMENT
stfd_635f0cc1825795282b25e5e5536d85a7,stfd_7c85da18ea6fc5c8ff436c6243dd4234,2,18,SPLICING,SPLICING
stfd_635f0cc1825795282b25e5e5536d85a7,stfd_99b412f38e4cd2a1ab5d4da7ab286d5d,0,6,SPLICING,INSERTION
stfd_635f0cc1825795282b25e5e5536d85a7,stfd_b7727655d8b7afb5952374c604c1b5b6,2,17,SPLICING,INSERTION
stfd_650caf979a314964d79cf7349782782b,stfd_d0d123ccf91f2f06c35d8d3a9d87a0dc,4,8,SPLICING,REMOVAL
stfd_650caf979a314964d79cf7349782782b,stfd_7757e5e12918d2c07734e625bdf95c9d,4,6,SPLICING,INSERTION
stfd_650caf979a314964d79cf7349782782b,stfd_a0fafe85001d410cd8a0b08cdce0ad69,4,6,SPLICING,REPLACEMENT
stfd_654a0fc0a2c84a4f94a266892e7ead85,stfd_ffc6a2a04ef1e6badcbb96fc0b5cb983,3,3,SPLICING,REMOVAL
stfd_654a0fc0a2c84a4f94a266892e7ead85,stfd_43ad5502fb58f8b65afd72f74366c866,3,3,SPLICING,INSERTION
stfd_654a0fc0a2c84a4f94a266892e7ead85,stfd_63f80179ef664e15746e3b55c9d1280e,3,1,SPLICING,REPLACEMENT
stfd_6609bfef7aeb2e8cba71ebeacde45fcf,stfd_101d002cd930ab99e2b14cbee34c3060,4,6,SPLICING,INSERTION
stfd_662712febc859fcf235229771752a55b,stfd_b17a32250824cc63e08e6359b23051e4,2,4,SPLICING,REPLACEMENT
stfd_66f864a3c383020da10b2d6cece78cbd,stfd_653bf2e66952a935238bf8e75948a25b,0,4,SPLICING,INSERTION
stfd_6770ba09f303f2fcbbd7c55c68aa9989,stfd_a049b1f4a55e266bcbaa56aa4f11e26f,0,1,SPLICING,REMOVAL
stfd_6770ba09f303f2fcbbd7c55c68aa9989,stfd_7f03fe0c3104fad49a562aa24bd6d2c9,1,2,SPLICING,INSERTION
stfd_6770ba09f303f2fcbbd7c55c68aa9989,stfd_c0de151a743ebfae842398c57c43ed55,3,1,SPLICING,REPLACEMENT
stfd_67fbfa7050a61df80620f2e2624223b6,stfd_a35e1033ec43fdd60916445fee63dc6e,3,2,SPLICING,REMOVAL
stfd_67fbfa7050a61df80620f2e2624223b6,stfd_2c318cd67d50b4df2f12643973e320fa,4,1,SPLICING,INSERTION
stfd_689da67b76f52c765ee2262cbe063021,stfd_bf4a02561cb32aef0434364c262fd983,1,2,SPLICING,REMOVAL
stfd_689da67b76f52c765ee2262cbe063021,stfd_f15750ac69a8fcacf22e84ef41f26db9,2,3,SPLICING,INSERTION
stfd_689da67b76f52c765ee2262cbe063021,stfd_ce768c8644bc198c1f01e9f53e947e54,1,1,SPLICING,REPLACEMENT
stfd_68c2dfba82f830a5c8f373d18bcaba93,stfd_82f62455fe854e04a380753288da5873,0,4,SPLICING,REMOVAL
stfd_68c2dfba82f830a5c8f373d18bcaba93,stfd_4d2cd40257c68d1a9c86f0d7edfdf2de,2,3,SPLICING,INSERTION
stfd_68c2dfba82f830a5c8f373d18bcaba93,stfd_436783f0444d07a5ee033e8aa174deeb,2,3,SPLICING,REPLACEMENT
stfd_694f1fca5fc315a8a014683c48cd2325,stfd_8577b036e9bcd1f07b73293f112ca41e,4,5,SPLICING,REMOVAL
stfd_694f1fca5fc315a8a014683c48cd2325,stfd_107cf9e9d3be616086d6b47f7e3c5077,2,4,SPLICING,REPLACEMENT
stfd_697d5bef995a2b07b2bbefe4ed6b23b2,stfd_0f4470d77a40b018bf56e4be6e9837f8,2,2,SPLICING,REMOVAL
stfd_697d5bef995a2b07b2bbefe4ed6b23b2,stfd_cd8466ea6c73bd256036de731da5817c,2,3,SPLICING,INSERTION
stfd_697d5bef995a2b07b2bbefe4ed6b23b2,stfd_4e025cbb292adbd3278b1a29431a685b,2,3,SPLICING,REPLACEMENT
stfd_6a26e079180fab0152ae5bd7f179e86e,stfd_83b35389544227aa4fe2bb4a5dc88669,0,3,SPLICING,INSERTION
stfd_6a82350649746687c275de37c68d70eb,stfd_7f03fe0c3104fad49a562aa24bd6d2c9,4,2,SPLICING,INSERTION
stfd_6a82350649746687c275de37c68d70eb,stfd_c0de151a743ebfae842398c57c43ed55,4,5,SPLICING,REPLACEMENT
stfd_6aed2bcfa017d5b2e8c5606901255dda,stfd_df68387bcdbeb9fb18a81bfaea5d6f62,0,1,SPLICING,REMOVAL
stfd_6aed2bcfa017d5b2e8c5606901255dda,stfd_63539bec5c217b64f66d05422ea4b751,0,1,SPLICING,REPLACEMENT
stfd_6bba858754601333238f51838aad90b5,stfd_94eeb2aec5f2230a21ac226b417c6c48,4,5,SPLICING,REPLACEMENT
stfd_6c97f8da2012c3fa60cc5d0b0bd0ba53,stfd_2de1b2c1da3e98ee9c001cba97c263c2,4,4,SPLICING,INSERTION
stfd_6cec76dd7ddfa5b52a3535171284a635,stfd_aa0d79ae5a33db566f8b7c2b0c3bc20c,2,5,SPLICING,REMOVAL
stfd_6cec76dd7ddfa5b52a3535171284a635,stfd_26915ba4b5680b2014d995a21291a502,2,8,SPLICING,INSERTION
stfd_6cec76dd7ddfa5b52a3535171284a635,stfd_e320d337dd545cacfd538bd03b2457a4,2,5,SPLICING,REPLACEMENT
stfd_6d632cd029588250d8b77887e558ca51,stfd_02eddd5e79753b59f850012601141079,2,7,SPLICING,REMOVAL
stfd_6d632cd029588250d8b77887e558ca51,stfd_f846b79da4a4c0239460a5af7d1ea1a2,2,5,SPLICING,INSERTION
stfd_6d632cd029588250d8b77887e558ca51,stfd_fabd143aba79c0bc969a036bc15401e4,2,7,SPLICING,REPLACEMENT
stfd_6edcc458c7e7206177fa2169cc0196ab,stfd_cc6f6a832ba93e31e3cd90a3d4b52d3c,2,2,SPLICING,SPLICING
stfd_6edcc458c7e7206177fa2169cc0196ab,stfd_05c9570a7ff8a8dcdbe1372da3565f64,2,1,SPLICING,REMOVAL
stfd_6edcc458c7e7206177fa2169cc0196ab,stfd_127ed28a15cccdd7d88509a2f41f73c2,2,1,SPLICING,REMOVAL
stfd_6edcc458c7e7206177fa2169cc0196ab,stfd_9c3bc62acee636bd6f83c95622e384c3,0,3,SPLICING,INSERTION
stfd_6edcc458c7e7206177fa2169cc0196ab,stfd_b914590d9faa7ae5783fd03d6c052b3e,0,2,SPLICING,INSERTION
stfd_6edcc458c7e7206177fa2169cc0196ab,stfd_9624b3b249ce9f01373777f286d1b328,0,0,SPLICING,REPLACEMENT
stfd_6edcc458c7e7206177fa2169cc0196ab,stfd_c9dfda5c8d8967058ae3c00933b63fca,0,0,SPLICING,REPLACEMENT
stfd_70cc38bf94d4ca82c15e3cb3deb84e9d,stfd_8f992c4d53bcacb70f8c3ca08a6bdea2,2,2,SPLICING,REMOVAL
stfd_70cc38bf94d4ca82c15e3cb3deb84e9d,stfd_d9d1f40632fe99c00d60788b044d5e6d,4,5,SPLICING,INSERTION
stfd_70cc38bf94d4ca82c15e3cb3deb84e9d,stfd_a7d7263979ac4c12f22dea92310eafbe,2,0,SPLICING,REPLACEMENT
stfd_7228707cfdecbfa216cd09dd263bb752,stfd_3c84f767efe644bee66c014542d9e988,2,4,SPLICING,REMOVAL
stfd_7228707cfdecbfa216cd09dd263bb752,stfd_21125b5b515ef775a9e4782ac11a5345,0,2,SPLICING,INSERTION
stfd_7228707cfdecbfa216cd09dd263bb752,stfd_b923d5bb0d5d50e99089e652f7bcd2e1,0,1,SPLICING,REPLACEMENT
stfd_72743f1965428afda620b674e28993a0,stfd_8130a4f990bc5ef3334047bcff4d7e86,2,1,SPLICING,REMOVAL
stfd_72743f1965428afda620b674e28993a0,stfd_14fb208de9c87cd6da2fb556bc5982ea,0,1,SPLICING,INSERTION
stfd_72743f1965428afda620b674e28993a0,stfd_f901161b651b54467117bd5c619fd405,0,0,SPLICING,REPLACEMENT
stfd_72a4ba8ec0001c8b26ea93d50f2d466c,stfd_a05a3f3d41cccb0c56223b8a3366baf5,2,1,SPLICING,REMOVAL
stfd_72a4ba8ec0001c8b26ea93d50f2d466c,stfd_51da752871aa14f7ff2fcf840411b52b,2,0,SPLICING,REPLACEMENT
stfd_72f4266e8f47c87c5a314484803b91f3,stfd_cd2c53a88881978388f318c289ec3338,4,4,SPLICING,SPLICING
stfd_731840a99844dace4723ac0f3a1e02a9,stfd_7bad556558b8054febacaac573b6d4b9,2,7,SPLICING,REMOVAL
stfd_731840a99844dace4723ac0f3a1e02a9,stfd_1bf22716a44535f0e6c97bd5602f2422,2,7,SPLICING,INSERTION
stfd_731840a99844dace4723ac0f3a1e02a9,stfd_067b2ec16b06591fa1fe10a8f9897759,2,5,SPLICING,REPLACEMENT
stfd_733fbb887f70799df11de29412c8057e,stfd_ab5d1aea6f640f610501c2260d57a764,0,2,SPLICING,REMOVAL
stfd_733fbb887f70799df11de29412c8057e,stfd_3d77b681def87ea7c7101f30e560d419,0,1,SPLICING,INSERTION
stfd_733fbb887f70799df11de29412c8057e,stfd_9ac067d3e5117ac0582073a648689308,2,2,SPLICING,REPLACEMENT
stfd_763a14dcd284aca13841670d463f2f66,stfd_86c70edb5ed2d87b7996fd06381ddf37,2,4,SPLICING,SPLICING
stfd_763a14dcd284aca13841670d463f2f66,stfd_3c22b105201556f7ded68845627acfc2,2,0,SPLICING,REMOVAL
stfd_763a14dcd284aca13841670d463f2f66,stfd_d193d07b39d7b91406a87e13bc1fdad3,4,0,SPLICING,INSERTION
stfd_763a14dcd284aca13841670d463f2f66,stfd_faed41edaa3829f9247ae24c505dc289,2,0,SPLICING,REPLACEMENT
stfd_7733397672c2d692854bea22d5838334,stfd_c9fccd04b059ac6afc3d603ec195db15,0,5,SPLICING,INSERTION
stfd_78158ad4626538e6970c2952b1e74177,stfd_b355d714f000c1b201ea83c3084e9453,2,6,SPLICING,INSERTION
stfd_784ff2ca6ba8e47f33ffa44881949af8,stfd_941476de0dbe25a3f877ae76918960bf,3,2,SPLICING,REMOVAL
stfd_784ff2ca6ba8e47f33ffa44881949af8,stfd_faf31729be117a8165099739a3321f7a,3,1,SPLICING,REPLACEMENT
stfd_789f32ea3e8b1d30d368426cc0eba81f,stfd_c0a4ef6a306b51d455fb12c84daf8a30,4,9,SPLICING,SPLICING
stfd_789f32ea3e8b1d30d368426cc0eba81f,stfd_48c8a66ba5284da05ac3f4352635d825,2,5,SPLICING,REMOVAL
stfd_789f32ea3e8b1d30d368426cc0eba81f,stfd_88c8e01ade162b88a8eca19dcd2f9714,4,6,SPLICING,INSERTION
stfd_789f32ea3e8b1d30d368426cc0eba81f,stfd_cf1f7c6c77fd40f97df8e1007f0a52d3,4,4,SPLICING,REPLACEMENT
stfd_78b4f49fb0d4af9f199ca840ac0e9b5c,stfd_5252e441014deca8b9395badb100ac69,4,6,SPLICING,REMOVAL
stfd_78b4f49fb0d4af9f199ca840ac0e9b5c,stfd_e19381542347d0f0f658cdf9ee19a0d9,4,7,SPLICING,INSERTION
stfd_78b4f49fb0d4af9f199ca840ac0e9b5c,stfd_2ee60e655af8d6e7e022e4b1c41f558d,4,4,SPLICING,REPLACEMENT
stfd_78feb33aa8e5d330a96093efa9ad24b0,stfd_602b2ad92db6e0ce09535a9cfbc98829,0,3,SPLICING,REMOVAL
stfd_78feb33aa8e5d330a96093efa9ad24b0,stfd_569dc781f25968174bad049b2bb24d4b,0,2,SPLICING,INSERTION
stfd_78feb33aa8e5d330a96093efa9ad24b0,stfd_0c94cbea709dc37babd9f18749c9f9d8,0,2,SPLICING,REPLACEMENT
stfd_7ba2ad95d546365268f2ae482c55bf05,stfd_92b7342ceca6fdc6edd34b8250de664c,4,3,SPLICING,REMOVAL
stfd_7ba2ad95d546365268f2ae482c55bf05,stfd_1e5a02fd1c0469ad598829b0e9d8b9fd,4,3,SPLICING,INSERTION
stfd_7ba2ad95d546365268f2ae482c55bf05,stfd_28a98497cbec2a97681fad3b8b16da3d,4,2,SPLICING,REPLACEMENT
stfd_7c3d92f6576579fa2efc2cfe90ef6335,stfd_58b483dfae3e353a4618fecd4698f1ff,4,10,SPLICING,REMOVAL
stfd_7c3d92f6576579fa2efc2cfe90ef6335,stfd_5b21344568c202d3b68aaf6c35ed1dff,4,4,SPLICING,REMOVAL
stfd_7c3d92f6576579fa2efc2cfe90ef6335,stfd_fd6f0ef8ab0160ae3f329cafcabe1e5d,4,10,SPLICING,REMOVAL
stfd_7c3d92f6576579fa2efc2cfe90ef6335,stfd_53363ed624a582b2eb98a6db80d4251d,4,11,SPLICING,REPLACEMENT
stfd_7c3d92f6576579fa2efc2cfe90ef6335,stfd_83a89da67ff78f143d7e40741834d31a,2,1,SPLICING,REPLACEMENT
stfd_7c85da18ea6fc5c8ff436c6243dd4234,stfd_99b412f38e4cd2a1ab5d4da7ab286d5d,2,16,SPLICING,INSERTION
stfd_7c85da18ea6fc5c8ff436c6243dd4234,stfd_b7727655d8b7afb5952374c604c1b5b6,0,7,SPLICING,INSERTION
stfd_7da9f4855937aa792cd440d33f08c165,stfd_f27a0a58c4d3bf629a7e889856b3a252,2,13,SPLICING,REMOVAL
stfd_7da9f4855937aa792cd440d33f08c165,stfd_09d5981ca079bfc0e78f4c3cd82be97f,2,12,SPLICING,REPLACEMENT
stfd_7fe980afed7493c6542253fd0842bcdf,stfd_b158d8c5fc49d6d99c4cddd83d9e292c,2,8,SPLICING,SPLICING
stfd_7fe980afed7493c6542253fd0842bcdf,stfd_ba9246a528389bdbb1d0ce3532265df9,2,7,SPLICING,SPLICING
stfd_7fe980afed7493c6542253fd0842bcdf,stfd_40330d7c0c896c117071f42f8bb45f75,4,9,SPLICING,REMOVAL
stfd_7fe980afed7493c6542253fd0842bcdf,stfd_c11f159719e004ddffaaf9a584254bf0,4,10,SPLICING,REMOVAL
stfd_7fe980afed7493c6542253fd0842bcdf,stfd_0b12415721e9c1dfde36e2aa219a8631,2,7,SPLICING,INSERTION
stfd_7fe980afed7493c6542253fd0842bcdf,stfd_72f421a1309b76184c4d7abde497bac4,4,7,SPLICING,INSERTION
stfd_7fe980afed7493c6542253fd0842bcdf,stfd_6eb703b5994af6e0ab81dd0005956f17,4,7,SPLICING,REPLACEMENT
stfd_7fe980afed7493c6542253fd0842bcdf,stfd_af7552889eca0c883b8dc542f4b8d7f3,2,7,SPLICING,REPLACEMENT
stfd_7ff8ab998bae8269681fc0daf0c95127,stfd_746e8eb89c7025c9263b0d60900c0fe5,4,4,SPLICING,REPLACEMENT
stfd_81e3491c1e381363a769100a1d418547,stfd_fbeb2279d1097731662c54455c171c36,0,7,SPLICING,INSERTION
stfd_822118cf9c9714b96aba7936a8c8e54b,stfd_c656e7b5e35761b3ac7b298fa6b28401,2,4,SPLICING,INSERTION
stfd_82650249c9b7135191658a572bc3fba4,stfd_4e0bafe7e8ef5502e23d859767e42bc0,3,12,SPLICING,REMOVAL
stfd_82650249c9b7135191658a572bc3fba4,stfd_52540210ed42ddac08c85954ffcd2713,2,15,SPLICING,INSERTION
stfd_82650249c9b7135191658a572bc3fba4,stfd_ceb2a9a15a3672e85814d66610402903,3,11,SPLICING,REPLACEMENT
stfd_8530eaa9b18fe34ca73099abc5b81f6f,stfd_9e3ff16b5d926a35c086e3089bac539d,2,3,SPLICING,REMOVAL
stfd_8530eaa9b18fe34ca73099abc5b81f6f,stfd_fc760c8df9cc74c11de494109d4f73d1,2,4,SPLICING,INSERTION
stfd_8530eaa9b18fe34ca73099abc5b81f6f,stfd_1050dfe933b6e454daae1a9085b16fb7,4,2,SPLICING,REPLACEMENT
stfd_86c70edb5ed2d87b7996fd06381ddf37,stfd_3c22b105201556f7ded68845627acfc2,4,4,SPLICING,REMOVAL
stfd_86c70edb5ed2d87b7996fd06381ddf37,stfd_d193d07b39d7b91406a87e13bc1fdad3,4,4,SPLICING,INSERTION
stfd_86c70edb5ed2d87b7996fd06381ddf37,stfd_faed41edaa3829f9247ae24c505dc289,4,4,SPLICING,REPLACEMENT
stfd_8729ab10a69b3cba655c125b89b7820d,stfd_2458396ea117fd13b3f5572abd892b41,3,8,SPLICING,INSERTION
stfd_89194b1a59a27e2c8919b19e40890cfc,stfd_75ade2fd53dbd08bbe769342e02464b8,3,6,SPLICING,REMOVAL
stfd_89194b1a59a27e2c8919b19e40890cfc,stfd_4c8d5badae1b67b2c2e59b4866a2836e,1,2,SPLICING,INSERTION
stfd_89194b1a59a27e2c8919b19e40890cfc,stfd_17103635c21d54d40fe2887b0e1616bc,1,4,SPLICING,REPLACEMENT
stfd_89d77ad120a8000613a7a30a2bb6fe33,stfd_de84046bc6b8923c0b9cc6e5beefc745,4,4,SPLICING,REPLACEMENT
stfd_8a689ef8fdbea843f5188d487aee16df,stfd_04ce0b6fa06738989ff0702396d766aa,0,5,SPLICING,REMOVAL
stfd_8a689ef8fdbea843f5188d487aee16df,stfd_548969a70c50b2c009f6abfe6dfce07a,2,2,SPLICING,INSERTION
stfd_8a689ef8fdbea843f5188d487aee16df,stfd_ee749b9ec4e1e6429283357d71573fe4,2,3,SPLICING,REPLACEMENT
stfd_8b992546799c93429606e162b2eb8b13,stfd_e1ea9264e988086785c03ba32658ed1e,0,2,SPLICING,REMOVAL
stfd_8b992546799c93429606e162b2eb8b13,stfd_c931bef0a78f2cdb2e7fffa3ec993f83,2,1,SPLICING,INSERTION
stfd_8b992546799c93429606e162b2eb8b13,stfd_bb454e6da22871f6acfa395ee1957d28,0,0,SPLICING,REPLACEMENT
stfd_8bf8304d25f410234daec79a027fc981,stfd_77ca386f278bf28a390ac7b68227afa6,2,3,SPLICING,REMOVAL
stfd_8bf8304d25f410234daec79a027fc981,stfd_9cfbb2309dd32047a99728e7110a03c8,3,3,SPLICING,INSERTION
stfd_8bf8304d25f410234daec79a027fc981,stfd_9f2b969b17ea7d8e56504a06a6e04803,4,1,SPLICING,REPLACEMENT
stfd_8c12faeb5778293de315f1f30fea0eef,stfd_faacf9de1c2c1f5765f8e82e25353eeb,2,0,SPLICING,INSERTION
stfd_8c12faeb5778293de315f1f30fea0eef,stfd_0e4d3a9d7972fcbd4b1985f571275940,3,1,SPLICING,REPLACEMENT
stfd_8c7e86e7a6d5593b645854b6973c17e9,stfd_7675d2ab3d36eb4f8d23f6ddd51a862a,4,0,SPLICING,REMOVAL
stfd_8c7e86e7a6d5593b645854b6973c17e9,stfd_6058acf2dfc6a374add5cc8e438814dc,4,0,SPLICING,REPLACEMENT
stfd_8cf8c3abcf019f60e555c4e99126b549,stfd_264e4f21cc2431be898777b8711da47b,4,6,SPLICING,INSERTION
stfd_8cf8c3abcf019f60e555c4e99126b549,stfd_6e295e184d53e6abf6f99acb210bd237,3,0,SPLICING,REPLACEMENT
stfd_8dd8caa8f0609a53f37bed872f0f3bb1,stfd_e7cfdcfc5726ecbeb4075707a3fc2079,2,2,SPLICING,REMOVAL
stfd_8dd8caa8f0609a53f37bed872f0f3bb1,stfd_3a8a09f535e8f6bb1d66cb0758445205,2,4,SPLICING,INSERTION
stfd_8dd8caa8f0609a53f37bed872f0f3bb1,stfd_68fdd0b464ba5e51fa3bccb09055e5c7,2,1,SPLICING,REPLACEMENT
stfd_8eb590a8ef9a17cf2e5e3400f3a46b3e,stfd_73d11f839e3ba6de271da86b566737c0,4,5,SPLICING,INSERTION
stfd_8fea85633473f55bc4a8fc911c6c3bef,stfd_5352072484c57d6ea679761ba27e4ed4,2,4,SPLICING,INSERTION
stfd_903d1bb9e1bf52f7eecd0d6f3840d3dc,stfd_22a1a2e6625e43a84388f2af76da53f0,2,6,SPLICING,INSERTION
stfd_91c0886a34609b90730f8809cebd301a,stfd_8e83931661a80a9869443f967b1f1036,3,8,SPLICING,REMOVAL
stfd_91c0886a34609b90730f8809cebd301a,stfd_48e110959ad100b8847d236ba0c8e449,3,5,SPLICING,REPLACEMENT
stfd_92184b85e6dff89b48d8cce5eb43954a,stfd_f641c2c063e40f3ccae9264b05eecc7d,2,7,SPLICING,INSERTION
stfd_952522a0f6388d96b4f77073d7a039b7,stfd_080a9c3cbf47c6c23a4e0a0d3f9073a6,4,4,SPLICING,REMOVAL
stfd_952522a0f6388d96b4f77073d7a039b7,stfd_52b80e8fb03662eaace6e21d1b78bb94,2,4,SPLICING,INSERTION
stfd_952522a0f6388d96b4f77073d7a039b7,stfd_79ae8fb2f464e82ea45592d78a56d604,2,1,SPLICING,REPLACEMENT
stfd_95e43953d2e1639fdfa6c276c464c256,stfd_07fe104dd11f8088f33fc5af106d4114,4,4,SPLICING,INSERTION
stfd_95e43953d2e1639fdfa6c276c464c256,stfd_878b797e47ab3913101a141514383462,4,2,SPLICING,REPLACEMENT
stfd_963b751393e8d163524484472ff36af0,stfd_c07491e24dbae04ce4b7e8703184ff4a,4,5,SPLICING,INSERTION
stfd_968804cae8e22a480e7d2876434d395a,stfd_2620c4e3028d414b2df0f841b3d507e4,2,5,SPLICING,REMOVAL
stfd_968804cae8e22a480e7d2876434d395a,stfd_7cfbcd6d3f467e2096a841392cfcc18b,2,4,SPLICING,INSERTION
stfd_968804cae8e22a480e7d2876434d395a,stfd_603075117e6b4f723110179565ba14da,2,4,SPLICING,REPLACEMENT
stfd_9828cab27644f03f95cdb948773ca33b,stfd_66042d56c623a277c761fa6bb04fcf4e,4,7,SPLICING,REMOVAL
stfd_9828cab27644f03f95cdb948773ca33b,stfd_262d2f3e9efd4c1d68628eab336e98bb,2,5,SPLICING,INSERTION
stfd_9828cab27644f03f95cdb948773ca33b,stfd_60d980d4e09784ca05f9b371ff9c1f63,4,4,SPLICING,REPLACEMENT
stfd_99280622b129880972d978e13016a5cb,stfd_fe081a26ddfcd7be4f0f91410f8339ef,4,1,SPLICING,SPLICING
stfd_99280622b129880972d978e13016a5cb,stfd_a6c3933b6f9ff3a22ff6f351a296c356,0,2,SPLICING,REMOVAL
stfd_99280622b129880972d978e13016a5cb,stfd_bbcf595130a0d58a07aea30ce2397231,2,1,SPLICING,REPLACEMENT
stfd_9a16fc5420fba63755edcada085c0b13,stfd_ad8674c0823ec494e94f46800a7a8c84,3,3,SPLICING,REMOVAL
stfd_9a16fc5420fba63755edcada085c0b13,stfd_43200379c29550fc0a8c81f8902ad9c2,1,3,SPLICING,INSERTION
stfd_9a16fc5420fba63755edcada085c0b13,stfd_b0872b3c1f1e2659e4bd283a278beac6,3,2,SPLICING,REPLACEMENT
stfd_9ba2354c200dbdc5fad6b23a08d93d4d,stfd_60ad62aba57eefbdeb4848cf1e399557,4,6,SPLICING,REMOVAL
stfd_9ba2354c200dbdc5fad6b23a08d93d4d,stfd_05742fdb9d7ac6597e910f8d97bd5373,4,7,SPLICING,REPLACEMENT
stfd_9c141f752712b05c7fbefc7b1ce81dfa,stfd_35aa708ced4fb74081addd0c403fd096,2,1,SPLICING,REMOVAL
stfd_9c141f752712b05c7fbefc7b1ce81dfa,stfd_c5e83c067d17b2bdcf244e6990f39fe3,4,4,SPLICING,INSERTION
stfd_9c141f752712b05c7fbefc7b1ce81dfa,stfd_a3b133f72bc82b1d78bb0755dfd25928,2,1,SPLICING,REPLACEMENT
stfd_9ce1b1687ec3a89aa4ac3ae8ecc0972a,stfd_d25684230743477547031081a6d59113,3,8,SPLICING,SPLICING
stfd_9ce1b1687ec3a89aa4ac3ae8ecc0972a,stfd_bd9cf82069b04e647f2548bbf30c0086,3,11,SPLICING,REMOVAL
stfd_9ce1b1687ec3a89aa4ac3ae8ecc0972a,stfd_c33e66a32e165ed406ebc01d5123ccdf,3,7,SPLICING,REMOVAL
stfd_9ce1b1687ec3a89aa4ac3ae8ecc0972a,stfd_c91c46f4e188a0acffbff44f5f396dcb,2,3,SPLICING,REMOVAL
stfd_9ce1b1687ec3a89aa4ac3ae8ecc0972a,stfd_98c449d696f012e669f025cbc4d25d68,3,8,SPLICING,INSERTION
stfd_9ce1b1687ec3a89aa4ac3ae8ecc0972a,stfd_bf0b8a73636c54ed5132fbee548af1b2,0,4,SPLICING,INSERTION
stfd_9ce1b1687ec3a89aa4ac3ae8ecc0972a,stfd_f1e6907fa3056aae39311f23e6a8d754,3,10,SPLICING,INSERTION
stfd_9ce1b1687ec3a89aa4ac3ae8ecc0972a,stfd_012da1ee7cdf86562da37c8de858cab7,2,0,SPLICING,REPLACEMENT
stfd_9ce1b1687ec3a89aa4ac3ae8ecc0972a,stfd_7b0b9516c50894aface53a9451b28da5,3,8,SPLICING,REPLACEMENT
stfd_9ce1b1687ec3a89aa4ac3ae8ecc0972a,stfd_cdee45660f1ebb75528610e241f65751,3,11,SPLICING,REPLACEMENT
stfd_9d07cccaaebfd953b38f0ab2b9e1f163,stfd_134c6b1927154364daf6fe17a070f820,3,1,SPLICING,REMOVAL
stfd_9d07cccaaebfd953b38f0ab2b9e1f163,stfd_dbe48a540b36df0a1e018434287dc1c5,3,1,SPLICING,INSERTION
stfd_9d07cccaaebfd953b38f0ab2b9e1f163,stfd_caa29850497e389bac6bd9dc1c6c957e,3,1,SPLICING,REPLACEMENT
stfd_9d4b788c4d57b46c84b25a61dd55299b,stfd_06ed95162505f40cded6380200e747be,3,3,SPLICING,INSERTION
stfd_9de0a99388613e38063a1e9072cba231,stfd_66401ac846331924de85285387116ed7,4,3,SPLICING,REMOVAL
stfd_9de0a99388613e38063a1e9072cba231,stfd_cd77b15ea46c526a1007cd1e5e7a46bd,4,3,SPLICING,INSERTION
stfd_9de0a99388613e38063a1e9072cba231,stfd_4a5b2c170d40bab7fec53c307e51edfc,4,2,SPLICING,REPLACEMENT
stfd_9e22f24967a33f87676c4677755539c2,stfd_f0987dca8a2f3c6fa834694a22ff27fa,2,1,SPLICING,REMOVAL
stfd_9e96d0e688276083a56c0627e5cb6fc0,stfd_114bae1fe7f567d88b28b626003a5609,3,4,SPLICING,REPLACEMENT
stfd_a01a21362c01a500d0d9402522407dc4,stfd_c4dc999507a1d3dcb442af3d403d8165,2,5,SPLICING,SPLICING
stfd_a01a21362c01a500d0d9402522407dc4,stfd_b73787bd89caa71297655cc752d312ce,4,1,SPLICING,REMOVAL
stfd_a01a21362c01a500d0d9402522407dc4,stfd_bde40e3937bd5d21dd75fffe7d481b1c,2,3,SPLICING,INSERTION
stfd_a01a21362c01a500d0d9402522407dc4,stfd_1f01e64b8436911b1ef600ae888c3937,2,1,SPLICING,REPLACEMENT
stfd_a1a548b6e249308a01b54e31d28df9bb,stfd_c6729c5db7e872245e96edef316570c1,4,3,SPLICING,REMOVAL
stfd_a1a548b6e249308a01b54e31d28df9bb,stfd_3fd0ea7bb6a1da3d476dfd29c3e12850,4,4,SPLICING,INSERTION
stfd_a1a548b6e249308a01b54e31d28df9bb,stfd_67299637e14f593d329853e29785bc62,4,4,SPLICING,REPLACEMENT
stfd_a2c226869a1bee1b772858e68ee11277,stfd_0860c67f5525406638a17814aba8b585,2,5,SPLICING,REMOVAL
stfd_a2c226869a1bee1b772858e68ee11277,stfd_2108a7db0de433451b4c647b72616a76,4,4,SPLICING,INSERTION
stfd_a2c226869a1bee1b772858e68ee11277,stfd_9239cc39cab17c7438b19714cc10ec38,2,3,SPLICING,REPLACEMENT
stfd_a42a20b9e9faa608a337b8898ed2ab0e,stfd_e2cafda4cc17434c18d9edb85bcad8f6,2,4,SPLICING,SPLICING
stfd_a42a20b9e9faa608a337b8898ed2ab0e,stfd_3b6cf2a05f1818f144f5d7ea3e2d8616,0,3,SPLICING,REMOVAL
stfd_a42a20b9e9faa608a337b8898ed2ab0e,stfd_5d039f624fb5eea2ff00d21ee8f78d2c,0,3,SPLICING,REPLACEMENT
stfd_a4b32d31d6e5e1c8946d809a3f0758e0,stfd_e3c6a3c2fa0c60903dbd0a070206795b,4,5,SPLICING,SPLICING
stfd_a5651112c99a39e727b48b849df98fc7,stfd_0354412e55edc988213e8f5e9a661a81,3,5,SPLICING,REMOVAL
stfd_a5651112c99a39e727b48b849df98fc7,stfd_a64562685ec60bd48bbd509f2a67e4f6,1,4,SPLICING,INSERTION
stfd_a5651112c99a39e727b48b849df98fc7,stfd_7dc751e3b75c8db65cee167bec7cf17e,3,4,SPLICING,REPLACEMENT
stfd_a597b9a605b6891c4f7ae8fb4db4cb23,stfd_d90ead0f442a8493c7e10e903a8e3757,2,7,SPLICING,INSERTION
stfd_a62dab411a113983a10fdead2ea7c15c,stfd_283660fb6f50dc9c54a49330a62f630c,4,3,SPLICING,REMOVAL
stfd_a62dab411a113983a10fdead2ea7c15c,stfd_f2b8c6c8963cef86f87bf5ff0d5d821a,4,2,SPLICING,INSERTION
stfd_a62dab411a113983a10fdead2ea7c15c,stfd_d4af7af0bb7f37eedfdd9c4f07f93892,4,3,SPLICING,REPLACEMENT
stfd_a6ab264a418a2ffa32b4371e8822b1dc,stfd_fde4b273a98efc2ac4ade147d16ddb44,2,6,SPLICING,INSERTION
stfd_a6ab264a418a2ffa32b4371e8822b1dc,stfd_d54911805bd81619e2727bd92f645061,2,4,SPLICING,REPLACEMENT
stfd_a84ef975c7d7823a452483dea8f3fc5c,stfd_964342a0a9f4f4bb4bac6d7db8818001,4,2,SPLICING,REPLACEMENT
stfd_a8614525e405dcbe9eb2628b4df6e850,stfd_3606590e0b1d9993438d00383dd59104,4,7,SPLICING,INSERTION
stfd_a8614525e405dcbe9eb2628b4df6e850,stfd_be8eef1042f136ab02baee5c4207a8a0,4,4,SPLICING,REPLACEMENT
stfd_a8d855cbccd52fc6c3416261f01a30f1,stfd_587ee0601db9595e4e645cb8e7621828,3,4,SPLICING,REMOVAL
stfd_a8d855cbccd52fc6c3416261f01a30f1,stfd_6d6bdeff5f97c0f44b81fe66a3942a43,2,4,SPLICING,INSERTION
stfd_a8d855cbccd52fc6c3416261f01a30f1,stfd_b3d57ceaf695ba20621a526e2c28b7ec,2,2,SPLICING,REPLACEMENT
stfd_a95bdd6fcc33409abbd750a848725994,stfd_0d78e8bd23f11306e2afe98a6a5c919d,4,2,SPLICING,INSERTION
stfd_a96882aa7488ff6ba6e479118847fa33,stfd_467c6dc798a442356ba85c1fbb017924,2,1,SPLICING,REMOVAL
stfd_a96882aa7488ff6ba6e479118847fa33,stfd_d9b88ef3c4640350abc4e42d535ea7d1,4,3,SPLICING,INSERTION
stfd_a96882aa7488ff6ba6e479118847fa33,stfd_05857be8a70b18534183eefbac58e0be,2,0,SPLICING,REPLACEMENT
stfd_aa1f8d3aebe37b068c02e23fd3291565,stfd_99b31d0cacdfa1f1d3bd8e1846a05fc2,3,5,SPLICING,REMOVAL
stfd_aa1f8d3aebe37b068c02e23fd3291565,stfd_c10696083ca5876aa890e74532a5b78d,3,3,SPLICING,INSERTION
stfd_aa1f8d3aebe37b068c02e23fd3291565,stfd_252398dc19b96dc7b83b474c03d2d8b6,3,1,SPLICING,REPLACEMENT
stfd_aa40dac7cbb3fde39c739fced1fdf2be,stfd_6682067353638cc18b80bde09a444e0f,4,3,SPLICING,REMOVAL
stfd_aa40dac7cbb3fde39c739fced1fdf2be,stfd_6bc784d1a364dd2180e470874f884348,2,2,SPLICING,INSERTION
stfd_aa40dac7cbb3fde39c739fced1fdf2be,stfd_0dcb95d05d9a58de5ab961327d77aee9,4,2,SPLICING,REPLACEMENT
stfd_aa59ed09f8da10b99f4057ce35aa1be1,stfd_ab32d01c3ae7ac25e759b3e75ddd8fea,2,6,SPLICING,SPLICING
stfd_aa59ed09f8da10b99f4057ce35aa1be1,stfd_8cbadfde933e7c3b795235f7edd3e5a7,4,1,SPLICING,REPLACEMENT
stfd_aa75e8b64273da4d51bcee683661362d,stfd_27ab936caa0930888cc6d9642554f539,0,4,SPLICING,REMOVAL
stfd_aa75e8b64273da4d51bcee683661362d,stfd_63b5543ef1f06862d2f9afea2bba469c,0,5,SPLICING,INSERTION
stfd_aa75e8b64273da4d51bcee683661362d,stfd_6213c585e05b9aad9c29c06cc990e544,0,3,SPLICING,REPLACEMENT
stfd_aad5f7dcb12c0526597b7b4e889eb12f,stfd_25653341213dc2209ab6c8b7b5ebcf3b,2,6,SPLICING,REMOVAL
stfd_aad5f7dcb12c0526597b7b4e889eb12f,stfd_6ef590a3ff8aa74c2dc2a391d35f29db,4,2,SPLICING,INSERTION
stfd_aad5f7dcb12c0526597b7b4e889eb12f,stfd_bed2db3ae92d3ecc39a2f6452c2678e2,2,2,SPLICING,REPLACEMENT
stfd_aaff692b4221b7e13ae01b75bce0fa5c,stfd_61daa71026aca7329c894f9cbcdde9dd,3,9,SPLICING,INSERTION
stfd_ab32d01c3ae7ac25e759b3e75ddd8fea,stfd_8cbadfde933e7c3b795235f7edd3e5a7,4,7,SPLICING,REPLACEMENT
stfd_ad324c2e7248b3273b428ce3055ee6a3,stfd_eb69d77f8594a6b4cf6b895044675352,2,3,SPLICING,INSERTION
stfd_ae5919324ed5e2813395d74e8a9775be,stfd_b152a3249949ba1ffe23d293000a406a,4,4,SPLICING,REMOVAL
stfd_ae5919324ed5e2813395d74e8a9775be,stfd_553adb5d3551ec27791f0599ef5dbf04,4,3,SPLICING,REPLACEMENT
stfd_af72e30b4d1884e9626e4fac81625598,stfd_a3508410635c7429aa0a3a33f380f28f,2,6,SPLICING,REMOVAL
stfd_af72e30b4d1884e9626e4fac81625598,stfd_30377f18e0f5b541e3a3b1e35b1d340c,3,5,SPLICING,INSERTION
stfd_af72e30b4d1884e9626e4fac81625598,stfd_d643c2beb55bd369af9aee958ebb5565,3,4,SPLICING,REPLACEMENT
stfd_b158d8c5fc49d6d99c4cddd83d9e292c,stfd_ba9246a528389bdbb1d0ce3532265df9,0,5,SPLICING,SPLICING
stfd_b158d8c5fc49d6d99c4cddd83d9e292c,stfd_40330d7c0c896c117071f42f8bb45f75,2,5,SPLICING,REMOVAL
stfd_b158d8c5fc49d6d99c4cddd83d9e292c,stfd_c11f159719e004ddffaaf9a584254bf0,2,4,SPLICING,REMOVAL
stfd_b158d8c5fc49d6d99c4cddd83d9e292c,stfd_0b12415721e9c1dfde36e2aa219a8631,0,1,SPLICING,INSERTION
stfd_b158d8c5fc49d6d99c4cddd83d9e292c,stfd_72f421a1309b76184c4d7abde497bac4,2,3,SPLICING,INSERTION
stfd_b158d8c5fc49d6d99c4cddd83d9e292c,stfd_6eb703b5994af6e0ab81dd0005956f17,2,3,SPLICING,REPLACEMENT
stfd_b158d8c5fc49d6d99c4cddd83d9e292c,stfd_af7552889eca0c883b8dc542f4b8d7f3,0,1,SPLICING,REPLACEMENT
stfd_b185581959d3674e3f14299cc6085d8f,stfd_5c5799b905b8abfb13c2f4b3e80edd8d,4,7,SPLICING,REMOVAL
stfd_b185581959d3674e3f14299cc6085d8f,stfd_f559297d33ede205b468dbeb59b70680,4,8,SPLICING,INSERTION
stfd_b185581959d3674e3f14299cc6085d8f,stfd_fafb1bcffb7f13b78e2792ccb383ca44,4,6,SPLICING,REPLACEMENT
stfd_b52e7ead20e6c8c95b5fff34f27230e0,stfd_6f78da28250dd45e63d0baff13e7ef5e,1,3,SPLICING,REPLACEMENT
stfd_b5b092481a8eac27180e646a8cd60d71,stfd_5022394306e4c731eb5ff791cd442d3f,4,4,SPLICING,INSERTION
stfd_b5b092481a8eac27180e646a8cd60d71,stfd_c77558da3e99ad5d5a23aa03973b702e,4,3,SPLICING,REPLACEMENT
stfd_b8446029e0d9cb76ca9a6e88d574cda7,stfd_186113238b1e1a29b72d99836e01e2cc,2,8,SPLICING,INSERTION
stfd_b8446029e0d9cb76ca9a6e88d574cda7,stfd_c88eb3299b07fb55c871f551a5b614f9,2,5,SPLICING,REPLACEMENT
stfd_b8b7fa91517c525b7c5880028d8b2e8d,stfd_b810ccd56947f39961a054159183dbb0,3,2,SPLICING,REMOVAL
stfd_b8b7fa91517c525b7c5880028d8b2e8d,stfd_4d94b1df7790a4bf4b34da95cbd086a8,2,2,SPLICING,REPLACEMENT
stfd_b8e467ce1629405f029bf0012cda099f,stfd_e34965bfd5f3084ed47a9fca776eb042,0,2,SPLICING,REMOVAL
stfd_b8e467ce1629405f029bf0012cda099f,stfd_42d292f899207aa9160634af719fdd17,0,3,SPLICING,INSERTION
stfd_b8e467ce1629405f029bf0012cda099f,stfd_380d6bfa80c8b359f8739f4820ce22cb,0,1,SPLICING,REPLACEMENT
stfd_ba9246a528389bdbb1d0ce3532265df9,stfd_40330d7c0c896c117071f42f8bb45f75,2,6,SPLICING,REMOVAL
stfd_ba9246a528389bdbb1d0ce3532265df9,stfd_c11f159719e004ddffaaf9a584254bf0,2,7,SPLICING,REMOVAL
stfd_ba9246a528389bdbb1d0ce3532265df9,stfd_0b12415721e9c1dfde36e2aa219a8631,0,4,SPLICING,INSERTION
stfd_ba9246a528389bdbb1d0ce3532265df9,stfd_72f421a1309b76184c4d7abde497bac4,2,2,SPLICING,INSERTION
stfd_ba9246a528389bdbb1d0ce3532265df9,stfd_6eb703b5994af6e0ab81dd0005956f17,2,2,SPLICING,REPLACEMENT
stfd_ba9246a528389bdbb1d0ce3532265df9,stfd_af7552889eca0c883b8dc542f4b8d7f3,0,4,SPLICING,REPLACEMENT
stfd_bae367fdd2c47f45b81b3b261d00267c,stfd_3facdcce4660bc53fd4c5c091f4612c4,2,5,SPLICING,INSERTION
stfd_bb14487f4715db993132e45418ae0bff,stfd_fce43dd894fe682a25999c959cdb1a04,4,2,SPLICING,INSERTION
stfd_bbcea335d4557458a07aa6647569f738,stfd_10bf5ee1dbc83a19775a1e1e89dfc277,4,3,SPLICING,REMOVAL
stfd_bbcea335d4557458a07aa6647569f738,stfd_c16460bc760cb1195be3b8d57f32e0ad,2,3,SPLICING,INSERTION
stfd_bbcea335d4557458a07aa6647569f738,stfd_8a18e8dcb2b7f1a6868bbbe38a24819c,2,1,SPLICING,REPLACEMENT
stfd_bf28c130ad0b7cd49b977f20c0c0f427,stfd_727fa66d1c0b6f51934978d857082c26,4,1,SPLICING,INSERTION
stfd_c04c04c601ac517b6e6fff9bc5035ec5,stfd_86a33f7463519e2fd9e33edb5431172e,2,7,SPLICING,INSERTION
stfd_c05f8788d450c77006bbc9281370230f,stfd_92daddbb03d4ebd3f97372703913bb60,1,3,SPLICING,REMOVAL
stfd_c05f8788d450c77006bbc9281370230f,stfd_46c566b686b6d7cbbc2e338de4e4201f,0,2,SPLICING,INSERTION
stfd_c05f8788d450c77006bbc9281370230f,stfd_040cd5e097c944b01e9100f64a8e08a9,2,2,SPLICING,REPLACEMENT
stfd_c0a4ef6a306b51d455fb12c84daf8a30,stfd_88c8e01ade162b88a8eca19dcd2f9714,4,7,SPLICING,INSERTION
stfd_c0a4ef6a306b51d455fb12c84daf8a30,stfd_cf1f7c6c77fd40f97df8e1007f0a52d3,4,9,SPLICING,REPLACEMENT
stfd_c0bdf24a33c207544646ea023043def1,stfd_3177176000960e3967e5ffa822e86301,2,1,SPLICING,REMOVAL
stfd_c0bdf24a33c207544646ea023043def1,stfd_992a2649b2ab15fafd8ab36543815346,3,4,SPLICING,INSERTION
stfd_c0bdf24a33c207544646ea023043def1,stfd_71672c5a3183ec362d03ebe27bb275dd,0,1,SPLICING,REPLACEMENT
stfd_c18c7cf067c39d5b423cc091fc625af2,stfd_499436cd72acb64adbf54200e44fd5f6,2,5,SPLICING,INSERTION
stfd_c1a7cf4b716a80d5137fe37909990d6a,stfd_56cd5dd450d3a814877299607b44b153,2,6,SPLICING,REMOVAL
stfd_c1a7cf4b716a80d5137fe37909990d6a,stfd_f835c7097728aaf0a78b57b3e101e8db,2,4,SPLICING,REPLACEMENT
stfd_c20c488219f65d6f9db35ec3a906a335,stfd_707042201b1cdb73fc6a22a48e5dfd38,2,5,SPLICING,INSERTION
stfd_c3ab0d1310c74158fc0f4a3031e5da9b,stfd_c6cb191597d4246be34b31549db8cb57,1,10,SPLICING,REMOVAL
stfd_c3ab0d1310c74158fc0f4a3031e5da9b,stfd_64c4cbf2da2c556c62ed20b5aee480ab,0,8,SPLICING,REPLACEMENT
stfd_c4dc999507a1d3dcb442af3d403d8165,stfd_b73787bd89caa71297655cc752d312ce,4,6,SPLICING,REMOVAL
stfd_c4dc999507a1d3dcb442af3d403d8165,stfd_bde40e3937bd5d21dd75fffe7d481b1c,4,8,SPLICING,INSERTION
stfd_c4dc999507a1d3dcb442af3d403d8165,stfd_1f01e64b8436911b1ef600ae888c3937,4,6,SPLICING,REPLACEMENT
stfd_c6af5426b9cdc5f8a28bee71b0b8c818,stfd_80e31b5140b521c51233963775d51d97,4,8,SPLICING,REMOVAL
stfd_c6af5426b9cdc5f8a28bee71b0b8c818,stfd_7456783cf40852b29234a5665ec9c1e9,2,8,SPLICING,INSERTION
stfd_c6af5426b9cdc5f8a28bee71b0b8c818,stfd_964342a0a9f4f4bb4bac6d7db8818001,3,8,SPLICING,REPLACEMENT
stfd_c71718521699ba5a9e098bd1b2ae4ede,stfd_3e5cf4b29e3d31e24de7c21fbac1cfcd,4,5,SPLICING,REMOVAL
stfd_c71718521699ba5a9e098bd1b2ae4ede,stfd_3a1697a39157c794f673960e22c5f0ff,2,3,SPLICING,REPLACEMENT
stfd_c74c9e67d0eb48e05d8f7e555768f4d2,stfd_84971ccee9353660d8188e01205486d1,4,8,SPLICING,INSERTION
stfd_c8c9e18e763015a5dc1136522db0dbc4,stfd_2d76aa3d6754377b13c6e57ed20e4bee,2,6,SPLICING,REMOVAL
stfd_c8c9e18e763015a5dc1136522db0dbc4,stfd_646310ef871b507a7a84e478f1697c8a,2,8,SPLICING,INSERTION
stfd_c8c9e18e763015a5dc1136522db0dbc4,stfd_59ec8655aad4f7e92ab07d430b7c7015,2,6,SPLICING,REPLACEMENT
stfd_c92643584692814c4d8cd86a67703c66,stfd_6144e75e590b03b67ec5f266c1b0cbed,3,4,SPLICING,REPLACEMENT
stfd_c9b10ca2d77bcecb5150b4ba590d4caa,stfd_8b46a6b6f9530c97f4552eb32460eeb0,3,2,SPLICING,REMOVAL
stfd_c9b10ca2d77bcecb5150b4ba590d4caa,stfd_c58022430125528fa59d5db5e9ffd620,3,1,SPLICING,INSERTION
stfd_c9b10ca2d77bcecb5150b4ba590d4caa,stfd_00c8d9bf42cc3d7ff5bf522144441f9c,3,1,SPLICING,REPLACEMENT
stfd_ca11c6a681d8bfc2730d7072049dda7d,stfd_0c8bfff5f744795efc6f461ddcd3295b,2,5,SPLICING,INSERTION
stfd_caaaca73d6b5acce8993a5cc07d61f3a,stfd_1b267cdc1240060b721f1077ab6f349e,4,5,SPLICING,INSERTION
stfd_caaaca73d6b5acce8993a5cc07d61f3a,stfd_931a7092330634555bcb2c182cf40431,2,5,SPLICING,REPLACEMENT
stfd_cc6f6a832ba93e31e3cd90a3d4b52d3c,stfd_05c9570a7ff8a8dcdbe1372da3565f64,2,3,SPLICING,REMOVAL
stfd_cc6f6a832ba93e31e3cd90a3d4b52d3c,stfd_127ed28a15cccdd7d88509a2f41f73c2,4,3,SPLICING,REMOVAL
stfd_cc6f6a832ba93e31e3cd90a3d4b52d3c,stfd_9c3bc62acee636bd6f83c95622e384c3,2,3,SPLICING,INSERTION
stfd_cc6f6a832ba93e31e3cd90a3d4b52d3c,stfd_b914590d9faa7ae5783fd03d6c052b3e,2,4,SPLICING,INSERTION
stfd_cc6f6a832ba93e31e3cd90a3d4b52d3c,stfd_9624b3b249ce9f01373777f286d1b328,2,2,SPLICING,REPLACEMENT
stfd_cc6f6a832ba93e31e3cd90a3d4b52d3c,stfd_c9dfda5c8d8967058ae3c00933b63fca,2,2,SPLICING,REPLACEMENT
stfd_cd2c53a88881978388f318c289ec3338,stfd_61b18f7f18dd0e45365b0cc92c836a0e,3,3,SPLICING,REMOVAL
stfd_cd2c53a88881978388f318c289ec3338,stfd_3fe03d38bd08a491194a4cc86ddf0dd2,3,3,SPLICING,REPLACEMENT
stfd_d22018dd67066a7951a16289e2e3b5c3,stfd_79f688ad554935b5bcc496b64452b28b,4,1,SPLICING,REMOVAL
stfd_d22018dd67066a7951a16289e2e3b5c3,stfd_6672bcb0d68fcb857fd544ca117a97f1,0,0,SPLICING,INSERTION
stfd_d22018dd67066a7951a16289e2e3b5c3,stfd_eee094814470069a0998d5b9d56a6888,0,1,SPLICING,REPLACEMENT
stfd_d25684230743477547031081a6d59113,stfd_bd9cf82069b04e647f2548bbf30c0086,2,5,SPLICING,REMOVAL
stfd_d25684230743477547031081a6d59113,stfd_c33e66a32e165ed406ebc01d5123ccdf,2,1,SPLICING,REMOVAL
stfd_d25684230743477547031081a6d59113,stfd_98c449d696f012e669f025cbc4d25d68,2,0,SPLICING,INSERTION
stfd_d25684230743477547031081a6d59113,stfd_bf0b8a73636c54ed5132fbee548af1b2,3,6,SPLICING,INSERTION
stfd_d25684230743477547031081a6d59113,stfd_f1e6907fa3056aae39311f23e6a8d754,2,4,SPLICING,INSERTION
stfd_d25684230743477547031081a6d59113,stfd_012da1ee7cdf86562da37c8de858cab7,3,8,SPLICING,REPLACEMENT
stfd_d25684230743477547031081a6d59113,stfd_7b0b9516c50894aface53a9451b28da5,2,0,SPLICING,REPLACEMENT
stfd_d25684230743477547031081a6d59113,stfd_cdee45660f1ebb75528610e241f65751,2,5,SPLICING,REPLACEMENT
stfd_d2b6c76c99988e78aefc11984abff61b,stfd_2658901ad9781b73959755676d86c094,0,9,SPLICING,REMOVAL
stfd_d2b6c76c99988e78aefc11984abff61b,stfd_982b8c7d4cfdfb6d2ab2a4ca35888037,4,9,SPLICING,INSERTION
stfd_d2b6c76c99988e78aefc11984abff61b,stfd_ebfd40d8fc74ae2d2712422d02189ff4,0,9,SPLICING,REPLACEMENT
stfd_d2d7ce8d2893e501302eae62d0e558da,stfd_93003a3f85c9ead061278472f22ecd4a,3,4,SPLICING,REMOVAL
stfd_d2deda7962eb131cbbb1cf7362713370,stfd_f1fd1935c712a2a3917f4513d409bd33,3,5,SPLICING,INSERTION
stfd_d500eb2dba720b00660ba078de2afdad,stfd_ff28a076fea29ae72dcddfaaa1e80598,2,4,SPLICING,INSERTION
stfd_d56177b1668c6afb43ce63b736577930,stfd_9f90b88b488c69478ce7080cd020fc26,4,9,SPLICING,REPLACEMENT
stfd_d6bc3174e1813bbffe12d8015be39634,stfd_aac38b07d21908f5cc7f74d909f3ca0e,4,8,SPLICING,INSERTION
stfd_d7335cfd0f316f9c05f73e93ea8cbb0d,stfd_cec13672f514d3f624780cff351fa93e,4,10,SPLICING,REMOVAL
stfd_d7335cfd0f316f9c05f73e93ea8cbb0d,stfd_7b09a15c4d5e68163ef0a864427245b5,2,8,SPLICING,REPLACEMENT
stfd_d7b7618bf7409ac74dec69be45ab294e,stfd_3480a9a4b9114daf005f834383c63239,4,5,SPLICING,REMOVAL
stfd_d7b7618bf7409ac74dec69be45ab294e,stfd_a11ceb5a1719e1e85eb4bb7b78ac495c,2,2,SPLICING,REPLACEMENT
stfd_d8329d43b8ff686d4f95a4fa19ee08b5,stfd_0e2cb5099f7b3fe678ff4a53e8a7616f,1,6,SPLICING,REMOVAL
stfd_d8329d43b8ff686d4f95a4fa19ee08b5,stfd_c4f0bc56886a3668ac544d796f767516,1,6,SPLICING,INSERTION
stfd_d8329d43b8ff686d4f95a4fa19ee08b5,stfd_9113622759c77596c24e92c9013abd67,1,6,SPLICING,REPLACEMENT
stfd_d94f84dd4a9e103ace6781cad00199e4,stfd_aa218ce2612b7491967535294f6a1a64,4,3,SPLICING,REPLACEMENT
stfd_d975fe7d827da47705ba46a3777d0511,stfd_bdce55d2e5eb5d623a1478e6a5de9d2e,2,5,SPLICING,REMOVAL
stfd_d975fe7d827da47705ba46a3777d0511,stfd_25d910c0145a52390aa36a81b6b75487,2,3,SPLICING,REPLACEMENT
stfd_daa7616344b1a14a11b65e0c6a32a3d8,stfd_f8baebe097debc7aae21e97b850fd0e1,4,2,SPLICING,INSERTION
stfd_db2826d9fc470a51fa5e929d01c17547,stfd_1ffb2c0d9f39453e144575041fb0256e,3,6,SPLICING,REMOVAL
stfd_db2826d9fc470a51fa5e929d01c17547,stfd_c66653cc87a9f049ff6331c3aa53add3,2,6,SPLICING,INSERTION
stfd_db2826d9fc470a51fa5e929d01c17547,stfd_791d787a709da2015ed5a9b0b2511dfc,0,5,SPLICING,REPLACEMENT
stfd_db39a84777ec40f95fb16a7555c50b2b,stfd_edcb27f52fafd7a6c7f5c80e966931ea,0,8,SPLICING,REMOVAL
stfd_db39a84777ec40f95fb16a7555c50b2b,stfd_0e1a56122f005291210707b0a315caea,1,7,SPLICING,INSERTION
stfd_db39a84777ec40f95fb16a7555c50b2b,stfd_926530ba19e045d25fe55c64edcaf319,1,6,SPLICING,REPLACEMENT
stfd_dbe5af3f3d799063ea3d58885e351c15,stfd_72089153d3e24be49b29dd714ba0ecc6,4,11,SPLICING,INSERTION
stfd_dce286edff379dac4985984aa3277b83,stfd_8ea4cfdfd3ca08e6ed11548135fcffff,2,3,SPLICING,REMOVAL
stfd_dce286edff379dac4985984aa3277b83,stfd_3eb9b916d3a717a74bcaf828f27c6f20,0,3,SPLICING,INSERTION
stfd_dce286edff379dac4985984aa3277b83,stfd_76755916d9afc69569e4dc44bc671352,0,3,SPLICING,REPLACEMENT
stfd_dd2a6080a244293084f4d1f1db6de5c2,stfd_01fc5f6a89a754aee34d9f59191f86f2,4,7,SPLICING,REMOVAL
stfd_dd2a6080a244293084f4d1f1db6de5c2,stfd_593abaeccac6f432221a14f6744968f2,4,7,SPLICING,REPLACEMENT
stfd_dd95b8cb4d334aa8231d59b58e825415,stfd_ae1b7a48356eb0e974513c95592704aa,2,9,SPLICING,REMOVAL
stfd_dd95b8cb4d334aa8231d59b58e825415,stfd_a2bdef644908003aebb8b002592fac18,2,11,SPLICING,INSERTION
stfd_dd95b8cb4d334aa8231d59b58e825415,stfd_0bd819f1c91dac95f5577ca2c0cd3909,2,9,SPLICING,REPLACEMENT
stfd_dff6488b85a830da2689d034f9d5a906,stfd_3d18df64b01dd63267c5a0dba797478b,2,4,SPLICING,REMOVAL
stfd_dff6488b85a830da2689d034f9d5a906,stfd_c4d763a28b9d70bc05c8448dc732fd81,2,4,SPLICING,INSERTION
stfd_dff6488b85a830da2689d034f9d5a906,stfd_ea0b1ed25cacf75143541948c238a593,2,4,SPLICING,REPLACEMENT
stfd_e052be15668d5fae4329a1729f593f9a,stfd_b86110a438012b8dda5c2cee997fc393,4,2,SPLICING,REMOVAL
stfd_e052be15668d5fae4329a1729f593f9a,stfd_022359c30771ff296fdbb20d58833426,4,1,SPLICING,REPLACEMENT
stfd_e14e08849f0472416c7c3b35a4e07243,stfd_f0e4eff52a0b41e96f68b87875d0ea9e,2,3,SPLICING,SPLICING
stfd_e14e08849f0472416c7c3b35a4e07243,stfd_70c09f3121dcb98453cdf7fc76f256dd,3,2,SPLICING,REMOVAL
stfd_e14e08849f0472416c7c3b35a4e07243,stfd_12261e9dc5acd4f16fbe36363a46fab8,1,1,SPLICING,INSERTION
stfd_e14e08849f0472416c7c3b35a4e07243,stfd_032efe0f413827dd729d650e493ecf39,3,2,SPLICING,REPLACEMENT
stfd_e1e7c781b4a392fe40e6b80e54a91dc7,stfd_3972944c2a0a7653db0168593f749f4a,2,3,SPLICING,INSERTION
stfd_e2cafda4cc17434c18d9edb85bcad8f6,stfd_3b6cf2a05f1818f144f5d7ea3e2d8616,2,1,SPLICING,REMOVAL
stfd_e2cafda4cc17434c18d9edb85bcad8f6,stfd_5d039f624fb5eea2ff00d21ee8f78d2c,2,1,SPLICING,REPLACEMENT
stfd_e357c5562759b68e8bd2cf3ab20dd485,stfd_901d6eec383e7cdf51bdad2cf816d005,2,3,SPLICING,REMOVAL
stfd_e357c5562759b68e8bd2cf3ab20dd485,stfd_27febf30ac39a915c08a116d317935db,4,3,SPLICING,REPLACEMENT
stfd_e434bcc31acba3ececc67b840ba976ae,stfd_6785e04b3ada17612cbba4a98e717e87,2,2,SPLICING,REMOVAL
stfd_e434bcc31acba3ececc67b840ba976ae,stfd_03ca0fd1b8453a9f7b3905e105a7b0e5,0,2,SPLICING,INSERTION
stfd_e434bcc31acba3ececc67b840ba976ae,stfd_6f721408bdb6e8530fff2f6cc450157d,2,4,SPLICING,REPLACEMENT
stfd_e4530fd547d31d94249b3953034f14f7,stfd_3e5cf4b29e3d31e24de7c21fbac1cfcd,4,6,SPLICING,REMOVAL
stfd_e4530fd547d31d94249b3953034f14f7,stfd_3a1697a39157c794f673960e22c5f0ff,4,4,SPLICING,REPLACEMENT
stfd_e6109da02bb198e754b37f111326e985,stfd_7c943a6f079d88fb448ebdca2201e019,2,5,SPLICING,REMOVAL
stfd_e6109da02bb198e754b37f111326e985,stfd_5013885c6d44e791b00a07e44068cbc6,4,6,SPLICING,INSERTION
stfd_e6109da02bb198e754b37f111326e985,stfd_d00209e23ff37710fe5da9e32e531532,2,4,SPLICING,REPLACEMENT
stfd_e62504d958ac55860eed76f1e5e55a5e,stfd_667ccfcc23d549975a766d3a5f1d1ac8,0,5,SPLICING,REMOVAL
stfd_e62504d958ac55860eed76f1e5e55a5e,stfd_9ef7e94fa3873f433eaaea60abd8b426,0,2,SPLICING,REMOVAL
stfd_e62504d958ac55860eed76f1e5e55a5e,stfd_466ea558ed74cca5f4d3385e6c798f43,0,3,SPLICING,INSERTION
stfd_e62504d958ac55860eed76f1e5e55a5e,stfd_a0140f6bcfa75e5c79384a2270951027,0,3,SPLICING,INSERTION
stfd_e62504d958ac55860eed76f1e5e55a5e,stfd_043dca008c5bdbc60f836dee1b09255a,0,3,SPLICING,REPLACEMENT
stfd_e62504d958ac55860eed76f1e5e55a5e,stfd_489cd44515f4e99dffb3679b5f4ec717,0,2,SPLICING,REPLACEMENT
stfd_e7856e313ff5ea7abeea78d1277a4965,stfd_42a63471bc930300c4511623e637dc2c,4,1,SPLICING,REMOVAL
stfd_e7856e313ff5ea7abeea78d1277a4965,stfd_63c9ad0a1c76a46caf16a78a38369999,4,1,SPLICING,INSERTION
stfd_e7856e313ff5ea7abeea78d1277a4965,stfd_89406a926968f1c7b335e65ce18c18ee,4,1,SPLICING,REPLACEMENT
stfd_e91e60966e78d89f4fd25b619499d25b,stfd_afe284b173a08a0f976766b0c820450d,3,1,SPLICING,REMOVAL
stfd_e91e60966e78d89f4fd25b619499d25b,stfd_7cf93651ee16432b5a64eb5a72d1d852,3,1,SPLICING,REPLACEMENT
stfd_e93a2b8cafecda0de85bd3a2af5071d9,stfd_662d5b09f136ef6bc15b1878b34b2549,2,2,SPLICING,REMOVAL
stfd_e93a2b8cafecda0de85bd3a2af5071d9,stfd_ca6cd6ab696e1d4578ed517fb9d90bd2,2,3,SPLICING,REMOVAL
stfd_e93a2b8cafecda0de85bd3a2af5071d9,stfd_ed42d387bdb01c697bc1433f84085999,0,1,SPLICING,INSERTION
stfd_e93a2b8cafecda0de85bd3a2af5071d9,stfd_f684feb2045d2d6596d981b721649861,4,2,SPLICING,INSERTION
stfd_e93a2b8cafecda0de85bd3a2af5071d9,stfd_160cd2d92f28211a11ceb17c603d6126,4,2,SPLICING,REPLACEMENT
stfd_e93a2b8cafecda0de85bd3a2af5071d9,stfd_4d4af9af572060eaccee07e1e59ed4b4,2,3,SPLICING,REPLACEMENT
stfd_e9c8b7bc0b6a0d5c9cb2acf50ab821fa,stfd_8b759c0d6b17d9c86f951c99d0c24a62,2,4,SPLICING,REMOVAL
stfd_e9c8b7bc0b6a0d5c9cb2acf50ab821fa,stfd_5ceb726f093e5456ada14ddea6b70145,4,3,SPLICING,INSERTION
stfd_e9c8b7bc0b6a0d5c9cb2acf50ab821fa,stfd_ccbc77d663384310626889ce57567983,2,1,SPLICING,REPLACEMENT
stfd_ebc232a6405c59e37368ad4fb9f959fa,stfd_e4c37828d9eb0b579c33986e6d70c47c,3,6,SPLICING,INSERTION
stfd_ec44e945950728dbf7cdfddaea57aa6a,stfd_3c3aa241bf02acbb7683363f3e0f6ab1,0,2,SPLICING,REMOVAL
stfd_ec44e945950728dbf7cdfddaea57aa6a,stfd_52aee0fe2e5d1e564d2a2f7eb3da6e33,2,1,SPLICING,INSERTION
stfd_ec44e945950728dbf7cdfddaea57aa6a,stfd_c167dbbc7ef5f3f4610de852010c49c6,2,1,SPLICING,REPLACEMENT
stfd_ec676692cfc8deb7fb67a2968e9e23b8,stfd_dcb98895e0dce4b9c7db605cbd387f8b,2,4,SPLICING,REMOVAL
stfd_ec676692cfc8deb7fb67a2968e9e23b8,stfd_a9cbf579d6337670d6f944f7a399bc90,2,4,SPLICING,REPLACEMENT
stfd_ed19a7c149d3944e6cb5fd2e7b7c30a7,stfd_36fda727a5a14e26a2354fcaecd44f8e,0,1,SPLICING,INSERTION
stfd_ed8d2a8694a5d968ce11236878bf1f5f,stfd_e7e70ba7a7233a0387381c0c23638068,2,3,SPLICING,REMOVAL
stfd_ed8d2a8694a5d968ce11236878bf1f5f,stfd_6f277433a93da5ca5e3d256b4d30bf0a,4,3,SPLICING,INSERTION
stfd_ed8d2a8694a5d968ce11236878bf1f5f,stfd_baba752cdc7a0c874dfd53e2d04d1d8c,2,2,SPLICING,REPLACEMENT
stfd_edf14a14c0788db9552551a6f01d8e8a,stfd_33f6aacc05d3bd437ee9249a8f94eca4,3,6,SPLICING,INSERTION
stfd_edf14a14c0788db9552551a6f01d8e8a,stfd_d8549d7e0c68aec6130bf37311716a9b,3,4,SPLICING,REPLACEMENT
stfd_f0e4eff52a0b41e96f68b87875d0ea9e,stfd_70c09f3121dcb98453cdf7fc76f256dd,3,3,SPLICING,REMOVAL
stfd_f0e4eff52a0b41e96f68b87875d0ea9e,stfd_12261e9dc5acd4f16fbe36363a46fab8,3,2,SPLICING,INSERTION
stfd_f0e4eff52a0b41e96f68b87875d0ea9e,stfd_032efe0f413827dd729d650e493ecf39,3,3,SPLICING,REPLACEMENT
stfd_f18cd7c0c46ad24d13d6927ff6bc19f4,stfd_0a7d54f3605312f7cf6e48bec47b5d84,4,1,SPLICING,REMOVAL
stfd_f18cd7c0c46ad24d13d6927ff6bc19f4,stfd_e443980da112cbce0c6ec364f367ba14,3,2,SPLICING,INSERTION
stfd_f18cd7c0c46ad24d13d6927ff6bc19f4,stfd_39524aea5166d77e162c0483dd84a319,1,1,SPLICING,REPLACEMENT
stfd_f1a060c6ebd381bdc4b17a847ab71b29,stfd_51afacdbeb46b5450f9aac07f139e31a,4,8,SPLICING,REPLACEMENT
stfd_f3366c22417eb94c1aeb7bfc5d71cb3f,stfd_29b5a72f2e294e2b65ae2d80614d0a60,4,5,SPLICING,INSERTION
stfd_f3508a0f6971019db34af8e7a60835c0,stfd_340a4cc6cd051413cfa708d32d52e59b,3,2,SPLICING,REMOVAL
stfd_f36da991b6a1e29738043ebc3504c32f,stfd_0adbbfbeacc33581c372a12cd1595c0d,0,7,SPLICING,REMOVAL
stfd_f36da991b6a1e29738043ebc3504c32f,stfd_f0bf0c23d135a015746549c8e72822d4,2,6,SPLICING,REPLACEMENT
stfd_f3f6c5ec75fe3548f2018814e85650be,stfd_8660858fc734ff8e1a64d1eeb8db1e0a,4,5,SPLICING,INSERTION
stfd_f3f6c5ec75fe3548f2018814e85650be,stfd_4d533b31e9385cb77b5ce34b3dd7b0ea,4,3,SPLICING,REPLACEMENT
stfd_f3ffbe75f902cdfabb550f506432faed,stfd_c42845ef3365a7a2bf6dd90ae718b50a,3,3,SPLICING,REMOVAL
stfd_f4def7f185157ec9b26e623257e6e23e,stfd_290e73569aaf7094d6d7009d6b5a6227,1,10,SPLICING,INSERTION
stfd_f6d19aa671cfe7861d87fc9009c9f741,stfd_bb11ef8bce6960befde8695025b9ac4b,2,4,SPLICING,REMOVAL
stfd_f6d19aa671cfe7861d87fc9009c9f741,stfd_086f45d7a46bb2379cd956432d01416d,4,2,SPLICING,INSERTION
stfd_f6d19aa671cfe7861d87fc9009c9f741,stfd_6dfccef1abc41a87fba2dc184e9e1c3b,2,2,SPLICING,REPLACEMENT
stfd_f78f246ee79c41ef363365ec807c456b,stfd_116ec55ec125c9677e826da8694dd5ea,2,5,SPLICING,REMOVAL
stfd_f78f246ee79c41ef363365ec807c456b,stfd_3b33e341ecbfd853ee0c2c0b56a0dd2c,0,5,SPLICING,INSERTION
stfd_f78f246ee79c41ef363365ec807c456b,stfd_877ce85c7e74fcef7fe40abffae6ea48,0,4,SPLICING,REPLACEMENT
stfd_f7d4bb1e99d7ef35df10e7d1651dc1ff,stfd_af597bc058fca8a3190fb31d2fa6a494,2,3,SPLICING,INSERTION
stfd_f8dc40e9843cbbc64f7dde7606730bee,stfd_ba05cfcf517f539c08bb52877afe1d17,4,3,SPLICING,REMOVAL
stfd_f8dc40e9843cbbc64f7dde7606730bee,stfd_05b7cf2bf0691d2a0d182bb8e0cb1342,2,6,SPLICING,INSERTION
stfd_f8dc40e9843cbbc64f7dde7606730bee,stfd_d0992367aff2cf0cc5ae8bee8b852252,4,5,SPLICING,REPLACEMENT
stfd_f8df7e790a4cfbb2145578b2e5e12899,stfd_2a7d92279b8b2e7179de0175343aaa6f,2,11,SPLICING,REMOVAL
stfd_f8df7e790a4cfbb2145578b2e5e12899,stfd_33f0bf1388265110cb9d3aac9c86f266,2,10,SPLICING,REPLACEMENT
stfd_fa4591482f453612413e66429a59e366,stfd_40a79636b182924d91e8e348a081987c,2,11,SPLICING,REMOVAL
stfd_fa4591482f453612413e66429a59e366,stfd_fde2042e26dec37d1cb17d7ec55966e9,2,10,SPLICING,INSERTION
stfd_fa4591482f453612413e66429a59e366,stfd_d5255736c768db27b232cd4958e51fd5,0,9,SPLICING,REPLACEMENT
stfd_fbd7f29a6a117f9359cafa0349c3e21c,stfd_3da0e458f95588341cf9aba4a158a878,4,8,SPLICING,REMOVAL
stfd_fbd7f29a6a117f9359cafa0349c3e21c,stfd_c2b853f18928c6ad0d553627846c37c9,4,3,SPLICING,INSERTION
stfd_fbd7f29a6a117f9359cafa0349c3e21c,stfd_f9ac37badc5cb384567c0c06cab432e0,4,3,SPLICING,REPLACEMENT
stfd_fcb0d2716a78be3bf4386459b874863d,stfd_43d032aa3678c053ea7a7cd19ea829ee,0,1,SPLICING,REMOVAL
stfd_fcb0d2716a78be3bf4386459b874863d,stfd_330968d9749c2737e36cd5d89521dc43,0,0,SPLICING,REPLACEMENT
stfd_fd0492075ff16977f41e1e667985bbc7,stfd_e812a185cdd9ec32f774c2ceb4728755,4,2,SPLICING,REMOVAL
stfd_fd0492075ff16977f41e1e667985bbc7,stfd_d99fee8597356616d0779ac72304d136,4,2,SPLICING,REPLACEMENT
stfd_fe081a26ddfcd7be4f0f91410f8339ef,stfd_a6c3933b6f9ff3a22ff6f351a296c356,4,1,SPLICING,REMOVAL
stfd_fe87539c7c08f22c6bcc0fefc6687f4d,stfd_e4810dea71aad81143adf67aa30c807e,2,2,SPLICING,INSERTION
stfd_fe87539c7c08f22c6bcc0fefc6687f4d,stfd_74e4cdfdb3535c2854af311ddc8d8fe3,3,5,SPLICING,REPLACEMENT
stfd_ffd3340442b67568b38c4272df523f00,stfd_85147851faaf62ab5a5bbbf730831e33,4,4,SPLICING,REMOVAL
stfd_ffd3340442b67568b38c4272df523f00,stfd_0961898b9c407929ae12a496abc0edb0,4,4,SPLICING,INSERTION
stfd_ffd3340442b67568b38c4272df523f00,stfd_967b3179a2a3acdaacfbbb0942676a39,4,2,SPLICING,REPLACEMENT
stfd_003a444b58fce6515c2136079f5b6b7c,stfd_636bc8666857e06eaea714f238b42b67,0,1,REMOVAL,REPLACEMENT
stfd_012fb51ffedcf355b912ed374e031f50,stfd_9cbc5de19684613f3f903da46301bf56,4,1,REMOVAL,REPLACEMENT
stfd_01acbf9f2b5aa00cb2bc1a15cde5648d,stfd_a077771e71140218f5fe4447345c091b,2,5,REMOVAL,REMOVAL
stfd_01fc5f6a89a754aee34d9f59191f86f2,stfd_593abaeccac6f432221a14f6744968f2,0,0,REMOVAL,REPLACEMENT
stfd_028f97c13d1265896a1bdd034d12504d,stfd_85caa0ce91a8477364124770f483a4e0,0,2,REMOVAL,INSERTION
stfd_028f97c13d1265896a1bdd034d12504d,stfd_b86a7b870abbfec200003c3da7805131,0,1,REMOVAL,REPLACEMENT
stfd_02b5062ee6cbf4f3ebdbd06549f410d9,stfd_1685fbb7533c57141af8ea15d5290c60,4,5,REMOVAL,INSERTION
stfd_02eddd5e79753b59f850012601141079,stfd_f846b79da4a4c0239460a5af7d1ea1a2,0,4,REMOVAL,INSERTION
stfd_02eddd5e79753b59f850012601141079,stfd_fabd143aba79c0bc969a036bc15401e4,0,4,REMOVAL,REPLACEMENT
stfd_0354412e55edc988213e8f5e9a661a81,stfd_a64562685ec60bd48bbd509f2a67e4f6,2,3,REMOVAL,INSERTION
stfd_0354412e55edc988213e8f5e9a661a81,stfd_7dc751e3b75c8db65cee167bec7cf17e,0,1,REMOVAL,REPLACEMENT
stfd_04b2ca2bec32654a690147abdecdc635,stfd_aaaaa825422e722f791a34464a785215,4,4,REMOVAL,REPLACEMENT
stfd_04c39dc74cc59ed56eb32a076e77f5fb,stfd_d0513b8c5492a5f9af29d33ab8400240,4,6,REMOVAL,INSERTION
stfd_04c39dc74cc59ed56eb32a076e77f5fb,stfd_f3e6521365c31481848702e782df84eb,4,2,REMOVAL,REPLACEMENT
stfd_04ce0b6fa06738989ff0702396d766aa,stfd_548969a70c50b2c009f6abfe6dfce07a,2,3,REMOVAL,INSERTION
stfd_04ce0b6fa06738989ff0702396d766aa,stfd_ee749b9ec4e1e6429283357d71573fe4,2,2,REMOVAL,REPLACEMENT
stfd_051622c3b31754b145f40398649959a1,stfd_7a797618a1e660a1d9a48c8db83b13b1,4,1,REMOVAL,REPLACEMENT
stfd_05c9570a7ff8a8dcdbe1372da3565f64,stfd_127ed28a15cccdd7d88509a2f41f73c2,4,2,REMOVAL,REMOVAL
stfd_05c9570a7ff8a8dcdbe1372da3565f64,stfd_9c3bc62acee636bd6f83c95622e384c3,2,4,REMOVAL,INSERTION
stfd_05c9570a7ff8a8dcdbe1372da3565f64,stfd_b914590d9faa7ae5783fd03d6c052b3e,2,3,REMOVAL,INSERTION
stfd_05c9570a7ff8a8dcdbe1372da3565f64,stfd_9624b3b249ce9f01373777f286d1b328,2,1,REMOVAL,REPLACEMENT
stfd_05c9570a7ff8a8dcdbe1372da3565f64,stfd_c9dfda5c8d8967058ae3c00933b63fca,2,1,REMOVAL,REPLACEMENT
stfd_06583257488c5ac65a403bec80ecf4d4,stfd_dcd4b71df2d83d4f4b7add42ea95df05,3,6,REMOVAL,REMOVAL
stfd_06583257488c5ac65a403bec80ecf4d4,stfd_01158b45b6f85aaf7b916630fff301ba,2,2,REMOVAL,REPLACEMENT
stfd_06583257488c5ac65a403bec80ecf4d4,stfd_3e1f27291a2de586c356718aa0016fe1,3,6,REMOVAL,REPLACEMENT
stfd_06a8928df6252051810971a614bd2b49,stfd_691d44aeed72ba9ae16f70a7d81c3c00,4,6,REMOVAL,REPLACEMENT
stfd_06a8928df6252051810971a614bd2b49,stfd_7376b4e5dc10a835fad32f74a2b6f3a7,0,0,REMOVAL,REPLACEMENT
stfd_0741e6e6937021173915d0ae99da3e7d,stfd_f08922f07ab0bfdb333be4a7ea5105ef,4,4,REMOVAL,REPLACEMENT
stfd_07fa4b29999413dddecaffc089a91b58,stfd_928085ed35108c6b9f45326eb7468dae,3,3,REMOVAL,REPLACEMENT
stfd_080a9c3cbf47c6c23a4e0a0d3f9073a6,stfd_52b80e8fb03662eaace6e21d1b78bb94,2,4,REMOVAL,INSERTION
stfd_080a9c3cbf47c6c23a4e0a0d3f9073a6,stfd_79ae8fb2f464e82ea45592d78a56d604,2,3,REMOVAL,REPLACEMENT
stfd_0860c67f5525406638a17814aba8b585,stfd_2108a7db0de433451b4c647b72616a76,2,3,REMOVAL,INSERTION
stfd_0860c67f5525406638a17814aba8b585,stfd_9239cc39cab17c7438b19714cc10ec38,2,2,REMOVAL,REPLACEMENT
stfd_0a613a26ae6d2d36a6e589585f759fab,stfd_42f98d6c359009385b267cd14395749e,4,6,REMOVAL,INSERTION
stfd_0a613a26ae6d2d36a6e589585f759fab,stfd_aa218ce2612b7491967535294f6a1a64,2,1,REMOVAL,REPLACEMENT
stfd_0a7d54f3605312f7cf6e48bec47b5d84,stfd_e443980da112cbce0c6ec364f367ba14,3,1,REMOVAL,INSERTION
stfd_0a7d54f3605312f7cf6e48bec47b5d84,stfd_39524aea5166d77e162c0483dd84a319,3,0,REMOVAL,REPLACEMENT
stfd_0ad0dc7efb9245bce3c1d2eb286f4965,stfd_0b24d2381574ad95eee0abcc9c934979,2,2,REMOVAL,REPLACEMENT
stfd_0adbbfbeacc33581c372a12cd1595c0d,stfd_f0bf0c23d135a015746549c8e72822d4,2,1,REMOVAL,REPLACEMENT
stfd_0ae0dee4c3213807a603d2ad76c25050,stfd_a8af33bdf8b18f55a346cf0868de36ac,0,1,REMOVAL,INSERTION
stfd_0ae0dee4c3213807a603d2ad76c25050,stfd_a3a2ba479b765a99c6c96ac3095ac5c3,0,0,REMOVAL,REPLACEMENT
stfd_0b858c2fe8ada6fc43139e2f10a1b1eb,stfd_2a7ad2b6f0c516153a97b9a6d860323c,0,0,REMOVAL,REPLACEMENT
stfd_0d4ab032f0b3fad1946b1ce028afd298,stfd_1d7b444730be83cb2f0c2aae0a78c315,2,5,REMOVAL,REPLACEMENT
stfd_0d6bb6e404011682dfb91957f8283b73,stfd_ba4e67c944cbc7596cec4619cbeb744d,0,3,REMOVAL,INSERTION
stfd_0d6bb6e404011682dfb91957f8283b73,stfd_e31ff0547c0046ae238f16cad163e10a,0,0,REMOVAL,REPLACEMENT
stfd_0e2cb5099f7b3fe678ff4a53e8a7616f,stfd_c4f0bc56886a3668ac544d796f767516,0,4,REMOVAL,INSERTION
stfd_0e2cb5099f7b3fe678ff4a53e8a7616f,stfd_9113622759c77596c24e92c9013abd67,0,4,REMOVAL,REPLACEMENT
stfd_0e898b5692cfaaf59c8eae155445f666,stfd_9e76127e20359df592b073cd183817c3,0,3,REMOVAL,INSERTION
stfd_0e898b5692cfaaf59c8eae155445f666,stfd_13bf7d2e3905bdd56116343721157289,0,1,REMOVAL,REPLACEMENT
stfd_0eb18774f3d3bda3e71b0da73aca8bb5,stfd_bd7a3383e6fb0376422722bb36a7f5d2,3,3,REMOVAL,REPLACEMENT
stfd_0f4470d77a40b018bf56e4be6e9837f8,stfd_cd8466ea6c73bd256036de731da5817c,0,1,REMOVAL,INSERTION
stfd_0f4470d77a40b018bf56e4be6e9837f8,stfd_4e025cbb292adbd3278b1a29431a685b,0,1,REMOVAL,REPLACEMENT
stfd_0f70d71f632abd1cdbdbba07eef1f14c,stfd_05db6f7d046fb7000edac3ae5e71fc4d,1,7,REMOVAL,INSERTION
stfd_0f70d71f632abd1cdbdbba07eef1f14c,stfd_266720ef63b390dc585b4e7f60f3371f,1,4,REMOVAL,REPLACEMENT
stfd_0fa2fc50dbc71725083bab9dc5cbcccd,stfd_fb3e635f39e4884321910c7c05b8bff5,2,0,REMOVAL,REPLACEMENT
stfd_10441b68ead0f07a40be835e8b86efc2,stfd_09793c415afe9bbc8785ca970d756ca6,2,4,REMOVAL,REPLACEMENT
stfd_1089d6677a2477221eee5e9f7f541241,stfd_107437234ec60ebc0224d561c012dd9a,2,4,REMOVAL,REPLACEMENT
stfd_10bf5ee1dbc83a19775a1e1e89dfc277,stfd_c16460bc760cb1195be3b8d57f32e0ad,4,4,REMOVAL,INSERTION
stfd_10bf5ee1dbc83a19775a1e1e89dfc277,stfd_8a18e8dcb2b7f1a6868bbbe38a24819c,4,2,REMOVAL,REPLACEMENT
stfd_11635bbaf73754cee3ec362ec0b4f4a0,stfd_0c1daafda033ea001ddb5f47328da173,2,3,REMOVAL,INSERTION
stfd_11635bbaf73754cee3ec362ec0b4f4a0,stfd_d674a807953e73484ae71b7ad583d2e8,0,1,REMOVAL,REPLACEMENT
stfd_116ec55ec125c9677e826da8694dd5ea,stfd_3b33e341ecbfd853ee0c2c0b56a0dd2c,2,8,REMOVAL,INSERTION
stfd_116ec55ec125c9677e826da8694dd5ea,stfd_877ce85c7e74fcef7fe40abffae6ea48,2,3,REMOVAL,REPLACEMENT
stfd_1180f8ce0165457ae806e31fd3724c16,stfd_2861804371d4c33f2946905ea923415d,0,1,REMOVAL,REPLACEMENT
stfd_127ed28a15cccdd7d88509a2f41f73c2,stfd_9c3bc62acee636bd6f83c95622e384c3,2,4,REMOVAL,INSERTION
stfd_127ed28a15cccdd7d88509a2f41f73c2,stfd_b914590d9faa7ae5783fd03d6c052b3e,2,3,REMOVAL,INSERTION
stfd_127ed28a15cccdd7d88509a2f41f73c2,stfd_9624b3b249ce9f01373777f286d1b328,2,1,REMOVAL,REPLACEMENT
stfd_127ed28a15cccdd7d88509a2f41f73c2,stfd_c9dfda5c8d8967058ae3c00933b63fca,2,1,REMOVAL,REPLACEMENT
stfd_12b9fcfe9d351f89192c70c3a978d46e,stfd_7414cf25a88d859a5eb1fb9414eea9d7,2,1,REMOVAL,REPLACEMENT
stfd_134c6b1927154364daf6fe17a070f820,stfd_dbe48a540b36df0a1e018434287dc1c5,0,0,REMOVAL,INSERTION
stfd_134c6b1927154364daf6fe17a070f820,stfd_caa29850497e389bac6bd9dc1c6c957e,0,0,REMOVAL,REPLACEMENT
stfd_1374ba7ba8fc64892a6ab42b9b76ba3d,stfd_aa5f58013c8babed8458c7c61cdd87ec,0,2,REMOVAL,REPLACEMENT
stfd_138651a8e4f86957da3ce95934dc8ba4,stfd_860d3b7e3c905550716aa8230650ac0f,3,1,REMOVAL,REPLACEMENT
stfd_13a001e5c42dd4779d4e6f394f6ebe18,stfd_5e8216d206d3222e2953d887b057b628,0,2,REMOVAL,REPLACEMENT
stfd_14124824592ed78b0854b60d733bc8fe,stfd_6b6da2854b329ce9cbbb9a8815a2da5b,2,1,REMOVAL,REPLACEMENT
stfd_148b0af8a71054246df6852f29eb0192,stfd_d3e00a51fcdb45692d75d69f896cc36d,4,4,REMOVAL,INSERTION
stfd_148b0af8a71054246df6852f29eb0192,stfd_6b53c2096bd18cbe9e135bcfea5fda9e,4,3,REMOVAL,REPLACEMENT
stfd_15defec99313c7e95d91f50140fb96e0,stfd_ec79116d208cce9182eaefe97a6bd10a,4,0,REMOVAL,REPLACEMENT
stfd_19c753b8b3388cd492bb9049d778db48,stfd_dd915f30bac90aba0229c08d8c5ebed8,2,0,REMOVAL,REPLACEMENT
stfd_1a1ed027e3bd93fde05f97995915dda9,stfd_8723f06db2026d2d0f7adc33f13f51f6,4,1,REMOVAL,REPLACEMENT
stfd_1a56acf505ba80e66cef0834875e454d,stfd_68e5a0a6de96e47e6af689931f778bc8,2,5,REMOVAL,INSERTION
stfd_1a56acf505ba80e66cef0834875e454d,stfd_b652d59da55c772a493036b4183291a0,2,3,REMOVAL,REPLACEMENT
stfd_1acebe17dcd5953702227e6ae0cc238b,stfd_6034c5c456abfcbfc3b8fea78031d196,0,2,REMOVAL,INSERTION
stfd_1acebe17dcd5953702227e6ae0cc238b,stfd_c64f5b757981c4118e0242a986d119b6,2,2,REMOVAL,REPLACEMENT
stfd_1b14181bbb0000ee22b064d9ef40393a,stfd_5a8db505c00e3d57d5b217bded1755e2,2,1,REMOVAL,REPLACEMENT
stfd_1b17861d6fe97ece8b45751ca8fc0f00,stfd_6a52c6fea25d50179cdb31fb0eb57927,2,0,REMOVAL,REPLACEMENT
stfd_1b6613ab45bcdc854bcf34fdf4b99bbe,stfd_91163e5d94fdacd370ac5d313d653172,0,2,REMOVAL,REPLACEMENT
stfd_1cdc168d5b326c6df4d7916cc3f72a63,stfd_7d62428163b0a458f0c574a33fda0898,1,0,REMOVAL,INSERTION
stfd_1cdc168d5b326c6df4d7916cc3f72a63,stfd_448ac13a43c9470e5968e78d5fda5b02,1,0,REMOVAL,REPLACEMENT
stfd_1cfd3408b383583a04d05f9e176b2610,stfd_f8d9dbbd09b318acfc60c1101b43536e,2,2,REMOVAL,REPLACEMENT
stfd_1d787eb4fee7bc08377b6d178fab1326,stfd_20eb2c7fb0df6b31e4c69b5acc2e81b9,4,3,REMOVAL,REPLACEMENT
stfd_1da3b4e7189a6f3f819d71fb96e0333c,stfd_299ef5c4af82e6c7ace05a4315ad30f3,2,4,REMOVAL,REPLACEMENT
stfd_1dc38f4bf5d9d4b601d0ab94c7766a61,stfd_71fe8170eb2ba00b90522dd69f6b33cb,4,5,REMOVAL,INSERTION
stfd_1dc38f4bf5d9d4b601d0ab94c7766a61,stfd_35abc3b802b246cd6ce4d0b76e80c554,2,1,REMOVAL,REPLACEMENT
stfd_1dcdf7442e458478c64dced4ce999159,stfd_af510669da0ab4a2c49402eed0771163,2,0,REMOVAL,REPLACEMENT
stfd_1e3b7a7515187689992b60ce70eaca71,stfd_ccad228c1ab12e6903d31e70ad6613ea,2,1,REMOVAL,INSERTION
stfd_1e3b7a7515187689992b60ce70eaca71,stfd_d4bf0620a3fa853283699123413f5c71,2,1,REMOVAL,REPLACEMENT
stfd_1eb9b0102536828b7b988479e0e86e9a,stfd_584eab69143b4f1cc78abe80dd55eb48,0,1,REMOVAL,REPLACEMENT
stfd_1ef01848d0b69ca2a5728c00d789c0fc,stfd_413eb7460b93e876230320be6cef5d5f,0,0,REMOVAL,REPLACEMENT
stfd_1f233694b873066cb5b7238d2d6cd20c,stfd_acb77f9989ac784a0dc9dc7cfe06fcab,1,1,REMOVAL,REPLACEMENT
stfd_1ffb2c0d9f39453e144575041fb0256e,stfd_c66653cc87a9f049ff6331c3aa53add3,3,2,REMOVAL,INSERTION
stfd_1ffb2c0d9f39453e144575041fb0256e,stfd_791d787a709da2015ed5a9b0b2511dfc,3,1,REMOVAL,REPLACEMENT
stfd_203153c25e59815a9ad065b30aedbf6b,stfd_d0b3ab64c3e77d0bedc13fe282966413,2,1,REMOVAL,REPLACEMENT
stfd_209035bf7764eea05cbf4a7abc5948b5,stfd_8660858fc734ff8e1a64d1eeb8db1e0a,4,3,REMOVAL,INSERTION
stfd_209035bf7764eea05cbf4a7abc5948b5,stfd_4d533b31e9385cb77b5ce34b3dd7b0ea,2,1,REMOVAL,REPLACEMENT
stfd_20a77ece9647235b7b187ccdd24f0d60,stfd_c0dbaa05c49be6432f732c03d4347087,0,0,REMOVAL,REPLACEMENT
stfd_20dd1190153c1adea615b7d447e90a6b,stfd_8cf56190df66e92d0deed435ca8fa552,1,4,REMOVAL,INSERTION
stfd_20dd1190153c1adea615b7d447e90a6b,stfd_498f131f4061ed588d4a7a6e5298941b,1,3,REMOVAL,REPLACEMENT
stfd_2117656d5154a5e32dc30a11b6081912,stfd_b3983a71c479bad516b3a87e339eb731,2,0,REMOVAL,REPLACEMENT
stfd_22310d9658354d8a0010fe7c02622a07,stfd_6037ab4d1d9f7cc109573b87627df9f0,1,0,REMOVAL,REPLACEMENT
stfd_2285cf28a2ee96e7bc1a5f39f1f78e13,stfd_89061a9f31392f6e31935399edce4aa8,0,0,REMOVAL,REPLACEMENT
stfd_22d74f32a5dd56d93cc0f92eee152842,stfd_22ee863d23f195d59fe56fcac39766ec,2,0,REMOVAL,REPLACEMENT
stfd_22f14fb3f62b6e8882729057e7b39a2d,stfd_2179d65cc356f7f2f605ad4065af4fbe,0,0,REMOVAL,REPLACEMENT
stfd_25653341213dc2209ab6c8b7b5ebcf3b,stfd_6ef590a3ff8aa74c2dc2a391d35f29db,2,4,REMOVAL,INSERTION
stfd_25653341213dc2209ab6c8b7b5ebcf3b,stfd_bed2db3ae92d3ecc39a2f6452c2678e2,2,4,REMOVAL,REPLACEMENT
stfd_25980981914f0b9f84bf9fb02170c837,stfd_273961d709077c1a33020f1e8656d0ef,1,2,REMOVAL,REPLACEMENT
stfd_2620c4e3028d414b2df0f841b3d507e4,stfd_7cfbcd6d3f467e2096a841392cfcc18b,2,3,REMOVAL,INSERTION
stfd_2620c4e3028d414b2df0f841b3d507e4,stfd_603075117e6b4f723110179565ba14da,4,3,REMOVAL,REPLACEMENT
stfd_2658901ad9781b73959755676d86c094,stfd_982b8c7d4cfdfb6d2ab2a4ca35888037,4,2,REMOVAL,INSERTION
stfd_2658901ad9781b73959755676d86c094,stfd_ebfd40d8fc74ae2d2712422d02189ff4,0,2,REMOVAL,REPLACEMENT
stfd_270866c41dc079b115f6d57a6bad93dd,stfd_c628a844642fc545a0e7bf4f41ad6289,0,1,REMOVAL,REMOVAL
stfd_270866c41dc079b115f6d57a6bad93dd,stfd_06d39966ae81485e71fec9c3850d78f1,0,1,REMOVAL,INSERTION
stfd_270866c41dc079b115f6d57a6bad93dd,stfd_b56d496a7ecd93701dea36a3f2145482,0,1,REMOVAL,INSERTION
stfd_270866c41dc079b115f6d57a6bad93dd,stfd_f850159f54db1ea21bdaf849f5af4e6e,0,1,REMOVAL,INSERTION
stfd_270866c41dc079b115f6d57a6bad93dd,stfd_90f5487f8cdfc0da252592ebde472b28,0,1,REMOVAL,REPLACEMENT
stfd_270866c41dc079b115f6d57a6bad93dd,stfd_be2630b565c96f91e49271ee0219f35d,0,1,REMOVAL,REPLACEMENT
stfd_2795c86eac33202fac9c28362adc0c29,stfd_47c9d3b1ddea1d0cd0d6b924884db69c,0,1,REMOVAL,REPLACEMENT
stfd_27ab936caa0930888cc6d9642554f539,stfd_63b5543ef1f06862d2f9afea2bba469c,0,5,REMOVAL,INSERTION
stfd_27ab936caa0930888cc6d9642554f539,stfd_6213c585e05b9aad9c29c06cc990e544,0,1,REMOVAL,REPLACEMENT
stfd_283660fb6f50dc9c54a49330a62f630c,stfd_f2b8c6c8963cef86f87bf5ff0d5d821a,2,3,REMOVAL,INSERTION
stfd_283660fb6f50dc9c54a49330a62f630c,stfd_d4af7af0bb7f37eedfdd9c4f07f93892,2,0,REMOVAL,REPLACEMENT
stfd_297c859f701df304be3fd86ae926ba63,stfd_bdb671a563cc32429c3ea3fb6b21d667,2,5,REMOVAL,REMOVAL
stfd_297c859f701df304be3fd86ae926ba63,stfd_336cee258e4e1141a02e69ac77777de7,0,0,REMOVAL,REPLACEMENT
stfd_297c859f701df304be3fd86ae926ba63,stfd_7bbfffcff6be01b358842e7ffc1fb719,2,2,REMOVAL,REPLACEMENT
stfd_29bec5d1bf4f4056ea605377ae0bb284,stfd_22f97b4be0f3442d2220235bc628bd57,2,0,REMOVAL,REPLACEMENT
stfd_29dfb36da830fa12fe6375034133803e,stfd_45da521e1d3295c4567fd710e48b949a,2,5,REMOVAL,INSERTION
stfd_29dfb36da830fa12fe6375034133803e,stfd_2e98bc73357a1fa11cc013f02d48e042,2,2,REMOVAL,REPLACEMENT
stfd_2a7d92279b8b2e7179de0175343aaa6f,stfd_33f0bf1388265110cb9d3aac9c86f266,0,1,REMOVAL,REPLACEMENT
stfd_2ae58b1176572e893be8ad5286876720,stfd_06cd995641cfba86387f867bb54ec827,2,0,REMOVAL,REPLACEMENT
stfd_2bbcd9cf6958279dc19fa075a4c8bdfd,stfd_3acb12fd9463c7ce7c908a26e7389aba,2,2,REMOVAL,REPLACEMENT
stfd_2d47904118487bdf3e06c7694e8c6219,stfd_afaf6e666c0624be9e2caf0ccf3d61f3,3,0,REMOVAL,REPLACEMENT
stfd_2d76aa3d6754377b13c6e57ed20e4bee,stfd_646310ef871b507a7a84e478f1697c8a,2,2,REMOVAL,INSERTION
stfd_2d76aa3d6754377b13c6e57ed20e4bee,stfd_59ec8655aad4f7e92ab07d430b7c7015,0,0,REMOVAL,REPLACEMENT
stfd_2e1446b68c1ae36b73d11acd444cfdce,stfd_9092bd1a82e922c23cc5a84d19a2dce0,4,1,REMOVAL,REPLACEMENT
stfd_2f4c37d52be66184f00ac9cf4ab623db,stfd_ab4996bf9a5452cc943d8ce5341166f0,1,3,REMOVAL,REPLACEMENT
stfd_3177176000960e3967e5ffa822e86301,stfd_992a2649b2ab15fafd8ab36543815346,3,5,REMOVAL,INSERTION
stfd_3177176000960e3967e5ffa822e86301,stfd_71672c5a3183ec362d03ebe27bb275dd,2,2,REMOVAL,REPLACEMENT
stfd_317fe8158a9d6cc455f18eba38143fbe,stfd_41558e98d698936424edccce55d464cb,0,0,REMOVAL,REPLACEMENT
stfd_328fbe26eb4e77ad5eeab074dff72c14,stfd_6b4b6a02e9e04ea76d5065d5b26ffa20,4,11,REMOVAL,REMOVAL
stfd_328fbe26eb4e77ad5eeab074dff72c14,stfd_d89e596438b51d3555beba9db74e25be,4,8,REMOVAL,REMOVAL
stfd_32c56312de2a7f9cd5bcfb327059cd07,stfd_6bd591f40e5ca45b39e561df9aa09d03,3,4,REMOVAL,REMOVAL
stfd_32c56312de2a7f9cd5bcfb327059cd07,stfd_7547adc22962c0369e086d94273149e2,2,3,REMOVAL,REPLACEMENT
stfd_32c56312de2a7f9cd5bcfb327059cd07,stfd_866c377945ac629fdc66d3352b09c831,3,5,REMOVAL,REPLACEMENT
stfd_32d1ea24572bd1a17881ef0ef960fa41,stfd_84ad51f3ca53ad764870c4fa5a3635af,2,2,REMOVAL,INSERTION
stfd_32d1ea24572bd1a17881ef0ef960fa41,stfd_c7cb05972cd4fa3922d99a7f514e8f37,0,0,REMOVAL,REPLACEMENT
stfd_33ffd2e329b341693c8890afbe0d587e,stfd_04bf0216cf212001c6e6acf1b2908b9e,4,3,REMOVAL,REPLACEMENT
stfd_340a4cc6cd051413cfa708d32d52e59b,stfd_9d61bbe2576aa1b1e6267991fb346a6c,4,2,REMOVAL,INSERTION
stfd_340a4cc6cd051413cfa708d32d52e59b,stfd_55efc3ad133fa223cfe331906c00286e,2,1,REMOVAL,REPLACEMENT
stfd_344807aaed9e1ff806320ccb80c0da74,stfd_f44cd00ff767a5f7e18c6a30b916c06a,2,3,REMOVAL,INSERTION
stfd_344807aaed9e1ff806320ccb80c0da74,stfd_f1d14e2cb78c22aa51c20fc16fcaf2ef,2,2,REMOVAL,REPLACEMENT
stfd_3480a9a4b9114daf005f834383c63239,stfd_d7981856c1d6257948f27db72ea745e6,4,6,REMOVAL,INSERTION
stfd_3480a9a4b9114daf005f834383c63239,stfd_a11ceb5a1719e1e85eb4bb7b78ac495c,4,3,REMOVAL,REPLACEMENT
stfd_348e1ed9a3eb0a8e24db8efbafa423d2,stfd_a12c8fc42d13f41e6ca668f92377fbf5,2,1,REMOVAL,REPLACEMENT
stfd_34941d44e4e772c7305f1df2fe584f60,stfd_68b731bcd14eb7b45b9c8fb29bd25964,1,2,REMOVAL,INSERTION
stfd_34941d44e4e772c7305f1df2fe584f60,stfd_850ce7266cdd2632258e9f3b6acfd3a0,3,2,REMOVAL,REPLACEMENT
stfd_35aa708ced4fb74081addd0c403fd096,stfd_c5e83c067d17b2bdcf244e6990f39fe3,2,3,REMOVAL,INSERTION
stfd_35aa708ced4fb74081addd0c403fd096,stfd_a3b133f72bc82b1d78bb0755dfd25928,4,0,REMOVAL,REPLACEMENT
stfd_362574b3606aa0bbc14d7c0b5bd85052,stfd_8b032f33dec235122ccd03309d2996d1,2,1,REMOVAL,REPLACEMENT
stfd_366e41af4fb6aa265558697f3af5c72e,stfd_6f9eca35d17d6a1b868fd13e736c2ab2,3,6,REMOVAL,INSERTION
stfd_366e41af4fb6aa265558697f3af5c72e,stfd_84337fc8123725486e312b3c04f366b6,0,3,REMOVAL,REPLACEMENT
stfd_36b5ffa865149d152e439c39031c28d5,stfd_967c580d5cdd09562720f721022a77a1,2,6,REMOVAL,INSERTION
stfd_36b5ffa865149d152e439c39031c28d5,stfd_db676a79534dc58f940d7bdf97ff38b0,2,2,REMOVAL,REPLACEMENT
stfd_38815ed2ec6a2d2d706c19469cd23b1c,stfd_174eef2d8a69782842e1382ce1157d06,2,3,REMOVAL,INSERTION
stfd_38815ed2ec6a2d2d706c19469cd23b1c,stfd_86f24ca5f37f8e8b81a1000383cda16a,2,2,REMOVAL,REPLACEMENT
stfd_38bad6b6d125f45e3f816065f79a6dd1,stfd_e70c46f97c7a2c208b7e10ac9ac22975,0,1,REMOVAL,REPLACEMENT
stfd_38d81de5217f951a4ea9faa2e9c67476,stfd_a0f61f66a5ebe69526b79f6f2b6879ed,0,1,REMOVAL,REPLACEMENT
stfd_38edaea6ac1c90c4a9759b25b1aa64cf,stfd_824378e4f834139a88fdd7dea980a692,0,0,REMOVAL,REPLACEMENT
stfd_38fca99ef612a6968c0c9b0d00d406fa,stfd_730a29ce5b1e2b5c0b947db887a638a1,2,1,REMOVAL,REPLACEMENT
stfd_39aa0705b9b64c4b933dd992a26ac138,stfd_95b87075f51e6b0f0ab4abba0e2c1573,0,0,REMOVAL,REPLACEMENT
stfd_3a298d5f18203a522aa3f61240d86e2d,stfd_40048221078f8be54feeb6e1981ae228,4,3,REMOVAL,INSERTION
stfd_3a298d5f18203a522aa3f61240d86e2d,stfd_924b4a953afa7d28603ec3369e737f9c,2,0,REMOVAL,REPLACEMENT
stfd_3a53453c0e7c6c42d48d931fdde97298,stfd_edb6b14a95e5bf7fb85f84f6af43f267,2,1,REMOVAL,INSERTION
stfd_3a53453c0e7c6c42d48d931fdde97298,stfd_fff4187a73a62199b2978c7c4ff05f99,2,0,REMOVAL,REPLACEMENT
stfd_3a62c41d10c36abf73e21ea7042c3cff,stfd_506ee37ba3f40529761565a3d348cc97,2,1,REMOVAL,REPLACEMENT
stfd_3ace7a4b8f7e897106a7765b4ab173bb,stfd_1d4e61b89c680adcd99d5805509d101e,3,0,REMOVAL,REPLACEMENT
stfd_3ad3d3994da880ebd42b828ba658da09,stfd_b864753ac5f1fa4b901fcbf91f6b4d79,0,0,REMOVAL,REPLACEMENT
stfd_3b6cf2a05f1818f144f5d7ea3e2d8616,stfd_5d039f624fb5eea2ff00d21ee8f78d2c,0,0,REMOVAL,REPLACEMENT
stfd_3bad1928bd7dea18622fc573fdc4675f,stfd_fb2574238525063f8660b8f6733dee9f,0,1,REMOVAL,REPLACEMENT
stfd_3c0082946bb348dfff05707d5d05e110,stfd_571b35555326852dacdce150bea2c734,0,0,REMOVAL,REPLACEMENT
stfd_3c22b105201556f7ded68845627acfc2,stfd_d193d07b39d7b91406a87e13bc1fdad3,2,0,REMOVAL,INSERTION
stfd_3c22b105201556f7ded68845627acfc2,stfd_faed41edaa3829f9247ae24c505dc289,0,0,REMOVAL,REPLACEMENT
stfd_3c3641bcc680fc2a3d47412ef0a92efb,stfd_26f0d9fccbd61fa2d80556f3fd520711,4,6,REMOVAL,REPLACEMENT
stfd_3c3aa241bf02acbb7683363f3e0f6ab1,stfd_52aee0fe2e5d1e564d2a2f7eb3da6e33,2,3,REMOVAL,INSERTION
stfd_3c3aa241bf02acbb7683363f3e0f6ab1,stfd_c167dbbc7ef5f3f4610de852010c49c6,2,3,REMOVAL,REPLACEMENT
stfd_3c54e054cee294f5f834a6e6e02f6bfb,stfd_8c7e2d21e2e7b5761d53c78d878b8220,2,4,REMOVAL,INSERTION
stfd_3c54e054cee294f5f834a6e6e02f6bfb,stfd_772651e11ef9b5e5a9d41a9497cb8a83,3,2,REMOVAL,REPLACEMENT
stfd_3c6f6eae4d79fa514afea5ac57f1efe6,stfd_bddb9dcbfb1443831a8c0449d750fdf8,2,0,REMOVAL,REPLACEMENT
stfd_3c84f767efe644bee66c014542d9e988,stfd_21125b5b515ef775a9e4782ac11a5345,2,4,REMOVAL,INSERTION
stfd_3c84f767efe644bee66c014542d9e988,stfd_b923d5bb0d5d50e99089e652f7bcd2e1,2,3,REMOVAL,REPLACEMENT
stfd_3d18df64b01dd63267c5a0dba797478b,stfd_c4d763a28b9d70bc05c8448dc732fd81,2,6,REMOVAL,INSERTION
stfd_3d18df64b01dd63267c5a0dba797478b,stfd_ea0b1ed25cacf75143541948c238a593,2,4,REMOVAL,REPLACEMENT
stfd_3da0e458f95588341cf9aba4a158a878,stfd_c2b853f18928c6ad0d553627846c37c9,2,7,REMOVAL,INSERTION
stfd_3da0e458f95588341cf9aba4a158a878,stfd_f9ac37badc5cb384567c0c06cab432e0,4,5,REMOVAL,REPLACEMENT
stfd_3e5cf4b29e3d31e24de7c21fbac1cfcd,stfd_3a1697a39157c794f673960e22c5f0ff,2,2,REMOVAL,REPLACEMENT
stfd_3ee85beb1a2e286eebac275c402afe14,stfd_51cd84d193c9a3a2b17df759cc2aecff,4,13,REMOVAL,REMOVAL
stfd_3ee85beb1a2e286eebac275c402afe14,stfd_bab093706810aa02878ca68c49cfaca1,2,11,REMOVAL,REMOVAL
stfd_3ee85beb1a2e286eebac275c402afe14,stfd_75fa2cd7e5805030313605db0c06e00b,0,9,REMOVAL,INSERTION
stfd_3ee85beb1a2e286eebac275c402afe14,stfd_1ade8d5dc59f3c78ed87a6c276fe8b99,0,10,REMOVAL,REPLACEMENT
stfd_3ee85beb1a2e286eebac275c402afe14,stfd_5e65399c55884886e1c7fbe2c3d3afa2,3,9,REMOVAL,REPLACEMENT
stfd_3f75e7d805aceb7e18cbb21e15ea3da3,stfd_ae0367242c990af6bb10483d40e24743,2,3,REMOVAL,INSERTION
stfd_3f75e7d805aceb7e18cbb21e15ea3da3,stfd_e396f89bc6a669b3c338649b5801ee57,2,2,REMOVAL,REPLACEMENT
stfd_3fa08a94ed5c58c59e2267d30aaf5013,stfd_bdaacbb4d371c27c48d2e81aa0573a58,2,5,REMOVAL,INSERTION
stfd_3fa08a94ed5c58c59e2267d30aaf5013,stfd_3bb6068a6d9f9e286960464cb323774c,0,0,REMOVAL,REPLACEMENT
stfd_3fe0571b313f1c99760b4931e4ebe403,stfd_d3e8f4a5f73322aa8a7ad117b4c4e59c,0,0,REMOVAL,REPLACEMENT
stfd_3ff492c03bbe21cec0bae4de54956446,stfd_9fc8bc86c735d2cc892108fa0ab636da,2,2,REMOVAL,REPLACEMENT
stfd_40330d7c0c896c117071f42f8bb45f75,stfd_c11f159719e004ddffaaf9a584254bf0,2,1,REMOVAL,REMOVAL
stfd_40330d7c0c896c117071f42f8bb45f75,stfd_0b12415721e9c1dfde36e2aa219a8631,2,4,REMOVAL,INSERTION
stfd_40330d7c0c896c117071f42f8bb45f75,stfd_72f421a1309b76184c4d7abde497bac4,0,4,REMOVAL,INSERTION
stfd_40330d7c0c896c117071f42f8bb45f75,stfd_6eb703b5994af6e0ab81dd0005956f17,2,4,REMOVAL,REPLACEMENT
stfd_40330d7c0c896c117071f42f8bb45f75,stfd_af7552889eca0c883b8dc542f4b8d7f3,2,4,REMOVAL,REPLACEMENT
stfd_4059b748f0779efcddc4c2f89479c1f9,stfd_565daa8ae2b66b4ef4c9d6effa7db760,2,2,REMOVAL,INSERTION
stfd_4059b748f0779efcddc4c2f89479c1f9,stfd_05f3f47e7affc584d53d7dfff5d55934,2,1,REMOVAL,REPLACEMENT
stfd_40a79636b182924d91e8e348a081987c,stfd_fde2042e26dec37d1cb17d7ec55966e9,2,5,REMOVAL,INSERTION
stfd_40a79636b182924d91e8e348a081987c,stfd_d5255736c768db27b232cd4958e51fd5,2,4,REMOVAL,REPLACEMENT
stfd_4196a3dc95c72c98d0c751ab58351bc1,stfd_0d9f3cf0ec1eada5d8678c2a6d134476,2,2,REMOVAL,REPLACEMENT
stfd_41970112dd59f5832229efaf326198c9,stfd_77d9c7968e63c5180f424a0a4316e60e,2,0,REMOVAL,REPLACEMENT
stfd_4214f1b37d2208e546914fb13d329ecb,stfd_36b1892d27dc63603096a577f87a6cf1,3,3,REMOVAL,INSERTION
stfd_4214f1b37d2208e546914fb13d329ecb,stfd_5e22cb87cff4a53db58c0e2ce138799d,2,0,REMOVAL,REPLACEMENT
stfd_42a63471bc930300c4511623e637dc2c,stfd_63c9ad0a1c76a46caf16a78a38369999,4,0,REMOVAL,INSERTION
stfd_42a63471bc930300c4511623e637dc2c,stfd_89406a926968f1c7b335e65ce18c18ee,2,0,REMOVAL,REPLACEMENT
stfd_42a95c6703175373efd6feb29990385b,stfd_e81dbbde837a9abc5cda0523c667ce35,2,2,REMOVAL,REPLACEMENT
stfd_43b029d53994b96b8ebab771964df866,stfd_bcd569009ab204640e81a0ed129d66b8,0,1,REMOVAL,REPLACEMENT
stfd_43d032aa3678c053ea7a7cd19ea829ee,stfd_330968d9749c2737e36cd5d89521dc43,0,1,REMOVAL,REPLACEMENT
stfd_43da7be1c44803bae5c9856c4a2a7428,stfd_d5ff30fbf7dce52ca6da106adaf430b6,4,18,REMOVAL,REMOVAL
stfd_43da7be1c44803bae5c9856c4a2a7428,stfd_e1418c9830f82aa4de15d3504f4da148,4,1,REMOVAL,INSERTION
stfd_43da7be1c44803bae5c9856c4a2a7428,stfd_b486ea6faa14d49d2db2126f068b0beb,2,0,REMOVAL,REPLACEMENT
stfd_44a2222c3d3558de18f5e3fd8a8855c6,stfd_13fabad031f18de93ece06cb1ffa70ae,2,2,REMOVAL,REPLACEMENT
stfd_450f03932cdfd33e085acbb7e0295940,stfd_eb7e658ac9a213a34bc063f214596b0c,4,2,REMOVAL,REPLACEMENT
stfd_4571a85e8befd9471c0a87388385c732,stfd_c9ab2299e8100315df1968ba53ae23f5,2,4,REMOVAL,INSERTION
stfd_4571a85e8befd9471c0a87388385c732,stfd_59b1bb8dc9dcf6bcd306ea69da7ba924,2,3,REMOVAL,REPLACEMENT
stfd_460bf3947fa9d65f9c79b295016a923c,stfd_e71751ee33736263a6e204f30197b604,0,3,REMOVAL,INSERTION
stfd_460bf3947fa9d65f9c79b295016a923c,stfd_260ed48e6e6b8a36e3a99eb8567f520f,0,1,REMOVAL,REPLACEMENT
stfd_462aeacccbbac964aadeb0bb3147c921,stfd_fb589520d111fbdc4f2333574eb56666,0,1,REMOVAL,INSERTION
stfd_462aeacccbbac964aadeb0bb3147c921,stfd_5e9f070a666df4236bd8c1001704db72,2,1,REMOVAL,REPLACEMENT
stfd_464d28aa7513e6cf03d116a18547e4aa,stfd_31e2202f4c6a810ed2b6ed3fbd45d520,2,2,REMOVAL,REPLACEMENT
stfd_467c6dc798a442356ba85c1fbb017924,stfd_05857be8a70b18534183eefbac58e0be,0,1,REMOVAL,REPLACEMENT
stfd_46d0dc937531410a2660494740763742,stfd_6eedd85aa5b86af045aaaff999d9a807,2,3,REMOVAL,INSERTION
stfd_46d0dc937531410a2660494740763742,stfd_3de06b98962c9aca65a144000dd77504,2,3,REMOVAL,REPLACEMENT
stfd_4797b1d80702151f6b20a3cf84f43a13,stfd_76208726410802854cf6eabe9830595a,0,0,REMOVAL,REPLACEMENT
stfd_479c97b5190b7e52eef2289775e0fd9d,stfd_5b539f79c1ce91bf4100994a7c4dc608,2,2,REMOVAL,INSERTION
stfd_479c97b5190b7e52eef2289775e0fd9d,stfd_b340a8bcc2d82c5042da0331a85da06c,0,1,REMOVAL,REPLACEMENT
stfd_48c8a66ba5284da05ac3f4352635d825,stfd_88c8e01ade162b88a8eca19dcd2f9714,2,7,REMOVAL,INSERTION
stfd_48c8a66ba5284da05ac3f4352635d825,stfd_cf1f7c6c77fd40f97df8e1007f0a52d3,2,3,REMOVAL,REPLACEMENT
stfd_49914b3c86ed099f1f69ba2526f86b96,stfd_5b01b4de471ed9f19c4f9dbd2e38de69,0,4,REMOVAL,INSERTION
stfd_49914b3c86ed099f1f69ba2526f86b96,stfd_bd0d0c89e440988e00aae7a7f1422f28,2,2,REMOVAL,REPLACEMENT
stfd_4a7851d650789264e3b31a88cfbe75e9,stfd_67564ebd390cb22ba7906d63e5aba183,2,0,REMOVAL,REPLACEMENT
stfd_4b3e04248df393cd332afc3d6e4ee2e3,stfd_06ed95162505f40cded6380200e747be,2,4,REMOVAL,INSERTION
stfd_4b3e04248df393cd332afc3d6e4ee2e3,stfd_653b55f63cf7fb943fe99bfebc54b7a0,2,1,REMOVAL,REPLACEMENT
stfd_4b8b1b32ee471360364fc426428297c6,stfd_94a6ff1feed8a016ff254b78e722a05b,0,0,REMOVAL,REPLACEMENT
stfd_4cfec870e105c97129050d954baa0c0f,stfd_e5c4f94deab291ada0f4b23e1a8390aa,4,6,REMOVAL,REPLACEMENT
stfd_4d389223a9a0b5ac8d748c916e43fabf,stfd_a997a5962b982440648f202e9b2cb064,3,2,REMOVAL,REPLACEMENT
stfd_4e0bafe7e8ef5502e23d859767e42bc0,stfd_ceb2a9a15a3672e85814d66610402903,0,5,REMOVAL,REPLACEMENT
stfd_4eb25189eca65bd7fac18ce6b47062bc,stfd_db750b2dce3ba06abc8ac22869d265a5,0,7,REMOVAL,REPLACEMENT
stfd_4ece7eabf5268ab88f08a494d2bcdfd3,stfd_5585c272321c95135165d9f124a3c59c,2,13,REMOVAL,REMOVAL
stfd_4ece7eabf5268ab88f08a494d2bcdfd3,stfd_3074e40e8605bcae551d231984ebcacb,2,12,REMOVAL,REPLACEMENT
stfd_4ece7eabf5268ab88f08a494d2bcdfd3,stfd_76e359f1261fd5cd1e08dbf5fc3429a8,0,1,REMOVAL,REPLACEMENT
stfd_501aa7f67b2cd6f9eb2f7406ad0eaad0,stfd_e704c5a1dccd0bf25ffb70d2e5b10bbd,3,2,REMOVAL,REPLACEMENT
stfd_5038b7f2b25d4e7b3324273df2c6f46d,stfd_1c0c908ea34f79f33a84ca8de2acbacb,4,5,REMOVAL,INSERTION
stfd_5038b7f2b25d4e7b3324273df2c6f46d,stfd_9c4809dd6eaff54684026f8a8765938f,0,1,REMOVAL,REPLACEMENT
stfd_518e238d234949ee21d2cfe4231e6ebe,stfd_d7647b824f8e9437fbad1c473c45502b,0,2,REMOVAL,INSERTION
stfd_518e238d234949ee21d2cfe4231e6ebe,stfd_c635212c278cd5239676de187c26945e,0,2,REMOVAL,REPLACEMENT
stfd_51cd84d193c9a3a2b17df759cc2aecff,stfd_75fa2cd7e5805030313605db0c06e00b,4,8,REMOVAL,INSERTION
stfd_51cd84d193c9a3a2b17df759cc2aecff,stfd_1ade8d5dc59f3c78ed87a6c276fe8b99,4,13,REMOVAL,REPLACEMENT
stfd_5252e441014deca8b9395badb100ac69,stfd_2ee60e655af8d6e7e022e4b1c41f558d,4,2,REMOVAL,REPLACEMENT
stfd_5256920fb3f68b86b50b8b0855c9cc93,stfd_90af1ebf913aff52b37787bfc28216a6,0,0,REMOVAL,REPLACEMENT
stfd_527685916ea26a45e1933c3dcaeb959e,stfd_b452934bfc995690cf7c9512cc823170,0,2,REMOVAL,REPLACEMENT
stfd_52a8bc423a24d85d31b9257611ff5033,stfd_eef3e96e1192d1b16602b80ab48dec70,0,0,REMOVAL,REPLACEMENT
stfd_53fbc1a23659bb40d9b40813c4d0abca,stfd_dbbded4f6551fb4cb006c7f548b986d2,0,0,REMOVAL,REPLACEMENT
stfd_541b2a3a1d16bac785be6aadedf0c63d,stfd_7c5c4a224f192fab0f4a1c919c8d6079,3,0,REMOVAL,INSERTION
stfd_541b2a3a1d16bac785be6aadedf0c63d,stfd_713740a8de284e26ae7a8f47eac32498,3,0,REMOVAL,REPLACEMENT
stfd_555c13895240d087ef37fb7ca21ba86b,stfd_69f59a112b5746c731c69044ff188986,0,2,REMOVAL,REPLACEMENT
stfd_5564ee3f18038a6d001755f8c17a9621,stfd_ce539303a83a320aae68a08333af209a,4,5,REMOVAL,REPLACEMENT
stfd_5585c272321c95135165d9f124a3c59c,stfd_3074e40e8605bcae551d231984ebcacb,0,1,REMOVAL,REPLACEMENT
stfd_5585c272321c95135165d9f124a3c59c,stfd_76e359f1261fd5cd1e08dbf5fc3429a8,2,12,REMOVAL,REPLACEMENT
stfd_55af9b0b0e64abbb056eee845aa5655f,stfd_4375ab03295285faff554e8a0bc6ed5e,2,2,REMOVAL,INSERTION
stfd_55af9b0b0e64abbb056eee845aa5655f,stfd_1f6033a6b5adfb16a74a5bca6ff2b7e5,2,1,REMOVAL,REPLACEMENT
stfd_566712141dfe5a20e997ce77b134a989,stfd_e063ac5da8c7bdcd08d2c9e69cbbd042,0,2,REMOVAL,INSERTION
stfd_566712141dfe5a20e997ce77b134a989,stfd_de84046bc6b8923c0b9cc6e5beefc745,2,0,REMOVAL,REPLACEMENT
stfd_56cd5dd450d3a814877299607b44b153,stfd_f835c7097728aaf0a78b57b3e101e8db,0,2,REMOVAL,REPLACEMENT
stfd_57641cfeb8b83441fbec7385d10ef6bd,stfd_e92ab5bb4bf758f5159d55021eb9127c,0,0,REMOVAL,REPLACEMENT
stfd_57968f848bf4058cccde003914b40524,stfd_0ed93011ed1de3d9c837c32853863634,2,2,REMOVAL,INSERTION
stfd_57968f848bf4058cccde003914b40524,stfd_4433faedb81cb87f2f8e973bbd9c0ef6,2,1,REMOVAL,REPLACEMENT
stfd_58392d617ff9cf72e994e18e588fa012,stfd_bde3d4d15bd81f20b8ecef3117ec9359,2,2,REMOVAL,INSERTION
stfd_58392d617ff9cf72e994e18e588fa012,stfd_1edf0e21e3debbc2036d86eb1c9f1fe6,0,1,REMOVAL,REPLACEMENT
stfd_587ee0601db9595e4e645cb8e7621828,stfd_6d6bdeff5f97c0f44b81fe66a3942a43,1,2,REMOVAL,INSERTION
stfd_587ee0601db9595e4e645cb8e7621828,stfd_b3d57ceaf695ba20621a526e2c28b7ec,1,2,REMOVAL,REPLACEMENT
stfd_58b483dfae3e353a4618fecd4698f1ff,stfd_5b21344568c202d3b68aaf6c35ed1dff,2,12,REMOVAL,REMOVAL
stfd_58b483dfae3e353a4618fecd4698f1ff,stfd_53363ed624a582b2eb98a6db80d4251d,2,1,REMOVAL,REPLACEMENT
stfd_58b483dfae3e353a4618fecd4698f1ff,stfd_83a89da67ff78f143d7e40741834d31a,4,11,REMOVAL,REPLACEMENT
stfd_58c18b19f75156e54ba2589de604c3b2,stfd_33d05cc58c0f03ab0e1324925efd8307,2,0,REMOVAL,REPLACEMENT
stfd_59ba77201732ad969ae917565ac697ec,stfd_4bb4f6fa0a169f46ec72e07420ef9a11,0,1,REMOVAL,INSERTION
stfd_59ba77201732ad969ae917565ac697ec,stfd_b6cc566803cc11b12dc1895d6abbfed6,0,2,REMOVAL,REPLACEMENT
stfd_5aac609d3746e0b6421cedc3ab127eb1,stfd_afb16be97cdfcacf0e9b11d62ae72de3,4,0,REMOVAL,REPLACEMENT
stfd_5b21344568c202d3b68aaf6c35ed1dff,stfd_fd6f0ef8ab0160ae3f329cafcabe1e5d,4,12,REMOVAL,REMOVAL
stfd_5b21344568c202d3b68aaf6c35ed1dff,stfd_53363ed624a582b2eb98a6db80d4251d,2,13,REMOVAL,REPLACEMENT
stfd_5b21344568c202d3b68aaf6c35ed1dff,stfd_83a89da67ff78f143d7e40741834d31a,2,3,REMOVAL,REPLACEMENT
stfd_5b21344568c202d3b68aaf6c35ed1dff,stfd_df67b936439d4c42d10b47809980cd1e,4,13,REMOVAL,REPLACEMENT
stfd_5bb62a684417669eb5307e1cc1dd800d,stfd_4dd1ae630e07d0712a5eb4387016f5a3,2,1,REMOVAL,REPLACEMENT
stfd_5be0295a136d350964aaec2101a83df0,stfd_da754e5a1109ef7647f84cfb0bd8f3b7,4,10,REMOVAL,INSERTION
stfd_5be0295a136d350964aaec2101a83df0,stfd_49f8a914f18c0f39477bee5ba84e4379,2,8,REMOVAL,REPLACEMENT
stfd_5c5799b905b8abfb13c2f4b3e80edd8d,stfd_f559297d33ede205b468dbeb59b70680,0,3,REMOVAL,INSERTION
stfd_5c5799b905b8abfb13c2f4b3e80edd8d,stfd_fafb1bcffb7f13b78e2792ccb383ca44,2,1,REMOVAL,REPLACEMENT
stfd_5e4725e08569047a7aa513b739ce3c25,stfd_6ec615ebf3726d13c414fee62f462590,0,3,REMOVAL,INSERTION
stfd_5e4725e08569047a7aa513b739ce3c25,stfd_3347e39afe7ec929d9f3d18fd2b70dd7,0,1,REMOVAL,REPLACEMENT
stfd_5f37956f91dedb88e98009d5653cc494,stfd_3fd6e58eb626178af340e2c10f686e03,0,2,REMOVAL,REPLACEMENT
stfd_602b2ad92db6e0ce09535a9cfbc98829,stfd_569dc781f25968174bad049b2bb24d4b,0,1,REMOVAL,INSERTION
stfd_602b2ad92db6e0ce09535a9cfbc98829,stfd_0c94cbea709dc37babd9f18749c9f9d8,0,1,REMOVAL,REPLACEMENT
stfd_603857ae507bbe67e6862c0e749a8f15,stfd_aa50de47ddbbd76c4da2e67be294b178,2,6,REMOVAL,INSERTION
stfd_603857ae507bbe67e6862c0e749a8f15,stfd_492b909f0062e1ad487498a86fc93896,2,2,REMOVAL,REPLACEMENT
stfd_606c5c76a6bd588773f949c02348dc65,stfd_175df897f1fe9a0797bf7988cb2b1ef6,4,3,REMOVAL,REPLACEMENT
stfd_60ad62aba57eefbdeb4848cf1e399557,stfd_05742fdb9d7ac6597e910f8d97bd5373,2,7,REMOVAL,REPLACEMENT
stfd_60b7f69f5bb9ab51e2cb219612769fe8,stfd_f193541cd416407f0b0ce9ad21d5c2e4,4,1,REMOVAL,INSERTION
stfd_61b18f7f18dd0e45365b0cc92c836a0e,stfd_3fe03d38bd08a491194a4cc86ddf0dd2,2,0,REMOVAL,REPLACEMENT
stfd_61e8a345a6c1380586dca5ad9bd4a0f9,stfd_283f76946d47335d15eca9cef21cc85c,3,0,REMOVAL,REPLACEMENT
stfd_624332246188fd66c52a89b5a9832f21,stfd_0c6ac0a8756defd4cc557a9f992becee,2,1,REMOVAL,REPLACEMENT
stfd_6249f6da7e7334ab4147a3bcd3aa8acc,stfd_da8f9b6d6a72984475bf45bc6282f089,0,0,REMOVAL,REPLACEMENT
stfd_63764f7f68707338d48d5a04f52d8e22,stfd_5022394306e4c731eb5ff791cd442d3f,2,4,REMOVAL,INSERTION
stfd_63764f7f68707338d48d5a04f52d8e22,stfd_c77558da3e99ad5d5a23aa03973b702e,2,3,REMOVAL,REPLACEMENT
stfd_63b8cf8fd2871945f18d2ec40f8ff780,stfd_711a96e11de0fc9c291852a3da44c17e,2,4,REMOVAL,REPLACEMENT
stfd_64c4e641cf3e0c3d48d6e927af49944a,stfd_213dca87887e6a5ca6a632859a6f7a87,2,2,REMOVAL,INSERTION
stfd_64c4e641cf3e0c3d48d6e927af49944a,stfd_810481c67809374ef824aadcd9b6bb01,2,4,REMOVAL,REPLACEMENT
stfd_64d8498a710da98d9fb01ee728deb343,stfd_90c85ee7c87c1d108b9c5db27bd942ee,3,3,REMOVAL,INSERTION
stfd_64d8498a710da98d9fb01ee728deb343,stfd_0086660a792bf62730c1bb8cce734cda,0,1,REMOVAL,REPLACEMENT
stfd_653fe6122687dcab7eb92e77c96038ce,stfd_b52bd2cea64358ee9cb7baee1e4e7016,0,0,REMOVAL,REPLACEMENT
stfd_6540ac9de19e0f16ca2aff119ee2fab8,stfd_112058d63eab29e98906112e11c7ff53,3,2,REMOVAL,REPLACEMENT
stfd_65b6f387a7bffc21081473909f66a3e2,stfd_01c377665089e110481ea5f4231894e0,0,0,REMOVAL,REPLACEMENT
stfd_66042d56c623a277c761fa6bb04fcf4e,stfd_262d2f3e9efd4c1d68628eab336e98bb,2,6,REMOVAL,INSERTION
stfd_66042d56c623a277c761fa6bb04fcf4e,stfd_60d980d4e09784ca05f9b371ff9c1f63,0,5,REMOVAL,REPLACEMENT
stfd_662d5b09f136ef6bc15b1878b34b2549,stfd_ca6cd6ab696e1d4578ed517fb9d90bd2,2,3,REMOVAL,REMOVAL
stfd_662d5b09f136ef6bc15b1878b34b2549,stfd_ed42d387bdb01c697bc1433f84085999,2,3,REMOVAL,INSERTION
stfd_662d5b09f136ef6bc15b1878b34b2549,stfd_f684feb2045d2d6596d981b721649861,4,2,REMOVAL,INSERTION
stfd_662d5b09f136ef6bc15b1878b34b2549,stfd_160cd2d92f28211a11ceb17c603d6126,2,2,REMOVAL,REPLACEMENT
stfd_662d5b09f136ef6bc15b1878b34b2549,stfd_4d4af9af572060eaccee07e1e59ed4b4,4,1,REMOVAL,REPLACEMENT
stfd_66401ac846331924de85285387116ed7,stfd_cd77b15ea46c526a1007cd1e5e7a46bd,4,2,REMOVAL,INSERTION
stfd_66401ac846331924de85285387116ed7,stfd_4a5b2c170d40bab7fec53c307e51edfc,2,1,REMOVAL,REPLACEMENT
stfd_667ccfcc23d549975a766d3a5f1d1ac8,stfd_9ef7e94fa3873f433eaaea60abd8b426,0,5,REMOVAL,REMOVAL
stfd_667ccfcc23d549975a766d3a5f1d1ac8,stfd_466ea558ed74cca5f4d3385e6c798f43,0,2,REMOVAL,INSERTION
stfd_667ccfcc23d549975a766d3a5f1d1ac8,stfd_a0140f6bcfa75e5c79384a2270951027,0,2,REMOVAL,INSERTION
stfd_667ccfcc23d549975a766d3a5f1d1ac8,stfd_043dca008c5bdbc60f836dee1b09255a,0,2,REMOVAL,REPLACEMENT
stfd_667ccfcc23d549975a766d3a5f1d1ac8,stfd_489cd44515f4e99dffb3679b5f4ec717,0,5,REMOVAL,REPLACEMENT
stfd_667efa8b6e6a3332fe771a8650f0f6c9,stfd_109cf10be8a2c6e2e714084b6e7d8ac2,0,1,REMOVAL,REPLACEMENT
stfd_6682067353638cc18b80bde09a444e0f,stfd_6bc784d1a364dd2180e470874f884348,2,3,REMOVAL,INSERTION
stfd_6682067353638cc18b80bde09a444e0f,stfd_0dcb95d05d9a58de5ab961327d77aee9,2,1,REMOVAL,REPLACEMENT
stfd_66a453559625cbc53c0264e6c2d00cf3,stfd_63b979371a0823dadeb33e424bb48808,0,0,REMOVAL,REPLACEMENT
stfd_6785e04b3ada17612cbba4a98e717e87,stfd_03ca0fd1b8453a9f7b3905e105a7b0e5,2,2,REMOVAL,INSERTION
stfd_6785e04b3ada17612cbba4a98e717e87,stfd_6f721408bdb6e8530fff2f6cc450157d,2,2,REMOVAL,REPLACEMENT
stfd_67920ed8d7397191234b5beca7a12bb6,stfd_6144e75e590b03b67ec5f266c1b0cbed,2,3,REMOVAL,REPLACEMENT
stfd_68343deec92a821c4791a19cf29895e9,stfd_6a2592eb066681a7077f4deb65c39557,3,3,REMOVAL,REPLACEMENT
stfd_6b4b6a02e9e04ea76d5065d5b26ffa20,stfd_ef19c3f48ecb63104235c32597de95e5,4,8,REMOVAL,REMOVAL
stfd_6b9f9d39cb13943b0931fc2c011e53f3,stfd_98bbad310aacad957ecec3ebef1dae59,0,0,REMOVAL,REPLACEMENT
stfd_6bd591f40e5ca45b39e561df9aa09d03,stfd_ace9750bb38cb2f8cebd3bb602d5c15b,2,4,REMOVAL,REMOVAL
stfd_6bd591f40e5ca45b39e561df9aa09d03,stfd_396b6b0350e878e9315169add6cbd8dc,4,4,REMOVAL,INSERTION
stfd_6bd591f40e5ca45b39e561df9aa09d03,stfd_f86998868f53a306544b569ad014c828,4,5,REMOVAL,INSERTION
stfd_6bd591f40e5ca45b39e561df9aa09d03,stfd_7547adc22962c0369e086d94273149e2,3,5,REMOVAL,REPLACEMENT
stfd_6bd591f40e5ca45b39e561df9aa09d03,stfd_866c377945ac629fdc66d3352b09c831,2,3,REMOVAL,REPLACEMENT
stfd_6c0777cbed796c08e29d4c2978639723,stfd_efa728996e72900b4f4e262fa99990d4,0,1,REMOVAL,REPLACEMENT
stfd_6c07ab1dbb3212578a377436cf9fd6ac,stfd_f0a4be546e2b4bfc7858718f6f47797b,2,2,REMOVAL,REPLACEMENT
stfd_6c81ea68a966a9a489739a9ba4b39db8,stfd_45a7beeb505bc719bf3f4e27698d5629,2,4,REMOVAL,REPLACEMENT
stfd_6d22060ac394e6489b73aef78c9e9296,stfd_d8549d7e0c68aec6130bf37311716a9b,3,4,REMOVAL,REPLACEMENT
stfd_6d3363de76633eecdfb748e0e0f1d502,stfd_d5d18d9968541d4209ef43904c3eaa20,2,1,REMOVAL,REPLACEMENT
stfd_6d36bee0699ecf234c93bb745802a40b,stfd_eec1a64559642e8f3c85710474e0ac47,1,0,REMOVAL,REPLACEMENT
stfd_6ea38204bd1c632372a385492bbfbdf8,stfd_31583df81b8abaf4d520867f7600f6eb,2,6,REMOVAL,REPLACEMENT
stfd_6f2dccbf531e978679bb9a63c0a1eab9,stfd_8547a7444907cae145c9ab2293c3893d,4,4,REMOVAL,REPLACEMENT
stfd_6f3539b7758fe421017eae510fbb4c34,stfd_f512f07283c8773884078085a13fc3a8,2,1,REMOVAL,REPLACEMENT
stfd_6ff9348f175a1dcebd98d065f86e544c,stfd_a585dcc6f1809f6d1b525a74def10b2e,0,1,REMOVAL,REPLACEMENT
stfd_6ff9e4d05be4cc8fd3a56c25de2cdc04,stfd_51dfb1cc771c37a47d438d278aea67f1,0,0,REMOVAL,INSERTION
stfd_6ff9e4d05be4cc8fd3a56c25de2cdc04,stfd_f9fd575334f80b8131742358f81b8691,0,0,REMOVAL,REPLACEMENT
stfd_70bae55cc16c059be4af548e6effa0f2,stfd_870ce8893cfec6490cd223e2f16e773f,3,3,REMOVAL,REPLACEMENT
stfd_70c09f3121dcb98453cdf7fc76f256dd,stfd_12261e9dc5acd4f16fbe36363a46fab8,2,1,REMOVAL,INSERTION
stfd_70c09f3121dcb98453cdf7fc76f256dd,stfd_032efe0f413827dd729d650e493ecf39,0,0,REMOVAL,REPLACEMENT
stfd_70f6a33366e5574d1398e67247a78fb2,stfd_a28876adfc7cc3a6070eb175ccc81270,2,3,REMOVAL,INSERTION
stfd_70f6a33366e5574d1398e67247a78fb2,stfd_98b0720c8311beb739720a7bee911e7a,0,1,REMOVAL,REPLACEMENT
stfd_71d6e7541509bbaee6d3d5a260ac1723,stfd_e60618a03bc02abc691c61e1a6dac5ef,1,1,REMOVAL,REPLACEMENT
stfd_71f8b631602a6114cc39f3589942977c,stfd_1fc212dbea2213c811bcf2fb442db29b,2,2,REMOVAL,INSERTION
stfd_71f8b631602a6114cc39f3589942977c,stfd_2f1484848d9d6f4149ccd805269f4fef,2,1,REMOVAL,REPLACEMENT
stfd_72e1c7bc47f6c4e28fceddee4e20f035,stfd_8f8769976aeebb169290523026c09b1e,1,1,REMOVAL,REPLACEMENT
stfd_73006ceee9bd9155ee288c1d5e1fdbac,stfd_48733c79bb4a1b060612c7418e021818,2,3,REMOVAL,REPLACEMENT
stfd_7320229b7dde56d74e60dbd8f52c5eb2,stfd_ea485547ee1d469189022825b94a9e8d,0,1,REMOVAL,REPLACEMENT
stfd_73e22eb382336281d83cb5c1def3c0a0,stfd_725ae4101efd747f9819155e12b9a927,0,2,REMOVAL,INSERTION
stfd_73e22eb382336281d83cb5c1def3c0a0,stfd_106595213ff0b8f3db04476d120478e9,0,0,REMOVAL,REPLACEMENT
stfd_74bccf73610f89b36eda382d5c6fde52,stfd_4fcc36e45d0286868bf204aefe1e1a8f,4,3,REMOVAL,REPLACEMENT
stfd_758270f094bb9aed5e40f429ec6cbf76,stfd_6df90d90cc88ea07cf6ba6679822082a,4,2,REMOVAL,REPLACEMENT
stfd_75ade2fd53dbd08bbe769342e02464b8,stfd_4c8d5badae1b67b2c2e59b4866a2836e,2,4,REMOVAL,INSERTION
stfd_75ade2fd53dbd08bbe769342e02464b8,stfd_17103635c21d54d40fe2887b0e1616bc,2,4,REMOVAL,REPLACEMENT
stfd_75d18a40298c806938a477f53dd37bc9,stfd_84347584d6907277a4af6794a75b386b,4,3,REMOVAL,REPLACEMENT
stfd_75ea29be2ee78db141785dc58af38cbc,stfd_1c75f7ed469511f44c0a083abd5cbb11,0,2,REMOVAL,REPLACEMENT
stfd_76552dd9e2c3bb9aa8d60598c2c039b4,stfd_0757785c6722c5a908a60feb5d78e57d,2,1,REMOVAL,REPLACEMENT
stfd_7675d2ab3d36eb4f8d23f6ddd51a862a,stfd_9fbbda69bcb21d6c1b3c8e9e6f891793,4,1,REMOVAL,INSERTION
stfd_7675d2ab3d36eb4f8d23f6ddd51a862a,stfd_6058acf2dfc6a374add5cc8e438814dc,0,0,REMOVAL,REPLACEMENT
stfd_767c6c69fc1d338e03d70071232edecd,stfd_534d8084d7ad49c89b0f33a564e6a3a7,0,1,REMOVAL,REPLACEMENT
stfd_7744cf6e273852348ae26ff32bccfeb1,stfd_dd03d1fc22039575953149d38eb7d8a7,3,2,REMOVAL,REPLACEMENT
stfd_7775d2a5746f66451350666c5961affd,stfd_072cad342437730a03a363ffb624b0cf,2,1,REMOVAL,REPLACEMENT
stfd_77ca386f278bf28a390ac7b68227afa6,stfd_9f2b969b17ea7d8e56504a06a6e04803,2,2,REMOVAL,REPLACEMENT
stfd_7801a9c06964b79e083c33c2c88438b3,stfd_4f834d2ee663e7dba72ccbbbdac42513,4,2,REMOVAL,REPLACEMENT
stfd_785a4e769c98bfbd2311daa4835350bf,stfd_88fd96e2742f6831eb0dc99a47955e70,4,5,REMOVAL,REPLACEMENT
stfd_78adf2ca173165c54660a49c2d43af5c,stfd_6eab1d7b96a18c0a27239c7d888c4a96,2,5,REMOVAL,INSERTION
stfd_78adf2ca173165c54660a49c2d43af5c,stfd_0e3a4a4dd1f4a923e06ac66183be9c0d,2,0,REMOVAL,REPLACEMENT
stfd_79056c48703ce6b06a5ed4840911a399,stfd_a6c207cf90b58dd4e5008fa51987c04c,3,2,REMOVAL,REPLACEMENT
stfd_79b728275dcca5a9f4ae13ed31247743,stfd_0e82dcf6f9dcc9915aa520728f0b3627,4,3,REMOVAL,INSERTION
stfd_79b728275dcca5a9f4ae13ed31247743,stfd_70fe43d3af71f6519f505fb4b201138d,2,2,REMOVAL,REPLACEMENT
stfd_79f688ad554935b5bcc496b64452b28b,stfd_6672bcb0d68fcb857fd544ca117a97f1,4,1,REMOVAL,INSERTION
stfd_79f688ad554935b5bcc496b64452b28b,stfd_eee094814470069a0998d5b9d56a6888,4,2,REMOVAL,REPLACEMENT
stfd_7a8ce497c2305391dc40272bf9559283,stfd_b3e0e49852316c83e634a6797dc899f2,0,0,REMOVAL,REPLACEMENT
stfd_7aa5c3833887d97bdcc1000fb09efe69,stfd_f10cf7d65088775b8ee2b127d12e7a47,2,5,REMOVAL,INSERTION
stfd_7aa5c3833887d97bdcc1000fb09efe69,stfd_4794157c72b552fed5a8e6b6c4f1971c,0,1,REMOVAL,REPLACEMENT
stfd_7b45fbd113f34e5ae7b44eda6ba6af31,stfd_9a0a6db9a4e9ee4e09a92677250400c0,2,3,REMOVAL,INSERTION
stfd_7b45fbd113f34e5ae7b44eda6ba6af31,stfd_6661dbbfea096ab0ac494b830a35404b,4,0,REMOVAL,REPLACEMENT
stfd_7b8873e5e398e1d8bb4a2900f9e30e27,stfd_a9bcd4d4c958d51dd25d1480b1d16000,2,3,REMOVAL,REPLACEMENT
stfd_7bad556558b8054febacaac573b6d4b9,stfd_1bf22716a44535f0e6c97bd5602f2422,4,4,REMOVAL,INSERTION
stfd_7bad556558b8054febacaac573b6d4b9,stfd_067b2ec16b06591fa1fe10a8f9897759,0,2,REMOVAL,REPLACEMENT
stfd_7c4fc959fa24ba3ccd57d4b89ce2244f,stfd_4e0bcd8dc84548029710c41df4d30458,3,4,REMOVAL,REPLACEMENT
stfd_7c4fc959fa24ba3ccd57d4b89ce2244f,stfd_691d44aeed72ba9ae16f70a7d81c3c00,2,1,REMOVAL,REPLACEMENT
stfd_7c943a6f079d88fb448ebdca2201e019,stfd_5013885c6d44e791b00a07e44068cbc6,2,3,REMOVAL,INSERTION
stfd_7c943a6f079d88fb448ebdca2201e019,stfd_d00209e23ff37710fe5da9e32e531532,2,1,REMOVAL,REPLACEMENT
stfd_7d411f83ded0dd1d06a69a7fd259176e,stfd_e99f451168a3e313d84ac9c233e82b3e,0,5,REMOVAL,INSERTION
stfd_7d411f83ded0dd1d06a69a7fd259176e,stfd_244b82433dda1832ccdd467880894118,4,1,REMOVAL,REPLACEMENT
stfd_7e5277dc11ff3a82a62701c76d1c7047,stfd_58cfbc7913de1051516d2dad54bf8094,2,3,REMOVAL,REPLACEMENT
stfd_7fdab43674df3097d9662a68abe00ded,stfd_302efb82561dc391281a3b527a99db5d,0,0,REMOVAL,REPLACEMENT
stfd_7fed5b5ec562048f92f46a0c6245b4d6,stfd_114bae1fe7f567d88b28b626003a5609,2,2,REMOVAL,REPLACEMENT
stfd_802afa1e8712b08f01be3e00ff4e2475,stfd_7a7611fe87021e9892cdc4f93b09616f,2,0,REMOVAL,REPLACEMENT
stfd_80409f89b06bd4c8a925319b716c71c1,stfd_0abb7543b45ffc55fc5853dc5a6769b2,2,6,REMOVAL,INSERTION
stfd_80409f89b06bd4c8a925319b716c71c1,stfd_9fa1fb9e86e4fc5acfa0160eb4954436,2,4,REMOVAL,INSERTION
stfd_80409f89b06bd4c8a925319b716c71c1,stfd_c0fec6306277453336853318e83c2bd5,0,1,REMOVAL,REPLACEMENT
stfd_80e2058a7b7ceafba724aaebb9a0a757,stfd_a527927e574626c5a95a50f2728df502,2,3,REMOVAL,INSERTION
stfd_80e2058a7b7ceafba724aaebb9a0a757,stfd_6c40fb437cd09f00ba016b680f3f8dc3,0,1,REMOVAL,REPLACEMENT
stfd_80e31b5140b521c51233963775d51d97,stfd_7456783cf40852b29234a5665ec9c1e9,2,2,REMOVAL,INSERTION
stfd_80e31b5140b521c51233963775d51d97,stfd_964342a0a9f4f4bb4bac6d7db8818001,3,2,REMOVAL,REPLACEMENT
stfd_8110fe9aa9c6c75657f0c70091aafd64,stfd_025a4222e0e69bf4cf660222ef75d117,0,0,REMOVAL,REPLACEMENT
stfd_8130a4f990bc5ef3334047bcff4d7e86,stfd_14fb208de9c87cd6da2fb556bc5982ea,2,2,REMOVAL,INSERTION
stfd_8130a4f990bc5ef3334047bcff4d7e86,stfd_f901161b651b54467117bd5c619fd405,2,1,REMOVAL,REPLACEMENT
stfd_81fcd2dae6a566b1c56cc23c58fb46b5,stfd_ca23df0d65d35864de75ec6d6ee60679,3,0,REMOVAL,REPLACEMENT
stfd_82731c3702fe9c8f2320d006a764fb72,stfd_f6b4c2039f81220693a62fbd6b1bcb75,0,1,REMOVAL,REPLACEMENT
stfd_82f62455fe854e04a380753288da5873,stfd_4d2cd40257c68d1a9c86f0d7edfdf2de,2,3,REMOVAL,INSERTION
stfd_82f62455fe854e04a380753288da5873,stfd_436783f0444d07a5ee033e8aa174deeb,2,1,REMOVAL,REPLACEMENT
stfd_83e2f11ea0342e98230013339a978212,stfd_cdb5b6372cfc327d8aa76bc7d8cd42c2,0,1,REMOVAL,REPLACEMENT
stfd_8409983a18d643160b92fd8163fa1e56,stfd_faacf9de1c2c1f5765f8e82e25353eeb,3,3,REMOVAL,INSERTION
stfd_8409983a18d643160b92fd8163fa1e56,stfd_0e4d3a9d7972fcbd4b1985f571275940,2,2,REMOVAL,REPLACEMENT
stfd_8471ffbec56289113bcfc34e3b70e65e,stfd_1ddd1785734b48ce71e0f7cde834d9f7,3,2,REMOVAL,REPLACEMENT
stfd_84ad5c51c05c00ca8859282c1c3d333a,stfd_7641be87dd5316b429e71407a6926992,4,1,REMOVAL,REPLACEMENT
stfd_84afd03ed0d86db783b1110a67fbbb39,stfd_c6c3b469b0af21d576af5673946eacb6,2,1,REMOVAL,INSERTION
stfd_84afd03ed0d86db783b1110a67fbbb39,stfd_c32755de915c06a915d4d2b0020f6a4b,1,1,REMOVAL,REPLACEMENT
stfd_85147851faaf62ab5a5bbbf730831e33,stfd_0961898b9c407929ae12a496abc0edb0,2,4,REMOVAL,INSERTION
stfd_85147851faaf62ab5a5bbbf730831e33,stfd_967b3179a2a3acdaacfbbb0942676a39,2,2,REMOVAL,REPLACEMENT
stfd_85493f843f62b6b285dda4ada5767b08,stfd_b57798698d3a21147e62bcefa713a3f7,2,0,REMOVAL,REPLACEMENT
stfd_8577b036e9bcd1f07b73293f112ca41e,stfd_147ab1baa805c0a748cb2ad3cb3a9fc9,4,5,REMOVAL,INSERTION
stfd_8577b036e9bcd1f07b73293f112ca41e,stfd_107cf9e9d3be616086d6b47f7e3c5077,2,1,REMOVAL,REPLACEMENT
stfd_86389ee04fca8d7487fae37781c5e338,stfd_0a5d64ed4e14bd2ef7810ce8e7af1820,0,4,REMOVAL,REPLACEMENT
stfd_86466fdaf22792ebfa3138345f7095f5,stfd_65440f494727d951721fa574a9dcb409,4,8,REMOVAL,INSERTION
stfd_86466fdaf22792ebfa3138345f7095f5,stfd_5beda94fcb862ed78f8d8ee353a0f8e7,2,2,REMOVAL,REPLACEMENT
stfd_8681c385ff9a7a6faf487abd1da68a42,stfd_54c3068c1efc454c31927d43f799c788,2,1,REMOVAL,REPLACEMENT
stfd_881075ad062bf28e4638faa46614713f,stfd_cad964136e95cc149c6595af48eba278,0,2,REMOVAL,REPLACEMENT
stfd_885b579d62e5afe4af782dbcab135e2a,stfd_e1fa777152b564cfcbfa487594fdb264,2,1,REMOVAL,INSERTION
stfd_885b579d62e5afe4af782dbcab135e2a,stfd_114def2ad2b3fe7dd002783e30e0f1f4,2,0,REMOVAL,REPLACEMENT
stfd_8897f00cfa11baacc07de35db96b625c,stfd_878d4aa704ed1d524101bb995d67728f,2,3,REMOVAL,REPLACEMENT
stfd_88cfc0448cec8bdcc8f6e04a7b718fa8,stfd_5e65399c55884886e1c7fbe2c3d3afa2,4,0,REMOVAL,REPLACEMENT
stfd_89f094cef19ec36f112adf3f0999af7f,stfd_d9fc3dc1ef9a3fa57527c4f004195158,4,6,REMOVAL,REPLACEMENT
stfd_8a4e8387df307512aaf478b9ae52bdc2,stfd_1ab660de830c4114957f8a8bf600a5da,0,0,REMOVAL,INSERTION
stfd_8a4e8387df307512aaf478b9ae52bdc2,stfd_ae1f5bc83fdd580b27ca1c67542e6a47,0,0,REMOVAL,REPLACEMENT
stfd_8af02a74bd42401803bfe394937cffc8,stfd_14269db5c4fc1e5767f0e1cc18b7a2b2,2,3,REMOVAL,REPLACEMENT
stfd_8b287106dfcc1751afb97d3edbd924cc,stfd_8412da9ca65212973874b0912e095f17,2,0,REMOVAL,REPLACEMENT
stfd_8b36adf41ed650ef791c3e119c7d6e3d,stfd_af6896a7bd01d7f1873dd31df9d3c48b,2,1,REMOVAL,INSERTION
stfd_8b36adf41ed650ef791c3e119c7d6e3d,stfd_34c30d391c78eaa9b3ddd9ff46b1ca7f,2,2,REMOVAL,REPLACEMENT
stfd_8b46a6b6f9530c97f4552eb32460eeb0,stfd_c58022430125528fa59d5db5e9ffd620,0,3,REMOVAL,INSERTION
stfd_8b46a6b6f9530c97f4552eb32460eeb0,stfd_00c8d9bf42cc3d7ff5bf522144441f9c,0,1,REMOVAL,REPLACEMENT
stfd_8b759c0d6b17d9c86f951c99d0c24a62,stfd_5ceb726f093e5456ada14ddea6b70145,4,5,REMOVAL,INSERTION
stfd_8b759c0d6b17d9c86f951c99d0c24a62,stfd_ccbc77d663384310626889ce57567983,2,3,REMOVAL,REPLACEMENT
stfd_8c05f6edc85028c283e89046e5790235,stfd_fef7659a07a083e5c08b06485a729921,4,5,REMOVAL,INSERTION
stfd_8c05f6edc85028c283e89046e5790235,stfd_d3ef326bcaf2480a124223e23bd8c253,2,1,REMOVAL,REPLACEMENT
stfd_8c7016933eccba2b7dac488100b0ed44,stfd_fefdeffcaf4b6dd115b566587c2b41a9,4,7,REMOVAL,INSERTION
stfd_8c7016933eccba2b7dac488100b0ed44,stfd_0e09560968081e9fdcb0017cea20d7d0,2,2,REMOVAL,REPLACEMENT
stfd_8cc1f258ca86ae7cd15c36775a0737a5,stfd_0611cc3dfc05b4dc9637d14e8734032b,4,0,REMOVAL,REPLACEMENT
stfd_8d52655e19418c7dce6ede4942d590f9,stfd_ecb29b04a90aff6346aff0f4e6eded08,0,1,REMOVAL,REPLACEMENT
stfd_8da859ab3134018b4899bc48b68a48fa,stfd_378d6b1482c32543de6695d266be24a7,2,5,REMOVAL,INSERTION
stfd_8da859ab3134018b4899bc48b68a48fa,stfd_c2b56c2d67fd267eb7e7705a6d36a1c0,4,3,REMOVAL,REPLACEMENT
stfd_8e166d8cb829c65dbb857acdeba4ecb2,stfd_bdd33b2b56eb01db9230cd54e3049fec,4,3,REMOVAL,REMOVAL
stfd_8e166d8cb829c65dbb857acdeba4ecb2,stfd_e3bffd1b0b539f21d1f80131a1ff6e46,2,22,REMOVAL,REMOVAL
stfd_8e83931661a80a9869443f967b1f1036,stfd_48e110959ad100b8847d236ba0c8e449,2,3,REMOVAL,REPLACEMENT
stfd_8ea4cfdfd3ca08e6ed11548135fcffff,stfd_3eb9b916d3a717a74bcaf828f27c6f20,2,0,REMOVAL,INSERTION
stfd_8ea4cfdfd3ca08e6ed11548135fcffff,stfd_76755916d9afc69569e4dc44bc671352,2,0,REMOVAL,REPLACEMENT
stfd_8f248d9da000a4d8608b419698facbff,stfd_89bde12a591b591f7e622a4e33fe7189,4,3,REMOVAL,REPLACEMENT
stfd_8f992c4d53bcacb70f8c3ca08a6bdea2,stfd_d9d1f40632fe99c00d60788b044d5e6d,2,7,REMOVAL,INSERTION
stfd_8f992c4d53bcacb70f8c3ca08a6bdea2,stfd_a7d7263979ac4c12f22dea92310eafbe,0,2,REMOVAL,REPLACEMENT
stfd_90051c3ca73208cb6075c0e284764be9,stfd_3802ee4535d5b6b606e353ab9bb8a587,0,2,REMOVAL,INSERTION
stfd_90051c3ca73208cb6075c0e284764be9,stfd_5bc7cd9554b5b0dfaabcf1de730715d9,0,3,REMOVAL,REPLACEMENT
stfd_901d6eec383e7cdf51bdad2cf816d005,stfd_27febf30ac39a915c08a116d317935db,2,0,REMOVAL,REPLACEMENT
stfd_90466240589d089b681c68165c8132ee,stfd_fdd2b67a57e90b9c76c3bf4beb25c4a1,3,5,REMOVAL,INSERTION
stfd_90466240589d089b681c68165c8132ee,stfd_448acbe7c5aa1a953a2ac039261d3794,3,2,REMOVAL,REPLACEMENT
stfd_9176a8e7b06e06abcde054fa38256aa6,stfd_3b2d8dde0594107f54dc402ccb5aaa8a,2,1,REMOVAL,REPLACEMENT
stfd_918d73131750d5c5d163c38d03dc9057,stfd_f4f4c83dedd7d589f222981a0c8f6c41,2,2,REMOVAL,REPLACEMENT
stfd_91f2a77e6fd1f721f0ca787280f5006e,stfd_7fc46bbd7de918d2e8086108bf4c850f,2,1,REMOVAL,REPLACEMENT
stfd_928893da2b8951dd2b903d68cb326bd0,stfd_ec8818bbabf2df8415e90a15c586ddb2,2,0,REMOVAL,INSERTION
stfd_928893da2b8951dd2b903d68cb326bd0,stfd_c0130908affa4e62a3273cca40438505,2,0,REMOVAL,REPLACEMENT
stfd_929222e893aa30e8e201b36917ee9d4c,stfd_f6fc066fc990a9aaa9e6c145546a7117,2,5,REMOVAL,REPLACEMENT
stfd_92b7342ceca6fdc6edd34b8250de664c,stfd_1e5a02fd1c0469ad598829b0e9d8b9fd,2,2,REMOVAL,INSERTION
stfd_92b7342ceca6fdc6edd34b8250de664c,stfd_28a98497cbec2a97681fad3b8b16da3d,2,1,REMOVAL,REPLACEMENT
stfd_92daddbb03d4ebd3f97372703913bb60,stfd_46c566b686b6d7cbbc2e338de4e4201f,1,3,REMOVAL,INSERTION
stfd_92daddbb03d4ebd3f97372703913bb60,stfd_040cd5e097c944b01e9100f64a8e08a9,3,3,REMOVAL,REPLACEMENT
stfd_93003a3f85c9ead061278472f22ecd4a,stfd_338b09a47f6cd16b2ce0aa8dec6e848f,4,1,REMOVAL,REPLACEMENT
stfd_934097f39d3a2dd563564564aa83ee71,stfd_186113238b1e1a29b72d99836e01e2cc,4,5,REMOVAL,INSERTION
stfd_934097f39d3a2dd563564564aa83ee71,stfd_c88eb3299b07fb55c871f551a5b614f9,4,2,REMOVAL,REPLACEMENT
stfd_93d329b12b5eedebb7d79459ad0bd8ec,stfd_5b2024af3e85458696b2b9e1f3f29891,1,1,REMOVAL,REPLACEMENT
stfd_941476de0dbe25a3f877ae76918960bf,stfd_1270c5eab5238d0d23d7621fc2abfeac,2,2,REMOVAL,INSERTION
stfd_941476de0dbe25a3f877ae76918960bf,stfd_faf31729be117a8165099739a3321f7a,0,1,REMOVAL,REPLACEMENT
stfd_9476bedf7cc316fab13e9c3ce7651a22,stfd_8a208b9ee4fa588237ba7e6cc81245da,4,7,REMOVAL,INSERTION
stfd_9476bedf7cc316fab13e9c3ce7651a22,stfd_8c9a5487cfeb49366e2c041b95e073fd,2,5,REMOVAL,REPLACEMENT
stfd_951544f72fa56bb26ddac8b101b7aa96,stfd_97260dd58e75106653de57acc80d418b,4,11,REMOVAL,INSERTION
stfd_951544f72fa56bb26ddac8b101b7aa96,stfd_725493ba4f6fe6eee2b26d220a40124f,0,5,REMOVAL,REPLACEMENT
stfd_955cd210c84a424a70a043c000086887,stfd_b7245a45c039ee7d8a90849308ee1b49,0,0,REMOVAL,REPLACEMENT
stfd_959a72ba25e1460592a07543485bdf38,stfd_f33cbcc64cfeb5edce9320a6f4232439,0,2,REMOVAL,REPLACEMENT
stfd_95a8a141c37ede139535b5bd80713668,stfd_d505c2fc876101ceae8f1c1ed39e3c21,4,6,REMOVAL,REPLACEMENT
stfd_975824599dcecb68335053bd0d18b80b,stfd_c9e179aefe2ba4339f5a7146424c5641,3,3,REMOVAL,INSERTION
stfd_975824599dcecb68335053bd0d18b80b,stfd_3a2fa8b49be34b1a40bef66cfe37da4d,2,1,REMOVAL,REPLACEMENT
stfd_988b9a0f68c71d8cd21a14b15e303b64,stfd_19846719138a62ddd9109ecc2d62cb20,2,3,REMOVAL,REPLACEMENT
stfd_98971cf5c4d5d80afc218d45eda67ae0,stfd_0254dc2b72c89aa14a3e6ecc168f108b,0,2,REMOVAL,REPLACEMENT
stfd_98dd0488fb3949d05ba95af54d6f9ab7,stfd_19ea7270b9ac714fef60e1734f181e3e,1,1,REMOVAL,REPLACEMENT
stfd_99b31d0cacdfa1f1d3bd8e1846a05fc2,stfd_c10696083ca5876aa890e74532a5b78d,0,8,REMOVAL,INSERTION
stfd_99b31d0cacdfa1f1d3bd8e1846a05fc2,stfd_252398dc19b96dc7b83b474c03d2d8b6,0,4,REMOVAL,REPLACEMENT
stfd_9a19a1a67f313f0508e3cbb8d3404909,stfd_54d7e9659cd4fd6ca4fa3101fd247c9e,0,0,REMOVAL,REPLACEMENT
stfd_9ba89b6e865539df75142fdf097ad3c2,stfd_e83d02c9ec306b8211de0a24102b66ba,2,4,REMOVAL,REMOVAL
stfd_9c345e25b48c63b75353626d5c6fa52c,stfd_b3eb07845718c776855797298f4cb619,3,3,REMOVAL,INSERTION
stfd_9c345e25b48c63b75353626d5c6fa52c,stfd_9f626cc118fb8097fc492b6d313fc4b2,1,2,REMOVAL,REPLACEMENT
stfd_9c514ea73e9d03bab4b022d82a6c1e5d,stfd_cac8b6b1097494cba8d3344a842d1daa,2,6,REMOVAL,INSERTION
stfd_9c514ea73e9d03bab4b022d82a6c1e5d,stfd_cbe09452d75706c9aa36e437c7864c12,0,1,REMOVAL,REPLACEMENT
stfd_9c9e1c15ecff1e7721401b55c0b3830e,stfd_4ae1cef0389fe3c3656266effd99b776,4,0,REMOVAL,REPLACEMENT
stfd_9e3ff16b5d926a35c086e3089bac539d,stfd_fc760c8df9cc74c11de494109d4f73d1,2,3,REMOVAL,INSERTION
stfd_9e3ff16b5d926a35c086e3089bac539d,stfd_1050dfe933b6e454daae1a9085b16fb7,2,1,REMOVAL,REPLACEMENT
stfd_9ef7e94fa3873f433eaaea60abd8b426,stfd_466ea558ed74cca5f4d3385e6c798f43,0,3,REMOVAL,INSERTION
stfd_9ef7e94fa3873f433eaaea60abd8b426,stfd_a0140f6bcfa75e5c79384a2270951027,0,3,REMOVAL,INSERTION
stfd_9ef7e94fa3873f433eaaea60abd8b426,stfd_043dca008c5bdbc60f836dee1b09255a,0,3,REMOVAL,REPLACEMENT
stfd_9ef7e94fa3873f433eaaea60abd8b426,stfd_489cd44515f4e99dffb3679b5f4ec717,0,0,REMOVAL,REPLACEMENT
stfd_9f5aa6f6c6302a09be27f67b12f9a6b0,stfd_99a4c3e44e86e7923d62fb236ce5b1db,3,2,REMOVAL,REPLACEMENT
stfd_9f8e8c7c9112ef0c71e8f9737b99912f,stfd_fd82b4d96f657e49f76424bbe0e835e5,4,5,REMOVAL,INSERTION
stfd_9f8e8c7c9112ef0c71e8f9737b99912f,stfd_094efea11d5b67b7541f8ebdbfde6083,2,0,REMOVAL,REPLACEMENT
stfd_9fcc8f0025fbc02b91934c570d028d8c,stfd_00e5dc1de7f60146aad1e3c6fce92ac9,3,1,REMOVAL,REPLACEMENT
stfd_a049b1f4a55e266bcbaa56aa4f11e26f,stfd_7f03fe0c3104fad49a562aa24bd6d2c9,1,3,REMOVAL,INSERTION
stfd_a049b1f4a55e266bcbaa56aa4f11e26f,stfd_c0de151a743ebfae842398c57c43ed55,3,2,REMOVAL,REPLACEMENT
stfd_a05a3f3d41cccb0c56223b8a3366baf5,stfd_51da752871aa14f7ff2fcf840411b52b,0,1,REMOVAL,REPLACEMENT
stfd_a0f058538be149f50279167e7ec0bc50,stfd_6079c0f90a789dac6784a429ec316ec6,4,1,REMOVAL,REPLACEMENT
stfd_a24c4547b6237ddcb3fae6adf9f03480,stfd_e9e6b69b76554304b22394252067b75b,2,11,REMOVAL,INSERTION
stfd_a24c4547b6237ddcb3fae6adf9f03480,stfd_f93d538e746d7d44f024fd8419681930,2,4,REMOVAL,REPLACEMENT
stfd_a2f0fed3359bb2ac632f319981f2eb6f,stfd_4af4946d1f658231948b8d0a181e9bdd,2,3,REMOVAL,REPLACEMENT
stfd_a312f27554edbf01baefca0a85f03fa8,stfd_d0fbb602486f1bf9478cdba9cc3bcf4b,0,3,REMOVAL,INSERTION
stfd_a312f27554edbf01baefca0a85f03fa8,stfd_a8f239d1baa06d61b95a423e27b4cf6c,1,1,REMOVAL,REPLACEMENT
stfd_a34e3f0db44643947ef6513756637434,stfd_9f018736ef710339a636fd9ac222e07c,0,2,REMOVAL,REPLACEMENT
stfd_a3508410635c7429aa0a3a33f380f28f,stfd_30377f18e0f5b541e3a3b1e35b1d340c,3,3,REMOVAL,INSERTION
stfd_a3508410635c7429aa0a3a33f380f28f,stfd_d643c2beb55bd369af9aee958ebb5565,3,2,REMOVAL,REPLACEMENT
stfd_a35e1033ec43fdd60916445fee63dc6e,stfd_c0b1bcd0a1bdf39effe9ee3fe346fdf5,4,1,REMOVAL,REPLACEMENT
stfd_a3639a55e0c5f7d106e55346d4667085,stfd_3cd3defb740ecf056c78d0b6ff548b5b,4,1,REMOVAL,REPLACEMENT
stfd_a40acab71c7f12c57c8da9cae25f19ee,stfd_afee3219de5ffbacd29a881c1cf0ff01,3,2,REMOVAL,INSERTION
stfd_a40acab71c7f12c57c8da9cae25f19ee,stfd_2662a2ad372dea4d028ab5568fab17ac,0,1,REMOVAL,REPLACEMENT
stfd_a4773b63f68c033c1ccf87a0f2b9bb97,stfd_8b02a67b391f8385eb7e22c0476b1844,4,0,REMOVAL,REPLACEMENT
stfd_a4bd3ca498ad15ba6e6bf9c902fa6159,stfd_7fb4cf77b954eb9e1d80ce6bfef7be99,4,3,REMOVAL,REPLACEMENT
stfd_a4fa43d6df1e8ad4da386faf5500afca,stfd_1bb423db103d5ffb4e83eda7809b6bca,0,3,REMOVAL,REPLACEMENT
stfd_a5a0529f6adc4b270bd661d1bc1d7e40,stfd_f5d81e711b4d011cd64555e67ae08aa2,2,2,REMOVAL,INSERTION
stfd_a5a0529f6adc4b270bd661d1bc1d7e40,stfd_c69defe40c9df0f8c2c9eae8cf607d59,2,3,REMOVAL,REPLACEMENT
stfd_a5c187e74b001adac5f4868ce5233420,stfd_65a9bb80002ae1bf5d296eae9eb335dc,0,0,REMOVAL,REPLACEMENT
stfd_a67a985044fa411f87660862a012be0f,stfd_5cc6b74b9a769c546ba50746f5a1d253,1,6,REMOVAL,INSERTION
stfd_a67a985044fa411f87660862a012be0f,stfd_302a8dba3752dcd9dbfe7b11d3e56652,2,1,REMOVAL,REPLACEMENT
stfd_a6c3933b6f9ff3a22ff6f351a296c356,stfd_bbcf595130a0d58a07aea30ce2397231,2,1,REMOVAL,REPLACEMENT
stfd_a7138c7978d7ff967176bc623dd5901b,stfd_ca639434b4d4db287372683f70d700dd,1,0,REMOVAL,REPLACEMENT
stfd_a7bac656b1038cedd7c89845e83a66ac,stfd_3d9d1ef8fe06b94d5dba3711203a171d,0,1,REMOVAL,REPLACEMENT
stfd_a7cc0097ae840ff8a6eb848f0f0fdfb4,stfd_dbfba49093c6f1a67ed4aabc01a94e6a,3,5,REMOVAL,REPLACEMENT
stfd_a89a9230118d2c80c90baa66e955aa54,stfd_ad2b11795282bb8fdd133c7d5c7ba59b,3,0,REMOVAL,REPLACEMENT
stfd_a9f6d6f6172709e746ad0079a2adda57,stfd_0540354a04e76f790be8fb4a8c5e73a2,0,2,REMOVAL,REPLACEMENT
stfd_aa0d79ae5a33db566f8b7c2b0c3bc20c,stfd_26915ba4b5680b2014d995a21291a502,0,3,REMOVAL,INSERTION
stfd_aa0d79ae5a33db566f8b7c2b0c3bc20c,stfd_e320d337dd545cacfd538bd03b2457a4,2,0,REMOVAL,REPLACEMENT
stfd_aa4d8da466421e3d1c779a15690bd9ff,stfd_428a41d1272a165ee03720d52d4a26b3,0,0,REMOVAL,REPLACEMENT
stfd_aa9234dc5985062fec4855eeba00a535,stfd_7582eb604f9d38e108e2dab1835d7195,2,0,REMOVAL,REPLACEMENT
stfd_aa958719342f8b956e88bdc8bc77c7b3,stfd_04dc7c64939f0344abd32ac2093d2f33,2,2,REMOVAL,REPLACEMENT
stfd_ab5a7339808907eef30c9a2c44759c51,stfd_0657eb42b836704777abf15bbd9473af,4,2,REMOVAL,REPLACEMENT
stfd_ab5d1aea6f640f610501c2260d57a764,stfd_3d77b681def87ea7c7101f30e560d419,0,1,REMOVAL,INSERTION
stfd_ab5d1aea6f640f610501c2260d57a764,stfd_9ac067d3e5117ac0582073a648689308,2,0,REMOVAL,REPLACEMENT
stfd_abfad29227ce379235ddb6cc5a98e265,stfd_91ee77c1def4e64a3293d22a6770fa0c,0,1,REMOVAL,REPLACEMENT
stfd_ac137af51bd5bfa5e5e38af47d272224,stfd_f552ee2734995b31534c129cdc2aed52,0,0,REMOVAL,REPLACEMENT
stfd_acc9a0754b050804e1f031b7d0f99467,stfd_072c64cf83794e15c2a836e91f03bd40,0,3,REMOVAL,INSERTION
stfd_acc9a0754b050804e1f031b7d0f99467,stfd_499436cd72acb64adbf54200e44fd5f6,3,13,REMOVAL,INSERTION
stfd_acc9a0754b050804e1f031b7d0f99467,stfd_83a54bceb4e027de48d968e1e90c63be,0,4,REMOVAL,REPLACEMENT
stfd_ace9750bb38cb2f8cebd3bb602d5c15b,stfd_866c377945ac629fdc66d3352b09c831,4,5,REMOVAL,REPLACEMENT
stfd_ad8674c0823ec494e94f46800a7a8c84,stfd_43200379c29550fc0a8c81f8902ad9c2,2,2,REMOVAL,INSERTION
stfd_ad8674c0823ec494e94f46800a7a8c84,stfd_b0872b3c1f1e2659e4bd283a278beac6,4,1,REMOVAL,REPLACEMENT
stfd_ae1b7a48356eb0e974513c95592704aa,stfd_a2bdef644908003aebb8b002592fac18,2,2,REMOVAL,INSERTION
stfd_ae1b7a48356eb0e974513c95592704aa,stfd_0bd819f1c91dac95f5577ca2c0cd3909,2,2,REMOVAL,REPLACEMENT
stfd_ae67fe254dd394a651be8a44faf9bbdf,stfd_88f8ad4484295991a5d6cd5c88933cbb,4,4,REMOVAL,INSERTION
stfd_ae67fe254dd394a651be8a44faf9bbdf,stfd_557c38e1cabaa375eb873aade3a4d733,0,3,REMOVAL,REPLACEMENT
stfd_aea90568d3058620e9995bfaa9749387,stfd_969a342248baf4c08eeebef6540438b4,0,1,REMOVAL,REPLACEMENT
stfd_af73a506094375943049c7b1f07591cf,stfd_af6039ee20905d2813dbfe16b96d0f0d,2,1,REMOVAL,REPLACEMENT
stfd_afe284b173a08a0f976766b0c820450d,stfd_7cf93651ee16432b5a64eb5a72d1d852,2,0,REMOVAL,REPLACEMENT
stfd_aff944694a9c69eb103a87dfc205f198,stfd_02d75e90a1f072a7e4b76dd2a80b953f,4,2,REMOVAL,REPLACEMENT
stfd_b0260f29920fa264d5a935f18fee30f6,stfd_0e6636a652a089eab7ea4684b7dd656d,2,1,REMOVAL,REPLACEMENT
stfd_b152a3249949ba1ffe23d293000a406a,stfd_553adb5d3551ec27791f0599ef5dbf04,4,1,REMOVAL,REPLACEMENT
stfd_b1adf682f51a474eeadbe2bd62a7cc59,stfd_50c404207535097c33ef5e28069fe9dc,4,0,REMOVAL,INSERTION
stfd_b1adf682f51a474eeadbe2bd62a7cc59,stfd_da355aeec3f0eeb23fceeda5b6689675,0,0,REMOVAL,REPLACEMENT
stfd_b22e8d7d8742fea4c69e39696a82f67e,stfd_a0bc071f046694c27d992a5ca74576bb,0,3,REMOVAL,INSERTION
stfd_b22e8d7d8742fea4c69e39696a82f67e,stfd_a660f13063e75581afb9919b6709eefe,0,1,REMOVAL,REPLACEMENT
stfd_b23f8b0c7562bdfca0abed37c41f59a7,stfd_8109d686aaa7d145c8967dcff210ccb6,2,4,REMOVAL,REPLACEMENT
stfd_b27bb5f197c5eea1f3201e8b13735c81,stfd_f2de6b27778712b2a5a2ef479eb97c92,3,3,REMOVAL,REPLACEMENT
stfd_b2fcc6e94eb5065ecd21532cf25fa522,stfd_9e2629d1b9585c56d7e88093e0a9dbb1,2,2,REMOVAL,INSERTION
stfd_b2fcc6e94eb5065ecd21532cf25fa522,stfd_94eeb2aec5f2230a21ac226b417c6c48,2,2,REMOVAL,REPLACEMENT
stfd_b3eabf9ac82d8298d3d0258da5756567,stfd_20bb037b45c1dc0c0f5658db50444585,0,0,REMOVAL,REPLACEMENT
stfd_b3fba23a44408f500ae76ddf0dc72421,stfd_894e2ddb8ddf48353c4b62c371c4519f,2,4,REMOVAL,INSERTION
stfd_b3fba23a44408f500ae76ddf0dc72421,stfd_cfecc3ab77eb95eee85def5decda9611,0,1,REMOVAL,REPLACEMENT
stfd_b4f5e051b56730ab0778811d4d57ecc8,stfd_aa298ef3f1435fc9c27044d81dad51ae,2,0,REMOVAL,REPLACEMENT
stfd_b61ce07561b99bed2e3e31b6aae484d0,stfd_921d38200a646e47cd84771b8624e6f7,2,7,REMOVAL,INSERTION
stfd_b61ce07561b99bed2e3e31b6aae484d0,stfd_30b901ab7df73d298ee4c04bc0ac73ea,3,2,REMOVAL,REPLACEMENT
stfd_b73787bd89caa71297655cc752d312ce,stfd_bde40e3937bd5d21dd75fffe7d481b1c,2,2,REMOVAL,INSERTION
stfd_b73787bd89caa71297655cc752d312ce,stfd_1f01e64b8436911b1ef600ae888c3937,2,0,REMOVAL,REPLACEMENT
stfd_b79f4a5669d5d23996f54f267175e233,stfd_4ac683a85998d39a5ababa05e9a5299f,0,1,REMOVAL,REPLACEMENT
stfd_b810ccd56947f39961a054159183dbb0,stfd_4d94b1df7790a4bf4b34da95cbd086a8,1,0,REMOVAL,REPLACEMENT
stfd_b82878af2fc3b44252b1e01d4e06594b,stfd_8a0f038a0a4457522f1fa4de3b963c78,4,4,REMOVAL,INSERTION
stfd_b82878af2fc3b44252b1e01d4e06594b,stfd_9ec9828342a257e0aef4c283899946c2,1,3,REMOVAL,REPLACEMENT
stfd_b86110a438012b8dda5c2cee997fc393,stfd_022359c30771ff296fdbb20d58833426,2,3,REMOVAL,REPLACEMENT
stfd_b8919c8afc574d7c58135a829bc8921e,stfd_23e5d37982d2b2f15e9c97cd60f58047,3,3,REMOVAL,INSERTION
stfd_b8919c8afc574d7c58135a829bc8921e,stfd_468c7dbf9b88f18638b90d3588847b21,2,2,REMOVAL,REPLACEMENT
stfd_b8bf42a430850b51cda34a257dfcbb94,stfd_d63ad333ada512426662509a66ad1a3e,0,0,REMOVAL,REPLACEMENT
stfd_ba05cfcf517f539c08bb52877afe1d17,stfd_05b7cf2bf0691d2a0d182bb8e0cb1342,4,3,REMOVAL,INSERTION
stfd_ba05cfcf517f539c08bb52877afe1d17,stfd_d0992367aff2cf0cc5ae8bee8b852252,2,2,REMOVAL,REPLACEMENT
stfd_ba6ab6898e7da0fa64900e5a587ef4d8,stfd_364b6dcf68bb771213636bf35e80993f,2,5,REMOVAL,INSERTION
stfd_ba6ab6898e7da0fa64900e5a587ef4d8,stfd_78d26909292daf8dabefe2388917e0ce,0,3,REMOVAL,REPLACEMENT
stfd_ba8bdad055db612f6f68a3b18e909324,stfd_fc06f989ffb784667200016977265145,0,0,REMOVAL,REPLACEMENT
stfd_bab093706810aa02878ca68c49cfaca1,stfd_75fa2cd7e5805030313605db0c06e00b,2,14,REMOVAL,INSERTION
stfd_bab093706810aa02878ca68c49cfaca1,stfd_1ade8d5dc59f3c78ed87a6c276fe8b99,2,3,REMOVAL,REPLACEMENT
stfd_bab093706810aa02878ca68c49cfaca1,stfd_5e65399c55884886e1c7fbe2c3d3afa2,3,8,REMOVAL,REPLACEMENT
stfd_bae270f75ac82b4c7ca231c81130c612,stfd_84d5f3b002a94ebaa34986ff2eb1c789,4,2,REMOVAL,INSERTION
stfd_bae270f75ac82b4c7ca231c81130c612,stfd_746e8eb89c7025c9263b0d60900c0fe5,3,1,REMOVAL,REPLACEMENT
stfd_bae649120e6fc3a9fcad4a8edaa0d468,stfd_30c6045b2e094d8c96d16a2859947a65,0,0,REMOVAL,REPLACEMENT
stfd_bb11ef8bce6960befde8695025b9ac4b,stfd_086f45d7a46bb2379cd956432d01416d,2,2,REMOVAL,INSERTION
stfd_bb11ef8bce6960befde8695025b9ac4b,stfd_6dfccef1abc41a87fba2dc184e9e1c3b,0,2,REMOVAL,REPLACEMENT
stfd_bc74a231d0aea38b46fb7b357df0caf8,stfd_26185f9453e76c83e4c109fdd5b50cd2,2,0,REMOVAL,REPLACEMENT
stfd_bc77377ef32628e55de94b1a3d5cebf3,stfd_5d0a1a6cf8d0a7b960ef971b1a261375,0,1,REMOVAL,REPLACEMENT
stfd_bd11efc2caecc762fbe5bf4e5a759de7,stfd_aae1a14d3c90e72f07af81e9258e7a98,0,0,REMOVAL,REPLACEMENT
stfd_bd7c8e3ce7d4e68ea8eca98c6396451f,stfd_97b46dc52b8d71b07a844e26008d4378,4,1,REMOVAL,INSERTION
stfd_bd7c8e3ce7d4e68ea8eca98c6396451f,stfd_51afacdbeb46b5450f9aac07f139e31a,4,2,REMOVAL,REPLACEMENT
stfd_bd9cf82069b04e647f2548bbf30c0086,stfd_c33e66a32e165ed406ebc01d5123ccdf,0,4,REMOVAL,REMOVAL
stfd_bd9cf82069b04e647f2548bbf30c0086,stfd_c91c46f4e188a0acffbff44f5f396dcb,3,14,REMOVAL,REMOVAL
stfd_bd9cf82069b04e647f2548bbf30c0086,stfd_98c449d696f012e669f025cbc4d25d68,0,5,REMOVAL,INSERTION
stfd_bd9cf82069b04e647f2548bbf30c0086,stfd_bf0b8a73636c54ed5132fbee548af1b2,3,9,REMOVAL,INSERTION
stfd_bd9cf82069b04e647f2548bbf30c0086,stfd_f1e6907fa3056aae39311f23e6a8d754,2,1,REMOVAL,INSERTION
stfd_bd9cf82069b04e647f2548bbf30c0086,stfd_7b0b9516c50894aface53a9451b28da5,2,5,REMOVAL,REPLACEMENT
stfd_bd9cf82069b04e647f2548bbf30c0086,stfd_cdee45660f1ebb75528610e241f65751,2,0,REMOVAL,REPLACEMENT
stfd_bdb671a563cc32429c3ea3fb6b21d667,stfd_336cee258e4e1141a02e69ac77777de7,2,5,REMOVAL,REPLACEMENT
stfd_bdb671a563cc32429c3ea3fb6b21d667,stfd_7bbfffcff6be01b358842e7ffc1fb719,2,5,REMOVAL,REPLACEMENT
stfd_bdce55d2e5eb5d623a1478e6a5de9d2e,stfd_25d910c0145a52390aa36a81b6b75487,0,2,REMOVAL,REPLACEMENT
stfd_bdd33b2b56eb01db9230cd54e3049fec,stfd_e3bffd1b0b539f21d1f80131a1ff6e46,4,21,REMOVAL,REMOVAL
stfd_bddd24965688dd4ff36261a70fc553b2,stfd_a14acecd2b652c374ae5464c50e35af0,3,4,REMOVAL,INSERTION
stfd_bddd24965688dd4ff36261a70fc553b2,stfd_87297551a97a23449ba30857813840d8,2,0,REMOVAL,REPLACEMENT
stfd_be8d1448368f76aee2142bf489699ee0,stfd_1399ce86504d51a7eb6eb5e0878f9e5d,2,3,REMOVAL,REPLACEMENT
stfd_be95073f856d4d62d4864d00c738a1cd,stfd_1e763b7e258a65f895aee6081ab3c5f2,2,2,REMOVAL,REPLACEMENT
stfd_bf4a02561cb32aef0434364c262fd983,stfd_f15750ac69a8fcacf22e84ef41f26db9,1,3,REMOVAL,INSERTION
stfd_bf4a02561cb32aef0434364c262fd983,stfd_ce768c8644bc198c1f01e9f53e947e54,0,1,REMOVAL,REPLACEMENT
stfd_c01bc6a64f46f578adde75925cf75245,stfd_662dc365ba668a6abcd5f5202fcc7ad6,3,6,REMOVAL,INSERTION
stfd_c01bc6a64f46f578adde75925cf75245,stfd_e8255a71836a1dab3b0a24bbf996a237,2,3,REMOVAL,REPLACEMENT
stfd_c060829dca3baf7cda811bf6d7f9c138,stfd_e4597b525bff166c72265553934c3b20,4,3,REMOVAL,REPLACEMENT
stfd_c0df3c56394fb8e141ef2f495cc493c5,stfd_579459648c5efa1ed7687f6d70a27936,4,4,REMOVAL,INSERTION
stfd_c0df3c56394fb8e141ef2f495cc493c5,stfd_2d10dd047ad64484234b4d3c3d1e0916,4,1,REMOVAL,REPLACEMENT
stfd_c11f159719e004ddffaaf9a584254bf0,stfd_0b12415721e9c1dfde36e2aa219a8631,2,3,REMOVAL,INSERTION
stfd_c11f159719e004ddffaaf9a584254bf0,stfd_72f421a1309b76184c4d7abde497bac4,2,5,REMOVAL,INSERTION
stfd_c11f159719e004ddffaaf9a584254bf0,stfd_6eb703b5994af6e0ab81dd0005956f17,2,5,REMOVAL,REPLACEMENT
stfd_c11f159719e004ddffaaf9a584254bf0,stfd_af7552889eca0c883b8dc542f4b8d7f3,2,3,REMOVAL,REPLACEMENT
stfd_c18a5c3ac5d9ee145db0504fbf528613,stfd_4c2001a2cc67f695ff2dbeb52da6f750,0,1,REMOVAL,REPLACEMENT
stfd_c33e66a32e165ed406ebc01d5123ccdf,stfd_c91c46f4e188a0acffbff44f5f396dcb,3,10,REMOVAL,REMOVAL
stfd_c33e66a32e165ed406ebc01d5123ccdf,stfd_98c449d696f012e669f025cbc4d25d68,0,1,REMOVAL,INSERTION
stfd_c33e66a32e165ed406ebc01d5123ccdf,stfd_bf0b8a73636c54ed5132fbee548af1b2,3,5,REMOVAL,INSERTION
stfd_c33e66a32e165ed406ebc01d5123ccdf,stfd_f1e6907fa3056aae39311f23e6a8d754,2,3,REMOVAL,INSERTION
stfd_c33e66a32e165ed406ebc01d5123ccdf,stfd_7b0b9516c50894aface53a9451b28da5,2,1,REMOVAL,REPLACEMENT
stfd_c33e66a32e165ed406ebc01d5123ccdf,stfd_cdee45660f1ebb75528610e241f65751,2,4,REMOVAL,REPLACEMENT
stfd_c3f37d230f0f6000bbe6fd4fbb9806e2,stfd_472bb2364d26a3f4244c6b8a3e14bdb1,0,0,REMOVAL,REPLACEMENT
stfd_c42845ef3365a7a2bf6dd90ae718b50a,stfd_20f192b50945d04f46cd6f32b33e51ca,2,4,REMOVAL,INSERTION
stfd_c42845ef3365a7a2bf6dd90ae718b50a,stfd_39ed87e88326905cde6cf173e92edf4e,2,0,REMOVAL,REPLACEMENT
stfd_c4465c459199b8c68fbb5c24a5f55830,stfd_4f0bd272387950b3954b95601e07715b,4,4,REMOVAL,INSERTION
stfd_c4465c459199b8c68fbb5c24a5f55830,stfd_f1d744e9cc0486d85726f57425a678a0,0,1,REMOVAL,REPLACEMENT
stfd_c50e1b2f5d56c9336a934afd402c2d0f,stfd_18424eedbc2fcbe69c96f822a5b8bc48,3,2,REMOVAL,INSERTION
stfd_c50e1b2f5d56c9336a934afd402c2d0f,stfd_a92c079be97f2ba2310fcdd79e710ad4,1,1,REMOVAL,REPLACEMENT
stfd_c58f0558711e0d9c627d8dbdbeb20efe,stfd_61786d273846e76c13b6735fed6d2efa,2,1,REMOVAL,REPLACEMENT
stfd_c5ce33142cd5cadba8ef2d14aa4235a4,stfd_561a3b8036cc5b41548c78afac6f34eb,0,1,REMOVAL,REPLACEMENT
stfd_c628a844642fc545a0e7bf4f41ad6289,stfd_06d39966ae81485e71fec9c3850d78f1,0,0,REMOVAL,INSERTION
stfd_c628a844642fc545a0e7bf4f41ad6289,stfd_b56d496a7ecd93701dea36a3f2145482,0,0,REMOVAL,INSERTION
stfd_c628a844642fc545a0e7bf4f41ad6289,stfd_f850159f54db1ea21bdaf849f5af4e6e,0,0,REMOVAL,INSERTION
stfd_c628a844642fc545a0e7bf4f41ad6289,stfd_90f5487f8cdfc0da252592ebde472b28,0,0,REMOVAL,REPLACEMENT
stfd_c628a844642fc545a0e7bf4f41ad6289,stfd_be2630b565c96f91e49271ee0219f35d,0,0,REMOVAL,REPLACEMENT
stfd_c62d8751ecddd28063c5fc1973712d36,stfd_ec9a96b153468f54a11d4fda98cd3cab,2,1,REMOVAL,REPLACEMENT
stfd_c64fd2a674c71abc608f2744166e72c8,stfd_2481a3456e206db6451c6859323ad166,0,4,REMOVAL,INSERTION
stfd_c64fd2a674c71abc608f2744166e72c8,stfd_d71d26e95078c1dd87cfb82628f69997,0,1,REMOVAL,REPLACEMENT
stfd_c6729c5db7e872245e96edef316570c1,stfd_3fd0ea7bb6a1da3d476dfd29c3e12850,0,1,REMOVAL,INSERTION
stfd_c6729c5db7e872245e96edef316570c1,stfd_67299637e14f593d329853e29785bc62,2,1,REMOVAL,REPLACEMENT
stfd_c6cb191597d4246be34b31549db8cb57,stfd_64c4cbf2da2c556c62ed20b5aee480ab,1,2,REMOVAL,REPLACEMENT
stfd_c75beec53bb833e3acc7cbad120e0623,stfd_e3e7c06946f72cd4bb634578dacc8a80,0,1,REMOVAL,INSERTION
stfd_c75beec53bb833e3acc7cbad120e0623,stfd_b17a32250824cc63e08e6359b23051e4,3,0,REMOVAL,REPLACEMENT
stfd_c76b73d9d36c81d875e11a46a6de41d2,stfd_d0d925fadd55ff8e5216c4da08432a2a,0,1,REMOVAL,REPLACEMENT
stfd_c8fac922fa22e72951a243aa4e597852,stfd_b7020db431619bae81f60aaf61e6837f,0,4,REMOVAL,INSERTION
stfd_c8fac922fa22e72951a243aa4e597852,stfd_c11e86a0d9ffab5022ca865cd5bc7542,2,1,REMOVAL,REPLACEMENT
stfd_c91c46f4e188a0acffbff44f5f396dcb,stfd_98c449d696f012e669f025cbc4d25d68,3,11,REMOVAL,INSERTION
stfd_c91c46f4e188a0acffbff44f5f396dcb,stfd_bf0b8a73636c54ed5132fbee548af1b2,2,5,REMOVAL,INSERTION
stfd_c91c46f4e188a0acffbff44f5f396dcb,stfd_012da1ee7cdf86562da37c8de858cab7,2,3,REMOVAL,REPLACEMENT
stfd_c9820c2c2d3a5fd1ccb633e56c00a88b,stfd_b06efae7305940c35363ff3c5970ea06,2,1,REMOVAL,INSERTION
stfd_c9820c2c2d3a5fd1ccb633e56c00a88b,stfd_b0dba03973389461cdcac737854a5065,0,0,REMOVAL,REPLACEMENT
stfd_c9b2ab4da274681ad49404b2c2b594ab,stfd_dec7e1895ba61655a259b91c40c6bd4b,2,2,REMOVAL,REPLACEMENT
stfd_ca6cd6ab696e1d4578ed517fb9d90bd2,stfd_ed42d387bdb01c697bc1433f84085999,2,4,REMOVAL,INSERTION
stfd_ca6cd6ab696e1d4578ed517fb9d90bd2,stfd_f684feb2045d2d6596d981b721649861,4,3,REMOVAL,INSERTION
stfd_ca6cd6ab696e1d4578ed517fb9d90bd2,stfd_160cd2d92f28211a11ceb17c603d6126,2,3,REMOVAL,REPLACEMENT
stfd_ca6cd6ab696e1d4578ed517fb9d90bd2,stfd_4d4af9af572060eaccee07e1e59ed4b4,2,4,REMOVAL,REPLACEMENT
stfd_ca70f91458299e1b8ea75fe7facba756,stfd_da7593ef781bd06fde9b9050f278357b,0,0,REMOVAL,REPLACEMENT
stfd_cb509a3052c3d67ba058ba3dba3fd538,stfd_3ad8bd5f3ef2517848370ab1a0892edc,2,4,REMOVAL,INSERTION
stfd_cb509a3052c3d67ba058ba3dba3fd538,stfd_00f36f420e9ed627af1070c80a16e67f,2,5,REMOVAL,REPLACEMENT
stfd_cb841072ce929763ca28ce172f8a5c63,stfd_d43acbfa5800a2fa4fd12b7a1b3a211a,2,1,REMOVAL,REPLACEMENT
stfd_cc03072972dfb5b77d386e8896fb41fa,stfd_8c9d60119d8ec469b31fad8cb9353835,2,1,REMOVAL,REPLACEMENT
stfd_cdc31e83c9b7e14d0cda3cc7a46a1e85,stfd_9407d330dd476d82a7ae48473999332e,2,0,REMOVAL,REPLACEMENT
stfd_ce113326c9605d76a5e3dd34e8b55204,stfd_fb94364ad12dae84902ae406983144a1,4,8,REMOVAL,INSERTION
stfd_ce113326c9605d76a5e3dd34e8b55204,stfd_22f112d4539de3f7ec99d08c07828475,0,3,REMOVAL,REPLACEMENT
stfd_cec13672f514d3f624780cff351fa93e,stfd_7b09a15c4d5e68163ef0a864427245b5,2,2,REMOVAL,REPLACEMENT
stfd_cf09984a6e03a3a7ffb424520210464d,stfd_72d5b012544946dbcaa654a137dfdd9e,2,0,REMOVAL,REPLACEMENT
stfd_cfc2ba4c49f8a74bf005c79ddde8122c,stfd_298bcdb655d6d582a5fdcd271833ced4,2,4,REMOVAL,REPLACEMENT
stfd_d0a33c59a243c70441c10bf34e474d21,stfd_8cbadfde933e7c3b795235f7edd3e5a7,4,4,REMOVAL,REPLACEMENT
stfd_d0b66e06d8930738e62452a29e0060a4,stfd_fc6a414c09ae81dcb816e25b5cb2f995,0,1,REMOVAL,REPLACEMENT
stfd_d0d123ccf91f2f06c35d8d3a9d87a0dc,stfd_7757e5e12918d2c07734e625bdf95c9d,0,4,REMOVAL,INSERTION
stfd_d0d123ccf91f2f06c35d8d3a9d87a0dc,stfd_a0fafe85001d410cd8a0b08cdce0ad69,0,2,REMOVAL,REPLACEMENT
stfd_d17a3d067a44ae9e2b54a406ef1ffb20,stfd_76ea8baa213f12d1701f7b5d726953b0,2,0,REMOVAL,INSERTION
stfd_d17a3d067a44ae9e2b54a406ef1ffb20,stfd_6b3e9b75651da17af47fdac507dc1dd9,2,0,REMOVAL,REPLACEMENT
stfd_d1954b9704c31c5653a7b8c1faf20d15,stfd_26b347b48b6fb5397f543e6e6e722e7a,2,1,REMOVAL,INSERTION
stfd_d1954b9704c31c5653a7b8c1faf20d15,stfd_ec4ea6e9e86fcfa9283e54b013c44d6d,0,1,REMOVAL,REPLACEMENT
stfd_d1b2a6ac1907e9bfe76397e8cedfe566,stfd_e4810dea71aad81143adf67aa30c807e,3,2,REMOVAL,INSERTION
stfd_d1b2a6ac1907e9bfe76397e8cedfe566,stfd_74e4cdfdb3535c2854af311ddc8d8fe3,2,1,REMOVAL,REPLACEMENT
stfd_d22530e396fa1b0242fa98f7548659db,stfd_b92a3c6cb68b61c73ffcf7f2afa9551e,0,3,REMOVAL,REPLACEMENT
stfd_d27affc57c59f9604e8b1c6a33b35d75,stfd_5b2cf75fbbe22503877b57823b6fdcf8,0,4,REMOVAL,REPLACEMENT
stfd_d35e5bf2bc6aa8defaaa86bc1fff8096,stfd_1301e868c4695eb8ff2e2504c29eadab,3,0,REMOVAL,INSERTION
stfd_d35e5bf2bc6aa8defaaa86bc1fff8096,stfd_d61b4f6620615db59fedab650e8c4906,3,0,REMOVAL,REPLACEMENT
stfd_d391d5ff2c3d9f1a9011493705e84eec,stfd_ad1603be83660c93c041ee11219bed8e,4,0,REMOVAL,REPLACEMENT
stfd_d42428e2ee7d5669156b0ff6b4bf2a38,stfd_624d9777e9505fc169eb2810b5cfd1d1,0,1,REMOVAL,REPLACEMENT
stfd_d56cd4c807b6df561f01b53d07772617,stfd_1538444d8908a7cc26ff0c227304f14c,0,0,REMOVAL,REPLACEMENT
stfd_d5ff30fbf7dce52ca6da106adaf430b6,stfd_1f895e6c6d4dcb1fc158cbf6e7357bf8,2,2,REMOVAL,INSERTION
stfd_d5ff30fbf7dce52ca6da106adaf430b6,stfd_003a5ba4f1f817af97a102776ced6ce9,2,0,REMOVAL,REPLACEMENT
stfd_d5ff30fbf7dce52ca6da106adaf430b6,stfd_b486ea6faa14d49d2db2126f068b0beb,4,18,REMOVAL,REPLACEMENT
stfd_d76f8cc7fa3007a97b90ef16a7cde107,stfd_aed618e179779a0fe71da60e7a207695,3,3,REMOVAL,REPLACEMENT
stfd_d93a8d1d66edfbd7fe0d433047f79103,stfd_9afa2732a69ecf1ee876349903530b47,4,4,REMOVAL,INSERTION
stfd_d93a8d1d66edfbd7fe0d433047f79103,stfd_41ea1e479d262c97a7e6488abd69167d,2,1,REMOVAL,REPLACEMENT
stfd_d9b1889b745a24d13d90017f1ebb527a,stfd_d4c06efe71be1fcddce7c3d682d1811a,0,2,REMOVAL,INSERTION
stfd_d9b1889b745a24d13d90017f1ebb527a,stfd_b7191ce5e1697824021f3e3ab3890f8c,0,1,REMOVAL,REPLACEMENT
stfd_d9e525a7b9dcd945c0628055c8f994e5,stfd_ca649cc66280a56bf9a95b73a9f873c2,1,0,REMOVAL,REPLACEMENT
stfd_da39d1b444ebeb3c5a59343e46cdce40,stfd_cedd3690e19c3c3530967e0085e425ae,4,2,REMOVAL,INSERTION
stfd_da39d1b444ebeb3c5a59343e46cdce40,stfd_4e9532c25fdb3dfced0b506b9be7e12e,4,2,REMOVAL,REPLACEMENT
stfd_da53905aed13ac8637bfd7b64c26eb64,stfd_5fb0f1721e624eae3b6c2125b4e3d314,2,2,REMOVAL,REPLACEMENT
stfd_dac04370eb606cb340a25fb415ec6f9e,stfd_772358d9e0b92c5216a9b071f90530bc,0,2,REMOVAL,REPLACEMENT
stfd_dc176d2fdabd797e95787055edd8858a,stfd_073eec078d691ec2a163a1e4d28fadc8,4,9,REMOVAL,INSERTION
stfd_dc176d2fdabd797e95787055edd8858a,stfd_3db0446ed747f0ff55a5ea36d296d93b,2,2,REMOVAL,REPLACEMENT
stfd_dc4dc1180cfb20921a845542c62cf02a,stfd_9a5a396365a2beb9c8bb28a616210413,0,1,REMOVAL,INSERTION
stfd_dc4dc1180cfb20921a845542c62cf02a,stfd_6220c04e2aa0a5a01beb7f99bf4d30ab,0,0,REMOVAL,REPLACEMENT
stfd_dca8475c8dc58f6869a958fac7f69fcb,stfd_9124e202e18b5adeec0260cfab653755,4,1,REMOVAL,INSERTION
stfd_dca8475c8dc58f6869a958fac7f69fcb,stfd_7d8ddeda9fd851f05b39e02de69f4e21,4,1,REMOVAL,REPLACEMENT
stfd_dcb5c0670b1c285c1b2f7c53a21bf2aa,stfd_b1a0d5fe9cb1b988bdd2f2e128f2a018,0,4,REMOVAL,INSERTION
stfd_dcb5c0670b1c285c1b2f7c53a21bf2aa,stfd_4af44a7575f273b0d72f91471e49f8e3,0,1,REMOVAL,REPLACEMENT
stfd_dcb98895e0dce4b9c7db605cbd387f8b,stfd_a9cbf579d6337670d6f944f7a399bc90,0,0,REMOVAL,REPLACEMENT
stfd_dcc0666ad2fe47e138205c793556e1d9,stfd_ae060b88d4dd06482646df51e59e4977,2,1,REMOVAL,REPLACEMENT
stfd_dcd4b71df2d83d4f4b7add42ea95df05,stfd_3e1f27291a2de586c356718aa0016fe1,0,0,REMOVAL,REPLACEMENT
stfd_dda7c5b1261b212816d4f2c6cd2f7aca,stfd_87fc968c016f3455ed9368b170aec24c,0,0,REMOVAL,REPLACEMENT
stfd_df68387bcdbeb9fb18a81bfaea5d6f62,stfd_63539bec5c217b64f66d05422ea4b751,0,0,REMOVAL,REPLACEMENT
stfd_dfbb80ac7ab388c912b815b526021fbd,stfd_34d6c5b8f6c1017b443eaad6a32fc868,4,1,REMOVAL,REPLACEMENT
stfd_dfc213f2957d7f9c3a84ab670b919d92,stfd_c5b56638068f68edf6892bab727d37a7,2,0,REMOVAL,REPLACEMENT
stfd_e03066a2e3e65668f6bb08512dddcffd,stfd_7f67905c7daf8b26b66e2e87aea146d1,0,1,REMOVAL,REPLACEMENT
stfd_e08a655b4c57cb39c9bdd5845f15ae82,stfd_8ca1790be9028ab568fd8fec2178382f,2,1,REMOVAL,REPLACEMENT
stfd_e13c5e8c36b5746d848a45d4e24d548c,stfd_b4244028721cb17e24a4209d516f0d14,3,3,REMOVAL,REPLACEMENT
stfd_e1da7e5811d4cbcc3110079fdbc6a331,stfd_9d97f397e4f8a5fa481237eac84bea52,3,7,REMOVAL,INSERTION
stfd_e1da7e5811d4cbcc3110079fdbc6a331,stfd_2edbb17a2df83ef3703163a16a5ea9a5,3,3,REMOVAL,REPLACEMENT
stfd_e1dfe8aabed6b339e434f2373cc74db3,stfd_07fe104dd11f8088f33fc5af106d4114,2,2,REMOVAL,INSERTION
stfd_e1dfe8aabed6b339e434f2373cc74db3,stfd_878b797e47ab3913101a141514383462,2,0,REMOVAL,REPLACEMENT
stfd_e1ea9264e988086785c03ba32658ed1e,stfd_c931bef0a78f2cdb2e7fffa3ec993f83,2,3,REMOVAL,INSERTION
stfd_e1ea9264e988086785c03ba32658ed1e,stfd_bb454e6da22871f6acfa395ee1957d28,0,2,REMOVAL,REPLACEMENT
stfd_e273e84fba9c3b419716d043722a3a02,stfd_04a2eed5c4ce7028a4f4f5339c57708a,0,1,REMOVAL,REPLACEMENT
stfd_e34965bfd5f3084ed47a9fca776eb042,stfd_42d292f899207aa9160634af719fdd17,0,3,REMOVAL,INSERTION
stfd_e34965bfd5f3084ed47a9fca776eb042,stfd_380d6bfa80c8b359f8739f4820ce22cb,0,1,REMOVAL,REPLACEMENT
stfd_e37ba9a60835e2af28d6a1a33b895bdd,stfd_c632d8f888e61c46fd98fae8661e1d5c,0,1,REMOVAL,REPLACEMENT
stfd_e43dad91a8e8ae174fffe3442e7ce271,stfd_bb53b0bed5a8b83962d06fd14d93c3fc,0,2,REMOVAL,INSERTION
stfd_e43dad91a8e8ae174fffe3442e7ce271,stfd_7c9774ca28549afd6d7cc953ef9eee2f,0,1,REMOVAL,REPLACEMENT
stfd_e467daf0eb425980e9286bcfb33f63dc,stfd_0d46e3176f71f65a683949ced26e5cfa,2,2,REMOVAL,REPLACEMENT
stfd_e5daff1da161ad6fdb79b6502471fe0e,stfd_ef0ee4b59748a987c202a5338c5bc762,3,1,REMOVAL,INSERTION
stfd_e5daff1da161ad6fdb79b6502471fe0e,stfd_9a2e272a9b4069daf7cdcf848e3a16ec,3,2,REMOVAL,REPLACEMENT
stfd_e6f8754eaec63e747406f1d615196cae,stfd_f616d9bdd05f9a099b26f3965ef602d7,2,3,REMOVAL,INSERTION
stfd_e6f8754eaec63e747406f1d615196cae,stfd_c92f120b1361126e01d01341a5fa69af,2,2,REMOVAL,REPLACEMENT
stfd_e7cfdcfc5726ecbeb4075707a3fc2079,stfd_3a8a09f535e8f6bb1d66cb0758445205,0,4,REMOVAL,INSERTION
stfd_e7cfdcfc5726ecbeb4075707a3fc2079,stfd_68fdd0b464ba5e51fa3bccb09055e5c7,0,1,REMOVAL,REPLACEMENT
stfd_e7e70ba7a7233a0387381c0c23638068,stfd_6f277433a93da5ca5e3d256b4d30bf0a,2,2,REMOVAL,INSERTION
stfd_e7e70ba7a7233a0387381c0c23638068,stfd_baba752cdc7a0c874dfd53e2d04d1d8c,0,1,REMOVAL,REPLACEMENT
stfd_e812a185cdd9ec32f774c2ceb4728755,stfd_a3356b0008cebe44054c320ed5f6fb1f,4,1,REMOVAL,INSERTION
stfd_e812a185cdd9ec32f774c2ceb4728755,stfd_d99fee8597356616d0779ac72304d136,0,2,REMOVAL,REPLACEMENT
stfd_e8296e26a2d0cb7f17f2e619137d57fe,stfd_84971ccee9353660d8188e01205486d1,2,5,REMOVAL,INSERTION
stfd_e8296e26a2d0cb7f17f2e619137d57fe,stfd_aa9aff590cb9075a1dee1329d1352519,2,1,REMOVAL,REPLACEMENT
stfd_e9cb61ac2768334ecb93b3b956bff744,stfd_6f78da28250dd45e63d0baff13e7ef5e,4,2,REMOVAL,REPLACEMENT
stfd_ea7e71324474ee7ba2bf946828125711,stfd_7e65cd86df36aadefeb3b203ea4d269c,4,6,REMOVAL,REPLACEMENT
stfd_ea7e71324474ee7ba2bf946828125711,stfd_beb945426491cacd337251b180067c12,0,4,REMOVAL,REPLACEMENT
stfd_ebaefa5294612630a7d597ddb3f78972,stfd_84b6a2d361363fdf609f74455f019d5b,4,2,REMOVAL,INSERTION
stfd_ebaefa5294612630a7d597ddb3f78972,stfd_960cc760d6ad315fc8c7964e56327c30,0,0,REMOVAL,REPLACEMENT
stfd_ebb4206bb44826212f1e0e79bb93d44a,stfd_9d063674ea8a352bbedbfe9c54700aa5,2,1,REMOVAL,REPLACEMENT
stfd_ec1682e5f64f48a86294867f483d7db6,stfd_e158a0cf3915accd18d11cc8d8a8fc4a,3,1,REMOVAL,REPLACEMENT
stfd_ecf8986985b15c582c5d7e68efc6f46e,stfd_4616d0d1ed78844294eda81ecf1b1c84,0,2,REMOVAL,REPLACEMENT
stfd_edcb27f52fafd7a6c7f5c80e966931ea,stfd_0e1a56122f005291210707b0a315caea,1,3,REMOVAL,INSERTION
stfd_edcb27f52fafd7a6c7f5c80e966931ea,stfd_926530ba19e045d25fe55c64edcaf319,1,2,REMOVAL,REPLACEMENT
stfd_ede53cbff4a707e2d8b26c5b66028e5d,stfd_36f0d32c49a0dc93fad25a949b2af1e9,0,0,REMOVAL,REPLACEMENT
stfd_ee050d6e5bcfbf1fa59038f606d076b8,stfd_f31d9ae86e70ad0b1553f4d747887ced,4,3,REMOVAL,REPLACEMENT
stfd_ee5ba84f6fc2a68fa06e1902416360a1,stfd_39edafbc6ec384903bc2154354b69453,0,1,REMOVAL,REPLACEMENT
stfd_ee630fd7416fdd38262272a164020b4f,stfd_df67b936439d4c42d10b47809980cd1e,2,4,REMOVAL,REPLACEMENT
stfd_f119ffa13286f11482d8db6ba7feef20,stfd_f8ddd17e67c497719f3e8b0c48b59a3c,2,0,REMOVAL,INSERTION
stfd_f119ffa13286f11482d8db6ba7feef20,stfd_090ac60cd4b17b66ce1d4dce3a67a7c5,0,0,REMOVAL,REPLACEMENT
stfd_f27a0a58c4d3bf629a7e889856b3a252,stfd_09d5981ca079bfc0e78f4c3cd82be97f,0,1,REMOVAL,REPLACEMENT
stfd_f33be8bb5a65da9800566ce2515d8402,stfd_84bda7e755ae31959bf71d2927839ae9,2,5,REMOVAL,REPLACEMENT
stfd_f3f8f726094c7c2058cdd030453edced,stfd_03aa2d628fefc79e122fb2689b24dc6e,0,1,REMOVAL,REPLACEMENT
stfd_f7199b82a27f1ab348f5920d5208f24a,stfd_3a30d78f88b2ea24bd13a9eed5f4b213,2,2,REMOVAL,INSERTION
stfd_f7199b82a27f1ab348f5920d5208f24a,stfd_64f9fa1ceacd0a3d1078047ce3a6d5db,0,0,REMOVAL,REPLACEMENT
stfd_f8878fdf9d815c85bf4e4898099c0dbb,stfd_12b4b3511b85556659c76dea6463b2b0,1,0,REMOVAL,REPLACEMENT
stfd_f9f962a03ddb479e841740b170be37bc,stfd_9c655825599a87c24eb92e4ebedd38aa,2,1,REMOVAL,REPLACEMENT
stfd_fa496e2687d209149415ec1cbd9508fb,stfd_b953414563f5865dfcfb941475469d13,2,0,REMOVAL,REPLACEMENT
stfd_fb70f3accfd77324f6fb50b8c75a02a4,stfd_6d2775160ff0edb0c2982fbf7aebb7f0,0,1,REMOVAL,REPLACEMENT
stfd_fbb2d33a1286c7ff1f9246de6022908b,stfd_127d35577b26596639f33e713a9a353c,2,1,REMOVAL,REPLACEMENT
stfd_fc0646935cea56a0cd3a791a7aca4d6a,stfd_f1fd1935c712a2a3917f4513d409bd33,4,5,REMOVAL,INSERTION
stfd_fc0646935cea56a0cd3a791a7aca4d6a,stfd_c67b4a7803508b35c080b283dc3883f4,4,2,REMOVAL,REPLACEMENT
stfd_fc4cb83384bb0bae05f480797f13ce09,stfd_3058e42dd669aefd6581afb68f34de01,2,3,REMOVAL,INSERTION
stfd_fc4cb83384bb0bae05f480797f13ce09,stfd_6a4c1f553f4bbe8677b56d40c12e2c5c,2,1,REMOVAL,REPLACEMENT
stfd_fc7b1a8b12457f9057de1aeee67464ad,stfd_a3bffe765b2d64ddb78021feda6ffd54,3,0,REMOVAL,REPLACEMENT
stfd_fcf0733f704453a923952eb1c9fb34ee,stfd_e5965d617b68be40e195b3bc9bdd5dba,2,1,REMOVAL,REPLACEMENT
stfd_fd6f0ef8ab0160ae3f329cafcabe1e5d,stfd_48efaffe794b7a48d7eaf6f93bdc5430,4,3,REMOVAL,REPLACEMENT
stfd_fd6f0ef8ab0160ae3f329cafcabe1e5d,stfd_53363ed624a582b2eb98a6db80d4251d,4,9,REMOVAL,REPLACEMENT
stfd_fd6f0ef8ab0160ae3f329cafcabe1e5d,stfd_83a89da67ff78f143d7e40741834d31a,4,11,REMOVAL,REPLACEMENT
stfd_fd6f0ef8ab0160ae3f329cafcabe1e5d,stfd_df67b936439d4c42d10b47809980cd1e,4,5,REMOVAL,REPLACEMENT
stfd_fe25f5394dd660c2e63c5fab1f41701a,stfd_5617ecefca4501283d4ab092918319c5,2,2,REMOVAL,REPLACEMENT
stfd_fed6af920e370be72aec99f2ed62ed9e,stfd_85ba09d47182b23b26b051e0441b7759,1,0,REMOVAL,REPLACEMENT
stfd_ff1a6192576fe9705824e49685e3d4c2,stfd_4ab59db6bb5644c5240c9ef8a40557a1,4,5,REMOVAL,INSERTION
stfd_ff1a6192576fe9705824e49685e3d4c2,stfd_83e365090d2e410816e9bb1e040f4400,0,1,REMOVAL,REPLACEMENT
stfd_ffc6a2a04ef1e6badcbb96fc0b5cb983,stfd_43ad5502fb58f8b65afd72f74366c866,0,4,REMOVAL,INSERTION
stfd_ffc6a2a04ef1e6badcbb96fc0b5cb983,stfd_63f80179ef664e15746e3b55c9d1280e,0,2,REMOVAL,REPLACEMENT
stfd_028733d3771d3f55249d585f334744f9,stfd_46dca39af2e06f89fe6834e8b77ab296,0,8,INSERTION,INSERTION
stfd_03ca0fd1b8453a9f7b3905e105a7b0e5,stfd_6f721408bdb6e8530fff2f6cc450157d,2,2,INSERTION,REPLACEMENT
stfd_05b7cf2bf0691d2a0d182bb8e0cb1342,stfd_d0992367aff2cf0cc5ae8bee8b852252,2,3,INSERTION,REPLACEMENT
stfd_05db6f7d046fb7000edac3ae5e71fc4d,stfd_266720ef63b390dc585b4e7f60f3371f,0,3,INSERTION,REPLACEMENT
stfd_06d39966ae81485e71fec9c3850d78f1,stfd_b56d496a7ecd93701dea36a3f2145482,0,0,INSERTION,INSERTION
stfd_06d39966ae81485e71fec9c3850d78f1,stfd_f850159f54db1ea21bdaf849f5af4e6e,0,0,INSERTION,INSERTION
stfd_06d39966ae81485e71fec9c3850d78f1,stfd_90f5487f8cdfc0da252592ebde472b28,0,0,INSERTION,REPLACEMENT
stfd_06d39966ae81485e71fec9c3850d78f1,stfd_be2630b565c96f91e49271ee0219f35d,0,0,INSERTION,REPLACEMENT
stfd_06ed95162505f40cded6380200e747be,stfd_653b55f63cf7fb943fe99bfebc54b7a0,2,3,INSERTION,REPLACEMENT
stfd_072c64cf83794e15c2a836e91f03bd40,stfd_499436cd72acb64adbf54200e44fd5f6,3,12,INSERTION,INSERTION
stfd_072c64cf83794e15c2a836e91f03bd40,stfd_83a54bceb4e027de48d968e1e90c63be,0,3,INSERTION,REPLACEMENT
stfd_073eec078d691ec2a163a1e4d28fadc8,stfd_3db0446ed747f0ff55a5ea36d296d93b,2,7,INSERTION,REPLACEMENT
stfd_07fe104dd11f8088f33fc5af106d4114,stfd_878b797e47ab3913101a141514383462,0,2,INSERTION,REPLACEMENT
stfd_086f45d7a46bb2379cd956432d01416d,stfd_6dfccef1abc41a87fba2dc184e9e1c3b,2,0,INSERTION,REPLACEMENT
stfd_0961898b9c407929ae12a496abc0edb0,stfd_967b3179a2a3acdaacfbbb0942676a39,0,2,INSERTION,REPLACEMENT
stfd_0abb7543b45ffc55fc5853dc5a6769b2,stfd_9fa1fb9e86e4fc5acfa0160eb4954436,0,2,INSERTION,INSERTION
stfd_0abb7543b45ffc55fc5853dc5a6769b2,stfd_c0fec6306277453336853318e83c2bd5,2,5,INSERTION,REPLACEMENT
stfd_0b12415721e9c1dfde36e2aa219a8631,stfd_72f421a1309b76184c4d7abde497bac4,2,2,INSERTION,INSERTION
stfd_0b12415721e9c1dfde36e2aa219a8631,stfd_6eb703b5994af6e0ab81dd0005956f17,2,2,INSERTION,REPLACEMENT
stfd_0b12415721e9c1dfde36e2aa219a8631,stfd_af7552889eca0c883b8dc542f4b8d7f3,0,0,INSERTION,REPLACEMENT
stfd_0c1daafda033ea001ddb5f47328da173,stfd_d674a807953e73484ae71b7ad583d2e8,2,2,INSERTION,REPLACEMENT
stfd_0d2b0a54f62c0462cd0b5b0f20dd1725,stfd_b3e4957e3f5d6f2ce663a0f89ef861f3,4,1,INSERTION,REPLACEMENT
stfd_0e1a56122f005291210707b0a315caea,stfd_926530ba19e045d25fe55c64edcaf319,0,1,INSERTION,REPLACEMENT
stfd_0e82dcf6f9dcc9915aa520728f0b3627,stfd_70fe43d3af71f6519f505fb4b201138d,2,1,INSERTION,REPLACEMENT
stfd_0ed93011ed1de3d9c837c32853863634,stfd_4433faedb81cb87f2f8e973bbd9c0ef6,0,1,INSERTION,REPLACEMENT
stfd_12261e9dc5acd4f16fbe36363a46fab8,stfd_032efe0f413827dd729d650e493ecf39,2,1,INSERTION,REPLACEMENT
stfd_1270c5eab5238d0d23d7621fc2abfeac,stfd_faf31729be117a8165099739a3321f7a,2,1,INSERTION,REPLACEMENT
stfd_1301e868c4695eb8ff2e2504c29eadab,stfd_d61b4f6620615db59fedab650e8c4906,0,0,INSERTION,REPLACEMENT
stfd_135c87fedbc19a266f19c2437897b8fc,stfd_491e761a2fc58a8f4c12ce2df02f10e0,2,0,INSERTION,INSERTION
stfd_147ab1baa805c0a748cb2ad3cb3a9fc9,stfd_107cf9e9d3be616086d6b47f7e3c5077,4,4,INSERTION,REPLACEMENT
stfd_14fb208de9c87cd6da2fb556bc5982ea,stfd_f901161b651b54467117bd5c619fd405,0,1,INSERTION,REPLACEMENT
stfd_1685fbb7533c57141af8ea15d5290c60,stfd_987f92dc0540967b589aac35b66194a9,2,0,INSERTION,REPLACEMENT
stfd_174eef2d8a69782842e1382ce1157d06,stfd_86f24ca5f37f8e8b81a1000383cda16a,4,1,INSERTION,REPLACEMENT
stfd_18424eedbc2fcbe69c96f822a5b8bc48,stfd_a92c079be97f2ba2310fcdd79e710ad4,2,1,INSERTION,REPLACEMENT
stfd_186113238b1e1a29b72d99836e01e2cc,stfd_c88eb3299b07fb55c871f551a5b614f9,0,3,INSERTION,REPLACEMENT
stfd_188e749f29a98b6226d364f259e5a5c8,stfd_88fd96e2742f6831eb0dc99a47955e70,3,4,INSERTION,REPLACEMENT
stfd_19abe1d3ff654371f29f8b0156ee6aa1,stfd_42285fbd0733c75c0b585f08d068d521,2,3,INSERTION,REPLACEMENT
stfd_1ab660de830c4114957f8a8bf600a5da,stfd_ae1f5bc83fdd580b27ca1c67542e6a47,0,0,INSERTION,REPLACEMENT
stfd_1b267cdc1240060b721f1077ab6f349e,stfd_931a7092330634555bcb2c182cf40431,4,2,INSERTION,REPLACEMENT
stfd_1bf22716a44535f0e6c97bd5602f2422,stfd_067b2ec16b06591fa1fe10a8f9897759,4,4,INSERTION,REPLACEMENT
stfd_1c0c908ea34f79f33a84ca8de2acbacb,stfd_9c4809dd6eaff54684026f8a8765938f,4,4,INSERTION,REPLACEMENT
stfd_1e5a02fd1c0469ad598829b0e9d8b9fd,stfd_28a98497cbec2a97681fad3b8b16da3d,0,1,INSERTION,REPLACEMENT
stfd_1f895e6c6d4dcb1fc158cbf6e7357bf8,stfd_003a5ba4f1f817af97a102776ced6ce9,2,2,INSERTION,REPLACEMENT
stfd_1fc212dbea2213c811bcf2fb442db29b,stfd_2f1484848d9d6f4149ccd805269f4fef,4,1,INSERTION,REPLACEMENT
stfd_20f192b50945d04f46cd6f32b33e51ca,stfd_39ed87e88326905cde6cf173e92edf4e,0,4,INSERTION,REPLACEMENT
stfd_2108a7db0de433451b4c647b72616a76,stfd_9239cc39cab17c7438b19714cc10ec38,2,1,INSERTION,REPLACEMENT
stfd_21125b5b515ef775a9e4782ac11a5345,stfd_b923d5bb0d5d50e99089e652f7bcd2e1,0,1,INSERTION,REPLACEMENT
stfd_213dca87887e6a5ca6a632859a6f7a87,stfd_810481c67809374ef824aadcd9b6bb01,0,2,INSERTION,REPLACEMENT
stfd_2294f65190401bf4d416e18e100b82eb,stfd_8d6a63d7d298a756b4e068efbda6e4bb,4,3,INSERTION,REPLACEMENT
stfd_23e5d37982d2b2f15e9c97cd60f58047,stfd_468c7dbf9b88f18638b90d3588847b21,1,3,INSERTION,REPLACEMENT
stfd_2481a3456e206db6451c6859323ad166,stfd_d71d26e95078c1dd87cfb82628f69997,0,3,INSERTION,REPLACEMENT
stfd_262d2f3e9efd4c1d68628eab336e98bb,stfd_60d980d4e09784ca05f9b371ff9c1f63,2,1,INSERTION,REPLACEMENT
stfd_26915ba4b5680b2014d995a21291a502,stfd_e320d337dd545cacfd538bd03b2457a4,2,3,INSERTION,REPLACEMENT
stfd_26b347b48b6fb5397f543e6e6e722e7a,stfd_ec4ea6e9e86fcfa9283e54b013c44d6d,2,0,INSERTION,REPLACEMENT
stfd_287992f11b96e337479452bd5dff2ae6,stfd_a997a5962b982440648f202e9b2cb064,4,3,INSERTION,REPLACEMENT
stfd_2aa07772d3cea3784e96bab879268d92,stfd_3797523a606d9f10321aa8395d34501b,4,1,INSERTION,REPLACEMENT
stfd_2c318cd67d50b4df2f12643973e320fa,stfd_c0b1bcd0a1bdf39effe9ee3fe346fdf5,1,0,INSERTION,REPLACEMENT
stfd_2e940bf898d59b6cfaf732c16e66d1af,stfd_1d4e61b89c680adcd99d5805509d101e,2,1,INSERTION,REPLACEMENT
stfd_30377f18e0f5b541e3a3b1e35b1d340c,stfd_d643c2beb55bd369af9aee958ebb5565,0,1,INSERTION,REPLACEMENT
stfd_3058e42dd669aefd6581afb68f34de01,stfd_6a4c1f553f4bbe8677b56d40c12e2c5c,4,2,INSERTION,REPLACEMENT
stfd_33f6aacc05d3bd437ee9249a8f94eca4,stfd_d8549d7e0c68aec6130bf37311716a9b,4,6,INSERTION,REPLACEMENT
stfd_364b6dcf68bb771213636bf35e80993f,stfd_78d26909292daf8dabefe2388917e0ce,2,2,INSERTION,REPLACEMENT
stfd_36b1892d27dc63603096a577f87a6cf1,stfd_5e22cb87cff4a53db58c0e2ce138799d,1,3,INSERTION,REPLACEMENT
stfd_378d6b1482c32543de6695d266be24a7,stfd_c2b56c2d67fd267eb7e7705a6d36a1c0,2,4,INSERTION,REPLACEMENT
stfd_3802ee4535d5b6b606e353ab9bb8a587,stfd_5bc7cd9554b5b0dfaabcf1de730715d9,0,1,INSERTION,REPLACEMENT
stfd_396b6b0350e878e9315169add6cbd8dc,stfd_f86998868f53a306544b569ad014c828,4,3,INSERTION,INSERTION
stfd_396b6b0350e878e9315169add6cbd8dc,stfd_6ee4d73a4b33eac11d465e7ac93f97f0,4,4,INSERTION,REPLACEMENT
stfd_396b6b0350e878e9315169add6cbd8dc,stfd_866c377945ac629fdc66d3352b09c831,2,1,INSERTION,REPLACEMENT
stfd_3972944c2a0a7653db0168593f749f4a,stfd_04dc7c64939f0344abd32ac2093d2f33,3,2,INSERTION,REPLACEMENT
stfd_3a30d78f88b2ea24bd13a9eed5f4b213,stfd_64f9fa1ceacd0a3d1078047ce3a6d5db,2,2,INSERTION,REPLACEMENT
stfd_3a8a09f535e8f6bb1d66cb0758445205,stfd_68fdd0b464ba5e51fa3bccb09055e5c7,0,5,INSERTION,REPLACEMENT
stfd_3ad8bd5f3ef2517848370ab1a0892edc,stfd_00f36f420e9ed627af1070c80a16e67f,4,3,INSERTION,REPLACEMENT
stfd_3b33e341ecbfd853ee0c2c0b56a0dd2c,stfd_877ce85c7e74fcef7fe40abffae6ea48,0,5,INSERTION,REPLACEMENT
stfd_3d77b681def87ea7c7101f30e560d419,stfd_9ac067d3e5117ac0582073a648689308,2,1,INSERTION,REPLACEMENT
stfd_3eb9b916d3a717a74bcaf828f27c6f20,stfd_76755916d9afc69569e4dc44bc671352,0,0,INSERTION,REPLACEMENT
stfd_3fd0ea7bb6a1da3d476dfd29c3e12850,stfd_67299637e14f593d329853e29785bc62,2,2,INSERTION,REPLACEMENT
stfd_400139972b2d03bb238628b17472cae2,stfd_e4597b525bff166c72265553934c3b20,1,5,INSERTION,REPLACEMENT
stfd_40048221078f8be54feeb6e1981ae228,stfd_924b4a953afa7d28603ec3369e737f9c,2,3,INSERTION,REPLACEMENT
stfd_42d292f899207aa9160634af719fdd17,stfd_380d6bfa80c8b359f8739f4820ce22cb,0,2,INSERTION,REPLACEMENT
stfd_43200379c29550fc0a8c81f8902ad9c2,stfd_b0872b3c1f1e2659e4bd283a278beac6,2,1,INSERTION,REPLACEMENT
stfd_4375ab03295285faff554e8a0bc6ed5e,stfd_1f6033a6b5adfb16a74a5bca6ff2b7e5,0,1,INSERTION,REPLACEMENT
stfd_43ad5502fb58f8b65afd72f74366c866,stfd_63f80179ef664e15746e3b55c9d1280e,0,2,INSERTION,REPLACEMENT
stfd_45da521e1d3295c4567fd710e48b949a,stfd_2e98bc73357a1fa11cc013f02d48e042,2,3,INSERTION,REPLACEMENT
stfd_466ea558ed74cca5f4d3385e6c798f43,stfd_a0140f6bcfa75e5c79384a2270951027,0,0,INSERTION,INSERTION
stfd_466ea558ed74cca5f4d3385e6c798f43,stfd_043dca008c5bdbc60f836dee1b09255a,0,0,INSERTION,REPLACEMENT
stfd_466ea558ed74cca5f4d3385e6c798f43,stfd_489cd44515f4e99dffb3679b5f4ec717,0,3,INSERTION,REPLACEMENT
stfd_46c566b686b6d7cbbc2e338de4e4201f,stfd_040cd5e097c944b01e9100f64a8e08a9,2,2,INSERTION,REPLACEMENT
stfd_499436cd72acb64adbf54200e44fd5f6,stfd_83a54bceb4e027de48d968e1e90c63be,3,13,INSERTION,REPLACEMENT
stfd_4ab59db6bb5644c5240c9ef8a40557a1,stfd_83e365090d2e410816e9bb1e040f4400,4,4,INSERTION,REPLACEMENT
stfd_4b40d1fa2644ef33dfee7decd540a96a,stfd_12b4b3511b85556659c76dea6463b2b0,4,2,INSERTION,REPLACEMENT
stfd_4bb4f6fa0a169f46ec72e07420ef9a11,stfd_b6cc566803cc11b12dc1895d6abbfed6,0,3,INSERTION,REPLACEMENT
stfd_4c8d5badae1b67b2c2e59b4866a2836e,stfd_17103635c21d54d40fe2887b0e1616bc,0,2,INSERTION,REPLACEMENT
stfd_4d2cd40257c68d1a9c86f0d7edfdf2de,stfd_436783f0444d07a5ee033e8aa174deeb,0,2,INSERTION,REPLACEMENT
stfd_4f0bd272387950b3954b95601e07715b,stfd_f1d744e9cc0486d85726f57425a678a0,4,3,INSERTION,REPLACEMENT
stfd_5013885c6d44e791b00a07e44068cbc6,stfd_d00209e23ff37710fe5da9e32e531532,4,2,INSERTION,REPLACEMENT
stfd_5022394306e4c731eb5ff791cd442d3f,stfd_c77558da3e99ad5d5a23aa03973b702e,0,3,INSERTION,REPLACEMENT
stfd_50c404207535097c33ef5e28069fe9dc,stfd_da355aeec3f0eeb23fceeda5b6689675,4,0,INSERTION,REPLACEMENT
stfd_51dfb1cc771c37a47d438d278aea67f1,stfd_f9fd575334f80b8131742358f81b8691,0,0,INSERTION,REPLACEMENT
stfd_52aee0fe2e5d1e564d2a2f7eb3da6e33,stfd_c167dbbc7ef5f3f4610de852010c49c6,2,0,INSERTION,REPLACEMENT
stfd_52b80e8fb03662eaace6e21d1b78bb94,stfd_79ae8fb2f464e82ea45592d78a56d604,2,3,INSERTION,REPLACEMENT
stfd_548969a70c50b2c009f6abfe6dfce07a,stfd_ee749b9ec4e1e6429283357d71573fe4,0,1,INSERTION,REPLACEMENT
stfd_565daa8ae2b66b4ef4c9d6effa7db760,stfd_05f3f47e7affc584d53d7dfff5d55934,2,1,INSERTION,REPLACEMENT
stfd_569dc781f25968174bad049b2bb24d4b,stfd_0c94cbea709dc37babd9f18749c9f9d8,0,0,INSERTION,REPLACEMENT
stfd_579459648c5efa1ed7687f6d70a27936,stfd_2d10dd047ad64484234b4d3c3d1e0916,0,3,INSERTION,REPLACEMENT
stfd_5b01b4de471ed9f19c4f9dbd2e38de69,stfd_bd0d0c89e440988e00aae7a7f1422f28,2,4,INSERTION,REPLACEMENT
stfd_5b539f79c1ce91bf4100994a7c4dc608,stfd_b340a8bcc2d82c5042da0331a85da06c,2,1,INSERTION,REPLACEMENT
stfd_5cc6b74b9a769c546ba50746f5a1d253,stfd_302a8dba3752dcd9dbfe7b11d3e56652,3,5,INSERTION,REPLACEMENT
stfd_5ceb726f093e5456ada14ddea6b70145,stfd_ccbc77d663384310626889ce57567983,2,2,INSERTION,REPLACEMENT
stfd_6034c5c456abfcbfc3b8fea78031d196,stfd_c64f5b757981c4118e0242a986d119b6,2,2,INSERTION,REPLACEMENT
stfd_609c806fac312ca3e59a7deaff5e2ba8,stfd_f185ed5f39a801a758cebe34ad0029e4,3,1,INSERTION,REPLACEMENT
stfd_63b5543ef1f06862d2f9afea2bba469c,stfd_6213c585e05b9aad9c29c06cc990e544,0,4,INSERTION,REPLACEMENT
stfd_63c9ad0a1c76a46caf16a78a38369999,stfd_89406a926968f1c7b335e65ce18c18ee,4,0,INSERTION,REPLACEMENT
stfd_646310ef871b507a7a84e478f1697c8a,stfd_59ec8655aad4f7e92ab07d430b7c7015,2,2,INSERTION,REPLACEMENT
stfd_65440f494727d951721fa574a9dcb409,stfd_5beda94fcb862ed78f8d8ee353a0f8e7,2,6,INSERTION,REPLACEMENT
stfd_662dc365ba668a6abcd5f5202fcc7ad6,stfd_e8255a71836a1dab3b0a24bbf996a237,1,3,INSERTION,REPLACEMENT
stfd_6672bcb0d68fcb857fd544ca117a97f1,stfd_eee094814470069a0998d5b9d56a6888,0,1,INSERTION,REPLACEMENT
stfd_68b731bcd14eb7b45b9c8fb29bd25964,stfd_850ce7266cdd2632258e9f3b6acfd3a0,2,2,INSERTION,REPLACEMENT
stfd_68e5a0a6de96e47e6af689931f778bc8,stfd_b652d59da55c772a493036b4183291a0,2,2,INSERTION,REPLACEMENT
stfd_6bc784d1a364dd2180e470874f884348,stfd_0dcb95d05d9a58de5ab961327d77aee9,2,2,INSERTION,REPLACEMENT
stfd_6cd0ab6ca8e70561896754b4c6d1790d,stfd_0f739bdc2a6289099a10ebfd8ad5d95e,2,2,INSERTION,REPLACEMENT
stfd_6d6bdeff5f97c0f44b81fe66a3942a43,stfd_b3d57ceaf695ba20621a526e2c28b7ec,0,2,INSERTION,REPLACEMENT
stfd_6eab1d7b96a18c0a27239c7d888c4a96,stfd_0e3a4a4dd1f4a923e06ac66183be9c0d,2,5,INSERTION,REPLACEMENT
stfd_6ec615ebf3726d13c414fee62f462590,stfd_3347e39afe7ec929d9f3d18fd2b70dd7,0,2,INSERTION,REPLACEMENT
stfd_6eedd85aa5b86af045aaaff999d9a807,stfd_3de06b98962c9aca65a144000dd77504,2,2,INSERTION,REPLACEMENT
stfd_6ef590a3ff8aa74c2dc2a391d35f29db,stfd_bed2db3ae92d3ecc39a2f6452c2678e2,2,0,INSERTION,REPLACEMENT
stfd_6f277433a93da5ca5e3d256b4d30bf0a,stfd_baba752cdc7a0c874dfd53e2d04d1d8c,2,1,INSERTION,REPLACEMENT
stfd_6f9eca35d17d6a1b868fd13e736c2ab2,stfd_84337fc8123725486e312b3c04f366b6,3,3,INSERTION,REPLACEMENT
stfd_71fe8170eb2ba00b90522dd69f6b33cb,stfd_35abc3b802b246cd6ce4d0b76e80c554,4,4,INSERTION,REPLACEMENT
stfd_725ae4101efd747f9819155e12b9a927,stfd_106595213ff0b8f3db04476d120478e9,0,2,INSERTION,REPLACEMENT
stfd_72f421a1309b76184c4d7abde497bac4,stfd_6eb703b5994af6e0ab81dd0005956f17,2,0,INSERTION,REPLACEMENT
stfd_72f421a1309b76184c4d7abde497bac4,stfd_af7552889eca0c883b8dc542f4b8d7f3,2,2,INSERTION,REPLACEMENT
stfd_7456783cf40852b29234a5665ec9c1e9,stfd_964342a0a9f4f4bb4bac6d7db8818001,3,2,INSERTION,REPLACEMENT
stfd_74843b6b5bb51d4a4a9535837890df51,stfd_3797523a606d9f10321aa8395d34501b,4,8,INSERTION,REPLACEMENT
stfd_75fa2cd7e5805030313605db0c06e00b,stfd_1ade8d5dc59f3c78ed87a6c276fe8b99,0,13,INSERTION,REPLACEMENT
stfd_75fa2cd7e5805030313605db0c06e00b,stfd_5e65399c55884886e1c7fbe2c3d3afa2,3,12,INSERTION,REPLACEMENT
stfd_76ea8baa213f12d1701f7b5d726953b0,stfd_6b3e9b75651da17af47fdac507dc1dd9,0,0,INSERTION,REPLACEMENT
stfd_7757e5e12918d2c07734e625bdf95c9d,stfd_a0fafe85001d410cd8a0b08cdce0ad69,0,2,INSERTION,REPLACEMENT
stfd_7c5c4a224f192fab0f4a1c919c8d6079,stfd_713740a8de284e26ae7a8f47eac32498,0,0,INSERTION,REPLACEMENT
stfd_7cfbcd6d3f467e2096a841392cfcc18b,stfd_603075117e6b4f723110179565ba14da,2,2,INSERTION,REPLACEMENT
stfd_7d62428163b0a458f0c574a33fda0898,stfd_448ac13a43c9470e5968e78d5fda5b02,0,0,INSERTION,REPLACEMENT
stfd_7f03fe0c3104fad49a562aa24bd6d2c9,stfd_c0de151a743ebfae842398c57c43ed55,2,3,INSERTION,REPLACEMENT
stfd_84971ccee9353660d8188e01205486d1,stfd_aa9aff590cb9075a1dee1329d1352519,4,4,INSERTION,REPLACEMENT
stfd_84ad51f3ca53ad764870c4fa5a3635af,stfd_c7cb05972cd4fa3922d99a7f514e8f37,2,2,INSERTION,REPLACEMENT
stfd_84b6a2d361363fdf609f74455f019d5b,stfd_960cc760d6ad315fc8c7964e56327c30,4,2,INSERTION,REPLACEMENT
stfd_84d5f3b002a94ebaa34986ff2eb1c789,stfd_746e8eb89c7025c9263b0d60900c0fe5,3,1,INSERTION,REPLACEMENT
stfd_8592006d2dd33f0ab3ec21aab3e41d79,stfd_df88962fc5d7f6382da9c93b515ca47e,2,3,INSERTION,REPLACEMENT
stfd_85caa0ce91a8477364124770f483a4e0,stfd_b86a7b870abbfec200003c3da7805131,0,1,INSERTION,REPLACEMENT
stfd_8660858fc734ff8e1a64d1eeb8db1e0a,stfd_4d533b31e9385cb77b5ce34b3dd7b0ea,2,2,INSERTION,REPLACEMENT
stfd_87c5bbce06a32a13ad39dd6dbab23130,stfd_112058d63eab29e98906112e11c7ff53,4,3,INSERTION,REPLACEMENT
stfd_88c8e01ade162b88a8eca19dcd2f9714,stfd_cf1f7c6c77fd40f97df8e1007f0a52d3,2,4,INSERTION,REPLACEMENT
stfd_88f8ad4484295991a5d6cd5c88933cbb,stfd_557c38e1cabaa375eb873aade3a4d733,4,3,INSERTION,REPLACEMENT
stfd_894e2ddb8ddf48353c4b62c371c4519f,stfd_cfecc3ab77eb95eee85def5decda9611,2,3,INSERTION,REPLACEMENT
stfd_8975d5eea21b55ccd0edcf56cfa1ad78,stfd_54c3068c1efc454c31927d43f799c788,3,2,INSERTION,REPLACEMENT
stfd_8a0f038a0a4457522f1fa4de3b963c78,stfd_9ec9828342a257e0aef4c283899946c2,3,1,INSERTION,REPLACEMENT
stfd_8a208b9ee4fa588237ba7e6cc81245da,stfd_8c9a5487cfeb49366e2c041b95e073fd,2,2,INSERTION,REPLACEMENT
stfd_8c7e2d21e2e7b5761d53c78d878b8220,stfd_772651e11ef9b5e5a9d41a9497cb8a83,1,2,INSERTION,REPLACEMENT
stfd_8cf56190df66e92d0deed435ca8fa552,stfd_498f131f4061ed588d4a7a6e5298941b,0,3,INSERTION,REPLACEMENT
stfd_90c85ee7c87c1d108b9c5db27bd942ee,stfd_0086660a792bf62730c1bb8cce734cda,3,4,INSERTION,REPLACEMENT
stfd_9124e202e18b5adeec0260cfab653755,stfd_7d8ddeda9fd851f05b39e02de69f4e21,0,0,INSERTION,REPLACEMENT
stfd_967c580d5cdd09562720f721022a77a1,stfd_db676a79534dc58f940d7bdf97ff38b0,0,4,INSERTION,REPLACEMENT
stfd_97260dd58e75106653de57acc80d418b,stfd_725493ba4f6fe6eee2b26d220a40124f,4,6,INSERTION,REPLACEMENT
stfd_97b46dc52b8d71b07a844e26008d4378,stfd_51afacdbeb46b5450f9aac07f139e31a,2,1,INSERTION,REPLACEMENT
stfd_982b8c7d4cfdfb6d2ab2a4ca35888037,stfd_ebfd40d8fc74ae2d2712422d02189ff4,4,0,INSERTION,REPLACEMENT
stfd_98c449d696f012e669f025cbc4d25d68,stfd_bf0b8a73636c54ed5132fbee548af1b2,3,6,INSERTION,INSERTION
stfd_98c449d696f012e669f025cbc4d25d68,stfd_f1e6907fa3056aae39311f23e6a8d754,2,4,INSERTION,INSERTION
stfd_98c449d696f012e669f025cbc4d25d68,stfd_7b0b9516c50894aface53a9451b28da5,2,0,INSERTION,REPLACEMENT
stfd_98c449d696f012e669f025cbc4d25d68,stfd_cdee45660f1ebb75528610e241f65751,2,5,INSERTION,REPLACEMENT
stfd_99205c2eb5c0b18c90d2f59334f0aa34,stfd_7b64f550c54c4baf81da7d945142c8d6,4,2,INSERTION,REPLACEMENT
stfd_992a2649b2ab15fafd8ab36543815346,stfd_71672c5a3183ec362d03ebe27bb275dd,3,3,INSERTION,REPLACEMENT
stfd_99b412f38e4cd2a1ab5d4da7ab286d5d,stfd_b7727655d8b7afb5952374c604c1b5b6,2,11,INSERTION,INSERTION
stfd_9a0a6db9a4e9ee4e09a92677250400c0,stfd_6661dbbfea096ab0ac494b830a35404b,2,3,INSERTION,REPLACEMENT
stfd_9a5a396365a2beb9c8bb28a616210413,stfd_6220c04e2aa0a5a01beb7f99bf4d30ab,0,1,INSERTION,REPLACEMENT
stfd_9afa2732a69ecf1ee876349903530b47,stfd_41ea1e479d262c97a7e6488abd69167d,2,3,INSERTION,REPLACEMENT
stfd_9c3bc62acee636bd6f83c95622e384c3,stfd_b914590d9faa7ae5783fd03d6c052b3e,0,5,INSERTION,INSERTION
stfd_9c3bc62acee636bd6f83c95622e384c3,stfd_9624b3b249ce9f01373777f286d1b328,0,3,INSERTION,REPLACEMENT
stfd_9c3bc62acee636bd6f83c95622e384c3,stfd_c9dfda5c8d8967058ae3c00933b63fca,0,3,INSERTION,REPLACEMENT
stfd_9cfbb2309dd32047a99728e7110a03c8,stfd_9f2b969b17ea7d8e56504a06a6e04803,3,2,INSERTION,REPLACEMENT
stfd_9d61bbe2576aa1b1e6267991fb346a6c,stfd_55efc3ad133fa223cfe331906c00286e,4,1,INSERTION,REPLACEMENT
stfd_9e2629d1b9585c56d7e88093e0a9dbb1,stfd_94eeb2aec5f2230a21ac226b417c6c48,4,0,INSERTION,REPLACEMENT
stfd_9e76127e20359df592b073cd183817c3,stfd_13bf7d2e3905bdd56116343721157289,0,2,INSERTION,REPLACEMENT
stfd_9fa1fb9e86e4fc5acfa0160eb4954436,stfd_c0fec6306277453336853318e83c2bd5,2,3,INSERTION,REPLACEMENT
stfd_9fbbda69bcb21d6c1b3c8e9e6f891793,stfd_6058acf2dfc6a374add5cc8e438814dc,4,1,INSERTION,REPLACEMENT
stfd_a0140f6bcfa75e5c79384a2270951027,stfd_043dca008c5bdbc60f836dee1b09255a,0,0,INSERTION,REPLACEMENT
stfd_a0140f6bcfa75e5c79384a2270951027,stfd_489cd44515f4e99dffb3679b5f4ec717,0,3,INSERTION,REPLACEMENT
stfd_a0bc071f046694c27d992a5ca74576bb,stfd_a660f13063e75581afb9919b6709eefe,0,2,INSERTION,REPLACEMENT
stfd_a14acecd2b652c374ae5464c50e35af0,stfd_87297551a97a23449ba30857813840d8,1,4,INSERTION,REPLACEMENT
stfd_a28876adfc7cc3a6070eb175ccc81270,stfd_98b0720c8311beb739720a7bee911e7a,2,2,INSERTION,REPLACEMENT
stfd_a2bdef644908003aebb8b002592fac18,stfd_0bd819f1c91dac95f5577ca2c0cd3909,0,4,INSERTION,REPLACEMENT
stfd_a3356b0008cebe44054c320ed5f6fb1f,stfd_d99fee8597356616d0779ac72304d136,4,1,INSERTION,REPLACEMENT
stfd_a527927e574626c5a95a50f2728df502,stfd_6c40fb437cd09f00ba016b680f3f8dc3,2,2,INSERTION,REPLACEMENT
stfd_a64562685ec60bd48bbd509f2a67e4f6,stfd_7dc751e3b75c8db65cee167bec7cf17e,2,2,INSERTION,REPLACEMENT
stfd_a8af33bdf8b18f55a346cf0868de36ac,stfd_a3a2ba479b765a99c6c96ac3095ac5c3,0,1,INSERTION,REPLACEMENT
stfd_aa50de47ddbbd76c4da2e67be294b178,stfd_492b909f0062e1ad487498a86fc93896,2,4,INSERTION,REPLACEMENT
stfd_ae0367242c990af6bb10483d40e24743,stfd_e396f89bc6a669b3c338649b5801ee57,2,1,INSERTION,REPLACEMENT
stfd_af6896a7bd01d7f1873dd31df9d3c48b,stfd_34c30d391c78eaa9b3ddd9ff46b1ca7f,0,1,INSERTION,REPLACEMENT
stfd_afee3219de5ffbacd29a881c1cf0ff01,stfd_2662a2ad372dea4d028ab5568fab17ac,3,1,INSERTION,REPLACEMENT
stfd_b06efae7305940c35363ff3c5970ea06,stfd_b0dba03973389461cdcac737854a5065,2,1,INSERTION,REPLACEMENT
stfd_b1a0d5fe9cb1b988bdd2f2e128f2a018,stfd_4af44a7575f273b0d72f91471e49f8e3,0,3,INSERTION,REPLACEMENT
stfd_b3eb07845718c776855797298f4cb619,stfd_9f626cc118fb8097fc492b6d313fc4b2,2,1,INSERTION,REPLACEMENT
stfd_b56d496a7ecd93701dea36a3f2145482,stfd_f850159f54db1ea21bdaf849f5af4e6e,0,0,INSERTION,INSERTION
stfd_b56d496a7ecd93701dea36a3f2145482,stfd_90f5487f8cdfc0da252592ebde472b28,0,0,INSERTION,REPLACEMENT
stfd_b56d496a7ecd93701dea36a3f2145482,stfd_be2630b565c96f91e49271ee0219f35d,0,0,INSERTION,REPLACEMENT
stfd_b7020db431619bae81f60aaf61e6837f,stfd_c11e86a0d9ffab5022ca865cd5bc7542,2,5,INSERTION,REPLACEMENT
stfd_b914590d9faa7ae5783fd03d6c052b3e,stfd_9624b3b249ce9f01373777f286d1b328,0,2,INSERTION,REPLACEMENT
stfd_b914590d9faa7ae5783fd03d6c052b3e,stfd_c9dfda5c8d8967058ae3c00933b63fca,0,2,INSERTION,REPLACEMENT
stfd_ba4e67c944cbc7596cec4619cbeb744d,stfd_e31ff0547c0046ae238f16cad163e10a,0,3,INSERTION,REPLACEMENT
stfd_bb53b0bed5a8b83962d06fd14d93c3fc,stfd_7c9774ca28549afd6d7cc953ef9eee2f,0,3,INSERTION,REPLACEMENT
stfd_bdaacbb4d371c27c48d2e81aa0573a58,stfd_3bb6068a6d9f9e286960464cb323774c,2,5,INSERTION,REPLACEMENT
stfd_bde3d4d15bd81f20b8ecef3117ec9359,stfd_1edf0e21e3debbc2036d86eb1c9f1fe6,2,1,INSERTION,REPLACEMENT
stfd_bde40e3937bd5d21dd75fffe7d481b1c,stfd_1f01e64b8436911b1ef600ae888c3937,0,2,INSERTION,REPLACEMENT
stfd_bf0b8a73636c54ed5132fbee548af1b2,stfd_f1e6907fa3056aae39311f23e6a8d754,3,8,INSERTION,INSERTION
stfd_bf0b8a73636c54ed5132fbee548af1b2,stfd_012da1ee7cdf86562da37c8de858cab7,2,4,INSERTION,REPLACEMENT
stfd_bf0b8a73636c54ed5132fbee548af1b2,stfd_7b0b9516c50894aface53a9451b28da5,3,6,INSERTION,REPLACEMENT
stfd_bf0b8a73636c54ed5132fbee548af1b2,stfd_cdee45660f1ebb75528610e241f65751,3,9,INSERTION,REPLACEMENT
stfd_c10696083ca5876aa890e74532a5b78d,stfd_252398dc19b96dc7b83b474c03d2d8b6,0,4,INSERTION,REPLACEMENT
stfd_c16460bc760cb1195be3b8d57f32e0ad,stfd_8a18e8dcb2b7f1a6868bbbe38a24819c,4,2,INSERTION,REPLACEMENT
stfd_c2b853f18928c6ad0d553627846c37c9,stfd_f9ac37badc5cb384567c0c06cab432e0,4,2,INSERTION,REPLACEMENT
stfd_c4d763a28b9d70bc05c8448dc732fd81,stfd_ea0b1ed25cacf75143541948c238a593,2,6,INSERTION,REPLACEMENT
stfd_c4f0bc56886a3668ac544d796f767516,stfd_9113622759c77596c24e92c9013abd67,0,0,INSERTION,REPLACEMENT
stfd_c58022430125528fa59d5db5e9ffd620,stfd_00c8d9bf42cc3d7ff5bf522144441f9c,0,2,INSERTION,REPLACEMENT
stfd_c5e83c067d17b2bdcf244e6990f39fe3,stfd_a3b133f72bc82b1d78bb0755dfd25928,4,3,INSERTION,REPLACEMENT
stfd_c66653cc87a9f049ff6331c3aa53add3,stfd_791d787a709da2015ed5a9b0b2511dfc,2,1,INSERTION,REPLACEMENT
stfd_c6c3b469b0af21d576af5673946eacb6,stfd_c32755de915c06a915d4d2b0020f6a4b,3,0,INSERTION,REPLACEMENT
stfd_c931bef0a78f2cdb2e7fffa3ec993f83,stfd_bb454e6da22871f6acfa395ee1957d28,2,1,INSERTION,REPLACEMENT
stfd_c9ab2299e8100315df1968ba53ae23f5,stfd_59b1bb8dc9dcf6bcd306ea69da7ba924,2,1,INSERTION,REPLACEMENT
stfd_c9e179aefe2ba4339f5a7146424c5641,stfd_3a2fa8b49be34b1a40bef66cfe37da4d,3,2,INSERTION,REPLACEMENT
stfd_cac8b6b1097494cba8d3344a842d1daa,stfd_cbe09452d75706c9aa36e437c7864c12,2,5,INSERTION,REPLACEMENT
stfd_ccad228c1ab12e6903d31e70ad6613ea,stfd_d4bf0620a3fa853283699123413f5c71,0,0,INSERTION,REPLACEMENT
stfd_cd77b15ea46c526a1007cd1e5e7a46bd,stfd_4a5b2c170d40bab7fec53c307e51edfc,4,1,INSERTION,REPLACEMENT
stfd_cd8466ea6c73bd256036de731da5817c,stfd_4e025cbb292adbd3278b1a29431a685b,0,2,INSERTION,REPLACEMENT
stfd_cedd3690e19c3c3530967e0085e425ae,stfd_4e9532c25fdb3dfced0b506b9be7e12e,4,2,INSERTION,REPLACEMENT
stfd_d0513b8c5492a5f9af29d33ab8400240,stfd_f3e6521365c31481848702e782df84eb,0,4,INSERTION,REPLACEMENT
stfd_d0fbb602486f1bf9478cdba9cc3bcf4b,stfd_a8f239d1baa06d61b95a423e27b4cf6c,1,2,INSERTION,REPLACEMENT
stfd_d193d07b39d7b91406a87e13bc1fdad3,stfd_faed41edaa3829f9247ae24c505dc289,2,0,INSERTION,REPLACEMENT
stfd_d3e00a51fcdb45692d75d69f896cc36d,stfd_6b53c2096bd18cbe9e135bcfea5fda9e,4,1,INSERTION,REPLACEMENT
stfd_d4c06efe71be1fcddce7c3d682d1811a,stfd_b7191ce5e1697824021f3e3ab3890f8c,0,3,INSERTION,REPLACEMENT
stfd_d7647b824f8e9437fbad1c473c45502b,stfd_c635212c278cd5239676de187c26945e,0,0,INSERTION,REPLACEMENT
stfd_d9d1f40632fe99c00d60788b044d5e6d,stfd_a7d7263979ac4c12f22dea92310eafbe,2,5,INSERTION,REPLACEMENT
stfd_da754e5a1109ef7647f84cfb0bd8f3b7,stfd_49f8a914f18c0f39477bee5ba84e4379,2,4,INSERTION,REPLACEMENT
stfd_dbe48a540b36df0a1e018434287dc1c5,stfd_caa29850497e389bac6bd9dc1c6c957e,0,0,INSERTION,REPLACEMENT
stfd_e063ac5da8c7bdcd08d2c9e69cbbd042,stfd_de84046bc6b8923c0b9cc6e5beefc745,2,2,INSERTION,REPLACEMENT
stfd_e1418c9830f82aa4de15d3504f4da148,stfd_b486ea6faa14d49d2db2126f068b0beb,2,1,INSERTION,REPLACEMENT
stfd_e19381542347d0f0f658cdf9ee19a0d9,stfd_2ee60e655af8d6e7e022e4b1c41f558d,2,3,INSERTION,REPLACEMENT
stfd_e1fa777152b564cfcbfa487594fdb264,stfd_114def2ad2b3fe7dd002783e30e0f1f4,0,1,INSERTION,REPLACEMENT
stfd_e3e7c06946f72cd4bb634578dacc8a80,stfd_b17a32250824cc63e08e6359b23051e4,3,1,INSERTION,REPLACEMENT
stfd_e443980da112cbce0c6ec364f367ba14,stfd_39524aea5166d77e162c0483dd84a319,2,1,INSERTION,REPLACEMENT
stfd_e4810dea71aad81143adf67aa30c807e,stfd_74e4cdfdb3535c2854af311ddc8d8fe3,1,3,INSERTION,REPLACEMENT
stfd_e55971f968dcfdbf16e79581740aa4de,stfd_954834e62d64a4d9e4b29002a364df58,2,3,INSERTION,REPLACEMENT
stfd_e71751ee33736263a6e204f30197b604,stfd_260ed48e6e6b8a36e3a99eb8567f520f,0,2,INSERTION,REPLACEMENT
stfd_e99f451168a3e313d84ac9c233e82b3e,stfd_244b82433dda1832ccdd467880894118,4,4,INSERTION,REPLACEMENT
stfd_e9e6b69b76554304b22394252067b75b,stfd_f93d538e746d7d44f024fd8419681930,0,7,INSERTION,REPLACEMENT
stfd_e9e816856cefed1bb6626b871e306442,stfd_ae8a9b13690ca068ece089ffebd88977,4,1,INSERTION,REPLACEMENT
stfd_ec8818bbabf2df8415e90a15c586ddb2,stfd_c0130908affa4e62a3273cca40438505,0,0,INSERTION,REPLACEMENT
stfd_ed42d387bdb01c697bc1433f84085999,stfd_f684feb2045d2d6596d981b721649861,4,1,INSERTION,INSERTION
stfd_ed42d387bdb01c697bc1433f84085999,stfd_160cd2d92f28211a11ceb17c603d6126,4,3,INSERTION,REPLACEMENT
stfd_ed42d387bdb01c697bc1433f84085999,stfd_4d4af9af572060eaccee07e1e59ed4b4,2,2,INSERTION,REPLACEMENT
stfd_edb6b14a95e5bf7fb85f84f6af43f267,stfd_fff4187a73a62199b2978c7c4ff05f99,2,1,INSERTION,REPLACEMENT
stfd_ef0ee4b59748a987c202a5338c5bc762,stfd_9a2e272a9b4069daf7cdcf848e3a16ec,0,3,INSERTION,REPLACEMENT
stfd_f10cf7d65088775b8ee2b127d12e7a47,stfd_4794157c72b552fed5a8e6b6c4f1971c,2,4,INSERTION,REPLACEMENT
stfd_f15750ac69a8fcacf22e84ef41f26db9,stfd_ce768c8644bc198c1f01e9f53e947e54,1,2,INSERTION,REPLACEMENT
stfd_f1e6907fa3056aae39311f23e6a8d754,stfd_7b0b9516c50894aface53a9451b28da5,0,4,INSERTION,REPLACEMENT
stfd_f1e6907fa3056aae39311f23e6a8d754,stfd_cdee45660f1ebb75528610e241f65751,0,1,INSERTION,REPLACEMENT
stfd_f1fd1935c712a2a3917f4513d409bd33,stfd_c67b4a7803508b35c080b283dc3883f4,2,3,INSERTION,REPLACEMENT
stfd_f2b8c6c8963cef86f87bf5ff0d5d821a,stfd_d4af7af0bb7f37eedfdd9c4f07f93892,0,3,INSERTION,REPLACEMENT
stfd_f44cd00ff767a5f7e18c6a30b916c06a,stfd_f1d14e2cb78c22aa51c20fc16fcaf2ef,0,1,INSERTION,REPLACEMENT
stfd_f559297d33ede205b468dbeb59b70680,stfd_fafb1bcffb7f13b78e2792ccb383ca44,2,2,INSERTION,REPLACEMENT
stfd_f5d81e711b4d011cd64555e67ae08aa2,stfd_c69defe40c9df0f8c2c9eae8cf607d59,0,3,INSERTION,REPLACEMENT
stfd_f616d9bdd05f9a099b26f3965ef602d7,stfd_c92f120b1361126e01d01341a5fa69af,2,1,INSERTION,REPLACEMENT
stfd_f684feb2045d2d6596d981b721649861,stfd_160cd2d92f28211a11ceb17c603d6126,2,2,INSERTION,REPLACEMENT
stfd_f684feb2045d2d6596d981b721649861,stfd_4d4af9af572060eaccee07e1e59ed4b4,4,1,INSERTION,REPLACEMENT
stfd_f846b79da4a4c0239460a5af7d1ea1a2,stfd_fabd143aba79c0bc969a036bc15401e4,0,2,INSERTION,REPLACEMENT
stfd_f850159f54db1ea21bdaf849f5af4e6e,stfd_90f5487f8cdfc0da252592ebde472b28,0,0,INSERTION,REPLACEMENT
stfd_f850159f54db1ea21bdaf849f5af4e6e,stfd_be2630b565c96f91e49271ee0219f35d,0,0,INSERTION,REPLACEMENT
stfd_f86998868f53a306544b569ad014c828,stfd_fca0b5a96d944b473a1ffa08f4bec3f0,4,2,INSERTION,INSERTION
stfd_f86998868f53a306544b569ad014c828,stfd_866c377945ac629fdc66d3352b09c831,2,4,INSERTION,REPLACEMENT
stfd_f8ddd17e67c497719f3e8b0c48b59a3c,stfd_090ac60cd4b17b66ce1d4dce3a67a7c5,2,0,INSERTION,REPLACEMENT
stfd_faacf9de1c2c1f5765f8e82e25353eeb,stfd_0e4d3a9d7972fcbd4b1985f571275940,3,1,INSERTION,REPLACEMENT
stfd_fb589520d111fbdc4f2333574eb56666,stfd_5e9f070a666df4236bd8c1001704db72,2,0,INSERTION,REPLACEMENT
stfd_fb94364ad12dae84902ae406983144a1,stfd_22f112d4539de3f7ec99d08c07828475,4,5,INSERTION,REPLACEMENT
stfd_fc760c8df9cc74c11de494109d4f73d1,stfd_1050dfe933b6e454daae1a9085b16fb7,4,2,INSERTION,REPLACEMENT
stfd_fca0b5a96d944b473a1ffa08f4bec3f0,stfd_866c377945ac629fdc66d3352b09c831,4,4,INSERTION,REPLACEMENT
stfd_fdd2b67a57e90b9c76c3bf4beb25c4a1,stfd_448acbe7c5aa1a953a2ac039261d3794,2,3,INSERTION,REPLACEMENT
stfd_fde2042e26dec37d1cb17d7ec55966e9,stfd_d5255736c768db27b232cd4958e51fd5,2,3,INSERTION,REPLACEMENT
stfd_fde4b273a98efc2ac4ade147d16ddb44,stfd_d54911805bd81619e2727bd92f645061,0,2,INSERTION,REPLACEMENT
stfd_fef7659a07a083e5c08b06485a729921,stfd_d3ef326bcaf2480a124223e23bd8c253,2,4,INSERTION,REPLACEMENT
stfd_fefdeffcaf4b6dd115b566587c2b41a9,stfd_0e09560968081e9fdcb0017cea20d7d0,4,5,INSERTION,REPLACEMENT
stfd_003a5ba4f1f817af97a102776ced6ce9,stfd_b486ea6faa14d49d2db2126f068b0beb,4,18,REPLACEMENT,REPLACEMENT
stfd_043dca008c5bdbc60f836dee1b09255a,stfd_489cd44515f4e99dffb3679b5f4ec717,0,3,REPLACEMENT,REPLACEMENT
stfd_160cd2d92f28211a11ceb17c603d6126,stfd_4d4af9af572060eaccee07e1e59ed4b4,4,3,REPLACEMENT,REPLACEMENT
stfd_1ade8d5dc59f3c78ed87a6c276fe8b99,stfd_5e65399c55884886e1c7fbe2c3d3afa2,3,9,REPLACEMENT,REPLACEMENT
stfd_3074e40e8605bcae551d231984ebcacb,stfd_76e359f1261fd5cd1e08dbf5fc3429a8,2,11,REPLACEMENT,REPLACEMENT
stfd_336cee258e4e1141a02e69ac77777de7,stfd_7bbfffcff6be01b358842e7ffc1fb719,2,2,REPLACEMENT,REPLACEMENT
stfd_48efaffe794b7a48d7eaf6f93bdc5430,stfd_df67b936439d4c42d10b47809980cd1e,4,2,REPLACEMENT,REPLACEMENT
stfd_4e0bcd8dc84548029710c41df4d30458,stfd_691d44aeed72ba9ae16f70a7d81c3c00,3,3,REPLACEMENT,REPLACEMENT
stfd_53363ed624a582b2eb98a6db80d4251d,stfd_83a89da67ff78f143d7e40741834d31a,4,12,REPLACEMENT,REPLACEMENT
stfd_53363ed624a582b2eb98a6db80d4251d,stfd_df67b936439d4c42d10b47809980cd1e,4,8,REPLACEMENT,REPLACEMENT
stfd_691d44aeed72ba9ae16f70a7d81c3c00,stfd_7376b4e5dc10a835fad32f74a2b6f3a7,4,6,REPLACEMENT,REPLACEMENT
stfd_6eb703b5994af6e0ab81dd0005956f17,stfd_af7552889eca0c883b8dc542f4b8d7f3,2,2,REPLACEMENT,REPLACEMENT
stfd_6ee4d73a4b33eac11d465e7ac93f97f0,stfd_866c377945ac629fdc66d3352b09c831,4,5,REPLACEMENT,REPLACEMENT
stfd_7547adc22962c0369e086d94273149e2,stfd_866c377945ac629fdc66d3352b09c831,3,4,REPLACEMENT,REPLACEMENT
stfd_7b0b9516c50894aface53a9451b28da5,stfd_cdee45660f1ebb75528610e241f65751,0,5,REPLACEMENT,REPLACEMENT
stfd_7e65cd86df36aadefeb3b203ea4d269c,stfd_beb945426491cacd337251b180067c12,4,2,REPLACEMENT,REPLACEMENT
stfd_90f5487f8cdfc0da252592ebde472b28,stfd_be2630b565c96f91e49271ee0219f35d,0,0,REPLACEMENT,REPLACEMENT
stfd_9624b3b249ce9f01373777f286d1b328,stfd_c9dfda5c8d8967058ae3c00933b63fca,0,0,REPLACEMENT,REPLACEMENT
